Volume_m3_per_mol,Experimental_Pa,Fitted_Pa,Residual_Pa
2.271097480500e-01,9.999067105179e+03,9.999059487023e+03,7.618155848832e-03
2.248611366832e-01,1.009904835626e+04,1.009904067395e+04,7.682315790589e-03
2.226566157353e-01,1.019902942085e+04,1.019902167460e+04,7.746251483695e-03
2.204949010194e-01,1.029901029896e+04,1.029900248900e+04,7.809963322870e-03
2.183747577404e-01,1.039899099058e+04,1.039898311713e+04,7.873451648265e-03
2.162949981429e-01,1.049897149572e+04,1.049896355900e+04,7.936716798213e-03
2.142544792925e-01,1.059895181437e+04,1.059894381461e+04,7.999759238373e-03
2.122521009813e-01,1.069893194654e+04,1.069892388396e+04,8.062579434409e-03
2.102868037500e-01,1.079891189223e+04,1.079890376705e+04,8.125177646434e-03
2.083575670183e-01,1.089889165144e+04,1.089888346388e+04,8.187554372853e-03
2.064634073182e-01,1.099887122417e+04,1.099886297446e+04,8.249709848315e-03
2.046033766216e-01,1.109885061042e+04,1.109884229878e+04,8.311644673086e-03
2.027765607589e-01,1.119882981020e+04,1.119882143684e+04,8.373359076359e-03
2.009820779204e-01,1.129880882351e+04,1.129880038866e+04,8.434853496510e-03
1.992190772368e-01,1.139878765034e+04,1.139877915421e+04,8.496128326442e-03
1.974867374348e-01,1.149876629070e+04,1.149875773352e+04,8.557184044548e-03
1.957842655603e-01,1.159874474460e+04,1.159873612658e+04,8.618020825452e-03
1.941108957692e-01,1.169872301202e+04,1.169871433338e+04,8.678639182108e-03
1.924658881780e-01,1.179870109297e+04,1.179869235394e+04,8.739039523789e-03
1.908485277731e-01,1.189867898746e+04,1.189867018824e+04,8.799222239759e-03
1.892581233750e-01,1.199865669549e+04,1.199864783630e+04,8.859187695634e-03
1.876940066529e-01,1.209863421705e+04,1.209862529811e+04,8.918936229747e-03
1.861555311885e-01,1.219861155215e+04,1.219860257368e+04,8.978468256828e-03
1.846420715854e-01,1.229858870079e+04,1.229857966301e+04,9.037784231623e-03
1.831530226210e-01,1.239856566297e+04,1.239855656608e+04,9.096884452447e-03
1.816877984400e-01,1.249854243869e+04,1.249853328292e+04,9.155769317658e-03
1.802458317857e-01,1.259851902796e+04,1.259850981352e+04,9.214439196512e-03
1.788265732677e-01,1.269849543077e+04,1.269848615787e+04,9.272894514652e-03
1.774294906641e-01,1.279847164712e+04,1.279846231599e+04,9.331135634056e-03
1.760540682558e-01,1.289844767702e+04,1.289843828786e+04,9.389162916705e-03
1.746998061923e-01,1.299842352048e+04,1.299841407350e+04,9.446976895561e-03
1.733662198855e-01,1.309839917748e+04,1.309838967290e+04,9.504577677944e-03
1.720528394318e-01,1.319837464803e+04,1.319836508606e+04,9.561965807734e-03
1.707592090601e-01,1.329834993214e+04,1.329834031299e+04,9.619141668736e-03
1.694848866045e-01,1.339832502979e+04,1.339831535369e+04,9.676105704784e-03
1.682294430000e-01,1.349829994101e+04,1.349829020815e+04,9.732858192365e-03
1.669924618015e-01,1.359827466578e+04,1.359826487638e+04,9.789399537112e-03
1.657735387226e-01,1.369824920411e+04,1.369823935838e+04,9.845729968220e-03
1.645722811957e-01,1.379822355600e+04,1.379821365415e+04,9.901850153256e-03
1.633883079496e-01,1.389819772145e+04,1.389818776369e+04,9.957760188627e-03
1.622212486071e-01,1.399817170046e+04,1.399816168700e+04,1.001346073826e-02
1.610707432979e-01,1.409814549304e+04,1.409813542408e+04,1.006895191495e-02
1.599364422887e-01,1.419811909917e+04,1.419810897494e+04,1.012423427892e-02
1.588180056294e-01,1.429809251888e+04,1.429808233957e+04,1.017930821399e-02
1.577151028125e-01,1.439806575215e+04,1.439805551798e+04,1.023417387842e-02
1.566274124483e-01,1.449803879899e+04,1.449802851016e+04,1.028883186882e-02
1.555546219521e-01,1.459801165941e+04,1.459800131612e+04,1.034328246533e-02
1.544964272449e-01,1.469798433339e+04,1.469797393586e+04,1.039752600445e-02
1.534525324662e-01,1.479795682094e+04,1.479794636938e+04,1.045156293549e-02
1.524226496980e-01,1.489792912207e+04,1.489791861668e+04,1.050539368043e-02
1.514064987000e-01,1.499790123678e+04,1.499789067776e+04,1.055901840664e-02
1.504038066556e-01,1.509787316506e+04,1.509786255262e+04,1.061243767435e-02
1.494143079276e-01,1.519784490692e+04,1.519783424127e+04,1.066565186557e-02
1.484377438235e-01,1.529781646236e+04,1.529780574370e+04,1.071866120401e-02
1.474738623701e-01,1.539778783138e+04,1.539777705991e+04,1.077146621901e-02
1.465224180968e-01,1.549775901398e+04,1.549774818991e+04,1.082406721252e-02
1.455831718269e-01,1.559773001016e+04,1.559771913370e+04,1.087646455380e-02
1.446558904777e-01,1.569770081993e+04,1.569768989128e+04,1.092865852479e-02
1.437403468671e-01,1.579767144329e+04,1.579766046264e+04,1.098064971302e-02
1.428363195283e-01,1.589764188023e+04,1.589763084779e+04,1.103243833677e-02
1.419435925312e-01,1.599761213076e+04,1.599760104674e+04,1.108402472528e-02
1.410619553106e-01,1.609758219489e+04,1.609757105948e+04,1.113540930419e-02
1.401912025000e-01,1.619755207260e+04,1.619754088601e+04,1.118659250460e-02
1.393311337730e-01,1.629752176390e+04,1.629751052633e+04,1.123757452842e-02
1.384815536890e-01,1.639749126880e+04,1.639747998045e+04,1.128835591953e-02
1.376422715455e-01,1.649746058730e+04,1.649744924836e+04,1.133893706719e-02
1.368131012349e-01,1.659742971939e+04,1.659741833007e+04,1.138931812966e-02
1.359938611078e-01,1.669739866508e+04,1.669738722558e+04,1.143949961624e-02
1.351843738393e-01,1.679736742437e+04,1.679735593489e+04,1.148948198170e-02
1.343844663018e-01,1.689733599726e+04,1.689732445799e+04,1.153926524785e-02
1.335939694412e-01,1.699730438375e+04,1.699729279490e+04,1.158885010227e-02
1.328127181579e-01,1.709727258385e+04,1.709726094561e+04,1.163823699608e-02
1.320405511919e-01,1.719724059755e+04,1.719722891012e+04,1.168742582740e-02
1.312773110116e-01,1.729720842485e+04,1.729719668843e+04,1.173641752393e-02
1.305228437069e-01,1.739717606577e+04,1.739716428055e+04,1.178521202382e-02
1.297769988857e-01,1.749714352029e+04,1.749713168648e+04,1.183380973453e-02
1.290396295739e-01,1.759711078842e+04,1.759709890621e+04,1.188221138364e-02
1.283105921186e-01,1.769707787016e+04,1.769706593975e+04,1.193041685474e-02
1.275897460955e-01,1.779704476552e+04,1.779703278709e+04,1.197842685724e-02
1.268769542179e-01,1.789701147449e+04,1.789699944825e+04,1.202624146390e-02
1.261720822500e-01,1.799697799707e+04,1.799696592321e+04,1.207386130045e-02
1.254749989227e-01,1.809694433328e+04,1.809693221199e+04,1.212128662155e-02
1.247855758516e-01,1.819691048310e+04,1.819689831458e+04,1.216851768186e-02
1.241036874590e-01,1.829687644654e+04,1.829686423098e+04,1.221555504162e-02
1.234292108967e-01,1.839684222360e+04,1.839682996120e+04,1.226239899552e-02
1.227620259730e-01,1.849680781428e+04,1.849679550523e+04,1.230904982003e-02
1.221020150806e-01,1.859677321858e+04,1.859676086308e+04,1.235550791171e-02
1.214490631283e-01,1.869673843651e+04,1.869672603474e+04,1.240177364161e-02
1.208030574734e-01,1.879670346807e+04,1.879669102022e+04,1.244784744995e-02
1.201638878571e-01,1.889666831325e+04,1.889665581952e+04,1.249372959865e-02
1.195314463421e-01,1.899663297207e+04,1.899662043265e+04,1.253942031690e-02
1.189056272513e-01,1.909659744451e+04,1.909658485959e+04,1.258492019042e-02
1.182863271094e-01,1.919656173058e+04,1.919654910035e+04,1.263022953208e-02
1.176734445855e-01,1.929652583029e+04,1.929651315494e+04,1.267534851650e-02
1.170668804381e-01,1.939648974363e+04,1.939647702335e+04,1.272027771483e-02
1.164665374615e-01,1.949645347061e+04,1.949644070559e+04,1.276501731627e-02
1.158723204337e-01,1.959641701122e+04,1.959640420165e+04,1.280956786650e-02
1.152841360660e-01,1.969638036547e+04,1.969636751154e+04,1.285392966747e-02
1.147018929545e-01,1.979634353336e+04,1.979633063526e+04,1.289810283561e-02
1.141255015327e-01,1.989630651489e+04,1.989629357280e+04,1.294208801482e-02
1.135548740250e-01,1.999626931006e+04,1.999625632418e+04,1.298588542340e-02
1.129899244030e-01,2.009623191888e+04,2.009621888938e+04,1.302949539240e-02
1.124305683416e-01,2.019619434134e+04,2.019618126842e+04,1.307291840567e-02
1.118767231773e-01,2.029615657745e+04,2.029614346129e+04,1.311615473242e-02
1.113283078676e-01,2.039611862720e+04,2.039610546800e+04,1.315920456545e-02
1.107852429512e-01,2.049608049060e+04,2.049606728854e+04,1.320206842502e-02
1.102474505097e-01,2.059604216766e+04,2.059602892291e+04,1.324474692956e-02
1.097148541304e-01,2.069600365836e+04,2.069599037112e+04,1.328723989354e-02
1.091873788702e-01,2.079596496272e+04,2.079595163317e+04,1.332954791724e-02
1.086649512201e-01,2.089592608073e+04,2.089591270906e+04,1.337167150632e-02
1.081474990714e-01,2.099588701240e+04,2.099587359879e+04,1.341361076629e-02
1.076349516825e-01,2.109584775772e+04,2.109583430235e+04,1.345536591543e-02
1.071272396462e-01,2.119580831670e+04,2.119579481976e+04,1.349693773227e-02
1.066242948592e-01,2.129576868934e+04,2.129575515102e+04,1.353832635141e-02
1.061260504907e-01,2.139572887564e+04,2.139571529611e+04,1.357953203842e-02
1.056324409535e-01,2.149568887561e+04,2.149567525505e+04,1.362055527716e-02
1.051434018750e-01,2.159564868924e+04,2.159563502784e+04,1.366139637321e-02
1.046588700691e-01,2.169560831653e+04,2.169559461447e+04,1.370205556668e-02
1.041787835092e-01,2.179556775748e+04,2.179555401495e+04,1.374253333051e-02
1.037030813014e-01,2.189552701211e+04,2.189551322928e+04,1.378283015219e-02
1.032317036591e-01,2.199548608040e+04,2.199547225746e+04,1.382294595533e-02
1.027645918778e-01,2.209544496237e+04,2.209543109949e+04,1.386288142749e-02
1.023016883108e-01,2.219540365800e+04,2.219538975537e+04,1.390263680878e-02
1.018429363453e-01,2.229536216731e+04,2.229534822510e+04,1.394221229930e-02
1.013882803795e-01,2.239532049029e+04,2.239530650869e+04,1.398160850295e-02
1.009376658000e-01,2.249527862695e+04,2.249526460613e+04,1.402082566347e-02
1.004910389602e-01,2.259523657729e+04,2.259522251742e+04,1.405986410464e-02
1.000483471586e-01,2.269519434130e+04,2.269518024257e+04,1.409872402655e-02
9.960953861842e-02,2.279515191899e+04,2.279513778158e+04,1.413740613134e-02
9.917456246725e-02,2.289510931036e+04,2.289509513445e+04,1.417591045538e-02
9.874336871739e-02,2.299506651542e+04,2.299505230118e+04,1.421423734428e-02
9.831590824675e-02,2.309502353416e+04,2.309500928177e+04,1.425238728916e-02
9.789213278017e-02,2.319498036658e+04,2.319496607622e+04,1.429036053378e-02
9.747199487124e-02,2.329493701269e+04,2.329492268453e+04,1.432815746011e-02
9.705544788462e-02,2.339489347248e+04,2.339487910671e+04,1.436577838831e-02
9.664244597872e-02,2.349484974597e+04,2.349483534275e+04,1.440322359849e-02
9.623294408898e-02,2.359480583314e+04,2.359479139265e+04,1.444049361089e-02
9.582689791139e-02,2.369476173401e+04,2.369474725642e+04,1.447758853465e-02
9.542426388655e-02,2.379471744857e+04,2.379470293406e+04,1.451450886088e-02
9.502499918410e-02,2.389467297682e+04,2.389465842557e+04,1.455125479697e-02
9.462906168750e-02,2.399462831877e+04,2.399461373094e+04,1.458782684131e-02
9.423640997925e-02,2.409458347442e+04,2.409456885019e+04,1.462422520490e-02
9.384700332645e-02,2.419453844376e+04,2.419452378331e+04,1.466045029883e-02
9.346080166667e-02,2.429449322680e+04,2.429447853030e+04,1.469650249055e-02
9.307776559426e-02,2.439444782355e+04,2.439443309117e+04,1.473238188919e-02
9.269785634694e-02,2.449440223399e+04,2.449438746590e+04,1.476808913139e-02
9.232103579268e-02,2.459435645814e+04,2.459434165452e+04,1.480362436632e-02
9.194726641700e-02,2.469431049600e+04,2.469429565701e+04,1.483898791776e-02
9.157651131048e-02,2.479426434756e+04,2.479424947338e+04,1.487418032411e-02
9.120873415663e-02,2.489421801282e+04,2.489420310362e+04,1.490920161450e-02
9.084389922000e-02,2.499417149180e+04,2.499415654775e+04,1.494405232370e-02
9.048197133466e-02,2.509412478449e+04,2.509410980575e+04,1.497873272820e-02
9.012291589286e-02,2.519407789089e+04,2.519406287764e+04,1.501324326819e-02
8.976669883399e-02,2.529403081100e+04,2.529401576341e+04,1.504758411829e-02
8.941328663386e-02,2.539398354482e+04,2.539396846306e+04,1.508175566414e-02
8.906264629412e-02,2.549393609236e+04,2.549392097660e+04,1.511575818949e-02
8.871474533203e-02,2.559388845362e+04,2.559387330403e+04,1.514959213091e-02
8.836955177043e-02,2.569384062859e+04,2.569382544533e+04,1.518325767393e-02
8.802703412791e-02,2.579379261729e+04,2.579377740053e+04,1.521675539698e-02
8.768716140927e-02,2.589374441970e+04,2.589372916962e+04,1.525008527824e-02
8.734990309615e-02,2.599369603584e+04,2.599368075259e+04,1.528324795436e-02
8.701522913793e-02,2.609364746570e+04,2.609363214946e+04,1.531624360359e-02
8.668310994275e-02,2.619359870929e+04,2.619358336021e+04,1.534907262976e-02
8.635351636882e-02,2.629354976660e+04,2.629353438486e+04,1.538173530207e-02
8.602641971591e-02,2.639350063764e+04,2.639348522340e+04,1.541423191884e-02
8.570179171698e-02,2.649345132240e+04,2.649343587584e+04,1.544656287297e-02
8.537960453008e-02,2.659340182090e+04,2.659338634217e+04,1.547872848823e-02
8.505983073034e-02,2.669335213313e+04,2.669333662240e+04,1.551072911388e-02
8.474244330224e-02,2.679330225909e+04,2.679328671653e+04,1.554256494273e-02
8.442741563197e-02,2.689325219879e+04,2.689323662455e+04,1.557423639679e-02
8.411472150000e-02,2.699320195222e+04,2.699318634648e+04,1.560574386531e-02
8.380433507380e-02,2.709315151939e+04,2.709313588230e+04,1.563708750473e-02
8.349623090074e-02,2.719310090030e+04,2.719308523203e+04,1.566826784256e-02
8.319038390110e-02,2.729305009494e+04,2.729303439566e+04,1.569928503159e-02
8.288676936131e-02,2.739299910333e+04,2.739298337319e+04,1.573013950110e-02
8.258536292727e-02,2.749294792546e+04,2.749293216463e+04,1.576083148393e-02
8.228614059783e-02,2.759289656133e+04,2.759288076997e+04,1.579136133660e-02
8.198907871841e-02,2.769284501095e+04,2.769282918922e+04,1.582172937560e-02
8.169415397482e-02,2.779279327431e+04,2.779277742237e+04,1.585193605206e-02
8.140134338710e-02,2.789274135142e+04,2.789272546944e+04,1.588198155150e-02
8.111062430357e-02,2.799268924228e+04,2.799267333041e+04,1.591186618680e-02
8.082197439502e-02,2.809263694689e+04,2.809262100530e+04,1.594159031811e-02
8.053537164894e-02,2.819258446525e+04,2.819256849410e+04,1.597115432378e-02
8.025079436396e-02,2.829253179737e+04,2.829251579681e+04,1.600055833842e-02
7.996822114437e-02,2.839247894323e+04,2.839246291343e+04,1.602980290409e-02
7.968763089474e-02,2.849242590286e+04,2.849240984397e+04,1.605888815538e-02
7.940900281469e-02,2.859237267624e+04,2.859235658842e+04,1.608781453615e-02
7.913231639373e-02,2.869231926338e+04,2.869230314679e+04,1.611658237744e-02
7.885755140625e-02,2.879226566427e+04,2.879224951908e+04,1.614519190844e-02
7.858468790657e-02,2.889221187893e+04,2.889219570529e+04,1.617364347840e-02
7.831370622414e-02,2.899215790735e+04,2.899214170541e+04,1.620193746567e-02
7.804458695876e-02,2.909210374954e+04,2.909208751946e+04,1.623007409216e-02
7.777731097603e-02,2.919204940549e+04,2.919203314743e+04,1.625805369258e-02
7.751185940273e-02,2.929199487520e+04,2.929197858932e+04,1.628587659798e-02
7.724821362245e-02,2.939194015868e+04,2.939192384514e+04,1.631354313577e-02
7.698635527119e-02,2.949188525593e+04,2.949186891488e+04,1.634105360426e-02
7.672626623311e-02,2.959183016696e+04,2.959181379855e+04,1.636840832361e-02
7.646792863636e-02,2.969177489175e+04,2.969175849614e+04,1.639560762851e-02
7.621132484899e-02,2.979171943031e+04,2.979170300766e+04,1.642265183909e-02
7.595643747492e-02,2.989166378265e+04,2.989164733311e+04,1.644954128642e-02
7.570324935000e-02,2.999160794877e+04,2.999159147249e+04,1.647627617422e-02
7.545174353821e-02,3.009155192866e+04,3.009153542581e+04,1.650285690266e-02
7.520190332781e-02,3.019149572233e+04,3.019147919305e+04,1.652928381009e-02
7.495371222772e-02,3.029143932978e+04,3.029142277423e+04,1.655555709658e-02
7.470715396382e-02,3.039138275101e+04,3.039136616934e+04,1.658167722417e-02
7.446221247541e-02,3.049132598603e+04,3.049130937838e+04,1.660764427652e-02
7.421887191176e-02,3.059126903482e+04,3.059125240136e+04,1.663345886482e-02
7.397711662866e-02,3.069121189740e+04,3.069119523828e+04,1.665912113458e-02
7.373693118506e-02,3.079115457377e+04,3.079113788914e+04,1.668463132955e-02
7.349830033981e-02,3.089109706393e+04,3.089108035394e+04,1.670998989357e-02
7.326120904839e-02,3.099103936787e+04,3.099102263267e+04,1.673519717224e-02
7.302564245981e-02,3.109098148560e+04,3.109096472535e+04,1.676025323104e-02
7.279158591346e-02,3.119092341713e+04,3.119090663197e+04,1.678515861931e-02
7.255902493610e-02,3.129086516245e+04,3.129084835253e+04,1.680991356989e-02
7.232794523885e-02,3.139080672156e+04,3.139078988704e+04,1.683451834469e-02
7.209833271429e-02,3.149074809447e+04,3.149073123549e+04,1.685897326752e-02
7.187017343354e-02,3.159068928117e+04,3.159067239789e+04,1.688327876036e-02
7.164345364353e-02,3.169063028167e+04,3.169061337424e+04,1.690743497602e-02
7.141815976415e-02,3.179057109597e+04,3.179055416453e+04,1.693144229284e-02
7.119427838558e-02,3.189051172408e+04,3.189049476878e+04,1.695530099096e-02
7.097179626562e-02,3.199045216598e+04,3.199043518697e+04,1.697901134685e-02
7.075070032710e-02,3.209039242169e+04,3.209037541912e+04,1.700257378616e-02
7.053097765528e-02,3.219033249120e+04,3.219031546522e+04,1.702598851989e-02
7.031261549536e-02,3.229027237452e+04,3.229025532527e+04,1.704925580998e-02
7.009560125000e-02,3.239021207165e+04,3.239019499928e+04,1.707237614391e-02
6.987992247692e-02,3.249015158259e+04,3.249013448724e+04,1.709534967085e-02
6.966556688650e-02,3.259009090733e+04,3.259007378916e+04,1.711817662363e-02
6.945252233945e-02,3.269003004589e+04,3.269001290503e+04,1.714085754793e-02
6.924077684451e-02,3.278996899826e+04,3.278995183487e+04,1.716339249106e-02
6.903031855623e-02,3.288990776445e+04,3.288989057866e+04,1.718578198052e-02
6.882113577273e-02,3.298984634445e+04,3.298982913642e+04,1.720802622003e-02
6.861321693353e-02,3.308978473826e+04,3.308976750814e+04,1.723012533330e-02
6.840655061747e-02,3.318972294590e+04,3.318970569382e+04,1.725207998243e-02
6.820112554054e-02,3.328966096735e+04,3.328964369346e+04,1.727389020380e-02
6.799693055389e-02,3.338959880263e+04,3.338958150707e+04,1.729555639031e-02
6.779395464179e-02,3.348953645173e+04,3.348951913465e+04,1.731707870204e-02
6.759218691964e-02,3.358947391465e+04,3.358945657619e+04,1.733845768467e-02
6.739161663205e-02,3.368941119139e+04,3.368939383170e+04,1.735969349829e-02
6.719223315089e-02,3.378934828196e+04,3.378933090118e+04,1.738078654307e-02
6.699402597345e-02,3.388928518636e+04,3.388926778463e+04,1.740173688449e-02
6.679698472059e-02,3.398922190459e+04,3.398920448205e+04,1.742254498095e-02
6.660109913490e-02,3.408915843665e+04,3.408914099344e+04,1.744321121805e-02
6.640635907895e-02,3.418909478254e+04,3.418907731881e+04,1.746373573405e-02
6.621275453353e-02,3.428903094226e+04,3.428901345815e+04,1.748411887093e-02
6.602027559593e-02,3.438896691582e+04,3.438894941146e+04,1.750436097063e-02
6.582891247826e-02,3.448890270321e+04,3.448888517875e+04,1.752446233149e-02
6.563865550578e-02,3.458883830444e+04,3.458882076002e+04,1.754442319361e-02
6.544949511527e-02,3.468877371951e+04,3.468875615527e+04,1.756424397172e-02
6.526142185345e-02,3.478870894842e+04,3.478869136449e+04,1.758392470947e-02
6.507442637536e-02,3.488864399117e+04,3.488862638770e+04,1.760346601077e-02
6.488849944286e-02,3.498857884776e+04,3.498856122489e+04,1.762286789017e-02
6.470363192308e-02,3.508851351819e+04,3.508849587606e+04,1.764213080605e-02
6.451981478693e-02,3.518844800247e+04,3.518843034121e+04,1.766125503491e-02
6.433703910765e-02,3.528838230059e+04,3.528836462035e+04,1.768024088233e-02
6.415529605932e-02,3.538831641257e+04,3.538829871348e+04,1.769908856659e-02
6.397457691549e-02,3.548825033839e+04,3.548823262059e+04,1.771779853152e-02
6.379487304775e-02,3.558818407806e+04,3.558816634169e+04,1.773637089354e-02
6.361617592437e-02,3.568811763158e+04,3.568809987678e+04,1.775480600190e-02
6.343847710894e-02,3.578805099896e+04,3.578803322585e+04,1.777310422040e-02
6.326176825905e-02,3.588798418019e+04,3.588796638892e+04,1.779126570182e-02
6.308604112500e-02,3.598791717527e+04,3.598789936598e+04,1.780929089000e-02
6.291128754848e-02,3.608784998422e+04,3.608783215704e+04,1.782717999595e-02
6.273749946133e-02,3.618778260702e+04,3.618776476208e+04,1.784493339801e-02
6.256466888430e-02,3.628771504368e+04,3.628769718113e+04,1.786255119805e-02
6.239278792582e-02,3.638764729420e+04,3.638762941416e+04,1.788003389083e-02
6.222184878082e-02,3.648757935858e+04,3.648756146120e+04,1.789738160733e-02
6.205184372951e-02,3.658751123683e+04,3.658749332223e+04,1.791459470405e-02
6.188276513624e-02,3.668744292894e+04,3.668742499727e+04,1.793167350115e-02
6.171460544837e-02,3.678737443492e+04,3.678735648630e+04,1.794861834060e-02
6.154735719512e-02,3.688730575476e+04,3.688728778933e+04,1.796542920783e-02
6.138101298649e-02,3.698723688848e+04,3.698721890637e+04,1.798210672860e-02
6.121556551213e-02,3.708716783606e+04,3.708714983741e+04,1.799865114299e-02
6.105100754032e-02,3.718709859752e+04,3.718708058246e+04,1.801506260381e-02
6.088733191689e-02,3.728702917285e+04,3.728701114151e+04,1.803134146758e-02
6.072453156417e-02,3.738695956205e+04,3.738694151456e+04,1.804748797440e-02
6.056259948000e-02,3.748688976513e+04,3.748687170163e+04,1.806350243714e-02
6.040152873670e-02,3.758681978209e+04,3.758680170270e+04,1.807938513957e-02
6.024131248011e-02,3.768674961292e+04,3.768673151778e+04,1.809513651096e-02
6.008194392857e-02,3.778667925763e+04,3.778666114688e+04,1.811075659498e-02
5.992341637203e-02,3.788660871623e+04,3.788659058998e+04,1.812624587183e-02
5.976572317105e-02,3.798653798870e+04,3.798651984710e+04,1.814160442154e-02
5.960885775591e-02,3.808646707506e+04,3.808644891823e+04,1.815683264431e-02
5.945281362565e-02,3.818639597531e+04,3.818637780338e+04,1.817193090392e-02
5.929758434726e-02,3.828632468944e+04,3.828630650254e+04,1.818689944776e-02
5.914316355469e-02,3.838625321746e+04,3.838623501572e+04,1.820173839224e-02
5.898954494805e-02,3.848618155937e+04,3.848616334292e+04,1.821644825395e-02
5.883672229275e-02,3.858610971516e+04,3.858609148413e+04,1.823102910566e-02
5.868468941860e-02,3.868603768485e+04,3.868601943937e+04,1.824548142758e-02
5.853344021907e-02,3.878596546844e+04,3.878594720863e+04,1.825980538706e-02
5.838296865039e-02,3.888589306591e+04,3.888587479191e+04,1.827400115872e-02
5.823326873077e-02,3.898582047728e+04,3.898580218922e+04,1.828806928825e-02
5.808433453964e-02,3.908574770255e+04,3.908572940054e+04,1.830200983386e-02
5.793616021684e-02,3.918567474172e+04,3.918565642590e+04,1.831582310842e-02
5.778873996183e-02,3.928560159479e+04,3.928558326528e+04,1.832950955577e-02
5.764206803299e-02,3.938552826176e+04,3.938550991869e+04,1.834306927776e-02
5.749613874684e-02,3.948545474263e+04,3.948543638612e+04,1.835650261637e-02
5.735094647727e-02,3.958538103740e+04,3.958536266759e+04,1.836980981898e-02
5.720648565491e-02,3.968530714608e+04,3.968528876309e+04,1.838299124938e-02
5.706275076633e-02,3.978523306866e+04,3.978521467261e+04,1.839604708221e-02
5.691973635338e-02,3.988515880515e+04,3.988514039618e+04,1.840897758666e-02
5.677743701250e-02,3.998508435556e+04,3.998506593377e+04,1.842178319930e-02
5.663584739401e-02,4.008500971987e+04,4.008499128540e+04,1.843446413841e-02
5.649496220149e-02,4.018493489809e+04,4.018491645107e+04,1.844702047674e-02
5.635477619107e-02,4.028485989023e+04,4.028484143077e+04,1.845945271634e-02
5.621528417079e-02,4.038478469628e+04,4.038476622451e+04,1.847176109004e-02
5.607648100000e-02,4.048470931624e+04,4.048469083230e+04,1.848394574336e-02
5.593836158867e-02,4.058463375012e+04,4.058461525412e+04,1.849600709829e-02
5.580092089681e-02,4.068455799793e+04,4.068453948998e+04,1.850794543134e-02
5.566415393382e-02,4.078448205965e+04,4.078446353988e+04,1.851976089529e-02
5.552805575795e-02,4.088440593529e+04,4.088438740383e+04,1.853145387577e-02
5.539262147561e-02,4.098432962485e+04,4.098431108183e+04,1.854302459105e-02
5.525784624088e-02,4.108425312834e+04,4.108423457386e+04,1.855447341222e-02
5.512372525485e-02,4.118417644575e+04,4.118415787995e+04,1.856580049935e-02
5.499025376513e-02,4.128409957709e+04,4.128408100008e+04,1.857700619439e-02
5.485742706522e-02,4.138402252235e+04,4.138400393426e+04,1.858809059922e-02
5.472524049398e-02,4.148394528155e+04,4.148392668250e+04,1.859905421588e-02
5.459368943510e-02,4.158386785468e+04,4.158384924478e+04,1.860989711713e-02
5.446276931655e-02,4.168379024173e+04,4.168377162111e+04,1.862061989959e-02
5.433247561005e-02,4.178371244272e+04,4.178369381150e+04,1.863122243958e-02
5.420280383055e-02,4.188363445765e+04,4.188361581594e+04,1.864170518093e-02
5.407374953571e-02,4.198355628651e+04,4.198353763444e+04,1.865206843650e-02
5.394530832542e-02,4.208347792930e+04,4.208345926699e+04,1.866231244639e-02
5.381747584123e-02,4.218339938604e+04,4.218338071360e+04,1.867243737070e-02
5.369024776596e-02,4.228332065671e+04,4.228330197427e+04,1.868244368234e-02
5.356361982311e-02,4.238324174133e+04,4.238322304900e+04,1.869233155594e-02
5.343758777647e-02,4.248316263988e+04,4.248314393778e+04,1.870210116613e-02
5.331214742958e-02,4.258308335239e+04,4.258306464063e+04,1.871175295673e-02
5.318729462529e-02,4.268300387883e+04,4.268298515754e+04,1.872128696414e-02
5.306302524533e-02,4.278292421922e+04,4.278290548852e+04,1.873070371221e-02
5.293933520979e-02,4.288284437356e+04,4.288282563356e+04,1.874000320822e-02
5.281622047674e-02,4.298276434185e+04,4.298274559267e+04,1.874918603426e-02
5.269367704176e-02,4.308268412409e+04,4.308266536584e+04,1.875825213210e-02
5.257170093750e-02,4.318260372028e+04,4.318258495308e+04,1.876720198197e-02
5.245028823326e-02,4.328252313043e+04,4.328250435439e+04,1.877603577304e-02
5.232943503456e-02,4.338244235453e+04,4.338242356977e+04,1.878475385456e-02
5.220913748276e-02,4.348236139258e+04,4.348234259922e+04,1.879335635749e-02
5.208939175459e-02,4.358228024459e+04,4.358226144275e+04,1.880184363108e-02
5.197019406178e-02,4.368219891056e+04,4.368218010034e+04,1.881021584995e-02
5.185154065068e-02,4.378211739049e+04,4.378209857201e+04,1.881847331242e-02
5.173342780182e-02,4.388203568438e+04,4.388201685776e+04,1.882661639684e-02
5.161585182955e-02,4.398195379223e+04,4.398193495758e+04,1.883464526327e-02
5.149880908163e-02,4.408187171404e+04,4.408185287148e+04,1.884256020276e-02
5.138229593891e-02,4.418178944983e+04,4.418177059946e+04,1.885036152817e-02
5.126630881490e-02,4.428170699957e+04,4.428168814152e+04,1.885804935591e-02
5.115084415541e-02,4.438162436329e+04,4.438160549766e+04,1.886562410073e-02
5.103589843820e-02,4.448154154097e+04,4.448152266788e+04,1.887308593723e-02
5.092146817265e-02,4.458145853262e+04,4.458143965219e+04,1.888043510553e-02
5.080754989933e-02,4.468137533825e+04,4.468135645058e+04,1.888767196215e-02
5.069414018973e-02,4.478129195785e+04,4.478127306305e+04,1.889479666715e-02
5.058123564588e-02,4.488120839142e+04,4.488118948961e+04,1.890180963528e-02
5.046883290000e-02,4.498112463897e+04,4.498110573026e+04,1.890871100477e-02
5.035692861419e-02,4.508104070049e+04,4.508102178499e+04,1.891550096479e-02
5.024551948009e-02,4.518095657600e+04,4.518093765382e+04,1.892217994464e-02
5.013460221854e-02,4.528087226548e+04,4.528085333673e+04,1.892874801706e-02
5.002417357930e-02,4.538078776894e+04,4.538076883374e+04,1.893520564045e-02
4.991423034066e-02,4.548070308639e+04,4.548068414484e+04,1.894155289483e-02
4.980476930921e-02,4.558061821782e+04,4.558059927003e+04,1.894779015129e-02
4.969578731947e-02,4.568053316323e+04,4.568051420932e+04,1.895391764992e-02
4.958728123362e-02,4.578044792264e+04,4.578042896270e+04,1.895993563085e-02
4.947924794118e-02,4.588036249603e+04,4.588034353018e+04,1.896584450151e-02
4.937168435870e-02,4.598027688340e+04,4.598025791176e+04,1.897164410912e-02
4.926458742950e-02,4.608019108477e+04,4.608017210744e+04,1.897733521764e-02
4.915795412338e-02,4.618010510013e+04,4.618008611721e+04,1.898291768157e-02
4.905178143629e-02,4.628001892948e+04,4.627999994109e+04,1.898839201021e-02
4.894606639009e-02,4.637993257283e+04,4.637991357907e+04,1.899375829089e-02
4.884080603226e-02,4.647984603017e+04,4.647982703116e+04,1.899901685829e-02
4.873599743562e-02,4.657975930151e+04,4.657974029735e+04,1.900416786521e-02
4.863163769807e-02,4.667967238685e+04,4.667965337764e+04,1.900921182096e-02
4.852772394231e-02,4.677958528619e+04,4.677956627204e+04,1.901414874010e-02
4.842425331556e-02,4.687949799953e+04,4.687947898055e+04,1.901897892822e-02
4.832122298936e-02,4.697941052687e+04,4.697939150317e+04,1.902370281459e-02
4.821863015924e-02,4.707932286821e+04,4.707930383989e+04,1.902832041378e-02
4.811647204449e-02,4.717923502356e+04,4.717921599073e+04,1.903283201682e-02
4.801474588795e-02,4.727914699292e+04,4.727912795568e+04,1.903723799478e-02
4.791344895570e-02,4.737905877628e+04,4.737903973475e+04,1.904153848591e-02
4.781257853684e-02,4.747897037366e+04,4.747895132792e+04,1.904573370120e-02
4.771213194328e-02,4.757888178504e+04,4.757886273522e+04,1.904982416454e-02
4.761210650943e-02,4.767879301044e+04,4.767877395663e+04,1.905380981043e-02
4.751249959205e-02,4.777870404984e+04,4.777868499215e+04,1.905769103905e-02
4.741330856994e-02,4.787861490326e+04,4.787859584180e+04,1.906146822148e-02
4.731453084375e-02,4.797852557070e+04,4.797850650556e+04,1.906514132861e-02
4.721616383576e-02,4.807843605216e+04,4.807841698345e+04,1.906871073152e-02
4.711820498963e-02,4.817834634763e+04,4.817832727545e+04,1.907217679400e-02
4.702065177019e-02,4.827825645712e+04,4.827823738158e+04,1.907553949422e-02
4.692350166322e-02,4.837816638064e+04,4.837814730184e+04,1.907879935607e-02
4.682675217526e-02,4.847807611817e+04,4.847805703622e+04,1.908195659053e-02
4.673040083333e-02,4.857798566973e+04,4.857796658472e+04,1.908501138678e-02
4.663444518480e-02,4.867789503532e+04,4.867787594735e+04,1.908796389762e-02
4.653888279713e-02,4.877780421493e+04,4.877778512411e+04,1.909081446502e-02
4.644371125767e-02,4.887771320857e+04,4.887769411500e+04,1.909356343822e-02
4.634892817347e-02,4.897762201624e+04,4.897760292003e+04,1.909621089726e-02
4.625453117108e-02,4.907753063793e+04,4.907751153918e+04,1.909875714773e-02
4.616051789634e-02,4.917743907366e+04,4.917741997246e+04,1.910120244429e-02
4.606688601420e-02,4.927734732343e+04,4.927732821988e+04,1.910354703432e-02
4.597363320850e-02,4.937725538722e+04,4.937723628143e+04,1.910579107789e-02
4.588075718182e-02,4.947716326506e+04,4.947714415712e+04,1.910793498973e-02
4.578825565524e-02,4.957707095693e+04,4.957705184695e+04,1.910997890809e-02
4.569612636821e-02,4.967697846284e+04,4.967695935091e+04,1.911192306579e-02
4.560436707831e-02,4.977688578278e+04,4.977686666902e+04,1.911376774660e-02
4.551297556112e-02,4.987679291677e+04,4.987677380126e+04,1.911551316880e-02
4.542194961000e-02,4.997669986480e+04,4.997668074765e+04,1.911715967435e-02
4.533128703593e-02,5.007660662688e+04,5.007658750817e+04,1.911870721233e-02
4.524098566733e-02,5.017651320300e+04,5.017649408284e+04,1.912015651760e-02
4.515104334990e-02,5.027641959317e+04,5.027640047166e+04,1.912150731368e-02
4.506145794643e-02,5.037632579738e+04,5.037630667462e+04,1.912276020448e-02
4.497222733663e-02,5.047623181564e+04,5.047621269173e+04,1.912391526275e-02
4.488334941700e-02,5.057613764796e+04,5.057611852299e+04,1.912497268495e-02
4.479482210059e-02,5.067604329432e+04,5.067602416839e+04,1.912593294401e-02
4.470664331693e-02,5.077594875474e+04,5.077592962795e+04,1.912679601810e-02
4.461881101179e-02,5.087585402921e+04,5.087583490165e+04,1.912756234378e-02
4.453132314706e-02,5.097575911774e+04,5.097573998951e+04,1.912823207385e-02
4.444417770059e-02,5.107566402033e+04,5.107564489152e+04,1.912880553573e-02
4.435737266602e-02,5.117556873697e+04,5.117554960769e+04,1.912928273669e-02
4.427090605263e-02,5.127547326768e+04,5.127545413801e+04,1.912966425152e-02
4.418477588521e-02,5.137537761244e+04,5.137535848249e+04,1.912995000748e-02
4.409898020388e-02,5.147528177127e+04,5.147526264113e+04,1.913014044840e-02
4.401351706395e-02,5.157518574416e+04,5.157516661392e+04,1.913023560337e-02
4.392838453578e-02,5.167508953111e+04,5.167507040088e+04,1.913023603993e-02
4.384358070463e-02,5.177499313214e+04,5.177497400200e+04,1.913014161983e-02
4.375910367052e-02,5.187489654723e+04,5.187487741727e+04,1.912995287421e-02
4.367495154808e-02,5.197479977639e+04,5.197478064672e+04,1.912966989767e-02
4.359112246641e-02,5.207470281962e+04,5.207468369032e+04,1.912929295941e-02
4.350761456897e-02,5.217460567692e+04,5.217458654809e+04,1.912882230681e-02
4.342442601338e-02,5.227450834829e+04,5.227448922003e+04,1.912825809268e-02
4.334155497137e-02,5.237441083374e+04,5.237439170614e+04,1.912760069536e-02
4.325899962857e-02,5.247431313326e+04,5.247429400641e+04,1.912685029674e-02
4.317675818441e-02,5.257421524686e+04,5.257419612086e+04,1.912600712240e-02
4.309482885199e-02,5.267411717454e+04,5.267409804947e+04,1.912507136149e-02
4.301320985795e-02,5.277401891630e+04,5.277399979226e+04,1.912404326140e-02
4.293189944234e-02,5.287392047214e+04,5.287390134922e+04,1.912292317138e-02
4.285089585849e-02,5.297382184207e+04,5.297380272036e+04,1.912171124422e-02
4.277019737288e-02,5.307372302607e+04,5.307370390567e+04,1.912040753814e-02
4.268980226504e-02,5.317362402417e+04,5.317360490515e+04,1.911901269341e-02
4.260970882739e-02,5.327352483634e+04,5.327350571882e+04,1.911752647720e-02
4.252991536517e-02,5.337342546261e+04,5.337340634666e+04,1.911594942067e-02
4.245042019626e-02,5.347332590297e+04,5.347330678868e+04,1.911428179301e-02
4.237122165112e-02,5.357322615741e+04,5.357320704489e+04,1.911252363061e-02
4.229231807263e-02,5.367312622595e+04,5.367310711527e+04,1.911067523179e-02
4.221370781599e-02,5.377302610858e+04,5.377300699984e+04,1.910873695306e-02
4.213538924861e-02,5.387292580530e+04,5.387290669859e+04,1.910670880170e-02
4.205736075000e-02,5.397282531612e+04,5.397280621153e+04,1.910459124338e-02
4.197962071165e-02,5.407272464104e+04,5.407270553866e+04,1.910238428536e-02
4.190216753690e-02,5.417262378006e+04,5.417260467997e+04,1.910008837149e-02
4.182499964088e-02,5.427252273317e+04,5.427250363547e+04,1.909770355269e-02
4.174811545037e-02,5.437242150039e+04,5.437240240516e+04,1.909523004724e-02
4.167151340367e-02,5.447232008171e+04,5.447230098904e+04,1.909266826988e-02
4.159519195055e-02,5.457221847713e+04,5.457219938711e+04,1.909001831518e-02
4.151914955210e-02,5.467211668666e+04,5.467209759938e+04,1.908728060516e-02
4.144338468066e-02,5.477201471029e+04,5.477199562584e+04,1.908445501613e-02
4.136789581967e-02,5.487191254803e+04,5.487189346649e+04,1.908154197736e-02
4.129268146364e-02,5.497181019989e+04,5.497179112134e+04,1.907854192541e-02
4.121774011797e-02,5.507170766585e+04,5.507168859039e+04,1.907545453287e-02
4.114307029891e-02,5.517160494592e+04,5.517158587364e+04,1.907228058553e-02
4.106867053345e-02,5.527150204011e+04,5.527148297109e+04,1.906902009068e-02
4.099453935921e-02,5.537139894841e+04,5.537137988274e+04,1.906567328115e-02
4.092067532432e-02,5.547129567083e+04,5.547127660859e+04,1.906224022241e-02
4.084707698741e-02,5.557119220736e+04,5.557117314864e+04,1.905872152565e-02
4.077374291741e-02,5.567108855801e+04,5.567106950289e+04,1.905511690711e-02
4.070067169355e-02,5.577098472278e+04,5.577096567136e+04,1.905142713076e-02
4.062786190519e-02,5.587088070168e+04,5.587086165402e+04,1.904765200015e-02
4.055531215179e-02,5.597077649469e+04,5.597075745090e+04,1.904379190819e-02
4.048302104278e-02,5.607067210183e+04,5.607065306198e+04,1.903984710225e-02
4.041098719751e-02,5.617056752310e+04,5.617054848728e+04,1.903581788065e-02
4.033920924512e-02,5.627046275849e+04,5.627044372678e+04,1.903170417791e-02
4.026768582447e-02,5.637035780801e+04,5.637033878050e+04,1.902750656882e-02
4.019641558407e-02,5.647025267165e+04,5.647023364843e+04,1.902322500246e-02
4.012539718198e-02,5.657014734943e+04,5.657012833057e+04,1.901885986445e-02
4.005462928571e-02,5.667004184134e+04,5.667002282693e+04,1.901441127848e-02
3.998411057218e-02,5.676993614739e+04,5.676991713751e+04,1.900987953559e-02
3.991383972759e-02,5.686983026756e+04,5.686981126230e+04,1.900526486133e-02
3.984381544737e-02,5.696972420188e+04,5.696970520131e+04,1.900056732848e-02
3.977403643608e-02,5.706961795033e+04,5.706959895454e+04,1.899578738085e-02
3.970450140734e-02,5.716951151292e+04,5.716949252199e+04,1.899092517851e-02
3.963520908377e-02,5.726940488964e+04,5.726938590366e+04,1.898598076514e-02
3.956615819686e-02,5.736929808051e+04,5.736927909956e+04,1.898095457000e-02
3.949734748696e-02,5.746919108553e+04,5.746917210968e+04,1.897584679682e-02
3.942877570313e-02,5.756908390468e+04,5.756906493403e+04,1.897065751109e-02
3.936044160312e-02,5.766897653798e+04,5.766895757260e+04,1.896538709116e-02
3.929234395329e-02,5.776886898543e+04,5.776885002540e+04,1.896003570437e-02
3.922448152850e-02,5.786876124703e+04,5.786874229242e+04,1.895460346714e-02
3.915685311207e-02,5.796865332277e+04,5.796863437368e+04,1.894909082330e-02
3.908945749570e-02,5.806854521267e+04,5.806852626917e+04,1.894349770737e-02
3.902229347938e-02,5.816843691671e+04,5.816841797889e+04,1.893782451225e-02
3.895535987136e-02,5.826832843491e+04,5.826830950284e+04,1.893207160902e-02
3.888865548801e-02,5.836821976727e+04,5.836820084103e+04,1.892623888853e-02
3.882217915385e-02,5.846811091378e+04,5.846809199345e+04,1.892032657634e-02
3.875592970137e-02,5.856800187445e+04,5.856798296011e+04,1.891433539276e-02
3.868990597104e-02,5.866789264927e+04,5.866787374101e+04,1.890826490853e-02
3.862410681122e-02,5.876778323826e+04,5.876776433614e+04,1.890211577120e-02
3.855853107810e-02,5.886767364141e+04,5.886765474552e+04,1.889588798076e-02
3.849317763559e-02,5.896756385872e+04,5.896754496913e+04,1.888958169729e-02
3.842804535533e-02,5.906745389019e+04,5.906743500699e+04,1.888319740829e-02
3.836313311655e-02,5.916734373583e+04,5.916732485909e+04,1.887673515739e-02
3.829843980607e-02,5.926723339563e+04,5.926721452544e+04,1.887019522110e-02
3.823396431818e-02,5.936712286960e+04,5.936710400603e+04,1.886357765761e-02
3.816970555462e-02,5.946701215775e+04,5.946699330086e+04,1.885688287439e-02
3.810566242450e-02,5.956690126006e+04,5.956688240995e+04,1.885011104605e-02
3.804183384422e-02,5.966679017654e+04,5.966677133328e+04,1.884326230356e-02
3.797821873746e-02,5.976667890720e+04,5.976666007086e+04,1.883633699617e-02
3.791481603506e-02,5.986656745203e+04,5.986654862270e+04,1.882933508750e-02
3.785162467500e-02,5.996645581104e+04,5.996643698878e+04,1.882225702138e-02
3.778864360233e-02,6.006634398422e+04,6.006632516912e+04,1.881510283420e-02
3.772587176910e-02,6.016623197159e+04,6.016621316371e+04,1.880787313712e-02
3.766330813433e-02,6.026611977313e+04,6.026610097256e+04,1.880056763184e-02
3.760095166391e-02,6.036600738886e+04,6.036598859567e+04,1.879318671854e-02
3.753880133058e-02,6.046589481876e+04,6.046587603303e+04,1.878573063004e-02
3.747685611386e-02,6.056578206285e+04,6.056576328465e+04,1.877819973015e-02
3.741511500000e-02,6.066566912113e+04,6.066565035053e+04,1.877059390972e-02
3.735357698191e-02,6.076555599359e+04,6.076553723068e+04,1.876291360531e-02
3.729224105911e-02,6.086544268024e+04,6.086542392508e+04,1.875515901338e-02
3.723110623770e-02,6.096532918108e+04,6.096531043375e+04,1.874733017758e-02
3.717017153028e-02,6.106521549611e+04,6.106519675668e+04,1.873942756356e-02
3.710943595588e-02,6.116510162533e+04,6.116508289388e+04,1.873145115678e-02
3.704889853997e-02,6.126498756875e+04,6.126496884535e+04,1.872340146656e-02
3.698855831433e-02,6.136487332636e+04,6.136485461108e+04,1.871527821640e-02
3.692841431707e-02,6.146475889816e+04,6.146474019108e+04,1.870708209026e-02
3.686846559253e-02,6.156464428416e+04,6.156462558535e+04,1.869881299353e-02
3.680871119125e-02,6.166452948436e+04,6.166451079389e+04,1.869047131186e-02
3.674915016990e-02,6.176441449877e+04,6.176439581671e+04,1.868205702340e-02
3.668978159128e-02,6.186429932737e+04,6.186428065380e+04,1.867357043375e-02
3.663060452419e-02,6.196418397017e+04,6.196416530516e+04,1.866501204495e-02
3.657161804348e-02,6.206406842718e+04,6.206404977080e+04,1.865638181334e-02
3.651282122990e-02,6.216395269839e+04,6.216393405071e+04,1.864767978259e-02
3.645421317014e-02,6.226383678381e+04,6.226381814491e+04,1.863890655659e-02
3.639579295673e-02,6.236372068344e+04,6.236370205338e+04,1.863006190979e-02
3.633755968800e-02,6.246360439728e+04,6.246358577613e+04,1.862114632968e-02
3.627951246805e-02,6.256348792533e+04,6.256346931317e+04,1.861215979443e-02
3.622165040670e-02,6.266337126759e+04,6.266335266448e+04,1.860310295888e-02
3.616397261943e-02,6.276325442406e+04,6.276323583008e+04,1.859397535736e-02
3.610647822734e-02,6.286313739475e+04,6.286311880997e+04,1.858477789210e-02
3.604916635714e-02,6.296302017965e+04,6.296300160414e+04,1.857551032299e-02
3.599203614105e-02,6.306290277877e+04,6.306288421260e+04,1.856617299200e-02
3.593508671677e-02,6.316278519211e+04,6.316276663534e+04,1.855676587729e-02
3.587831722749e-02,6.326266741967e+04,6.326264887238e+04,1.854728948092e-02
3.582172682177e-02,6.336254946145e+04,6.336253092370e+04,1.853774417395e-02
3.576531465354e-02,6.346243131745e+04,6.346241278932e+04,1.852812957077e-02
3.570907988208e-02,6.356231298768e+04,6.356229446923e+04,1.851844639168e-02
3.565302167190e-02,6.366219447213e+04,6.366217596343e+04,1.850869454211e-02
3.559713919279e-02,6.376207577081e+04,6.376205727193e+04,1.849887439312e-02
3.554143161972e-02,6.386195688371e+04,6.386193839473e+04,1.848898601020e-02
3.548589813281e-02,6.396183781085e+04,6.396181933182e+04,1.847902964073e-02
3.543053791732e-02,6.406171855221e+04,6.406170008321e+04,1.846900553210e-02
3.537535016355e-02,6.416159910781e+04,6.416158064890e+04,1.845891384437e-02
3.532033406687e-02,6.426147947764e+04,6.426146102889e+04,1.844875483948e-02
3.526548882764e-02,6.436135966171e+04,6.436134122318e+04,1.843852864840e-02
3.521081365116e-02,6.446123966001e+04,6.446122123177e+04,1.842823552579e-02
3.515630774768e-02,6.456111947255e+04,6.456110105467e+04,1.841787552985e-02
3.510197033230e-02,6.466099909932e+04,6.466098069188e+04,1.840744905348e-02
3.504780062500e-02,6.476087854034e+04,6.476086014339e+04,1.839695617673e-02
3.499379785054e-02,6.486075779560e+04,6.486073940920e+04,1.838639716152e-02
3.493996123846e-02,6.496063686510e+04,6.496061848933e+04,1.837577210244e-02
3.488629002304e-02,6.506051574885e+04,6.506049738376e+04,1.836508139240e-02
3.483278344325e-02,6.516039444684e+04,6.516037609251e+04,1.835432491498e-02
3.477944074273e-02,6.526027295907e+04,6.526025461557e+04,1.834350330319e-02
3.472626116972e-02,6.536015128556e+04,6.536013295294e+04,1.833261643333e-02
3.467324397710e-02,6.546002942629e+04,6.546001110463e+04,1.832166438544e-02
3.462038842226e-02,6.555990738127e+04,6.555988907063e+04,1.831064776343e-02
3.456769376712e-02,6.565978515051e+04,6.565976685094e+04,1.829956649453e-02
3.451515927812e-02,6.575966273400e+04,6.575964444558e+04,1.828842073155e-02
3.446278422610e-02,6.585954013174e+04,6.585952185453e+04,1.827721070731e-02
3.441056788636e-02,6.595941734374e+04,6.595939907781e+04,1.826593680016e-02
3.435850953858e-02,6.605929437000e+04,6.605927611540e+04,1.825459914107e-02
3.430660846677e-02,6.615917121052e+04,6.615915296732e+04,1.824319791922e-02
3.425486395928e-02,6.625904786529e+04,6.625902963356e+04,1.823173297453e-02
3.420327530873e-02,6.635892433433e+04,6.635890611412e+04,1.822020500549e-02
3.415184181203e-02,6.645880061763e+04,6.645878240902e+04,1.820861407032e-02
3.410056277027e-02,6.655867671519e+04,6.655865851823e+04,1.819696016901e-02
3.404943748876e-02,6.665855262702e+04,6.665853444178e+04,1.818524353439e-02
3.399846527695e-02,6.675842835312e+04,6.675841017965e+04,1.817346458847e-02
3.394764544843e-02,6.685830389348e+04,6.685828573186e+04,1.816162333125e-02
3.389697732090e-02,6.695817924811e+04,6.695816109839e+04,1.814971999556e-02
3.384646021610e-02,6.705805441702e+04,6.705803627926e+04,1.813775488699e-02
3.379609345982e-02,6.715792940019e+04,6.715791127446e+04,1.812572791823e-02
3.374587638187e-02,6.725780419764e+04,6.725778608400e+04,1.811363959860e-02
3.369580831602e-02,6.735767880936e+04,6.735766070787e+04,1.810148986988e-02
3.364588860000e-02,6.745755323536e+04,6.745753514608e+04,1.808927913953e-02
3.359611657544e-02,6.755742747564e+04,6.755740939863e+04,1.807700734935e-02
3.354649158789e-02,6.765730153019e+04,6.765728346552e+04,1.806467480492e-02
3.349701298673e-02,6.775717539903e+04,6.775715734674e+04,1.805228200101e-02
3.344768012518e-02,6.785704908214e+04,6.785703104231e+04,1.803982861747e-02
3.339849236029e-02,6.795692257954e+04,6.795690455223e+04,1.802731503267e-02
3.334944905286e-02,6.805679589122e+04,6.805677787648e+04,1.801474145032e-02
3.330054956745e-02,6.815666901719e+04,6.815665101508e+04,1.800210836518e-02
3.325179327233e-02,6.825654195744e+04,6.825652396803e+04,1.798941548623e-02
3.320317953947e-02,6.835641471199e+04,6.835639673532e+04,1.797666316270e-02
3.315470774453e-02,6.845628728082e+04,6.845626931697e+04,1.796385152556e-02
3.310637726676e-02,6.855615966394e+04,6.855614171296e+04,1.795098101138e-02
3.305818748908e-02,6.865603186135e+04,6.865601392330e+04,1.793805186753e-02
3.301013779797e-02,6.875590387306e+04,6.875588594800e+04,1.792506371567e-02
3.296222758345e-02,6.885577569906e+04,6.885575778705e+04,1.791201731248e-02
3.291445623913e-02,6.895564733936e+04,6.895562944045e+04,1.789891242515e-02
3.286682316208e-02,6.905551879396e+04,6.905550090821e+04,1.788574953389e-02
3.281932775289e-02,6.915539006285e+04,6.915537219032e+04,1.787252894428e-02
3.277196941558e-02,6.925526114605e+04,6.925524328680e+04,1.785925032164e-02
3.272474755764e-02,6.935513204354e+04,6.935511419763e+04,1.784591436444e-02
3.267766158993e-02,6.945500275534e+04,6.945498492282e+04,1.783252108726e-02
3.263071092672e-02,6.955487328144e+04,6.955485546237e+04,1.781907035911e-02
3.258389498565e-02,6.965474362185e+04,6.965472581628e+04,1.780556292215e-02
3.253721318768e-02,6.975461377656e+04,6.975459598456e+04,1.779199858720e-02
3.249066495708e-02,6.985448374558e+04,6.985446596721e+04,1.777837758709e-02
3.244424972143e-02,6.995435352891e+04,6.995433576421e+04,1.776470034383e-02
3.239796691155e-02,7.005422312656e+04,7.005420537559e+04,1.775096666825e-02
3.235181596154e-02,7.015409253851e+04,7.015407480133e+04,1.773717706965e-02
3.230579630868e-02,7.025396176478e+04,7.025394404144e+04,1.772333148983e-02
3.225990739347e-02,7.035383080536e+04,7.035381309593e+04,1.770943021984e-02
3.221414865957e-02,7.045369966026e+04,7.045368196478e+04,1.769547359436e-02
3.216851955382e-02,7.055356832947e+04,7.055355064801e+04,1.768146151153e-02
3.212301952617e-02,7.065343681300e+04,7.065341914561e+04,1.766739424784e-02
3.207764802966e-02,7.075330511086e+04,7.075328745759e+04,1.765327199246e-02
3.203240452045e-02,7.085317322303e+04,7.085315558394e+04,1.763909502188e-02
3.198728845775e-02,7.095304114953e+04,7.095302352467e+04,1.762486346706e-02
3.194229930380e-02,7.105290889035e+04,7.105289127977e+04,1.761057757540e-02
3.189743652388e-02,7.115277644550e+04,7.115275884926e+04,1.759623725957e-02
3.185269958626e-02,7.125264381497e+04,7.125262623313e+04,1.758184308710e-02
3.180808796218e-02,7.135251099877e+04,7.135249343138e+04,1.756739491248e-02
3.176360112587e-02,7.145237799690e+04,7.145236044401e+04,1.755289289576e-02
3.171923855447e-02,7.155224480937e+04,7.155222727103e+04,1.753833766270e-02
3.167499972803e-02,7.165211143616e+04,7.165209391243e+04,1.752372884948e-02
3.163088412953e-02,7.175197787729e+04,7.175196036822e+04,1.750906708185e-02
3.158689124478e-02,7.185184413275e+04,7.185182663840e+04,1.749435201054e-02
3.154302056250e-02,7.195171020254e+04,7.195169272296e+04,1.747958443593e-02
3.149927157420e-02,7.205157608668e+04,7.205155862192e+04,1.746476421249e-02
3.145564377424e-02,7.215144178515e+04,7.215142433526e+04,1.744989141298e-02
3.141213665975e-02,7.225130729797e+04,7.225128986300e+04,1.743496638665e-02
3.136874973066e-02,7.235117262512e+04,7.235115520513e+04,1.741998935177e-02
3.132548248966e-02,7.245103776662e+04,7.245102036166e+04,1.740496045386e-02
3.128233444215e-02,7.255090272246e+04,7.255088533258e+04,1.738987970748e-02
3.123930509629e-02,7.265076749265e+04,7.265075011790e+04,1.737474728725e-02
3.119639396291e-02,7.275063207718e+04,7.275061471762e+04,1.735956371704e-02
3.115360055556e-02,7.285049647606e+04,7.285047913173e+04,1.734432867670e-02
3.111092439041e-02,7.295036068929e+04,7.295034336025e+04,1.732904295204e-02
3.106836498632e-02,7.305022471688e+04,7.305020740317e+04,1.731370610651e-02
3.102592186475e-02,7.315008855881e+04,7.315007126049e+04,1.729831864941e-02
3.098359454980e-02,7.324995221510e+04,7.324993493222e+04,1.728288079903e-02
3.094138256812e-02,7.334981568574e+04,7.334979841835e+04,1.726739254082e-02
3.089928544898e-02,7.344967897074e+04,7.344966171888e+04,1.725185409305e-02
3.085730272418e-02,7.354954207009e+04,7.354952483382e+04,1.723626570310e-02
3.081543392809e-02,7.364940498380e+04,7.364938776318e+04,1.722062737099e-02
3.077367859756e-02,7.374926771188e+04,7.374925050694e+04,1.720493967878e-02
3.073203627199e-02,7.384913025431e+04,7.384911306511e+04,1.718920239364e-02
3.069050649324e-02,7.394899261111e+04,7.394897543770e+04,1.717341564654e-02
3.064908880567e-02,7.404885478227e+04,7.404883762469e+04,1.715758010687e-02
3.060778275606e-02,7.414871676780e+04,7.414869962610e+04,1.714169555635e-02
3.056658789367e-02,7.424857856769e+04,7.424856144193e+04,1.712576212594e-02
3.052550377016e-02,7.434844018196e+04,7.434842307218e+04,1.710978020856e-02
3.048452993960e-02,7.444830161059e+04,7.444828451684e+04,1.709374971688e-02
3.044366595844e-02,7.454816285359e+04,7.454814577592e+04,1.707767100015e-02
3.040291138554e-02,7.464802391096e+04,7.464800684942e+04,1.706154446583e-02
3.036226578209e-02,7.474788478271e+04,7.474786773734e+04,1.704536989564e-02
3.032172871162e-02,7.484774546883e+04,7.484772843969e+04,1.702914746420e-02
3.028129974000e-02,7.494760596933e+04,7.494758895646e+04,1.701287746255e-02
3.024097843542e-02,7.504746628421e+04,7.504744928765e+04,1.699656013807e-02
3.020076436835e-02,7.514732641346e+04,7.514730943327e+04,1.698019575269e-02
3.016065711155e-02,7.524718635710e+04,7.524716939331e+04,1.696378411725e-02
3.012065624005e-02,7.534704611511e+04,7.534702916779e+04,1.694732549367e-02
3.008076133113e-02,7.544690568751e+04,7.544688875669e+04,1.693082036218e-02
3.004097196429e-02,7.554676507429e+04,7.554674816003e+04,1.691426867910e-02
3.000128772127e-02,7.564662427546e+04,7.564660737779e+04,1.689767073549e-02
2.996170818602e-02,7.574648329102e+04,7.574646640999e+04,1.688102625485e-02
2.992223294466e-02,7.584634212096e+04,7.584632525662e+04,1.686433592113e-02
2.988286158553e-02,7.594620076529e+04,7.594618391769e+04,1.684759980708e-02
2.984359369908e-02,7.604605922402e+04,7.604604239320e+04,1.683081801457e-02
2.980442887795e-02,7.614591749713e+04,7.614590068314e+04,1.681399025256e-02
2.976536671691e-02,7.624577558464e+04,7.624575878752e+04,1.679711746692e-02
2.972640681283e-02,7.634563348654e+04,7.634561670634e+04,1.678019946849e-02
2.968754876471e-02,7.644549120284e+04,7.644547443960e+04,1.676323665015e-02
2.964879217363e-02,7.654534873354e+04,7.654533198731e+04,1.674622857536e-02
2.961013664276e-02,7.664520607863e+04,7.664518934946e+04,1.672917598626e-02
2.957158177734e-02,7.674506323813e+04,7.674504652605e+04,1.671207882464e-02
2.953312718466e-02,7.684492021203e+04,7.684490351709e+04,1.669493741065e-02
2.949477247403e-02,7.694477700033e+04,7.694476032257e+04,1.667775177339e-02
2.945651725681e-02,7.704463360303e+04,7.704461694251e+04,1.666052184009e-02
2.941836114637e-02,7.714449002014e+04,7.714447337689e+04,1.664324845478e-02
2.938030375809e-02,7.724434625165e+04,7.724432962572e+04,1.662593112269e-02
2.934234470930e-02,7.734420229758e+04,7.734418568901e+04,1.660857007664e-02
2.930448361935e-02,7.744405815791e+04,7.744404156675e+04,1.659116582596e-02
2.926672010954e-02,7.754391383266e+04,7.754389725894e+04,1.657371858892e-02
2.922905380309e-02,7.764376932181e+04,7.764375276558e+04,1.655622800172e-02
2.919148432519e-02,7.774362462538e+04,7.774360808669e+04,1.653869458823e-02
2.915401130295e-02,7.784347974337e+04,7.784346322225e+04,1.652111853764e-02
2.911663436538e-02,7.794333467577e+04,7.794331817227e+04,1.650349980628e-02
2.907935314341e-02,7.804318942259e+04,7.804317293675e+04,1.648583875794e-02
2.904216726982e-02,7.814304398382e+04,7.814302751569e+04,1.646813558182e-02
2.900507637931e-02,7.824289835948e+04,7.824288190909e+04,1.645038998686e-02
2.896808010842e-02,7.834275254956e+04,7.834273611696e+04,1.643260294804e-02
2.893117809554e-02,7.844260655406e+04,7.844259013929e+04,1.641477379599e-02
2.889436998092e-02,7.854246037298e+04,7.854244397608e+04,1.639690311276e-02
2.885765540661e-02,7.864231400634e+04,7.864229762734e+04,1.637899126217e-02
2.882103401650e-02,7.874216745411e+04,7.874215109307e+04,1.636103801138e-02
2.878450545627e-02,7.884202071632e+04,7.884200437327e+04,1.634304362233e-02
2.874806937342e-02,7.894187379295e+04,7.894185746795e+04,1.632500806591e-02
2.871172541719e-02,7.904172668402e+04,7.904171037709e+04,1.630693190964e-02
2.867547323864e-02,7.914157938952e+04,7.914156310070e+04,1.628881541546e-02
2.863931249054e-02,7.924143190945e+04,7.924141563879e+04,1.627065797220e-02
2.860324282746e-02,7.934128424381e+04,7.934126799135e+04,1.625246054027e-02
2.856726390566e-02,7.944113639262e+04,7.944112015839e+04,1.623422297416e-02
2.853137538317e-02,7.954098835586e+04,7.954097213991e+04,1.621594511380e-02
2.849557691970e-02,7.964084013354e+04,7.964082393591e+04,1.619762784685e-02
2.845986817669e-02,7.974069172565e+04,7.974067554638e+04,1.617927057669e-02
2.842424881727e-02,7.984054313221e+04,7.984052697134e+04,1.616087398725e-02
2.838871850625e-02,7.994039435322e+04,7.994037821078e+04,1.614243800577e-02
2.835327691011e-02,8.004024538866e+04,8.004022926470e+04,1.612396295241e-02
2.831792369701e-02,8.014009623856e+04,8.014008013311e+04,1.610544871073e-02
2.828265853674e-02,8.023994690290e+04,8.023993081600e+04,1.608689546993e-02
2.824748110075e-02,8.033979738168e+04,8.033978131338e+04,1.606830385572e-02
2.821239106211e-02,8.043964767492e+04,8.043963162525e+04,1.604967332969e-02
2.817738809553e-02,8.053949778261e+04,8.053948175160e+04,1.603100456123e-02
2.814247187732e-02,8.063934770475e+04,8.063933169245e+04,1.601229750668e-02
2.810764208540e-02,8.073919744134e+04,8.073918144779e+04,1.599355232611e-02
2.807289839926e-02,8.083904699239e+04,8.083903101762e+04,1.597476919414e-02
2.803824050000e-02,8.093889635789e+04,8.093888040195e+04,1.595594838727e-02
2.800366807028e-02,8.103874553786e+04,8.103872960077e+04,1.593708996370e-02
2.796918079433e-02,8.113859453228e+04,8.113857861408e+04,1.591819408350e-02
2.793477835793e-02,8.123844334116e+04,8.123842744190e+04,1.589926076122e-02
2.790046044840e-02,8.133829196450e+04,8.133827608421e+04,1.588029011327e-02
2.786622675460e-02,8.143814040231e+04,8.143812454102e+04,1.586128279450e-02
2.783207696691e-02,8.153798865457e+04,8.153797281234e+04,1.584223865939e-02
2.779801077723e-02,8.163783672131e+04,8.163782089815e+04,1.582315762062e-02
2.776402787897e-02,8.173768460251e+04,8.173766879847e+04,1.580403995467e-02
2.773012796703e-02,8.183753229818e+04,8.183751651329e+04,1.578488614177e-02
2.769631073780e-02,8.193737980832e+04,8.193736404262e+04,1.576569593453e-02
2.766257588916e-02,8.203722713293e+04,8.203721138646e+04,1.574646966765e-02
2.762892312044e-02,8.213707427201e+04,8.213705854480e+04,1.572720748663e-02
2.759535213244e-02,8.223692122557e+04,8.223690551766e+04,1.570790940605e-02
2.756186262743e-02,8.233676799360e+04,8.233675230502e+04,1.568857573147e-02
2.752845430909e-02,8.243661457611e+04,8.243659890690e+04,1.566920655023e-02
2.749512688257e-02,8.253646097309e+04,8.253644532329e+04,1.564980215335e-02
2.746188005441e-02,8.263630718455e+04,8.263629155419e+04,1.563036240987e-02
2.742871353261e-02,8.273615321050e+04,8.273613759961e+04,1.561088785820e-02
2.739562702654e-02,8.283599905092e+04,8.283598345954e+04,1.559137838194e-02
2.736262024699e-02,8.293584470583e+04,8.293582913400e+04,1.557183396653e-02
2.732969290614e-02,8.303569017522e+04,8.303567462297e+04,1.555225536868e-02
2.729684471755e-02,8.313553545910e+04,8.313551992646e+04,1.553264216636e-02
2.726407539616e-02,8.323538055746e+04,8.323536504447e+04,1.551299462153e-02
2.723138465827e-02,8.333522547031e+04,8.333520997700e+04,1.549331296701e-02
2.719877222156e-02,8.343507019766e+04,8.343505472406e+04,1.547359736287e-02
2.716623780502e-02,8.353491473949e+04,8.353489928564e+04,1.545384779456e-02
2.713378112903e-02,8.363475909581e+04,8.363474366175e+04,1.543406487326e-02
2.710140191527e-02,8.373460326663e+04,8.373458785239e+04,1.541424822062e-02
2.706909988677e-02,8.383444725195e+04,8.383443185755e+04,1.539439820044e-02
2.703687476786e-02,8.393429105176e+04,8.393427567724e+04,1.537451468175e-02
2.700472628419e-02,8.403413466606e+04,8.403411931147e+04,1.535459856677e-02
2.697265416271e-02,8.413397809487e+04,8.413396276022e+04,1.533464909880e-02
2.694065813167e-02,8.423382133818e+04,8.423380602351e+04,1.531466725282e-02
2.690873792062e-02,8.433366439598e+04,8.433364910133e+04,1.529465240310e-02
2.687689326035e-02,8.443350726829e+04,8.443349199369e+04,1.527460524812e-02
2.684512388298e-02,8.453334995511e+04,8.453333470058e+04,1.525452568603e-02
2.681342952184e-02,8.463319245643e+04,8.463317722202e+04,1.523441400786e-02
2.678180991156e-02,8.473303477226e+04,8.473301955799e+04,1.521427021362e-02
2.675026478799e-02,8.483287690259e+04,8.483286170850e+04,1.519409465254e-02
2.671879388824e-02,8.493271884744e+04,8.493270367355e+04,1.517388716456e-02
2.668739695065e-02,8.503256060679e+04,8.503254545315e+04,1.515364805527e-02
2.665607371479e-02,8.513240218066e+04,8.513238704728e+04,1.513337736833e-02
2.662482392145e-02,8.523224356904e+04,8.523222845597e+04,1.511307570036e-02
2.659364731265e-02,8.533208477194e+04,8.533206967920e+04,1.509274262935e-02
2.656254363158e-02,8.543192578935e+04,8.543191071697e+04,1.507237838814e-02
2.653151262266e-02,8.553176662128e+04,8.553175156930e+04,1.505198329687e-02
2.650055403151e-02,8.563160726773e+04,8.563159223617e+04,1.503155758837e-02
2.646966760490e-02,8.573144772870e+04,8.573143271760e+04,1.501110140816e-02
2.643885309080e-02,8.583128800419e+04,8.583127301358e+04,1.499061479990e-02
2.640811023837e-02,8.593112809421e+04,8.593111312411e+04,1.497009760351e-02
2.637743879791e-02,8.603096799875e+04,8.603095304919e+04,1.494955027010e-02
2.634683852088e-02,8.613080771781e+04,8.613079278884e+04,1.492897310527e-02
2.631630915991e-02,8.623064725140e+04,8.623063234303e+04,1.490836583253e-02
2.628585046875e-02,8.633048659952e+04,8.633047171179e+04,1.488772885932e-02
2.625546220231e-02,8.643032576217e+04,8.643031089510e+04,1.486706221476e-02
2.622514411663e-02,8.653016473935e+04,8.653014989298e+04,1.484636639361e-02
2.619489596886e-02,8.663000353106e+04,8.662998870542e+04,1.482564093021e-02
2.616471751728e-02,8.672984213730e+04,8.672982733242e+04,1.480488647940e-02
2.613460852129e-02,8.682968055808e+04,8.682966577398e+04,1.478410288109e-02
2.610456874138e-02,8.692951879340e+04,8.692950403011e+04,1.476329052821e-02
2.607459793915e-02,8.702935684325e+04,8.702934210080e+04,1.474244939163e-02
2.604469587729e-02,8.712919470765e+04,8.712917998607e+04,1.472157966055e-02
2.601486231959e-02,8.722903238658e+04,8.722901768590e+04,1.470068124763e-02
2.598509703089e-02,8.732886988005e+04,8.732885520030e+04,1.467975454580e-02
2.595539977714e-02,8.742870718807e+04,8.742869252927e+04,1.465880003525e-02
2.592577032534e-02,8.752854431063e+04,8.752852967282e+04,1.463781723578e-02
2.589620844356e-02,8.762838124774e+04,8.762836663094e+04,1.461680646753e-02
2.586671390091e-02,8.772821799940e+04,8.772820340363e+04,1.459576790512e-02
2.583728646758e-02,8.782805456560e+04,8.782803999090e+04,1.457470170863e-02
2.580792591477e-02,8.792789094635e+04,8.792787639274e+04,1.455360797991e-02
2.577863201476e-02,8.802772714165e+04,8.802771260917e+04,1.453248719918e-02
2.574940454082e-02,8.812756315151e+04,8.812754864017e+04,1.451133868250e-02
2.572024326727e-02,8.822739897592e+04,8.822738448576e+04,1.449016357947e-02
2.569114796946e-02,8.832723461488e+04,8.832722014592e+04,1.446896114794e-02
2.566211842373e-02,8.842707006840e+04,8.842705562067e+04,1.444773213007e-02
2.563315440745e-02,8.852690533648e+04,8.852689091001e+04,1.442647640943e-02
2.560425569899e-02,8.862674041912e+04,8.862672601392e+04,1.440519395692e-02
2.557542207770e-02,8.872657531632e+04,8.872656093243e+04,1.438388551469e-02
2.554665332396e-02,8.882641002808e+04,8.882639566552e+04,1.436255064618e-02
2.551794921910e-02,8.892624455440e+04,8.892623021321e+04,1.434118954057e-02
2.548930954545e-02,8.902607889528e+04,8.902606457548e+04,1.431980244524e-02
2.546073408632e-02,8.912591305073e+04,8.912589875234e+04,1.429838981130e-02
2.543222262598e-02,8.922574702075e+04,8.922573274380e+04,1.427695099846e-02
2.540377494966e-02,8.932558080534e+04,8.932556654985e+04,1.425548682164e-02
2.537539084358e-02,8.942541440450e+04,8.942540017050e+04,1.423399726627e-02
2.534707009487e-02,8.952524781822e+04,8.952523360574e+04,1.421248255065e-02
2.531881249164e-02,8.962508104652e+04,8.962506685558e+04,1.419094244193e-02
2.529061782294e-02,8.972491408940e+04,8.972489992002e+04,1.416937744943e-02
2.526248587875e-02,8.982474694685e+04,8.982473279906e+04,1.414778734033e-02
2.523441645000e-02,8.992457961887e+04,8.992456549270e+04,1.412617249298e-02
2.520640932852e-02,9.002441210547e+04,9.002439800094e+04,1.410453318385e-02
2.517846430710e-02,9.012424440665e+04,9.012423032379e+04,1.408286899095e-02
2.515058117940e-02,9.022407652242e+04,9.022406246124e+04,1.406118090381e-02
2.512275974004e-02,9.032390845276e+04,9.032389441329e+04,1.403946823848e-02
2.509499978453e-02,9.042374019769e+04,9.042372617995e+04,1.401773183898e-02
2.506730110927e-02,9.052357175720e+04,9.052355776123e+04,1.399597106501e-02
2.503966351158e-02,9.062340313129e+04,9.062338915711e+04,1.397418665874e-02
2.501208678965e-02,9.072323431998e+04,9.072322036760e+04,1.395237873658e-02
2.498457074257e-02,9.082306532325e+04,9.082305139270e+04,1.393054710934e-02
2.495711517033e-02,9.092289614111e+04,9.092288223242e+04,1.390869200986e-02
2.492971987377e-02,9.102272677356e+04,9.102271288675e+04,1.388681343815e-02
2.490238465461e-02,9.112255722061e+04,9.112254335569e+04,1.386491196172e-02
2.487510931544e-02,9.122238748224e+04,9.122237363926e+04,1.384298715857e-02
2.484789365974e-02,9.132221755848e+04,9.132220373744e+04,1.382103946526e-02
2.482073749180e-02,9.142204744931e+04,9.142203365024e+04,1.379906921647e-02
2.479364061681e-02,9.152187715473e+04,9.152186337766e+04,1.377707609208e-02
2.476660284079e-02,9.162170667476e+04,9.162169291970e+04,1.375506074692e-02
2.473962397059e-02,9.172153600939e+04,9.172152227636e+04,1.373302261345e-02
2.471270381393e-02,9.182136515862e+04,9.182135144765e+04,1.371096260846e-02
2.468584217935e-02,9.192119412245e+04,9.192118043357e+04,1.368888020806e-02
2.465903887622e-02,9.202102290088e+04,9.202100923411e+04,1.366677592159e-02
2.463229371475e-02,9.212085149392e+04,9.212083784927e+04,1.364464955986e-02
2.460560650596e-02,9.222067990157e+04,9.222066627907e+04,1.362250173406e-02
2.457897706169e-02,9.232050812383e+04,9.232049452350e+04,1.360033222591e-02
2.455240519459e-02,9.242033616069e+04,9.242032258255e+04,1.357814128278e-02
2.452589071814e-02,9.252016401217e+04,9.252015045624e+04,1.355592864275e-02
2.449943344660e-02,9.261999167826e+04,9.261997814457e+04,1.353369509161e-02
2.447303319504e-02,9.271981915897e+04,9.271980564752e+04,1.351144054206e-02
2.444668977933e-02,9.281964645428e+04,9.281963296512e+04,1.348916481948e-02
2.442040301613e-02,9.291947356422e+04,9.291946009735e+04,1.346686817124e-02
2.439417272288e-02,9.301930048877e+04,9.301928704422e+04,1.344455096114e-02
2.436799871781e-02,9.311912722794e+04,9.311911380573e+04,1.342221329105e-02
2.434188081994e-02,9.321895378173e+04,9.321894038188e+04,1.339985481172e-02
2.431581884904e-02,9.331878015015e+04,9.331876677267e+04,1.337747617799e-02
2.428981262567e-02,9.341860633318e+04,9.341859297811e+04,1.335507715703e-02
2.426386197115e-02,9.351843233084e+04,9.351841899819e+04,1.333265817084e-02
2.423796670758e-02,9.361825814313e+04,9.361824483291e+04,1.331021948135e-02
2.421212665778e-02,9.371808377005e+04,9.371807048228e+04,1.328776057926e-02
2.418634164537e-02,9.381790921159e+04,9.381789594631e+04,1.326528219215e-02
2.416061149468e-02,9.391773446776e+04,9.391772122498e+04,1.324278399989e-02
2.413493603082e-02,9.401755953856e+04,9.401754631830e+04,1.322026677371e-02
2.410931507962e-02,9.411738442400e+04,9.411737122627e+04,1.319772961142e-02
2.408374846766e-02,9.421720912407e+04,9.421719594889e+04,1.317517373536e-02
2.405823602225e-02,9.431703363877e+04,9.431702048617e+04,1.315259872354e-02
2.403277757143e-02,9.441685796811e+04,9.441684483811e+04,1.313000464870e-02
2.400737294397e-02,9.451668211209e+04,9.451666900470e+04,1.310739149631e-02
2.398202196938e-02,9.461650607071e+04,9.461649298595e+04,1.308476003760e-02
2.395672447785e-02,9.471632984396e+04,9.471631678185e+04,1.306210967596e-02
2.393148030032e-02,9.481615343186e+04,9.481614039242e+04,1.303944083338e-02
2.390628926842e-02,9.491597683440e+04,9.491596381765e+04,1.301675375726e-02
2.388115121451e-02,9.501580005159e+04,9.501578705754e+04,1.299404841848e-02
2.385606597164e-02,9.511562308342e+04,9.511561011210e+04,1.297132544278e-02
2.383103337356e-02,9.521544592990e+04,9.521543298132e+04,1.294858397159e-02
2.380605325472e-02,9.531526859103e+04,9.531525566521e+04,1.292582479073e-02
2.378112545026e-02,9.541509106681e+04,9.541507816376e+04,1.290304791473e-02
2.375624979603e-02,9.551491335724e+04,9.551490047698e+04,1.288025325630e-02
2.373142612853e-02,9.561473546232e+04,9.561472260488e+04,1.285744103370e-02
2.370665428497e-02,9.571455738205e+04,9.571454454744e+04,1.283461191633e-02
2.368193410323e-02,9.581437911644e+04,9.581436630468e+04,1.281176510383e-02
2.365726542187e-02,9.591420066549e+04,9.591418787659e+04,1.278890141111e-02
2.363264808012e-02,9.601402202919e+04,9.601400926317e+04,1.276602077996e-02
2.360808191788e-02,9.611384320756e+04,9.611383046443e+04,1.274312291935e-02
2.358356677570e-02,9.621366420058e+04,9.621365148037e+04,1.272020849865e-02
2.355910249481e-02,9.631348500827e+04,9.631347231099e+04,1.269727770705e-02
2.353468891710e-02,9.641330563061e+04,9.641329295628e+04,1.267432977329e-02
2.351032588509e-02,9.651312606763e+04,9.651311341626e+04,1.265136612346e-02
2.348601324199e-02,9.661294631931e+04,9.661293369092e+04,1.262838566618e-02
2.346175083161e-02,9.671276638565e+04,9.671275378026e+04,1.260538940551e-02
2.343753849845e-02,9.681258626667e+04,9.681257368429e+04,1.258237675938e-02
2.341337608763e-02,9.691240596235e+04,9.691239340300e+04,1.255934849905e-02
2.338926344490e-02,9.701222547271e+04,9.701221293640e+04,1.253630437714e-02
2.336520041667e-02,9.711204479773e+04,9.711203228449e+04,1.251324434998e-02
2.334118684995e-02,9.721186393743e+04,9.721185144727e+04,1.249016883958e-02
2.331722259240e-02,9.731168289181e+04,9.731167042473e+04,1.246707803512e-02
2.329330749231e-02,9.741150166086e+04,9.741148921689e+04,1.244397166010e-02
2.326944139857e-02,9.751132024459e+04,9.751130782374e+04,1.242085025297e-02
2.324562416070e-02,9.761113864300e+04,9.761112624529e+04,1.239771353721e-02
2.322185562883e-02,9.771095685609e+04,9.771094448153e+04,1.237456213858e-02
2.319813565373e-02,9.781077488387e+04,9.781076253247e+04,1.235139550408e-02
2.317446408673e-02,9.791059272632e+04,9.791058039811e+04,1.232821436133e-02
2.315084077982e-02,9.801041038346e+04,9.801039807844e+04,1.230501844839e-02
2.312726558554e-02,9.811022785529e+04,9.811021557348e+04,1.228180812905e-02
2.310373835707e-02,9.821004514180e+04,9.821003288321e+04,1.225858346152e-02
2.308025894817e-02,9.830986224300e+04,9.830985000765e+04,1.223534428573e-02
2.305682721320e-02,9.840967915889e+04,9.840966694680e+04,1.221209128562e-02
2.303344300710e-02,9.850949588947e+04,9.850948370065e+04,1.218882393732e-02
2.301010618541e-02,9.860931243475e+04,9.860930026920e+04,1.216554257553e-02
2.298681660425e-02,9.870912879471e+04,9.870911665247e+04,1.214224768046e-02
2.296357412032e-02,9.880894496938e+04,9.880893285044e+04,1.211893920845e-02
2.294037859091e-02,9.890876095874e+04,9.890874886312e+04,1.209561666474e-02
2.291722987386e-02,9.900857676279e+04,9.900856469051e+04,1.207228090789e-02
2.289412782762e-02,9.910839238155e+04,9.910838033262e+04,1.204893179238e-02
2.287107231118e-02,9.920820781501e+04,9.920819578944e+04,1.202556899807e-02
2.284806318410e-02,9.930802306317e+04,9.930801106097e+04,1.200219364546e-02
2.282510030653e-02,9.940783812603e+04,9.940782614722e+04,1.197880525433e-02
2.280218353916e-02,9.950765300359e+04,9.950764104819e+04,1.195540353365e-02
2.277931274323e-02,9.960746769587e+04,9.960745576388e+04,1.193198937108e-02
2.275648778056e-02,9.970728220285e+04,9.970727029428e+04,1.190856221365e-02
2.273370851351e-02,9.980709652453e+04,9.980708463941e+04,1.188512268709e-02
2.271097480500e-02,9.990691066093e+04,9.990689879926e+04,1.186167070409e-02
2.268828651848e-02,1.000067246120e+05,1.000067127738e+05,1.183820665756e-02
2.266564351796e-02,1.001065383779e+05,1.001065265631e+05,1.181472980534e-02
2.264304566800e-02,1.002063519584e+05,1.002063401672e+05,1.179124056944e-02
2.262049283367e-02,1.003061653536e+05,1.003061535859e+05,1.176774023043e-02
2.259798488060e-02,1.004059785636e+05,1.004059668194e+05,1.174422774056e-02
2.257552167495e-02,1.005057915883e+05,1.005057798676e+05,1.172070359462e-02
2.255310308342e-02,1.006056044277e+05,1.006055927305e+05,1.169716753066e-02
2.253072897321e-02,1.007054170818e+05,1.007054054082e+05,1.167361935950e-02
2.250839921209e-02,1.008052295507e+05,1.008052179006e+05,1.165005992516e-02
2.248611366832e-02,1.009050418342e+05,1.009050302078e+05,1.162648973695e-02
2.246387221068e-02,1.010048539325e+05,1.010048423296e+05,1.160290814005e-02
2.244167470850e-02,1.011046658456e+05,1.011046542662e+05,1.157931529451e-02
2.241952103159e-02,1.012044775733e+05,1.012044660176e+05,1.155571131676e-02
2.239741105030e-02,1.013042891158e+05,1.013042775837e+05,1.153209636686e-02
2.237534463547e-02,1.014041004730e+05,1.014040889645e+05,1.150847125973e-02
2.235332165846e-02,1.015039116449e+05,1.015039001601e+05,1.148483446741e-02
2.233134199115e-02,1.016037226316e+05,1.016037111704e+05,1.146118716861e-02
2.230940550589e-02,1.017035334330e+05,1.017035219955e+05,1.143753003271e-02
2.228751207556e-02,1.018033440491e+05,1.018033326353e+05,1.141386332165e-02
2.226566157353e-02,1.019031544800e+05,1.019031430898e+05,1.139018451795e-02
2.224385387365e-02,1.020029647256e+05,1.020029533591e+05,1.136649704131e-02
2.222208885029e-02,1.021027747860e+05,1.021027634432e+05,1.134279883991e-02
2.220036637830e-02,1.022025846611e+05,1.022025733420e+05,1.131909061223e-02
2.217868633301e-02,1.023023943509e+05,1.023023830555e+05,1.129537260567e-02
2.215704859024e-02,1.024022038555e+05,1.024021925838e+05,1.127164468926e-02
2.213545302632e-02,1.025020131748e+05,1.025020019269e+05,1.124790764879e-02
2.211389951801e-02,1.026018223089e+05,1.026018110847e+05,1.122416096041e-02
2.209238794261e-02,1.027016312577e+05,1.027016200573e+05,1.120040497335e-02
2.207091817784e-02,1.028014400212e+05,1.028014288446e+05,1.117664024059e-02
2.204949010194e-02,1.029012485996e+05,1.029012374467e+05,1.115286488493e-02
2.202810359360e-02,1.030010569926e+05,1.030010458635e+05,1.112908161303e-02
2.200675853198e-02,1.031008652004e+05,1.031008540952e+05,1.110528880963e-02
2.198545479671e-02,1.032006732230e+05,1.032006621415e+05,1.108148740605e-02
2.196419226789e-02,1.033004810603e+05,1.033004700027e+05,1.105767702393e-02
2.194297082609e-02,1.034002887124e+05,1.034002776786e+05,1.103385840543e-02
2.192179035232e-02,1.035000961793e+05,1.035000851692e+05,1.101003099757e-02
2.190065072806e-02,1.035999034609e+05,1.035998924747e+05,1.098619509139e-02
2.187955183526e-02,1.036997105572e+05,1.036996995949e+05,1.096235032310e-02
2.185849355630e-02,1.037995174683e+05,1.037995065298e+05,1.093849833705e-02
2.183747577404e-02,1.038993241942e+05,1.038993132796e+05,1.091463744524e-02
2.181649837176e-02,1.039991307349e+05,1.039991198441e+05,1.089076930657e-02
2.179556123321e-02,1.040989370903e+05,1.040989262234e+05,1.086689287331e-02
2.177466424257e-02,1.041987432605e+05,1.041987324175e+05,1.084300795628e-02
2.175380728448e-02,1.042985492454e+05,1.042985384263e+05,1.081911617075e-02
2.173299024402e-02,1.043983550452e+05,1.043983442499e+05,1.079521625070e-02
2.171221300669e-02,1.044981606596e+05,1.044981498883e+05,1.077130936028e-02
2.169147545845e-02,1.045979660889e+05,1.045979553415e+05,1.074739480100e-02
2.167077748569e-02,1.046977713330e+05,1.046977606095e+05,1.072347325680e-02
2.165011897521e-02,1.047975763918e+05,1.047975656922e+05,1.069954449486e-02
2.162949981429e-02,1.048973812654e+05,1.048973705898e+05,1.067560774391e-02
2.160891989058e-02,1.049971859537e+05,1.049971753021e+05,1.065166429908e-02
2.158837909221e-02,1.050969904569e+05,1.050969798292e+05,1.062771448051e-02
2.156787730769e-02,1.051967947748e+05,1.051967841710e+05,1.060375747329e-02
2.154741442600e-02,1.052965989075e+05,1.052965883277e+05,1.057979378675e-02
2.152699033649e-02,1.053964028550e+05,1.053963922992e+05,1.055582430854e-02
2.150660492898e-02,1.054962066173e+05,1.054961960854e+05,1.053184777265e-02
2.148625809366e-02,1.055960101944e+05,1.055959996865e+05,1.050786468841e-02
2.146594972117e-02,1.056958135862e+05,1.056958031023e+05,1.048387508490e-02
2.144567970255e-02,1.057956167928e+05,1.057956063330e+05,1.045988002443e-02
2.142544792925e-02,1.058954198143e+05,1.058954093784e+05,1.043587867753e-02
2.140525429312e-02,1.059952226505e+05,1.059952122386e+05,1.041187101509e-02
2.138509868644e-02,1.060950253015e+05,1.060950149137e+05,1.038785807032e-02
2.136498100188e-02,1.061948277673e+05,1.061948174035e+05,1.036383834435e-02
2.134490113252e-02,1.062946300479e+05,1.062946197081e+05,1.033981342334e-02
2.132485897183e-02,1.063944321433e+05,1.063944218275e+05,1.031578351103e-02
2.130485441370e-02,1.064942340535e+05,1.064942237618e+05,1.029174726864e-02
2.128488735239e-02,1.065940357785e+05,1.065940255108e+05,1.026770609315e-02
2.126495768258e-02,1.066938373183e+05,1.066938270747e+05,1.024365916965e-02
2.124506529935e-02,1.067936386729e+05,1.067936284533e+05,1.021960795333e-02
2.122521009813e-02,1.068934398423e+05,1.068934296468e+05,1.019555018866e-02
2.120539197479e-02,1.069932408265e+05,1.069932306550e+05,1.017148919345e-02
2.118561082556e-02,1.070930416256e+05,1.070930314781e+05,1.014742227562e-02
2.116586654706e-02,1.071928422394e+05,1.071928321160e+05,1.012335019186e-02
2.114615903631e-02,1.072926426680e+05,1.072926325687e+05,1.009927454288e-02
2.112648819070e-02,1.073924429114e+05,1.073924328362e+05,1.007519397535e-02
2.110685390799e-02,1.074922429697e+05,1.074922329186e+05,1.005110819824e-02
2.108725608635e-02,1.075920428428e+05,1.075920328157e+05,1.002701833204e-02
2.106769462430e-02,1.076918425306e+05,1.076918325277e+05,1.000292423123e-02
2.104816942076e-02,1.077916420333e+05,1.077916320545e+05,9.978826637962e-03
2.102868037500e-02,1.078914413508e+05,1.078914313961e+05,9.954724009731e-03
2.100922738668e-02,1.079912404832e+05,1.079912305525e+05,9.930617612554e-03
2.098981035582e-02,1.080910394303e+05,1.080910295238e+05,9.906506733387e-03
2.097042918283e-02,1.081908381923e+05,1.081908283099e+05,9.882392972941e-03
2.095108376845e-02,1.082906367691e+05,1.082906269108e+05,9.858275123406e-03
2.093177401382e-02,1.083904351607e+05,1.083904253265e+05,9.834153330303e-03
2.091249982044e-02,1.084902333671e+05,1.084902235571e+05,9.810028292122e-03
2.089326109016e-02,1.085900313884e+05,1.085900216025e+05,9.785899877897e-03
2.087405772518e-02,1.086898292245e+05,1.086898194627e+05,9.761768611497e-03
2.085488962810e-02,1.087896268754e+05,1.087896171378e+05,9.737633794430e-03
2.083575670183e-02,1.088894243411e+05,1.088894146277e+05,9.713495703181e-03
2.081665884968e-02,1.089892216217e+05,1.089892119324e+05,9.689353901194e-03
2.079759597527e-02,1.090890187171e+05,1.090890090519e+05,9.665209552622e-03
2.077856798262e-02,1.091888156274e+05,1.091888059863e+05,9.641062293667e-03
2.075957477605e-02,1.092886123525e+05,1.092886027356e+05,9.616912371712e-03
2.074061626027e-02,1.093884088924e+05,1.093883992996e+05,9.592759874067e-03
2.072169234033e-02,1.094882052472e+05,1.094881956785e+05,9.568604669767e-03
2.070280292160e-02,1.095880014168e+05,1.095879918723e+05,9.544447588269e-03
2.068394790984e-02,1.096877974012e+05,1.096877878809e+05,9.520287465421e-03
2.066512721110e-02,1.097875932005e+05,1.097875837043e+05,9.496124795987e-03
2.064634073182e-02,1.098873888146e+05,1.098873793426e+05,9.471959841903e-03
2.062758837875e-02,1.099871842436e+05,1.099871747958e+05,9.447792894207e-03
2.060887005898e-02,1.100869794874e+05,1.100869700637e+05,9.423624098417e-03
2.059018567996e-02,1.101867745460e+05,1.101867651466e+05,9.399453469086e-03
2.057153514946e-02,1.102865694195e+05,1.102865600443e+05,9.375280744280e-03
2.055291837557e-02,1.103863641079e+05,1.103863547568e+05,9.351106229587e-03
2.053433526673e-02,1.104861586111e+05,1.104861492842e+05,9.326930405223e-03
2.051578573171e-02,1.105859529292e+05,1.105859436264e+05,9.302752645453e-03
2.049726967960e-02,1.106857470621e+05,1.106857377835e+05,9.278574361815e-03
2.047878701984e-02,1.107855410099e+05,1.107855317555e+05,9.254393167794e-03
2.046033766216e-02,1.108853347725e+05,1.108853255423e+05,9.230212090188e-03
2.044192151665e-02,1.109851283500e+05,1.109851191440e+05,9.206028582412e-03
2.042353849370e-02,1.110849217423e+05,1.110849125605e+05,9.181844230625e-03
2.040518850404e-02,1.111847149496e+05,1.111847057919e+05,9.157659587800e-03
2.038687145871e-02,1.112845079716e+05,1.112844988381e+05,9.133473256952e-03
2.036858726906e-02,1.113843008086e+05,1.113842916993e+05,9.109286067542e-03
2.035033584677e-02,1.114840934604e+05,1.114840843753e+05,9.085098688956e-03
2.033211710385e-02,1.115838859270e+05,1.115838768661e+05,9.060910480912e-03
2.031393095259e-02,1.116836782086e+05,1.116836691718e+05,9.036721239681e-03
2.029577730563e-02,1.117834703050e+05,1.117834612924e+05,9.012531823828e-03
2.027765607589e-02,1.118832622162e+05,1.118832532279e+05,8.988342407974e-03
2.025956717663e-02,1.119830539424e+05,1.119830449782e+05,8.964151580585e-03
2.024151052139e-02,1.120828454834e+05,1.120828365434e+05,8.939962237491e-03
2.022348602404e-02,1.121826368393e+05,1.121826279235e+05,8.915771191823e-03
2.020549359875e-02,1.122824280100e+05,1.122824191185e+05,8.891580015188e-03
2.018753316000e-02,1.123822189957e+05,1.123822101283e+05,8.867390366504e-03
2.016960462256e-02,1.124820097962e+05,1.124820009530e+05,8.843199466355e-03
2.015170790151e-02,1.125818004116e+05,1.125817915926e+05,8.819009424769e-03
2.013384291223e-02,1.126815908419e+05,1.126815820471e+05,8.794819892501e-03
2.011600957042e-02,1.127813810870e+05,1.127813723164e+05,8.770629996434e-03
2.009820779204e-02,1.128811711471e+05,1.128811624006e+05,8.746440915274e-03
2.008043749337e-02,1.129809610220e+05,1.129809522998e+05,8.722252649022e-03
2.006269859099e-02,1.130807507118e+05,1.130807420138e+05,8.698064906639e-03
2.004499100177e-02,1.131805402165e+05,1.131805315427e+05,8.673877397086e-03
2.002731464286e-02,1.132803295361e+05,1.132803208864e+05,8.649690949824e-03
2.000966943172e-02,1.133801186706e+05,1.133801100451e+05,8.625506903627e-03
1.999205528609e-02,1.134799076200e+05,1.134798990187e+05,8.601321431343e-03
1.997447212401e-02,1.135796963842e+05,1.135796878071e+05,8.577139364206e-03
1.995691986380e-02,1.136794849634e+05,1.136794764104e+05,8.552956380299e-03
1.993939842406e-02,1.137792733575e+05,1.137792648287e+05,8.528775884770e-03
1.992190772368e-02,1.138790615664e+05,1.138790530618e+05,8.504596582497e-03
1.990444768186e-02,1.139788495903e+05,1.139788411098e+05,8.480418691761e-03
1.988701821804e-02,1.140786374290e+05,1.140786289728e+05,8.456241834210e-03
1.986961925197e-02,1.141784250827e+05,1.141784166506e+05,8.432067013928e-03
1.985225070367e-02,1.142782125512e+05,1.142782041433e+05,8.407893459662e-03
1.983491249345e-02,1.143779998347e+05,1.143779914510e+05,8.383722641156e-03
1.981760454188e-02,1.144777869330e+05,1.144777785735e+05,8.359552448383e-03
1.980032676983e-02,1.145775738463e+05,1.145775655109e+05,8.335384045495e-03
1.978307909843e-02,1.146773605745e+05,1.146773522633e+05,8.311218902236e-03
1.976586144909e-02,1.147771471176e+05,1.147771388305e+05,8.287055548863e-03
1.974867374348e-02,1.148769334756e+05,1.148769252127e+05,8.262894290965e-03
1.973151590356e-02,1.149767196485e+05,1.149767114097e+05,8.238734444603e-03
1.971438785156e-02,1.150765056363e+05,1.150764974217e+05,8.214577697800e-03
1.969728950997e-02,1.151762914390e+05,1.151762832486e+05,8.190424210625e-03
1.968022080156e-02,1.152760770567e+05,1.152760688904e+05,8.166271582013e-03
1.966318164935e-02,1.153758624892e+05,1.153758543471e+05,8.142122474965e-03
1.964617197664e-02,1.154756477367e+05,1.154756396187e+05,8.117976540234e-03
1.962919170700e-02,1.155754327991e+05,1.155754247053e+05,8.093832846498e-03
1.961224076425e-02,1.156752176764e+05,1.156752096067e+05,8.069691728451e-03
1.959531907248e-02,1.157750023687e+05,1.157749943231e+05,8.045553797274e-03
1.957842655603e-02,1.158747868758e+05,1.158747788544e+05,8.021419183933e-03
1.956156313953e-02,1.159745711979e+05,1.159745632007e+05,7.997286884347e-03
1.954472874785e-02,1.160743553350e+05,1.160743473618e+05,7.973157276865e-03
1.952792330610e-02,1.161741392869e+05,1.161741313379e+05,7.949033024488e-03
1.951114673969e-02,1.162739230538e+05,1.162739151289e+05,7.924909892608e-03
1.949439897425e-02,1.163737066356e+05,1.163736987348e+05,7.900791184511e-03
1.947767993568e-02,1.164734900323e+05,1.164734821556e+05,7.876676419983e-03
1.946098955013e-02,1.165732732440e+05,1.165732653914e+05,7.852564434870e-03
1.944432774401e-02,1.166730562706e+05,1.166730484421e+05,7.828456917196e-03
1.942769444397e-02,1.167728391121e+05,1.167728313078e+05,7.804352950188e-03
1.941108957692e-02,1.168726217686e+05,1.168726139884e+05,7.780252897646e-03
1.939451307003e-02,1.169724042400e+05,1.169723964839e+05,7.756156133837e-03
1.937796485068e-02,1.170721865264e+05,1.170721787943e+05,7.732063299045e-03
1.936144484655e-02,1.171719686277e+05,1.171719609197e+05,7.707975324593e-03
1.934495298552e-02,1.172717505439e+05,1.172717428600e+05,7.683890667977e-03
1.932848919574e-02,1.173715322751e+05,1.173715246153e+05,7.659810580662e-03
1.931205340561e-02,1.174713138212e+05,1.174713061855e+05,7.635734509677e-03
1.929564554376e-02,1.175710951823e+05,1.175710875706e+05,7.611663255375e-03
1.927926553905e-02,1.176708763583e+05,1.176708687707e+05,7.587596512167e-03
1.926291332061e-02,1.177706573493e+05,1.177706497858e+05,7.563533989014e-03
1.924658881780e-02,1.178704381552e+05,1.178704306157e+05,7.539476398961e-03
1.923029196020e-02,1.179702187761e+05,1.179702112607e+05,7.515423101722e-03
1.921402267767e-02,1.180699992119e+05,1.180699917205e+05,7.491375014069e-03
1.919778090025e-02,1.181697794627e+05,1.181697719953e+05,7.467332194210e-03
1.918156655828e-02,1.182695595284e+05,1.182695520851e+05,7.443292677635e-03
1.916537958228e-02,1.183693394091e+05,1.183693319898e+05,7.419259738526e-03
1.914921990304e-02,1.184691191047e+05,1.184691117095e+05,7.395231252303e-03
1.913308745156e-02,1.185688986154e+05,1.185688912441e+05,7.371207364486e-03
1.911698215909e-02,1.186686779409e+05,1.186686705937e+05,7.347190301516e-03
1.910090395711e-02,1.187684570815e+05,1.187684497583e+05,7.323177094804e-03
1.908485277731e-02,1.188682360369e+05,1.188682287378e+05,7.299169636099e-03
1.906882855164e-02,1.189680148074e+05,1.189680075322e+05,7.275168129127e-03
1.905283121225e-02,1.190677933928e+05,1.190677861417e+05,7.251171409735e-03
1.903686069153e-02,1.191675717932e+05,1.191675645660e+05,7.227180860355e-03
1.902091692211e-02,1.192673500086e+05,1.192673428054e+05,7.203196888440e-03
1.900499983682e-02,1.193671280389e+05,1.193671208597e+05,7.179216685472e-03
1.898910936873e-02,1.194669058842e+05,1.194668987290e+05,7.155243860325e-03
1.897324545113e-02,1.195666835445e+05,1.195666764132e+05,7.131275997381e-03
1.895740801753e-02,1.196664610197e+05,1.196664539124e+05,7.107315104804e-03
1.894159700167e-02,1.197662383100e+05,1.197662312266e+05,7.083359989338e-03
1.892581233750e-02,1.198660154152e+05,1.198660083558e+05,7.059410592774e-03
1.891005395920e-02,1.199657923354e+05,1.199657852999e+05,7.035467613605e-03
1.889432180116e-02,1.200655690705e+05,1.200655620590e+05,7.011529756710e-03
1.887861579801e-02,1.201653456207e+05,1.201653386331e+05,6.987599961576e-03
1.886293588455e-02,1.202651219858e+05,1.202651150221e+05,6.963676176383e-03
1.884728199585e-02,1.203648981659e+05,1.203648912261e+05,6.939759099623e-03
1.883165406716e-02,1.204646741610e+05,1.204646672451e+05,6.915848221979e-03
1.881605203397e-02,1.205644499711e+05,1.205644430791e+05,6.891944212839e-03
1.880047583195e-02,1.206642255961e+05,1.206642187281e+05,6.868046461022e-03
1.878492539702e-02,1.207640010362e+05,1.207639941920e+05,6.844155810541e-03
1.876940066529e-02,1.208637762912e+05,1.208637694710e+05,6.820273250923e-03
1.875390157308e-02,1.209635513613e+05,1.209635445649e+05,6.796396279242e-03
1.873842805693e-02,1.210633262463e+05,1.210633194738e+05,6.772526743589e-03
1.872298005359e-02,1.211631009463e+05,1.211630941977e+05,6.748663625331e-03
1.870755750000e-02,1.212628754613e+05,1.212628687365e+05,6.724808801664e-03
1.869216033333e-02,1.213626497914e+05,1.213626430904e+05,6.700959784212e-03
1.867678849095e-02,1.214624239364e+05,1.214624172593e+05,6.677118915832e-03
1.866144191044e-02,1.215621978964e+05,1.215621912431e+05,6.653286254732e-03
1.864612052956e-02,1.216619716714e+05,1.216619650419e+05,6.629459458054e-03
1.863082428630e-02,1.217617452614e+05,1.217617386558e+05,6.605641319766e-03
1.861555311885e-02,1.218615186664e+05,1.218615120846e+05,6.581831679796e-03
1.860030696560e-02,1.219612918865e+05,1.219612853284e+05,6.558028253494e-03
1.858508576514e-02,1.220610649215e+05,1.220610583873e+05,6.534232961712e-03
1.856988945626e-02,1.221608377715e+05,1.221608312611e+05,6.510445266031e-03
1.855471797794e-02,1.222606104366e+05,1.222606039499e+05,6.486665675766e-03
1.853957126939e-02,1.223603829166e+05,1.223603764538e+05,6.462894700235e-03
1.852444926998e-02,1.224601552117e+05,1.224601487726e+05,6.439130767831e-03
1.850935191932e-02,1.225599273218e+05,1.225599209064e+05,6.415375130018e-03
1.849427915717e-02,1.226596992469e+05,1.226596928553e+05,6.391628310666e-03
1.847923092351e-02,1.227594709870e+05,1.227594646191e+05,6.367889072862e-03
1.846420715854e-02,1.228592425421e+05,1.228592361980e+05,6.344158842694e-03
1.844920780260e-02,1.229590139123e+05,1.229590075919e+05,6.320436092210e-03
1.843423279627e-02,1.230587850975e+05,1.230587788007e+05,6.296722174739e-03
1.841928208029e-02,1.231585560977e+05,1.231585498246e+05,6.273017381318e-03
1.840435559562e-02,1.232583269129e+05,1.232583206635e+05,6.249320402276e-03
1.838945328340e-02,1.233580975431e+05,1.233580913175e+05,6.225632358110e-03
1.837457508495e-02,1.234578679884e+05,1.234578617864e+05,6.201953568961e-03
1.835972094179e-02,1.235576382487e+05,1.235576320704e+05,6.178282914334e-03
1.834489079564e-02,1.236574083240e+05,1.236574021693e+05,6.154621078167e-03
1.833008458838e-02,1.237571782143e+05,1.237571720833e+05,6.130968671641e-03
1.831530226210e-02,1.238569479197e+05,1.238569418124e+05,6.107325229095e-03
1.830054375907e-02,1.239567174401e+05,1.239567113564e+05,6.083690925152e-03
1.828580902174e-02,1.240564867755e+05,1.240564807155e+05,6.060065366910e-03
1.827109799276e-02,1.241562559260e+05,1.241562498896e+05,6.036449602107e-03
1.825641061495e-02,1.242560248915e+05,1.242560188787e+05,6.012842844939e-03
1.824174683133e-02,1.243557936721e+05,1.243557876828e+05,5.989245342789e-03
1.822710658507e-02,1.244555622676e+05,1.244555563020e+05,5.965656906483e-03
1.821248981957e-02,1.245553306783e+05,1.245553247362e+05,5.942079005763e-03
1.819789647837e-02,1.246550989039e+05,1.246550929854e+05,5.918509021285e-03
1.818332650520e-02,1.247548669446e+05,1.247548610497e+05,5.894950591028e-03
1.816877984400e-02,1.248546348004e+05,1.248546289290e+05,5.871399815078e-03
1.815425643885e-02,1.249544024712e+05,1.249543966233e+05,5.847859822097e-03
1.813975623403e-02,1.250541699570e+05,1.250541641327e+05,5.824330946780e-03
1.812527917398e-02,1.251539372579e+05,1.251539314571e+05,5.800809231005e-03
1.811082520335e-02,1.252537043739e+05,1.252536985966e+05,5.777299462352e-03
1.809639426693e-02,1.253534713048e+05,1.253534655510e+05,5.753800025559e-03
1.808198630971e-02,1.254532380509e+05,1.254532323206e+05,5.730309872888e-03
1.806760127685e-02,1.255530046120e+05,1.255529989051e+05,5.706829426344e-03
1.805323911367e-02,1.256527709881e+05,1.256527653048e+05,5.683359588147e-03
1.803889976569e-02,1.257525371793e+05,1.257525315194e+05,5.659899645252e-03
1.802458317857e-02,1.258523031856e+05,1.258522975491e+05,5.636450601742e-03
1.801028929818e-02,1.259520690069e+05,1.259520633939e+05,5.613012297545e-03
1.799601807052e-02,1.260518346433e+05,1.260518290537e+05,5.589584354311e-03
1.798176944181e-02,1.261516000947e+05,1.261515945286e+05,5.566166160861e-03
1.796754335839e-02,1.262513653612e+05,1.262513598185e+05,5.542759841774e-03
1.795333976680e-02,1.263511304428e+05,1.263511249234e+05,5.519362835912e-03
1.793915861374e-02,1.264508953394e+05,1.264508898435e+05,5.495977136889e-03
1.792499984609e-02,1.265506600511e+05,1.265506545785e+05,5.472602133523e-03
1.791086341088e-02,1.266504245779e+05,1.266504191287e+05,5.449239048176e-03
1.789674925532e-02,1.267501889197e+05,1.267501834938e+05,5.425885014120e-03
1.788265732677e-02,1.268499530766e+05,1.268499476741e+05,5.402543712989e-03
1.786858757278e-02,1.269497170486e+05,1.269497116694e+05,5.379212481785e-03
1.785453994104e-02,1.270494808357e+05,1.270494754798e+05,5.355891946238e-03
1.784051437942e-02,1.271492444378e+05,1.271492391052e+05,5.332584449206e-03
1.782651083595e-02,1.272490078550e+05,1.272490025457e+05,5.309286483680e-03
1.781252925882e-02,1.273487710873e+05,1.273487658013e+05,5.285999955959e-03
1.779856959639e-02,1.274485341346e+05,1.274485288719e+05,5.262726219371e-03
1.778463179718e-02,1.275482969971e+05,1.275482917576e+05,5.239462858299e-03
1.777071580986e-02,1.276480596746e+05,1.276480544584e+05,5.216210483923e-03
1.775682158327e-02,1.277478221672e+05,1.277478169742e+05,5.192970260396e-03
1.774294906641e-02,1.278475844748e+05,1.278475793051e+05,5.169741853024e-03
1.772909820843e-02,1.279473465976e+05,1.279473414511e+05,5.146524810698e-03
1.771526895866e-02,1.280471085355e+05,1.280471034122e+05,5.123319613631e-03
1.770146126656e-02,1.281468702884e+05,1.281468651883e+05,5.100125752506e-03
1.768767508178e-02,1.282466318564e+05,1.282466267795e+05,5.076944944449e-03
1.767391035409e-02,1.283463932396e+05,1.283463881858e+05,5.053775355918e-03
1.766016703344e-02,1.284461544378e+05,1.284461494072e+05,5.030617860029e-03
1.764644506993e-02,1.285459154511e+05,1.285459104436e+05,5.007472806028e-03
1.763274441382e-02,1.286456762795e+05,1.286456712951e+05,4.984339000657e-03
1.761906501552e-02,1.287454369230e+05,1.287454319618e+05,4.961217477103e-03
1.760540682558e-02,1.288451973816e+05,1.288451924435e+05,4.938109414070e-03
1.759176979473e-02,1.289449576553e+05,1.289449527403e+05,4.915012264973e-03
1.757815387384e-02,1.290447177441e+05,1.290447128521e+05,4.891928212601e-03
1.756455901392e-02,1.291444776479e+05,1.291444727791e+05,4.868855772656e-03
1.755098516615e-02,1.292442373669e+05,1.292442325211e+05,4.845796676818e-03
1.753743228185e-02,1.293439969010e+05,1.293439920783e+05,4.822749935556e-03
1.752390031250e-02,1.294437562502e+05,1.294437514505e+05,4.799715650734e-03
1.751038920971e-02,1.295435154146e+05,1.295435106379e+05,4.776693516760e-03
1.749689892527e-02,1.296432743940e+05,1.296432696403e+05,4.753685367177e-03
1.748342941109e-02,1.297430331885e+05,1.297430284578e+05,4.730688902782e-03
1.746998061923e-02,1.298427917981e+05,1.298427870904e+05,4.707706539193e-03
1.745655250192e-02,1.299425502229e+05,1.299425455382e+05,4.684735438786e-03
1.744314501152e-02,1.300423084628e+05,1.300423038010e+05,4.661778104492e-03
1.742975810054e-02,1.301420665177e+05,1.301420618789e+05,4.638833663194e-03
1.741639172163e-02,1.302418243878e+05,1.302418197719e+05,4.615902857040e-03
1.740304582759e-02,1.303415820730e+05,1.303415774800e+05,4.592984274495e-03
1.738972037136e-02,1.304413395734e+05,1.304413350033e+05,4.570078483084e-03
1.737641530604e-02,1.305410968888e+05,1.305410923416e+05,4.547187854769e-03
1.736313058486e-02,1.306408540194e+05,1.306408494951e+05,4.524308824330e-03
1.734986616119e-02,1.307406109651e+05,1.307406064636e+05,4.501443268964e-03
1.733662198855e-02,1.308403677259e+05,1.308403632473e+05,4.478592047235e-03
1.732339802059e-02,1.309401243018e+05,1.309401198461e+05,4.455754256924e-03
1.731019421113e-02,1.310398806929e+05,1.310398762600e+05,4.432929563336e-03
1.729701051409e-02,1.311396368991e+05,1.311396324890e+05,4.410118825035e-03
1.728384688356e-02,1.312393929204e+05,1.312393885331e+05,4.387320455862e-03
1.727070327376e-02,1.313391487569e+05,1.313391443923e+05,4.364537453512e-03
1.725757963906e-02,1.314389044085e+05,1.314389000667e+05,4.341767082224e-03
1.724447593394e-02,1.315386598752e+05,1.315386555562e+05,4.319011582993e-03
1.723139211305e-02,1.316384151570e+05,1.316384108608e+05,4.296268889448e-03
1.721832813116e-02,1.317381702540e+05,1.317381659805e+05,4.273541388102e-03
1.720528394318e-02,1.318379251661e+05,1.318379209153e+05,4.250826255884e-03
1.719225950416e-02,1.319376798934e+05,1.319376756653e+05,4.228126083035e-03
1.717925476929e-02,1.320374344358e+05,1.320374302304e+05,4.205440491205e-03
1.716626969388e-02,1.321371887934e+05,1.321371846106e+05,4.182767821476e-03
1.715330423338e-02,1.322369429661e+05,1.322369388059e+05,4.160109994700e-03
1.714035834340e-02,1.323366969539e+05,1.323366928164e+05,4.137466836255e-03
1.712743197964e-02,1.324364507569e+05,1.324364466420e+05,4.114837211091e-03
1.711452509797e-02,1.325362043750e+05,1.325362002828e+05,4.092222050531e-03
1.710163765437e-02,1.326359578083e+05,1.326359537386e+05,4.069622256793e-03
1.708876960497e-02,1.327357110567e+05,1.327357070097e+05,4.047035647091e-03
1.707592090601e-02,1.328354641203e+05,1.328354600958e+05,4.024464637041e-03
1.706309151390e-02,1.329352169990e+05,1.329352129971e+05,4.001907509519e-03
1.705028138514e-02,1.330349696929e+05,1.330349657135e+05,3.979365515988e-03
1.703749047637e-02,1.331347222019e+05,1.331347182451e+05,3.956838219892e-03
1.702471874438e-02,1.332344745261e+05,1.332344705918e+05,3.934325213777e-03
1.701196614607e-02,1.333342266654e+05,1.333342227536e+05,3.911827981938e-03
1.699923263847e-02,1.334339786199e+05,1.334339747306e+05,3.889345622156e-03
1.698651817876e-02,1.335337303896e+05,1.335337265227e+05,3.866876329994e-03
1.697382272422e-02,1.336334819744e+05,1.336334781300e+05,3.844422986731e-03
1.696114623226e-02,1.337332333744e+05,1.337332295524e+05,3.821985912509e-03
1.694848866045e-02,1.338329845896e+05,1.338329807900e+05,3.799562720815e-03
1.693584996644e-02,1.339327356199e+05,1.339327318427e+05,3.777155245189e-03
1.692323010805e-02,1.340324864654e+05,1.340324827106e+05,3.754762088647e-03
1.691062904319e-02,1.341322371260e+05,1.341322333936e+05,3.732384531759e-03
1.689804672991e-02,1.342319876018e+05,1.342319838918e+05,3.710022981977e-03
1.688548312639e-02,1.343317378928e+05,1.343317342051e+05,3.687675955007e-03
1.687293819094e-02,1.344314879990e+05,1.344314843336e+05,3.665344120236e-03
1.686041188196e-02,1.345312379203e+05,1.345312342773e+05,3.643028147053e-03
1.684790415801e-02,1.346309876568e+05,1.346309840361e+05,3.620728384703e-03
1.683541497776e-02,1.347307372085e+05,1.347307336101e+05,3.598442737712e-03
1.682294430000e-02,1.348304865754e+05,1.348304829992e+05,3.576173679903e-03
1.681049208364e-02,1.349302357574e+05,1.349302322035e+05,3.553920367267e-03
1.679805828772e-02,1.350299847546e+05,1.350299812230e+05,3.531682566972e-03
1.678564287140e-02,1.351297335670e+05,1.351297300576e+05,3.509459900670e-03
1.677324579394e-02,1.352294821946e+05,1.352294787074e+05,3.487253678031e-03
1.676086701476e-02,1.353292306374e+05,1.353292271723e+05,3.465062560281e-03
1.674850649336e-02,1.354289788954e+05,1.354289754525e+05,3.442888817517e-03
1.673616418939e-02,1.355287269685e+05,1.355287235478e+05,3.420730936341e-03
1.672384006259e-02,1.356284748568e+05,1.356284714582e+05,3.398587839911e-03
1.671153407285e-02,1.357282225604e+05,1.357282191839e+05,3.376461681910e-03
1.669924618015e-02,1.358279700791e+05,1.358279667247e+05,3.354350861628e-03
1.668697634460e-02,1.359277174130e+05,1.359277140807e+05,3.332256950671e-03
1.667472452643e-02,1.360274645621e+05,1.360274612519e+05,3.310178552056e-03
1.666249068599e-02,1.361272115263e+05,1.361272082382e+05,3.288116480689e-03
1.665027478372e-02,1.362269583058e+05,1.362269550398e+05,3.266071202233e-03
1.663807678022e-02,1.363267049005e+05,1.363267016565e+05,3.244041872676e-03
1.662589663616e-02,1.364264513104e+05,1.364264480884e+05,3.222029889002e-03
1.661373431236e-02,1.365261975355e+05,1.365261943354e+05,3.200032922905e-03
1.660158976974e-02,1.366259435758e+05,1.366259403977e+05,3.178053622833e-03
1.658946296932e-02,1.367256894312e+05,1.367256862752e+05,3.156090853736e-03
1.657735387226e-02,1.368254351019e+05,1.368254319678e+05,3.134144179057e-03
1.656526243982e-02,1.369251805878e+05,1.369251774756e+05,3.112214268185e-03
1.655318863338e-02,1.370249258889e+05,1.370249227986e+05,3.090301179327e-03
1.654113241442e-02,1.371246710052e+05,1.371246679368e+05,3.068405145314e-03
1.652909374454e-02,1.372244159368e+05,1.372244128902e+05,3.046525118407e-03
1.651707258545e-02,1.373241606835e+05,1.373241576588e+05,3.024661913514e-03
1.650506889898e-02,1.374239052454e+05,1.374239022426e+05,3.002816811204e-03
1.649308264706e-02,1.375236496226e+05,1.375236466416e+05,2.980987075716e-03
1.648111379173e-02,1.376233938150e+05,1.376233908558e+05,2.959175093565e-03
1.646916229514e-02,1.377231378225e+05,1.377231348852e+05,2.937380661024e-03
1.645722811957e-02,1.378228816453e+05,1.378228787297e+05,2.915603603469e-03
1.644531122737e-02,1.379226252834e+05,1.379226223895e+05,2.893842494814e-03
1.643341158104e-02,1.380223687366e+05,1.380223658645e+05,2.872099314118e-03
1.642152914317e-02,1.381221120051e+05,1.381221091547e+05,2.850373333786e-03
1.640966387645e-02,1.382218550887e+05,1.382218522601e+05,2.828663971741e-03
1.639781574368e-02,1.383215979877e+05,1.383215951807e+05,2.806972333929e-03
1.638598470779e-02,1.384213407018e+05,1.384213379165e+05,2.785298012896e-03
1.637417073180e-02,1.385210832312e+05,1.385210804675e+05,2.763641125057e-03
1.636237377882e-02,1.386208255757e+05,1.386208228337e+05,2.742001990555e-03
1.635059381209e-02,1.387205677356e+05,1.387205650152e+05,2.720380085520e-03
1.633883079496e-02,1.388203097106e+05,1.388203070118e+05,2.698776021134e-03
1.632708469087e-02,1.389200515009e+05,1.389200488237e+05,2.677189942915e-03
1.631535546336e-02,1.390197931064e+05,1.390197904508e+05,2.655620890437e-03
1.630364307609e-02,1.391195345272e+05,1.391195318931e+05,2.634069795022e-03
1.629194749283e-02,1.392192757631e+05,1.392192731506e+05,2.612536016386e-03
1.628026867742e-02,1.393190168144e+05,1.393190142233e+05,2.591021417174e-03
1.626860659384e-02,1.394187576808e+05,1.394187551113e+05,2.569522795966e-03
1.625696120616e-02,1.395184983625e+05,1.395184958145e+05,2.548042743001e-03
1.624533247854e-02,1.396182388595e+05,1.396182363329e+05,2.526580996346e-03
1.623372037527e-02,1.397179791716e+05,1.397179766665e+05,2.505136188120e-03
1.622212486071e-02,1.398177192991e+05,1.398177168154e+05,2.483710617526e-03
1.621054589936e-02,1.399174592418e+05,1.399174567794e+05,2.462302974891e-03
1.619898345578e-02,1.400171989997e+05,1.400171965588e+05,2.440913289320e-03
1.618743749465e-02,1.401169385728e+05,1.401169361533e+05,2.419540862320e-03
1.617590798077e-02,1.402166779613e+05,1.402166755631e+05,2.398187585641e-03
1.616439487900e-02,1.403164171649e+05,1.403164147881e+05,2.376852527959e-03
1.615289815434e-02,1.404161561839e+05,1.404161538283e+05,2.355534379603e-03
1.614141777185e-02,1.405158950180e+05,1.405158926838e+05,2.334236312890e-03
1.612995369673e-02,1.406156336675e+05,1.406156313545e+05,2.312957018148e-03
1.611850589425e-02,1.407153721321e+05,1.407153698404e+05,2.291693876032e-03
1.610707432979e-02,1.408151104121e+05,1.408151081416e+05,2.270450611832e-03
1.609565896882e-02,1.409148485073e+05,1.409148462581e+05,2.249225944979e-03
1.608425977691e-02,1.410145864177e+05,1.410145841897e+05,2.228019380709e-03
1.607287671975e-02,1.411143241435e+05,1.411143219366e+05,2.206832141383e-03
1.606150976308e-02,1.412140616845e+05,1.412140594988e+05,2.185661927797e-03
1.605015887279e-02,1.413137990407e+05,1.413137968762e+05,2.164511795854e-03
1.603882401483e-02,1.414135362122e+05,1.414135340688e+05,2.143380785128e-03
1.602750515526e-02,1.415132731990e+05,1.415132710767e+05,2.122267906088e-03
1.601620226023e-02,1.416130100011e+05,1.416130078999e+05,2.101173740812e-03
1.600491529598e-02,1.417127466184e+05,1.417127445383e+05,2.080097707221e-03
1.599364422887e-02,1.418124830510e+05,1.418124809919e+05,2.059041493339e-03
1.598238902533e-02,1.419122192988e+05,1.419122172608e+05,2.038004138740e-03
1.597114965190e-02,1.420119553620e+05,1.420119533450e+05,2.016985177761e-03
1.595992607519e-02,1.421116912404e+05,1.421116892444e+05,1.995985803660e-03
1.594871826194e-02,1.422114269341e+05,1.422114249591e+05,1.975005201530e-03
1.593752617895e-02,1.423111624430e+05,1.423111604890e+05,1.954044069862e-03
1.592634979313e-02,1.424108977673e+05,1.424108958342e+05,1.933101360919e-03
1.591518907148e-02,1.425106329068e+05,1.425106309946e+05,1.912178384373e-03
1.590404398109e-02,1.426103678616e+05,1.426103659703e+05,1.891274005175e-03
1.589291448915e-02,1.427101026317e+05,1.427101007613e+05,1.870390027761e-03
1.588180056294e-02,1.428098372171e+05,1.428098353675e+05,1.849525375292e-03
1.587070216981e-02,1.429095716177e+05,1.429095697890e+05,1.828678272432e-03
1.585961927723e-02,1.430093058337e+05,1.430093040258e+05,1.807851978811e-03
1.584855185276e-02,1.431090398649e+05,1.431090380778e+05,1.787045039237e-03
1.583749986402e-02,1.432087737114e+05,1.432087719451e+05,1.766256580595e-03
1.582646327875e-02,1.433085073732e+05,1.433085056277e+05,1.745488494635e-03
1.581544206476e-02,1.434082408503e+05,1.434082391256e+05,1.724740024656e-03
1.580443618998e-02,1.435079741427e+05,1.435079724387e+05,1.704011636321e-03
1.579344562239e-02,1.436077072504e+05,1.436077055671e+05,1.683302165475e-03
1.578247033009e-02,1.437074401734e+05,1.437074385108e+05,1.662611786742e-03
1.577151028125e-02,1.438071729117e+05,1.438071712697e+05,1.641942333663e-03
1.576056544414e-02,1.439069054653e+05,1.439069038440e+05,1.621292205527e-03
1.574963578710e-02,1.440066378342e+05,1.440066362335e+05,1.600660645636e-03
1.573872127859e-02,1.441063700183e+05,1.441063684383e+05,1.580051350174e-03
1.572782188712e-02,1.442061020178e+05,1.442061004584e+05,1.559460244607e-03
1.571693758131e-02,1.443058338326e+05,1.443058322937e+05,1.538889453514e-03
1.570606832988e-02,1.444055654627e+05,1.444055639444e+05,1.518338482128e-03
1.569521410159e-02,1.445052969081e+05,1.445052954103e+05,1.497807184933e-03
1.568437486533e-02,1.446050281688e+05,1.446050266915e+05,1.477296609664e-03
1.567355059006e-02,1.447047592449e+05,1.447047577881e+05,1.456805388443e-03
1.566274124483e-02,1.448044901362e+05,1.448044886999e+05,1.436334889149e-03
1.565194679876e-02,1.449042208428e+05,1.449042194270e+05,1.415884180460e-03
1.564116722107e-02,1.450039513648e+05,1.450039499693e+05,1.395453000441e-03
1.563040248107e-02,1.451036817021e+05,1.451036803270e+05,1.375042658765e-03
1.561965254814e-02,1.452034118547e+05,1.452034105000e+05,1.354652806185e-03
1.560891739175e-02,1.453031418226e+05,1.453031404883e+05,1.334282715106e-03
1.559819698146e-02,1.454028716058e+05,1.454028702919e+05,1.313932676567e-03
1.558749128689e-02,1.455026012043e+05,1.455025999107e+05,1.293605135288e-03
1.557680027778e-02,1.456023306182e+05,1.456023293449e+05,1.273295725696e-03
1.556612392392e-02,1.457020598474e+05,1.457020585944e+05,1.253007882042e-03
1.555546219521e-02,1.458017888919e+05,1.458017876592e+05,1.232739537954e-03
1.554481506160e-02,1.459015177518e+05,1.459015165393e+05,1.212492468767e-03
1.553418249316e-02,1.460012464269e+05,1.460012452347e+05,1.192266558064e-03
1.552356446001e-02,1.461009749174e+05,1.461009737454e+05,1.172060001409e-03
1.551296093238e-02,1.462007032233e+05,1.462007020714e+05,1.151873992058e-03
1.550237188055e-02,1.463004313444e+05,1.463004302127e+05,1.131709170295e-03
1.549179727490e-02,1.464001592809e+05,1.464001581693e+05,1.111565128667e-03
1.548123708589e-02,1.464998870327e+05,1.464998859413e+05,1.091441430617e-03
1.547069128406e-02,1.465996145999e+05,1.465996135285e+05,1.071338803740e-03
1.546015984003e-02,1.466993419824e+05,1.466993409311e+05,1.051256578648e-03
1.544964272449e-02,1.467990691802e+05,1.467990681490e+05,1.031195919495e-03
1.543913990823e-02,1.468987961934e+05,1.468987951822e+05,1.011155865854e-03
1.542865136209e-02,1.469985230219e+05,1.469985220307e+05,9.911366214510e-04
1.541817705703e-02,1.470982496657e+05,1.470982486946e+05,9.711377497297e-04
1.540771696404e-02,1.471979761249e+05,1.471979751738e+05,9.511605312582e-04
1.539727105424e-02,1.472977023995e+05,1.472977014683e+05,9.312047623098e-04
1.538683929878e-02,1.473974284894e+05,1.473974275781e+05,9.112692496274e-04
1.537642166892e-02,1.474971543946e+05,1.474971535032e+05,8.913547790144e-04
1.536601813599e-02,1.475968801152e+05,1.475968792437e+05,8.714613795746e-04
1.535562867140e-02,1.476966056511e+05,1.476966047995e+05,8.515894587617e-04
1.534525324662e-02,1.477963310024e+05,1.477963301706e+05,8.317385509145e-04
1.533489183322e-02,1.478960561690e+05,1.478960553571e+05,8.119092090055e-04
1.532454440283e-02,1.479957811510e+05,1.479957803589e+05,7.921011419967e-04
1.531421092717e-02,1.480955059483e+05,1.480955051760e+05,7.723142625764e-04
1.530389137803e-02,1.481952305610e+05,1.481952298085e+05,7.525487744715e-04
1.529358572727e-02,1.482949549891e+05,1.482949542563e+05,7.328042702284e-04
1.528329394684e-02,1.483946792325e+05,1.483946785194e+05,7.130808662623e-04
1.527301600874e-02,1.484944032913e+05,1.484944025979e+05,6.933799013495e-04
1.526275188508e-02,1.485941271654e+05,1.485941264917e+05,6.736996874679e-04
1.525250154802e-02,1.486938508549e+05,1.486938502009e+05,6.540415051859e-04
1.524226496980e-02,1.487935743598e+05,1.487935737254e+05,6.344046560116e-04
1.523204212274e-02,1.488932976800e+05,1.488932970652e+05,6.147887033876e-04
1.522183297922e-02,1.489930208156e+05,1.489930202204e+05,5.951949860901e-04
1.521163751172e-02,1.490927437666e+05,1.490927431909e+05,5.756231257692e-04
1.520145569277e-02,1.491924665329e+05,1.491924659768e+05,5.560727731790e-04
1.519128749498e-02,1.492921891146e+05,1.492921885780e+05,5.365442484617e-04
1.518113289104e-02,1.493919115117e+05,1.493919109946e+05,5.170372023713e-04
1.517099185371e-02,1.494916337241e+05,1.494916332266e+05,4.975509655196e-04
1.516086435581e-02,1.495913557519e+05,1.495913552739e+05,4.780876042787e-04
1.515075037025e-02,1.496910775951e+05,1.496910771365e+05,4.586461873259e-04
1.514064987000e-02,1.497907992537e+05,1.497907988145e+05,4.392261616886e-04
1.513056282811e-02,1.498905207277e+05,1.498905203078e+05,4.198279348202e-04
1.512048921771e-02,1.499902420170e+05,1.499902416166e+05,4.004519432783e-04
1.511042901198e-02,1.500899631217e+05,1.500899627406e+05,3.810972557403e-04
1.510038218418e-02,1.501896840418e+05,1.501896836801e+05,3.617659967858e-04
1.509034870764e-02,1.502894047773e+05,1.502894044349e+05,3.424556925893e-04
1.508032855578e-02,1.503891253282e+05,1.503891250050e+05,3.231674782000e-04
1.507032170206e-02,1.504888456945e+05,1.504888453906e+05,3.039026050828e-04
1.506032812003e-02,1.505885658761e+05,1.505885655914e+05,2.846576680895e-04
1.505034778330e-02,1.506882858731e+05,1.506882856077e+05,2.654361305758e-04
1.504038066556e-02,1.507880056856e+05,1.507880054393e+05,2.462363627274e-04
1.503042674057e-02,1.508877253134e+05,1.508877250863e+05,2.270601398777e-04
1.502048598214e-02,1.509874447566e+05,1.509874445487e+05,2.079050173052e-04
1.501055836418e-02,1.510871640152e+05,1.510871638264e+05,1.887713733595e-04
1.500064386063e-02,1.511868830892e+05,1.511868829196e+05,1.696609542705e-04
1.499074244554e-02,1.512866019786e+05,1.512866018280e+05,1.505730033386e-04
1.498085409301e-02,1.513863206834e+05,1.513863205519e+05,1.315065310337e-04
1.497097877719e-02,1.514860392036e+05,1.514860390912e+05,1.124635746237e-04
1.496111647233e-02,1.515857575392e+05,1.515857574458e+05,9.344262070954e-05
1.495126715273e-02,1.516854756902e+05,1.516854756158e+05,7.444451330230e-05
1.494143079276e-02,1.517851936566e+05,1.517851936012e+05,5.546808824874e-05
1.493160736686e-02,1.518849114385e+05,1.518849114019e+05,3.651395672932e-05
1.492179684954e-02,1.519846290357e+05,1.519846290181e+05,1.758307917044e-05
1.491199921536e-02,1.520843464483e+05,1.520843464496e+05,-1.326145138592e-06
1.490221443898e-02,1.521840636764e+05,1.521840636966e+05,-2.021179534495e-05
1.489244249508e-02,1.522837807198e+05,1.522837807589e+05,-3.907506470568e-05
1.488268335845e-02,1.523834975787e+05,1.523834976366e+05,-5.791522562504e-05
1.487293700393e-02,1.524832142530e+05,1.524832143297e+05,-7.673326763324e-05
1.486320340641e-02,1.525829307427e+05,1.525829308382e+05,-9.552910341881e-05
1.485348254088e-02,1.526826470478e+05,1.526826471621e+05,-1.143008412328e-04
1.484377438235e-02,1.527823631683e+05,1.527823633013e+05,-1.330513623543e-04
1.483407890594e-02,1.528820791042e+05,1.528820792560e+05,-1.517783966847e-04
1.482439608681e-02,1.529817948556e+05,1.529817950261e+05,-1.704820606392e-04
1.481472590020e-02,1.530815104224e+05,1.530815106116e+05,-1.891633146442e-04
1.480506832138e-02,1.531812258046e+05,1.531812260124e+05,-2.078211691696e-04
1.479542332573e-02,1.532809410022e+05,1.532809412287e+05,-2.264572540298e-04
1.478579088867e-02,1.533806560153e+05,1.533806562604e+05,-2.450690371916e-04
1.477617098569e-02,1.534803708438e+05,1.534803711075e+05,-2.636593126226e-04
1.476656359233e-02,1.535800854877e+05,1.535800857699e+05,-2.822257229127e-04
1.475696868421e-02,1.536797999471e+05,1.536798002478e+05,-3.007691120729e-04
1.474738623701e-02,1.537795142218e+05,1.537795145411e+05,-3.192898584530e-04
1.473781622648e-02,1.538792283121e+05,1.538792286498e+05,-3.377875545993e-04
1.472825862840e-02,1.539789422177e+05,1.539789425740e+05,-3.562611818779e-04
1.471871341866e-02,1.540786559388e+05,1.540786563135e+05,-3.747128648683e-04
1.470918057319e-02,1.541783694753e+05,1.541783698684e+05,-3.931410319638e-04
1.469966006796e-02,1.542780828272e+05,1.542780832388e+05,-4.115451592952e-04
1.469015187904e-02,1.543777959946e+05,1.543777964246e+05,-4.299260035623e-04
1.468065598255e-02,1.544775089775e+05,1.544775094258e+05,-4.482846125029e-04
1.467117235465e-02,1.545772217757e+05,1.545772222424e+05,-4.666198510677e-04
1.466170097159e-02,1.546769343895e+05,1.546769348744e+05,-4.849310789723e-04
1.465224180968e-02,1.547766468186e+05,1.547766473218e+05,-5.032206827309e-04
1.464279484526e-02,1.548763590632e+05,1.548763595847e+05,-5.214852571953e-04
1.463336005477e-02,1.549760711233e+05,1.549760716630e+05,-5.397277709562e-04
1.462393741468e-02,1.550757829988e+05,1.550757835567e+05,-5.579452263191e-04
1.461452690154e-02,1.551754946897e+05,1.551754952659e+05,-5.761403590441e-04
1.460512849196e-02,1.552752061962e+05,1.552752067905e+05,-5.943116848357e-04
1.459574216260e-02,1.553749175180e+05,1.553749181305e+05,-6.124598148745e-04
1.458636789017e-02,1.554746286553e+05,1.554746292859e+05,-6.305843708105e-04
1.457700565148e-02,1.555743396081e+05,1.555743402568e+05,-6.486859056167e-04
1.456765542335e-02,1.556740503763e+05,1.556740510431e+05,-6.667623529211e-04
1.455831718269e-02,1.557737609600e+05,1.557737616448e+05,-6.848165648989e-04
1.454899090647e-02,1.558734713591e+05,1.558734720620e+05,-7.028462714516e-04
1.453967657170e-02,1.559731815737e+05,1.559731822946e+05,-7.208531023934e-04
1.453037415547e-02,1.560728916038e+05,1.560728923426e+05,-7.388358062599e-04
1.452108363491e-02,1.561726014493e+05,1.561726022061e+05,-7.567951688543e-04
1.451180498722e-02,1.562723111103e+05,1.562723118850e+05,-7.747306081001e-04
1.450253818966e-02,1.563720205868e+05,1.563720213794e+05,-7.926416001283e-04
1.449328321953e-02,1.564717298787e+05,1.564717306892e+05,-8.105297165457e-04
1.448404005421e-02,1.565714389861e+05,1.565714398145e+05,-8.283939387184e-04
1.447480867113e-02,1.566711479089e+05,1.566711487552e+05,-8.462350524496e-04
1.446558904777e-02,1.567708566473e+05,1.567708575113e+05,-8.640511950944e-04
1.445638116168e-02,1.568705652011e+05,1.568705660829e+05,-8.818435308058e-04
1.444718499046e-02,1.569702735703e+05,1.569702744700e+05,-8.996129618026e-04
1.443800051176e-02,1.570699817551e+05,1.570699826725e+05,-9.173574217129e-04
1.442882770330e-02,1.571696897553e+05,1.571696906904e+05,-9.350791224279e-04
1.441966654286e-02,1.572693975710e+05,1.572693985238e+05,-9.527762304060e-04
1.441051700825e-02,1.573691052022e+05,1.573691061727e+05,-9.704497060739e-04
1.440137907736e-02,1.574688126489e+05,1.574688136370e+05,-9.880982106552e-04
1.439225272814e-02,1.575685199110e+05,1.575685209168e+05,-1.005723170238e-03
1.438313793857e-02,1.576682269887e+05,1.576682280120e+05,-1.023324584821e-03
1.437403468671e-02,1.577679338818e+05,1.577679349227e+05,-1.040900446242e-03
1.436494295066e-02,1.578676405904e+05,1.578676416488e+05,-1.058454421582e-03
1.435586270860e-02,1.579673471145e+05,1.579673481905e+05,-1.075982465409e-03
1.434679393872e-02,1.580670534541e+05,1.580670545475e+05,-1.093487371691e-03
1.433773661932e-02,1.581667596091e+05,1.581667607201e+05,-1.110968005378e-03
1.432869072871e-02,1.582664655797e+05,1.582664667081e+05,-1.128424773924e-03
1.431965624527e-02,1.583661713657e+05,1.583661725116e+05,-1.145856367657e-03
1.431063314745e-02,1.584658769673e+05,1.584658781305e+05,-1.163264503703e-03
1.430162141373e-02,1.585655823843e+05,1.585655835650e+05,-1.180647028377e-03
1.429262102266e-02,1.586652876169e+05,1.586652888149e+05,-1.198006444611e-03
1.428363195283e-02,1.587649926649e+05,1.587649938802e+05,-1.215341791976e-03
1.427465418290e-02,1.588646975284e+05,1.588646987611e+05,-1.232653157786e-03
1.426568769158e-02,1.589644022075e+05,1.589644034574e+05,-1.249938970432e-03
1.425673245763e-02,1.590641067020e+05,1.590641079692e+05,-1.267201558221e-03
1.424778845985e-02,1.591638110120e+05,1.591638122965e+05,-1.284439145820e-03
1.423885567712e-02,1.592635151376e+05,1.592635164392e+05,-1.301652053371e-03
1.422993408835e-02,1.593632190786e+05,1.593632203975e+05,-1.318840804743e-03
1.422102367251e-02,1.594629228352e+05,1.594629241712e+05,-1.336004439509e-03
1.421212440864e-02,1.595626264073e+05,1.595626277604e+05,-1.353144645691e-03
1.420323627580e-02,1.596623297948e+05,1.596623311651e+05,-1.370259589748e-03
1.419435925312e-02,1.597620329979e+05,1.597620343853e+05,-1.387350785080e-03
1.418549331980e-02,1.598617360165e+05,1.598617374209e+05,-1.404417998856e-03
1.417663845506e-02,1.599614388506e+05,1.599614402721e+05,-1.421458728146e-03
1.416779463818e-02,1.600611415003e+05,1.600611429387e+05,-1.438477047486e-03
1.415896184850e-02,1.601608439654e+05,1.601608454209e+05,-1.455469202483e-03
1.415014006542e-02,1.602605462461e+05,1.602605477185e+05,-1.472436502809e-03
1.414132926837e-02,1.603602483423e+05,1.603602498316e+05,-1.489380927524e-03
1.413252943684e-02,1.604599502540e+05,1.604599517603e+05,-1.506299711764e-03
1.412374055037e-02,1.605596519812e+05,1.605596535044e+05,-1.523193670437e-03
1.411496258856e-02,1.606593535239e+05,1.606593550640e+05,-1.540063007269e-03
1.410619553106e-02,1.607590548822e+05,1.607590564391e+05,-1.556907081977e-03
1.409743935754e-02,1.608587560560e+05,1.608587576297e+05,-1.573727553478e-03
1.408869404777e-02,1.609584570453e+05,1.609584586359e+05,-1.590523082996e-03
1.407995958153e-02,1.610581578502e+05,1.610581594575e+05,-1.607292448170e-03
1.407123593866e-02,1.611578584706e+05,1.611578600946e+05,-1.624038384762e-03
1.406252309907e-02,1.612575589065e+05,1.612575605472e+05,-1.640758739086e-03
1.405382104270e-02,1.613572591579e+05,1.613572608154e+05,-1.657455053646e-03
1.404512974954e-02,1.614569592249e+05,1.614569608990e+05,-1.674125756836e-03
1.403644919963e-02,1.615566591074e+05,1.615566607982e+05,-1.690772303846e-03
1.402777937307e-02,1.616563588055e+05,1.616563605129e+05,-1.707393879769e-03
1.401912025000e-02,1.617560583191e+05,1.617560600431e+05,-1.723990280880e-03
1.401047181061e-02,1.618557576482e+05,1.618557593888e+05,-1.740561361657e-03
1.400183403514e-02,1.619554567929e+05,1.619554585500e+05,-1.757107354933e-03
1.399320690388e-02,1.620551557531e+05,1.620551575267e+05,-1.773629686795e-03
1.398459039717e-02,1.621548545289e+05,1.621548563190e+05,-1.790126145352e-03
1.397598449538e-02,1.622545531202e+05,1.622545549267e+05,-1.806597720133e-03
1.396738917897e-02,1.623542515270e+05,1.623542533500e+05,-1.823043596232e-03
1.395880442840e-02,1.624539497494e+05,1.624539515889e+05,-1.839465403464e-03
1.395023022420e-02,1.625536477873e+05,1.625536496432e+05,-1.855861803051e-03
1.394166654696e-02,1.626533456408e+05,1.626533475131e+05,-1.872233289760e-03
1.393311337730e-02,1.627530433099e+05,1.627530451985e+05,-1.888579252409e-03
1.392457069589e-02,1.628527407945e+05,1.628527426994e+05,-1.904900593217e-03
1.391603848346e-02,1.629524380946e+05,1.629524400158e+05,-1.921195915202e-03
1.390751672076e-02,1.630521352103e+05,1.630521371478e+05,-1.937467226526e-03
1.389900538862e-02,1.631518321416e+05,1.631518340953e+05,-1.953712693648e-03
1.389050446789e-02,1.632515288884e+05,1.632515308584e+05,-1.969933829969e-03
1.388201393949e-02,1.633512254508e+05,1.633512274369e+05,-1.986129267607e-03
1.387353378436e-02,1.634509218287e+05,1.634509238310e+05,-2.002299559535e-03
1.386506398352e-02,1.635506180222e+05,1.635506200407e+05,-2.018443046836e-03
1.385660451800e-02,1.636503140313e+05,1.636503160659e+05,-2.034562290646e-03
1.384815536890e-02,1.637500098559e+05,1.637500119066e+05,-2.050657611107e-03
1.383971651737e-02,1.638497054961e+05,1.638497075629e+05,-2.066725981422e-03
1.383128794458e-02,1.639494009519e+05,1.639494030347e+05,-2.082769584376e-03
1.382286963177e-02,1.640490962232e+05,1.640490983220e+05,-2.098789118463e-03
1.381446156022e-02,1.641487913101e+05,1.641487934249e+05,-2.114780654665e-03
1.380606371125e-02,1.642484862126e+05,1.642484883434e+05,-2.130749257049e-03
1.379767606622e-02,1.643481809307e+05,1.643481830774e+05,-2.146691404050e-03
1.378929860656e-02,1.644478754643e+05,1.644478776269e+05,-2.162607910577e-03
1.378093131371e-02,1.645475698135e+05,1.645475719920e+05,-2.178499387810e-03
1.377257416919e-02,1.646472639783e+05,1.646472661726e+05,-2.194366534241e-03
1.376422715455e-02,1.647469579586e+05,1.647469601688e+05,-2.210205479059e-03
1.375589025136e-02,1.648466517545e+05,1.648466539806e+05,-2.226021140814e-03
1.374756344128e-02,1.649463453660e+05,1.649463476079e+05,-2.241811132990e-03
1.373924670599e-02,1.650460387931e+05,1.650460410507e+05,-2.257575106341e-03
1.373094002721e-02,1.651457320358e+05,1.651457343091e+05,-2.273313264595e-03
1.372264338671e-02,1.652454250941e+05,1.652454273831e+05,-2.289028023370e-03
1.371435676630e-02,1.653451179679e+05,1.653451202726e+05,-2.304715308128e-03
1.370608014786e-02,1.654448106574e+05,1.654448129777e+05,-2.320376544958e-03
1.369781351327e-02,1.655445031624e+05,1.655445054984e+05,-2.336013130844e-03
1.368955684448e-02,1.656441954830e+05,1.656441978346e+05,-2.351624279981e-03
1.368131012349e-02,1.657438876192e+05,1.657438899864e+05,-2.367209148360e-03
1.367307333233e-02,1.658435795710e+05,1.658435819538e+05,-2.382769394899e-03
1.366484645307e-02,1.659432713384e+05,1.659432737367e+05,-2.398303098744e-03
1.365662946783e-02,1.660429629214e+05,1.660429653352e+05,-2.413812326267e-03
1.364842235877e-02,1.661426543200e+05,1.661426567493e+05,-2.429295447655e-03
1.364022510811e-02,1.662423455341e+05,1.662423479789e+05,-2.444752375595e-03
1.363203769808e-02,1.663420365639e+05,1.663420390241e+05,-2.460183663061e-03
1.362386011098e-02,1.664417274093e+05,1.664417298849e+05,-2.475589426467e-03
1.361569232914e-02,1.665414180703e+05,1.665414205613e+05,-2.490969694918e-03
1.360753433493e-02,1.666411085469e+05,1.666411110532e+05,-2.506323886337e-03
1.359938611078e-02,1.667407988391e+05,1.667408013607e+05,-2.521652611904e-03
1.359124763914e-02,1.668404889469e+05,1.668404914838e+05,-2.536955988035e-03
1.358311890251e-02,1.669401788703e+05,1.669401814225e+05,-2.552232122980e-03
1.357499988344e-02,1.670398686093e+05,1.670398711768e+05,-2.567483868916e-03
1.356689056452e-02,1.671395581639e+05,1.671395607466e+05,-2.582709392300e-03
1.355879092836e-02,1.672392475342e+05,1.672392501321e+05,-2.597909100587e-03
1.355070095764e-02,1.673389367200e+05,1.673389393331e+05,-2.613083284814e-03
1.354262063506e-02,1.674386257215e+05,1.674386283497e+05,-2.628230256960e-03
1.353454994339e-02,1.675383145385e+05,1.675383171819e+05,-2.643352578161e-03
1.352648886540e-02,1.676380031712e+05,1.676380058297e+05,-2.658448094735e-03
1.351843738393e-02,1.677376916196e+05,1.677376942931e+05,-2.673519018572e-03
1.351039548186e-02,1.678373798835e+05,1.678373825721e+05,-2.688564331038e-03
1.350236314209e-02,1.679370679630e+05,1.679370706666e+05,-2.703582751565e-03
1.349434034759e-02,1.680367558582e+05,1.680367585768e+05,-2.718575473409e-03
1.348632708135e-02,1.681364435690e+05,1.681364463026e+05,-2.733541914495e-03
1.347832332641e-02,1.682361310954e+05,1.682361338439e+05,-2.748482540483e-03
1.347032906584e-02,1.683358184375e+05,1.683358212009e+05,-2.763397642411e-03
1.346234428275e-02,1.684355055952e+05,1.684355083735e+05,-2.778286754619e-03
1.345436896031e-02,1.685351925685e+05,1.685351953616e+05,-2.793149003992e-03
1.344640308171e-02,1.686348793574e+05,1.686348821654e+05,-2.807986689731e-03
1.343844663018e-02,1.687345659620e+05,1.687345687848e+05,-2.822797192493e-03
1.343049958900e-02,1.688342523822e+05,1.688342552198e+05,-2.837581676431e-03
1.342256194149e-02,1.689339386180e+05,1.689339414704e+05,-2.852340141544e-03
1.341463367100e-02,1.690336246695e+05,1.690336275366e+05,-2.867074275855e-03
1.340671476092e-02,1.691333105366e+05,1.691333134184e+05,-2.881780965254e-03
1.339880519469e-02,1.692329962193e+05,1.692329991158e+05,-2.896460704505e-03
1.339090495578e-02,1.693326817177e+05,1.693326846288e+05,-2.911115705501e-03
1.338301402770e-02,1.694323670318e+05,1.694323699575e+05,-2.925745415268e-03
1.337513239399e-02,1.695320521614e+05,1.695320551018e+05,-2.940347709227e-03
1.336726003826e-02,1.696317371067e+05,1.696317400617e+05,-2.954922965728e-03
1.335939694412e-02,1.697314218677e+05,1.697314248372e+05,-2.969474066049e-03
1.335154309524e-02,1.698311064443e+05,1.698311094283e+05,-2.983997837873e-03
1.334369847532e-02,1.699307908365e+05,1.699307938350e+05,-2.998496347573e-03
1.333586306812e-02,1.700304750444e+05,1.700304780574e+05,-3.012967063114e-03
1.332803685739e-02,1.701301590680e+05,1.701301620954e+05,-3.027412283700e-03
1.332021982698e-02,1.702298429072e+05,1.702298459490e+05,-3.041832213057e-03
1.331241196073e-02,1.703295265620e+05,1.703295296183e+05,-3.056225599721e-03
1.330461324253e-02,1.704292100325e+05,1.704292131031e+05,-3.070591919823e-03
1.329682365632e-02,1.705288933187e+05,1.705288964036e+05,-3.084933094215e-03
1.328904318607e-02,1.706285764205e+05,1.706285795198e+05,-3.099248046055e-03
1.328127181579e-02,1.707282593380e+05,1.707282624515e+05,-3.113535756711e-03
1.327350952951e-02,1.708279420711e+05,1.708279451989e+05,-3.127797768684e-03
1.326575631133e-02,1.709276246199e+05,1.709276277620e+05,-3.142033703625e-03
1.325801214536e-02,1.710273069844e+05,1.710273101406e+05,-3.156243474223e-03
1.325027701575e-02,1.711269891645e+05,1.711269923350e+05,-3.170426993165e-03
1.324255090671e-02,1.712266711603e+05,1.712266743449e+05,-3.184584202245e-03
1.323483380245e-02,1.713263529718e+05,1.713263561705e+05,-3.198714082828e-03
1.322712568725e-02,1.714260345989e+05,1.714260378117e+05,-3.212818817701e-03
1.321942654540e-02,1.715257160417e+05,1.715257192686e+05,-3.226897068089e-03
1.321173636126e-02,1.716253973002e+05,1.716254005411e+05,-3.240948921302e-03
1.320405511919e-02,1.717250783743e+05,1.717250816293e+05,-3.254974843003e-03
1.319638280360e-02,1.718247592641e+05,1.718247625331e+05,-3.268972097430e-03
1.318871939895e-02,1.719244399696e+05,1.719244432525e+05,-3.282946068794e-03
1.318106488973e-02,1.720241204907e+05,1.720241237876e+05,-3.296892769868e-03
1.317341926044e-02,1.721238008276e+05,1.721238041384e+05,-3.310813015560e-03
1.316578249565e-02,1.722234809801e+05,1.722234843048e+05,-3.324705117848e-03
1.315815457995e-02,1.723231609483e+05,1.723231642868e+05,-3.338573209476e-03
1.315053549797e-02,1.724228407321e+05,1.724228440845e+05,-3.352413623361e-03
1.314292523437e-02,1.725225203317e+05,1.725225236979e+05,-3.366228571394e-03
1.313532377386e-02,1.726221997469e+05,1.726222031269e+05,-3.380016394658e-03
1.312773110116e-02,1.727218789778e+05,1.727218823716e+05,-3.393777791644e-03
1.312014720104e-02,1.728215580245e+05,1.728215614320e+05,-3.407512587728e-03
1.311257205831e-02,1.729212368868e+05,1.729212403080e+05,-3.421220986638e-03
1.310500565782e-02,1.730209155647e+05,1.730209189996e+05,-3.434903832385e-03
1.309744798443e-02,1.731205940584e+05,1.731205975070e+05,-3.448559524259e-03
1.308989902305e-02,1.732202723678e+05,1.732202758300e+05,-3.462187829427e-03
1.308235875864e-02,1.733199504928e+05,1.733199539686e+05,-3.475790726952e-03
1.307482717617e-02,1.734196284336e+05,1.734196319230e+05,-3.489368042210e-03
1.306730426064e-02,1.735193061900e+05,1.735193096930e+05,-3.502918058075e-03
1.305978999712e-02,1.736189837622e+05,1.736189872786e+05,-3.516440803651e-03
1.305228437069e-02,1.737186611500e+05,1.737186646800e+05,-3.529937413987e-03
1.304478736646e-02,1.738183383536e+05,1.738183418970e+05,-3.543407627149e-03
1.303729896958e-02,1.739180153728e+05,1.739180189297e+05,-3.556851675967e-03
1.302981916523e-02,1.740176922078e+05,1.740176957780e+05,-3.570268425392e-03
1.302234793865e-02,1.741173688584e+05,1.741173724421e+05,-3.583659214200e-03
1.301488527507e-02,1.742170453248e+05,1.742170489218e+05,-3.597024595365e-03
1.300743115979e-02,1.743167216068e+05,1.743167252172e+05,-3.610361891333e-03
1.299998557813e-02,1.744163977046e+05,1.744164013283e+05,-3.623672906542e-03
1.299254851545e-02,1.745160736181e+05,1.745160772551e+05,-3.636957611889e-03
1.298511995712e-02,1.746157493473e+05,1.746157529975e+05,-3.650214348454e-03
1.297769988857e-02,1.747154248922e+05,1.747154285556e+05,-3.663446201244e-03
1.297028829526e-02,1.748151002528e+05,1.748151039295e+05,-3.676650318084e-03
1.296288516267e-02,1.749147754291e+05,1.749147791190e+05,-3.689829318319e-03
1.295549047633e-02,1.750144504212e+05,1.750144541242e+05,-3.702980757225e-03
1.294810422178e-02,1.751141252289e+05,1.751141289450e+05,-3.716104984051e-03
1.294072638462e-02,1.752137998524e+05,1.752138035816e+05,-3.729202901013e-03
1.293335695046e-02,1.753134742916e+05,1.753134780339e+05,-3.742274886463e-03
1.292599590495e-02,1.754131485465e+05,1.754131523019e+05,-3.755320911296e-03
1.291864323379e-02,1.755128226172e+05,1.755128263855e+05,-3.768338618102e-03
1.291129892268e-02,1.756124965035e+05,1.756125002849e+05,-3.781330393394e-03
1.290396295739e-02,1.757121702056e+05,1.757121739999e+05,-3.794294781983e-03
1.289663532368e-02,1.758118437235e+05,1.758118475307e+05,-3.807233850239e-03
1.288931600738e-02,1.759115170570e+05,1.759115208771e+05,-3.820145357167e-03
1.288200499433e-02,1.760111902063e+05,1.760111940393e+05,-3.833030874375e-03
1.287470227041e-02,1.761108631713e+05,1.761108670172e+05,-3.845887898933e-03
1.286740782153e-02,1.762105359520e+05,1.762105398107e+05,-3.858721174765e-03
1.286012163364e-02,1.763102085485e+05,1.763102124200e+05,-3.871525608702e-03
1.285284369270e-02,1.764098809607e+05,1.764098848450e+05,-3.884303208906e-03
1.284557398473e-02,1.765095531886e+05,1.765095570857e+05,-3.897055692505e-03
1.283831249576e-02,1.766092252323e+05,1.766092291421e+05,-3.909780352842e-03
1.283105921186e-02,1.767088970917e+05,1.767089010142e+05,-3.922478354070e-03
1.282381411914e-02,1.768085687669e+05,1.768085727020e+05,-3.935150802135e-03
1.281657720372e-02,1.769082402578e+05,1.769082442056e+05,-3.947794990381e-03
1.280934845178e-02,1.770079115644e+05,1.770079155248e+05,-3.960413770983e-03
1.280212784949e-02,1.771075826868e+05,1.771075866598e+05,-3.973003884312e-03
1.279491538310e-02,1.772072536249e+05,1.772072576105e+05,-3.985568560893e-03
1.278771103885e-02,1.773069243788e+05,1.773069283769e+05,-3.998106112704e-03
1.278051480304e-02,1.774065949484e+05,1.774065989590e+05,-4.010618256871e-03
1.277332666198e-02,1.775062653338e+05,1.775062693569e+05,-4.023101617349e-03
1.276614660202e-02,1.776059355349e+05,1.776059395705e+05,-4.035559366457e-03
1.275897460955e-02,1.777056055518e+05,1.777056095998e+05,-4.047989728861e-03
1.275181067097e-02,1.778052753844e+05,1.778052794448e+05,-4.060394043336e-03
1.274465477273e-02,1.779049450328e+05,1.779049491056e+05,-4.072771087522e-03
1.273750690129e-02,1.780046144969e+05,1.780046185820e+05,-4.085121821845e-03
1.273036704316e-02,1.781042837768e+05,1.781042878743e+05,-4.097446042579e-03
1.272323518487e-02,1.782039528725e+05,1.782039569822e+05,-4.109744098969e-03
1.271611131299e-02,1.783036217839e+05,1.783036259059e+05,-4.122013458982e-03
1.270899541410e-02,1.784032905110e+05,1.784032946453e+05,-4.134256887482e-03
1.270188747483e-02,1.785029590540e+05,1.785029632005e+05,-4.146473162109e-03
1.269478748183e-02,1.786026274127e+05,1.786026315713e+05,-4.158663010458e-03
1.268769542179e-02,1.787022955871e+05,1.787022997580e+05,-4.170825763140e-03
1.268061128141e-02,1.788019635774e+05,1.788019677603e+05,-4.182962700725e-03
1.267353504743e-02,1.789016313834e+05,1.789016355784e+05,-4.195072222501e-03
1.266646670664e-02,1.790012990051e+05,1.790013032123e+05,-4.207153862808e-03
1.265940624582e-02,1.791009664427e+05,1.791009706619e+05,-4.219210008159e-03
1.265235365181e-02,1.792006336960e+05,1.792006379272e+05,-4.231238272041e-03
1.264530891147e-02,1.793003007651e+05,1.793003050083e+05,-4.243241623044e-03
1.263827201169e-02,1.793999676499e+05,1.793999719051e+05,-4.255216103047e-03
1.263124293938e-02,1.794996343505e+05,1.794996386177e+05,-4.267164564226e-03
1.262422168149e-02,1.795993008670e+05,1.795993051460e+05,-4.279086540919e-03
1.261720822500e-02,1.796989671991e+05,1.796989714901e+05,-4.290980548831e-03
1.261020255691e-02,1.797986333471e+05,1.797986376500e+05,-4.302849032683e-03
1.260320466426e-02,1.798982993109e+05,1.798983036255e+05,-4.314690537285e-03
1.259621453411e-02,1.799979650904e+05,1.799979694169e+05,-4.326504364144e-03
1.258923215355e-02,1.800976306857e+05,1.800976350240e+05,-4.338290804299e-03
1.258225750970e-02,1.801972960968e+05,1.801973004469e+05,-4.350051342044e-03
1.257529058970e-02,1.802969613237e+05,1.802969656855e+05,-4.361785337096e-03
1.256833138074e-02,1.803966263664e+05,1.803966307399e+05,-4.373491654405e-03
1.256137987002e-02,1.804962912248e+05,1.804962956100e+05,-4.385172796901e-03
1.255443604478e-02,1.805959558991e+05,1.805959602959e+05,-4.396825534059e-03
1.254749989227e-02,1.806956203891e+05,1.806956247976e+05,-4.408451874042e-03
1.254057139978e-02,1.807952846950e+05,1.807952891150e+05,-4.420051409397e-03
1.253365055464e-02,1.808949488166e+05,1.808949532482e+05,-4.431623150595e-03
1.252673734418e-02,1.809946127540e+05,1.809946171972e+05,-4.443169571459e-03
1.251983175579e-02,1.810942765073e+05,1.810942809619e+05,-4.454688430997e-03
1.251293377686e-02,1.811939400763e+05,1.811939445425e+05,-4.466179874726e-03
1.250604339482e-02,1.812936034611e+05,1.812936079387e+05,-4.477645183215e-03
1.249916059714e-02,1.813932666617e+05,1.813932711508e+05,-4.489083774388e-03
1.249228537129e-02,1.814929296782e+05,1.814929341787e+05,-4.500495037064e-03
1.248541770478e-02,1.815925925104e+05,1.815925970223e+05,-4.511879727943e-03
1.247855758516e-02,1.816922551584e+05,1.816922596817e+05,-4.523236275418e-03
1.247170500000e-02,1.817919176223e+05,1.817919221568e+05,-4.534567095106e-03
1.246485993688e-02,1.818915799019e+05,1.818915844478e+05,-4.545871168375e-03
1.245802238343e-02,1.819912419974e+05,1.819912465545e+05,-4.557147127343e-03
1.245119232730e-02,1.820909039087e+05,1.820909084770e+05,-4.568397853291e-03
1.244436975616e-02,1.821905656357e+05,1.821905702154e+05,-4.579620406730e-03
1.243755465772e-02,1.822902271786e+05,1.822902317694e+05,-4.590816213749e-03
1.243074701970e-02,1.823898885373e+05,1.823898931393e+05,-4.601986933267e-03
1.242394682987e-02,1.824895497119e+05,1.824895543250e+05,-4.613128810888e-03
1.241715407600e-02,1.825892107022e+05,1.825892153265e+05,-4.624244349543e-03
1.241036874590e-02,1.826888715084e+05,1.826888761437e+05,-4.635332967155e-03
1.240359082742e-02,1.827885321304e+05,1.827885367768e+05,-4.646394751035e-03
1.239682030841e-02,1.828881925682e+05,1.828881972256e+05,-4.657429264626e-03
1.239005717676e-02,1.829878528218e+05,1.829878574902e+05,-4.668437381042e-03
1.238330142039e-02,1.830875128912e+05,1.830875175707e+05,-4.679418168962e-03
1.237655302725e-02,1.831871727765e+05,1.831871774669e+05,-4.690371250035e-03
1.236981198529e-02,1.832868324776e+05,1.832868371789e+05,-4.701299360022e-03
1.236307828253e-02,1.833864919945e+05,1.833864967067e+05,-4.712198628113e-03
1.235635190696e-02,1.834861513273e+05,1.834861560504e+05,-4.723072634079e-03
1.234963284666e-02,1.835858104759e+05,1.835858152098e+05,-4.733919806313e-03
1.234292108967e-02,1.836854694403e+05,1.836854741851e+05,-4.744739300804e-03
1.233621662412e-02,1.837851282206e+05,1.837851329761e+05,-4.755532107083e-03
1.232951943811e-02,1.838847868167e+05,1.838847915830e+05,-4.766298690811e-03
1.232282951980e-02,1.839844452286e+05,1.839844500056e+05,-4.777036752785e-03
1.231614685738e-02,1.840841034563e+05,1.840841082441e+05,-4.787748417584e-03
1.230947143902e-02,1.841837614999e+05,1.841837662984e+05,-4.798434034456e-03
1.230280325298e-02,1.842834193594e+05,1.842834241685e+05,-4.809092817595e-03
1.229614228749e-02,1.843830770347e+05,1.843830818544e+05,-4.819723806577e-03
1.228948853084e-02,1.844827345258e+05,1.844827393561e+05,-4.830328107346e-03
1.228284197134e-02,1.845823918328e+05,1.845823966737e+05,-4.840905632591e-03
1.227620259730e-02,1.846820489556e+05,1.846820538070e+05,-4.851456091274e-03
1.226957039708e-02,1.847817058942e+05,1.847817107562e+05,-4.861980094574e-03
1.226294535907e-02,1.848813626487e+05,1.848813675212e+05,-4.872477002209e-03
1.225632747167e-02,1.849810192191e+05,1.849810241021e+05,-4.882946930593e-03
1.224971672330e-02,1.850806756053e+05,1.850806804987e+05,-4.893389763311e-03
1.224311310243e-02,1.851803318074e+05,1.851803367112e+05,-4.903806635411e-03
1.223651659752e-02,1.852799878253e+05,1.852799927395e+05,-4.914197081234e-03
1.222992719709e-02,1.853796436591e+05,1.853796485836e+05,-4.924558103085e-03
1.222334488967e-02,1.854792993087e+05,1.854793042436e+05,-4.934894503094e-03
1.221676966380e-02,1.855789547742e+05,1.855789597194e+05,-4.945203487296e-03
1.221020150806e-02,1.856786100555e+05,1.856786150110e+05,-4.955484357197e-03
1.220364041107e-02,1.857782651527e+05,1.857782701184e+05,-4.965739703039e-03
1.219708636144e-02,1.858779200658e+05,1.858779250417e+05,-4.975967429345e-03
1.219053934783e-02,1.859775747947e+05,1.859775797809e+05,-4.986168642063e-03
1.218399935891e-02,1.860772293395e+05,1.860772343358e+05,-4.996342177037e-03
1.217746638338e-02,1.861768837001e+05,1.861768887066e+05,-5.006490828237e-03
1.217094040997e-02,1.862765378767e+05,1.862765428933e+05,-5.016611190513e-03
1.216442142742e-02,1.863761918690e+05,1.863761968957e+05,-5.026704107877e-03
1.215790942452e-02,1.864758456773e+05,1.864758507141e+05,-5.036770977313e-03
1.215140439005e-02,1.865754993014e+05,1.865755043482e+05,-5.046810547356e-03
1.214490631283e-02,1.866751527414e+05,1.866751577983e+05,-5.056825029897e-03
1.213841518172e-02,1.867748059973e+05,1.867748110641e+05,-5.066810612334e-03
1.213193098558e-02,1.868744590691e+05,1.868744641458e+05,-5.076770612504e-03
1.212545371329e-02,1.869741119567e+05,1.869741170434e+05,-5.086701828986e-03
1.211898335379e-02,1.870737646602e+05,1.870737697568e+05,-5.096607259475e-03
1.211251989600e-02,1.871734171796e+05,1.871734222860e+05,-5.106486671139e-03
1.210606332889e-02,1.872730695148e+05,1.872730746312e+05,-5.116338346852e-03
1.209961364145e-02,1.873727216660e+05,1.873727267921e+05,-5.126164207468e-03
1.209317082268e-02,1.874723736330e+05,1.874723787689e+05,-5.135961691849e-03
1.208673486163e-02,1.875720254159e+05,1.875720305616e+05,-5.145733914105e-03
1.208030574734e-02,1.876716770147e+05,1.876716821702e+05,-5.155478313100e-03
1.207388346890e-02,1.877713284294e+05,1.877713335946e+05,-5.165195529116e-03
1.206746801541e-02,1.878709796599e+05,1.878709848348e+05,-5.174887308385e-03
1.206105937600e-02,1.879706307064e+05,1.879706358909e+05,-5.184551584534e-03
1.205465753981e-02,1.880702815687e+05,1.880702867629e+05,-5.194188008318e-03
1.204826249602e-02,1.881699322470e+05,1.881699374508e+05,-5.203798209550e-03
1.204187423383e-02,1.882695827411e+05,1.882695879545e+05,-5.213381722569e-03
1.203549274245e-02,1.883692330511e+05,1.883692382741e+05,-5.222938722000e-03
1.202911801112e-02,1.884688831771e+05,1.884688884095e+05,-5.232467781752e-03
1.202275002912e-02,1.885685331189e+05,1.885685383609e+05,-5.241972045042e-03
1.201638878571e-02,1.886681828766e+05,1.886681881281e+05,-5.251446709735e-03
1.201003427023e-02,1.887678324502e+05,1.887678377111e+05,-5.260896461550e-03
1.200368647199e-02,1.888674818398e+05,1.888674871101e+05,-5.270320019918e-03
1.199734538035e-02,1.889671310452e+05,1.889671363249e+05,-5.279714212520e-03
1.199101098469e-02,1.890667800665e+05,1.890667853556e+05,-5.289084248943e-03
1.198468327441e-02,1.891664289037e+05,1.891664342022e+05,-5.298427044181e-03
1.197836223892e-02,1.892660775569e+05,1.892660828646e+05,-5.307743354933e-03
1.197204786769e-02,1.893657260259e+05,1.893657313430e+05,-5.317031260347e-03
1.196574015016e-02,1.894653743109e+05,1.894653796372e+05,-5.326292302925e-03
1.195943907583e-02,1.895650224118e+05,1.895650277473e+05,-5.335527646821e-03
1.195314463421e-02,1.896646703286e+05,1.896646756733e+05,-5.344736593543e-03
1.194685681483e-02,1.897643180612e+05,1.897643234152e+05,-5.353918153560e-03
1.194057560726e-02,1.898639656099e+05,1.898639709729e+05,-5.363073520130e-03
1.193430100105e-02,1.899636129744e+05,1.899636183466e+05,-5.372199986596e-03
1.192803298582e-02,1.900632601548e+05,1.900632655361e+05,-5.381302966271e-03
1.192177155118e-02,1.901629071512e+05,1.901629125416e+05,-5.390376521973e-03
1.191551668678e-02,1.902625539635e+05,1.902625593629e+05,-5.399424931966e-03
1.190926838228e-02,1.903622005917e+05,1.903622060001e+05,-5.408446479123e-03
1.190302662736e-02,1.904618470358e+05,1.904618524532e+05,-5.417440144811e-03
1.189679141173e-02,1.905614932959e+05,1.905614987223e+05,-5.426407704363e-03
1.189056272513e-02,1.906611393718e+05,1.906611448072e+05,-5.435348051833e-03
1.188434055730e-02,1.907607852637e+05,1.907607907080e+05,-5.444263224490e-03
1.187812489801e-02,1.908604309716e+05,1.908604364247e+05,-5.453151185066e-03
1.187191573706e-02,1.909600764953e+05,1.909600819573e+05,-5.462010973133e-03
1.186571306426e-02,1.910597218350e+05,1.910597273059e+05,-5.470844946103e-03
1.185951686945e-02,1.911593669906e+05,1.911593724703e+05,-5.479652638314e-03
1.185332714248e-02,1.912590119622e+05,1.912590174506e+05,-5.488433176652e-03
1.184714387324e-02,1.913586567497e+05,1.913586622469e+05,-5.497187114088e-03
1.184096705162e-02,1.914583013531e+05,1.914583068590e+05,-5.505913431989e-03
1.183479666754e-02,1.915579457725e+05,1.915579512871e+05,-5.514613876585e-03
1.182863271094e-02,1.916575900078e+05,1.916575955311e+05,-5.523288738914e-03
1.182247517179e-02,1.917572340590e+05,1.917572395910e+05,-5.531936069019e-03
1.181632404006e-02,1.918568779262e+05,1.918568834668e+05,-5.540556972846e-03
1.181017930577e-02,1.919565216093e+05,1.919565271585e+05,-5.549150839215e-03
1.180404095894e-02,1.920561651084e+05,1.920561706661e+05,-5.557716911426e-03
1.179790898961e-02,1.921558084234e+05,1.921558139897e+05,-5.566257925238e-03
1.179178338785e-02,1.922554515544e+05,1.922554571292e+05,-5.574771086685e-03
1.178566414375e-02,1.923550945013e+05,1.923551000846e+05,-5.583257938270e-03
1.177955124741e-02,1.924547372642e+05,1.924547428559e+05,-5.591720226221e-03
1.177344468896e-02,1.925543798430e+05,1.925543854432e+05,-5.600153992418e-03
1.176734445855e-02,1.926540222378e+05,1.926540278463e+05,-5.608561914414e-03
1.176125054635e-02,1.927536644485e+05,1.927536700654e+05,-5.616942857159e-03
1.175516294255e-02,1.928533064752e+05,1.928533121005e+05,-5.625295889331e-03
1.174908163735e-02,1.929529483178e+05,1.929529539514e+05,-5.633623077301e-03
1.174300662099e-02,1.930525899764e+05,1.930525956183e+05,-5.641924450174e-03
1.173693788372e-02,1.931522314509e+05,1.931522371011e+05,-5.650199367665e-03
1.173087541581e-02,1.932518727414e+05,1.932518783999e+05,-5.658446985763e-03
1.172481920754e-02,1.933515138479e+05,1.933515195146e+05,-5.666668032063e-03
1.171876924923e-02,1.934511547703e+05,1.934511604452e+05,-5.674863350578e-03
1.171272553120e-02,1.935507955087e+05,1.935508011918e+05,-5.683031369699e-03
1.170668804381e-02,1.936504360631e+05,1.936504417543e+05,-5.691173457308e-03
1.170065677743e-02,1.937500764334e+05,1.937500821327e+05,-5.699287750758e-03
1.169463172245e-02,1.938497166197e+05,1.938497223271e+05,-5.707375588827e-03
1.168861286927e-02,1.939493566220e+05,1.939493623374e+05,-5.715438572224e-03
1.168260020833e-02,1.940489964402e+05,1.940490021637e+05,-5.723473615944e-03
1.167659373008e-02,1.941486360744e+05,1.941486418059e+05,-5.731482815463e-03
1.167059342497e-02,1.942482755246e+05,1.942482812641e+05,-5.739464104408e-03
1.166459928351e-02,1.943479147908e+05,1.943479205382e+05,-5.747419956606e-03
1.165861129620e-02,1.944475538729e+05,1.944475596283e+05,-5.755350226536e-03
1.165262945357e-02,1.945471927710e+05,1.945471985343e+05,-5.763252993347e-03
1.164665374615e-02,1.946468314851e+05,1.946468372562e+05,-5.771129508503e-03
1.164068416453e-02,1.947464700152e+05,1.947464757942e+05,-5.778978869785e-03
1.163472069928e-02,1.948461083612e+05,1.948461141480e+05,-5.786801571958e-03
1.162876334101e-02,1.949457465233e+05,1.949457523179e+05,-5.794599797809e-03
1.162281208035e-02,1.950453845013e+05,1.950453903037e+05,-5.802369822050e-03
1.161686690793e-02,1.951450222953e+05,1.951450281054e+05,-5.810113128973e-03
1.161092781442e-02,1.952446599053e+05,1.952446657231e+05,-5.817830970045e-03
1.160499479050e-02,1.953442973313e+05,1.953443031568e+05,-5.825521511724e-03
1.159906782686e-02,1.954439345732e+05,1.954439404064e+05,-5.833188130055e-03
1.159314691424e-02,1.955435716312e+05,1.955435774720e+05,-5.840824334882e-03
1.158723204337e-02,1.956432085052e+05,1.956432143536e+05,-5.848438304383e-03
1.158132320500e-02,1.957428451951e+05,1.957428510511e+05,-5.856024014065e-03
1.157542038991e-02,1.958424817010e+05,1.958424875646e+05,-5.863580765435e-03
1.156952358889e-02,1.959421180230e+05,1.959421238941e+05,-5.871115426999e-03
1.156363279277e-02,1.960417541609e+05,1.960417600395e+05,-5.878620373551e-03
1.155774799237e-02,1.961413901149e+05,1.961413960010e+05,-5.886101338547e-03
1.155186917854e-02,1.962410258848e+05,1.962410317783e+05,-5.893554043723e-03
1.154599634215e-02,1.963406614707e+05,1.963406673717e+05,-5.900981399463e-03
1.154012947409e-02,1.964402968727e+05,1.964403027810e+05,-5.908381717745e-03
1.153426856526e-02,1.965399320906e+05,1.965399380064e+05,-5.915756366448e-03
1.152841360660e-02,1.966395671246e+05,1.966395730477e+05,-5.923105170950e-03
1.152256458904e-02,1.967392019745e+05,1.967392079049e+05,-5.930427199928e-03
1.151672150355e-02,1.968388366405e+05,1.968388425782e+05,-5.937723122770e-03
1.151088434110e-02,1.969384711225e+05,1.969384770674e+05,-5.944992735749e-03
1.150505309271e-02,1.970381054204e+05,1.970381113727e+05,-5.952234758297e-03
1.149922774937e-02,1.971377395344e+05,1.971377454939e+05,-5.959452159004e-03
1.149340830213e-02,1.972373734645e+05,1.972373794311e+05,-5.966642900603e-03
1.148759474203e-02,1.973370072105e+05,1.973370131843e+05,-5.973806662951e-03
1.148178706016e-02,1.974366407725e+05,1.974366467535e+05,-5.980943737086e-03
1.147598524760e-02,1.975362741506e+05,1.975362801386e+05,-5.988055811031e-03
1.147018929545e-02,1.976359073447e+05,1.976359133398e+05,-5.995141982567e-03
1.146439919485e-02,1.977355403548e+05,1.977355463570e+05,-6.002200563671e-03
1.145861493693e-02,1.978351731809e+05,1.978351791901e+05,-6.009233649820e-03
1.145283651286e-02,1.979348058230e+05,1.979348118393e+05,-6.016240688041e-03
1.144706391381e-02,1.980344382812e+05,1.980344443044e+05,-6.023220310453e-03
1.144129713098e-02,1.981340705554e+05,1.981340765856e+05,-6.030174554326e-03
1.143553615559e-02,1.982337026456e+05,1.982337086827e+05,-6.037103885319e-03
1.142978097886e-02,1.983333345519e+05,1.983333405959e+05,-6.044005131116e-03
1.142403159205e-02,1.984329662741e+05,1.984329723250e+05,-6.050881289411e-03
1.141828798643e-02,1.985325978125e+05,1.985326038702e+05,-6.057730759494e-03
1.141255015327e-02,1.986322291668e+05,1.986322352314e+05,-6.064554821933e-03
1.140681808388e-02,1.987318603372e+05,1.987318664085e+05,-6.071351876017e-03
1.140109176958e-02,1.988314913236e+05,1.988314974017e+05,-6.078123027692e-03
1.139537120171e-02,1.989311221260e+05,1.989311282109e+05,-6.084867229220e-03
1.138965637161e-02,1.990307527445e+05,1.990307588361e+05,-6.091587187257e-03
1.138394727068e-02,1.991303831791e+05,1.991303892773e+05,-6.098278827267e-03
1.137824389028e-02,1.992300134296e+05,1.992300195346e+05,-6.104945146944e-03
1.137254622183e-02,1.993296434962e+05,1.993296496078e+05,-6.111587281339e-03
1.136685425676e-02,1.994292733789e+05,1.994292794971e+05,-6.118201185018e-03
1.136116798649e-02,1.995289030776e+05,1.995289092024e+05,-6.124790757895e-03
1.135548740250e-02,1.996285325923e+05,1.996285387237e+05,-6.131352449302e-03
1.134981249625e-02,1.997281619231e+05,1.997281680610e+05,-6.137888645753e-03
1.134414325924e-02,1.998277910699e+05,1.998277972143e+05,-6.144398415927e-03
1.133847968298e-02,1.999274200328e+05,1.999274261837e+05,-6.150884641102e-03
1.133282175898e-02,2.000270488118e+05,2.000270549691e+05,-6.157342519145e-03
1.132716947880e-02,2.001266774068e+05,2.001266835705e+05,-6.163774029119e-03
1.132152283400e-02,2.002263058178e+05,2.002263119880e+05,-6.170181353809e-03
1.131588181614e-02,2.003259340449e+05,2.003259402215e+05,-6.176561437314e-03
1.131024641683e-02,2.004255620881e+05,2.004255682710e+05,-6.182915589307e-03
1.130461662768e-02,2.005251899473e+05,2.005251961365e+05,-6.189244013513e-03
1.129899244030e-02,2.006248176225e+05,2.006248238181e+05,-6.195547495736e-03
1.129337384635e-02,2.007244451139e+05,2.007244513157e+05,-6.201823591255e-03
1.128776083748e-02,2.008240724213e+05,2.008240786293e+05,-6.208075501490e-03
1.128215340537e-02,2.009236995447e+05,2.009237057590e+05,-6.214299355634e-03
1.127655154171e-02,2.010233264842e+05,2.010233327047e+05,-6.220498471521e-03
1.127095523821e-02,2.011229532398e+05,2.011229594665e+05,-6.226670462638e-03
1.126536448661e-02,2.012225798115e+05,2.012225860443e+05,-6.232818268472e-03
1.125977927863e-02,2.013222061992e+05,2.013222124382e+05,-6.238939589821e-03
1.125419960605e-02,2.014218324030e+05,2.014218386480e+05,-6.245034397580e-03
1.124862546062e-02,2.015214584229e+05,2.015214646740e+05,-6.251103972318e-03
1.124305683416e-02,2.016210842588e+05,2.016210905160e+05,-6.257148197619e-03
1.123749371846e-02,2.017207099108e+05,2.017207161740e+05,-6.263165560085e-03
1.123193610534e-02,2.018203353789e+05,2.018203416481e+05,-6.269158096984e-03
1.122638398665e-02,2.019199606631e+05,2.019199669382e+05,-6.275123450905e-03
1.122083735425e-02,2.020195857633e+05,2.020195920444e+05,-6.281064503128e-03
1.121529620000e-02,2.021192106796e+05,2.021192169666e+05,-6.286979216384e-03
1.120976051579e-02,2.022188354120e+05,2.022188417049e+05,-6.292867357843e-03
1.120423029354e-02,2.023184599605e+05,2.023184662592e+05,-6.298731401330e-03
1.119870552515e-02,2.024180843251e+05,2.024180906296e+05,-6.304568378255e-03
1.119318620256e-02,2.025177085057e+05,2.025177148161e+05,-6.310380442301e-03
1.118767231773e-02,2.026173325025e+05,2.026173388186e+05,-6.316165643511e-03
1.118216386263e-02,2.027169563153e+05,2.027169626372e+05,-6.321927183308e-03
1.117666082923e-02,2.028165799442e+05,2.028165862718e+05,-6.327660492389e-03
1.117116320954e-02,2.029162033892e+05,2.029162097226e+05,-6.333370198263e-03
1.116567099558e-02,2.030158266503e+05,2.030158329893e+05,-6.339052779367e-03
1.116018417936e-02,2.031154497275e+05,2.031154560722e+05,-6.344709952828e-03
1.115470275295e-02,2.032150726207e+05,2.032150789711e+05,-6.350340612698e-03
1.114922670839e-02,2.033146953301e+05,2.033147016861e+05,-6.355948105920e-03
1.114375603778e-02,2.034143178556e+05,2.034143242171e+05,-6.361529551214e-03
1.113829073320e-02,2.035139401972e+05,2.035139465642e+05,-6.367084570229e-03
1.113283078676e-02,2.036135623548e+05,2.036135687274e+05,-6.372613250278e-03
1.112737619059e-02,2.037131843286e+05,2.037131907067e+05,-6.378117454005e-03
1.112192693683e-02,2.038128061185e+05,2.038128125021e+05,-6.383595202351e-03
1.111648301762e-02,2.039124277244e+05,2.039124341135e+05,-6.389047688572e-03
1.111104442515e-02,2.040120491465e+05,2.040120555410e+05,-6.394473777618e-03
1.110561115159e-02,2.041116703847e+05,2.041116767846e+05,-6.399876816431e-03
1.110018318915e-02,2.042112914390e+05,2.042112978442e+05,-6.405250809621e-03
1.109476053004e-02,2.043109123094e+05,2.043109187200e+05,-6.410601548851e-03
1.108934316650e-02,2.044105329959e+05,2.044105394118e+05,-6.415927200578e-03
1.108393109078e-02,2.045101534985e+05,2.045101599197e+05,-6.421226658858e-03
1.107852429512e-02,2.046097738172e+05,2.046097802437e+05,-6.426501524402e-03
1.107312277182e-02,2.047093939521e+05,2.047094003838e+05,-6.431749352487e-03
1.106772651316e-02,2.048090139031e+05,2.048090203400e+05,-6.436971889343e-03
1.106233551145e-02,2.049086336701e+05,2.049086401123e+05,-6.442168523790e-03
1.105694975901e-02,2.050082532533e+05,2.050082597007e+05,-6.447342224419e-03
1.105156924818e-02,2.051078726526e+05,2.051078791051e+05,-6.452488189097e-03
1.104619397130e-02,2.052074918681e+05,2.052074983257e+05,-6.457609328208e-03
1.104082392076e-02,2.053071108996e+05,2.053071173623e+05,-6.462705379818e-03
1.103545908892e-02,2.054067297473e+05,2.054067362151e+05,-6.467775529018e-03
1.103009946819e-02,2.055063484111e+05,2.055063548839e+05,-6.472822104115e-03
1.102474505097e-02,2.056059668911e+05,2.056059733689e+05,-6.477840914158e-03
1.101939582969e-02,2.057055851871e+05,2.057055916700e+05,-6.482836877694e-03
1.101405179680e-02,2.058052032993e+05,2.058052097871e+05,-6.487805163488e-03
1.100871294474e-02,2.059048212276e+05,2.059048277204e+05,-6.492748099845e-03
1.100337926599e-02,2.060044389721e+05,2.060044454697e+05,-6.497667141957e-03
1.099805075303e-02,2.061040565327e+05,2.061040630352e+05,-6.502561649540e-03
1.099272739835e-02,2.062036739094e+05,2.062036804168e+05,-6.507429148769e-03
1.098740919448e-02,2.063032911022e+05,2.063032976145e+05,-6.512271356769e-03
1.098209613395e-02,2.064029081112e+05,2.064029146283e+05,-6.517090310808e-03
1.097678820928e-02,2.065025249363e+05,2.065025314582e+05,-6.521882634843e-03
1.097148541304e-02,2.066021415776e+05,2.066021481043e+05,-6.526648736326e-03
1.096618773781e-02,2.067017580350e+05,2.067017645664e+05,-6.531391321914e-03
1.096089517616e-02,2.068013743086e+05,2.068013808447e+05,-6.536107510328e-03
1.095560772069e-02,2.069009903982e+05,2.069009969390e+05,-6.540800037328e-03
1.095032536403e-02,2.070006063041e+05,2.070006128495e+05,-6.545464653755e-03
1.094504809880e-02,2.071002220261e+05,2.071002285762e+05,-6.550106161740e-03
1.093977591763e-02,2.071998375642e+05,2.071998441189e+05,-6.554722000146e-03
1.093450881319e-02,2.072994529185e+05,2.072994594778e+05,-6.559313740581e-03
1.092924677815e-02,2.073990680889e+05,2.073990746528e+05,-6.563878792804e-03
1.092398980519e-02,2.074986830755e+05,2.074986896439e+05,-6.568420503754e-03
1.091873788702e-02,2.075982978782e+05,2.075983044511e+05,-6.572936603334e-03
1.091349101634e-02,2.076979124971e+05,2.076979190745e+05,-6.577426596778e-03
1.090824918588e-02,2.077975269321e+05,2.077975335140e+05,-6.581891735550e-03
1.090301238838e-02,2.078971411833e+05,2.078971477697e+05,-6.586333824089e-03
1.089778061660e-02,2.079967552507e+05,2.079967618414e+05,-6.590748293092e-03
1.089255386331e-02,2.080963691342e+05,2.080963757293e+05,-6.595137587283e-03
1.088733212128e-02,2.081959828339e+05,2.081959894334e+05,-6.599503249163e-03
1.088211538333e-02,2.082955963497e+05,2.082956029536e+05,-6.603845744394e-03
1.087690364224e-02,2.083952096817e+05,2.083952162899e+05,-6.608160532778e-03
1.087169689086e-02,2.084948228299e+05,2.084948294423e+05,-6.612451223191e-03
1.086649512201e-02,2.085944357942e+05,2.085944424109e+05,-6.616716185817e-03
1.086129832855e-02,2.086940485747e+05,2.086940551957e+05,-6.620958884014e-03
1.085610650335e-02,2.087936611714e+05,2.087936677966e+05,-6.625173147768e-03
1.085091963927e-02,2.088932735842e+05,2.088932802136e+05,-6.629364448600e-03
1.084573772923e-02,2.089928858132e+05,2.089928924468e+05,-6.633530254476e-03
1.084056076611e-02,2.090924978584e+05,2.090925044961e+05,-6.637671554927e-03
1.083538874284e-02,2.091921097198e+05,2.091921163616e+05,-6.641789164860e-03
1.083022165236e-02,2.092917213973e+05,2.092917280432e+05,-6.645880843280e-03
1.082505948761e-02,2.093913328910e+05,2.093913395410e+05,-6.649948045379e-03
1.081990224154e-02,2.094909442009e+05,2.094909508549e+05,-6.653988850303e-03
1.081474990714e-02,2.095905553270e+05,2.095905619850e+05,-6.658005702775e-03
1.080960247739e-02,2.096901662692e+05,2.096901729312e+05,-6.661999388598e-03
1.080445994529e-02,2.097897770276e+05,2.097897836936e+05,-6.665966939181e-03
1.079932230385e-02,2.098893876023e+05,2.098893942722e+05,-6.669910158962e-03
1.079418954610e-02,2.099889979931e+05,2.099890046669e+05,-6.673827243503e-03
1.078906166508e-02,2.100886082000e+05,2.100886148778e+05,-6.677721597953e-03
1.078393865385e-02,2.101882182232e+05,2.101882249048e+05,-6.681589729851e-03
1.077882050546e-02,2.102878280626e+05,2.102878347480e+05,-6.685434433166e-03
1.077370721300e-02,2.103874377181e+05,2.103874444074e+05,-6.689253699733e-03
1.076859876956e-02,2.104870471899e+05,2.104870538829e+05,-6.693049333990e-03
1.076349516825e-02,2.105866564778e+05,2.105866631746e+05,-6.696819793433e-03
1.075839640218e-02,2.106862655819e+05,2.106862722825e+05,-6.700563943014e-03
1.075330246449e-02,2.107858745022e+05,2.107858812065e+05,-6.704285915475e-03
1.074821334832e-02,2.108854832388e+05,2.108854899468e+05,-6.707982480293e-03
1.074312904683e-02,2.109850917915e+05,2.109850985031e+05,-6.711652386002e-03
1.073804955319e-02,2.110847001604e+05,2.110847068757e+05,-6.715301395161e-03
1.073297486059e-02,2.111843083455e+05,2.111843150644e+05,-6.718924327288e-03
1.072790496221e-02,2.112839163468e+05,2.112839230694e+05,-6.722521822667e-03
1.072283985127e-02,2.113835241644e+05,2.113835308905e+05,-6.726095161866e-03
1.071777952100e-02,2.114831317981e+05,2.114831385277e+05,-6.729644344887e-03
1.071272396462e-02,2.115827392480e+05,2.115827459812e+05,-6.733170768712e-03
1.070767317539e-02,2.116823465142e+05,2.116823532508e+05,-6.736669514794e-03
1.070262714656e-02,2.117819535965e+05,2.117819603367e+05,-6.740146665834e-03
1.069758587141e-02,2.118815604951e+05,2.118815672387e+05,-6.743596663000e-03
1.069254934322e-02,2.119811672099e+05,2.119811739569e+05,-6.747025152436e-03
1.068751755529e-02,2.120807737408e+05,2.120807804913e+05,-6.750427506631e-03
1.068249050094e-02,2.121803800880e+05,2.121803868419e+05,-6.753806461347e-03
1.067746817348e-02,2.122799862515e+05,2.122799930086e+05,-6.757159164408e-03
1.067245056626e-02,2.123795922311e+05,2.123795989916e+05,-6.760488817235e-03
1.066743767262e-02,2.124791980269e+05,2.124792047907e+05,-6.763794925064e-03
1.066242948592e-02,2.125788036390e+05,2.125788104061e+05,-6.767075130483e-03
1.065742599953e-02,2.126784090673e+05,2.126784158376e+05,-6.770332925953e-03
1.065242720685e-02,2.127780143118e+05,2.127780210854e+05,-6.773564557079e-03
1.064743310127e-02,2.128776193726e+05,2.128776261493e+05,-6.776772497687e-03
1.064244367619e-02,2.129772242495e+05,2.129772310295e+05,-6.779956485843e-03
1.063745892506e-02,2.130768289427e+05,2.130768357258e+05,-6.783116405131e-03
1.063247884129e-02,2.131764334521e+05,2.131764402384e+05,-6.786251091398e-03
1.062750341834e-02,2.132760377778e+05,2.132760445671e+05,-6.789361534175e-03
1.062253264967e-02,2.133756419196e+05,2.133756487121e+05,-6.792448606575e-03
1.061756652875e-02,2.134752458778e+05,2.134752526733e+05,-6.795510940719e-03
1.061260504907e-02,2.135748496521e+05,2.135748564506e+05,-6.798551097745e-03
1.060764820411e-02,2.136744532427e+05,2.136744600442e+05,-6.801566254580e-03
1.060269598739e-02,2.137740566495e+05,2.137740634540e+05,-6.804555130657e-03
1.059774839244e-02,2.138736598725e+05,2.138736666800e+05,-6.807522295276e-03
1.059280541278e-02,2.139732629118e+05,2.139732697223e+05,-6.810465594754e-03
1.058786704196e-02,2.140728657673e+05,2.140728725807e+05,-6.813383311965e-03
1.058293327353e-02,2.141724684391e+05,2.141724752554e+05,-6.816276145400e-03
1.057800410107e-02,2.142720709271e+05,2.142720777462e+05,-6.819146336056e-03
1.057307951816e-02,2.143716732313e+05,2.143716800533e+05,-6.821993127232e-03
1.056815951838e-02,2.144712753518e+05,2.144712821767e+05,-6.824815907748e-03
1.056324409535e-02,2.145708772886e+05,2.145708841162e+05,-6.827614502981e-03
1.055833324268e-02,2.146704790416e+05,2.146704858720e+05,-6.830387603259e-03
1.055342695400e-02,2.147700806108e+05,2.147700874440e+05,-6.833137100330e-03
1.054852522294e-02,2.148696819963e+05,2.148696888322e+05,-6.835864682216e-03
1.054362804318e-02,2.149692831980e+05,2.149692900366e+05,-6.838566216175e-03
1.053873540835e-02,2.150688842160e+05,2.150688910573e+05,-6.841244292445e-03
1.053384731215e-02,2.151684850503e+05,2.151684918942e+05,-6.843900424428e-03
1.052896374826e-02,2.152680857008e+05,2.152680925473e+05,-6.846529751783e-03
1.052408471038e-02,2.153676861675e+05,2.153676930167e+05,-6.849137658719e-03
1.051921019222e-02,2.154672864506e+05,2.154672933023e+05,-6.851721613202e-03
1.051434018750e-02,2.155668865498e+05,2.155668934041e+05,-6.854280160042e-03
1.050947468996e-02,2.156664864654e+05,2.156664933222e+05,-6.856816384243e-03
1.050461369334e-02,2.157660861972e+05,2.157660930565e+05,-6.859327026177e-03
1.049975719140e-02,2.158656857452e+05,2.158656926071e+05,-6.861816247692e-03
1.049490517791e-02,2.159652851096e+05,2.159652919739e+05,-6.864278897410e-03
1.049005764665e-02,2.160648842902e+05,2.160648911569e+05,-6.866720214020e-03
1.048521459141e-02,2.161644832870e+05,2.161644901562e+05,-6.869137956528e-03
1.048037600600e-02,2.162640821002e+05,2.162640889717e+05,-6.871530320495e-03
1.047554188423e-02,2.163636807296e+05,2.163636876035e+05,-6.873899983475e-03
1.047071221992e-02,2.164632791752e+05,2.164632860515e+05,-6.876246683532e-03
1.046588700691e-02,2.165628774372e+05,2.165628843158e+05,-6.878568994580e-03
1.046106623906e-02,2.166624755154e+05,2.166624823963e+05,-6.880867382279e-03
1.045624991022e-02,2.167620734099e+05,2.167620802930e+05,-6.883141904837e-03
1.045143801427e-02,2.168616711207e+05,2.168616780061e+05,-6.885393755510e-03
1.044663054508e-02,2.169612686477e+05,2.169612755354e+05,-6.887621624628e-03
1.044182749655e-02,2.170608659911e+05,2.170608728809e+05,-6.889826094266e-03
1.043702886259e-02,2.171604631507e+05,2.171604700427e+05,-6.892007077113e-03
1.043223463712e-02,2.172600601266e+05,2.172600670207e+05,-6.894163991092e-03
1.042744481405e-02,2.173596569188e+05,2.173596638151e+05,-6.896298204083e-03
1.042265938733e-02,2.174592535272e+05,2.174592604256e+05,-6.898409279529e-03
1.041787835092e-02,2.175588499520e+05,2.175588568525e+05,-6.900495965965e-03
1.041310169876e-02,2.176584461930e+05,2.176584530956e+05,-6.902560242452e-03
1.040832942484e-02,2.177580422503e+05,2.177580491549e+05,-6.904599227710e-03
1.040356152313e-02,2.178576381240e+05,2.178576450306e+05,-6.906616094057e-03
1.039879798764e-02,2.179572338139e+05,2.179572407225e+05,-6.908609386301e-03
1.039403881236e-02,2.180568293201e+05,2.180568362306e+05,-6.910579541000e-03
1.038928399131e-02,2.181564246426e+05,2.181564315551e+05,-6.912527314853e-03
1.038453351852e-02,2.182560197814e+05,2.182560266958e+05,-6.914450437762e-03
1.037978738803e-02,2.183556147364e+05,2.183556216528e+05,-6.916349899257e-03
1.037504559388e-02,2.184552095078e+05,2.184552164261e+05,-6.918226805283e-03
1.037030813014e-02,2.185548040955e+05,2.185548110156e+05,-6.920080457348e-03
1.036557499087e-02,2.186543984995e+05,2.186544054214e+05,-6.921912223333e-03
1.036084617016e-02,2.187539927198e+05,2.187539996435e+05,-6.923718465259e-03
1.035612166211e-02,2.188535867564e+05,2.188535936819e+05,-6.925502006197e-03
1.035140146080e-02,2.189531806093e+05,2.189531875366e+05,-6.927262671525e-03
1.034668556036e-02,2.190527742785e+05,2.190527812075e+05,-6.928999500815e-03
1.034197395492e-02,2.191523677640e+05,2.191523746947e+05,-6.930715811905e-03
1.033726663860e-02,2.192519610658e+05,2.192519679983e+05,-6.932405725820e-03
1.033256360555e-02,2.193515541840e+05,2.193515611181e+05,-6.934074102901e-03
1.032786484993e-02,2.194511471184e+05,2.194511540541e+05,-6.935719662579e-03
1.032317036591e-02,2.195507398692e+05,2.195507468065e+05,-6.937341589946e-03
1.031848014766e-02,2.196503324363e+05,2.196503393752e+05,-6.938939011889e-03
1.031379418937e-02,2.197499248196e+05,2.197499317602e+05,-6.940515973838e-03
1.030911248525e-02,2.198495170194e+05,2.198495239614e+05,-6.942068837816e-03
1.030443502949e-02,2.199491090354e+05,2.199491159790e+05,-6.943600252271e-03
1.029976181633e-02,2.200487008677e+05,2.200487078128e+05,-6.945106637431e-03
1.029509283998e-02,2.201482925164e+05,2.201482994630e+05,-6.946589710424e-03
1.029042809470e-02,2.202478839814e+05,2.202478909294e+05,-6.948051159270e-03
1.028576757473e-02,2.203474752627e+05,2.203474822122e+05,-6.949488539249e-03
1.028111127433e-02,2.204470663603e+05,2.204470733112e+05,-6.950904004043e-03
1.027645918778e-02,2.205466572743e+05,2.205466642266e+05,-6.952297291718e-03
1.027181130936e-02,2.206462480046e+05,2.206462549582e+05,-6.953666452318e-03
1.026716763336e-02,2.207458385512e+05,2.207458455062e+05,-6.955013290280e-03
1.026252815409e-02,2.208454289141e+05,2.208454358705e+05,-6.956336874282e-03
1.025789286585e-02,2.209450190934e+05,2.209450260511e+05,-6.957637204323e-03
1.025326176298e-02,2.210446090890e+05,2.210446160480e+05,-6.958916696021e-03
1.024863483980e-02,2.211441989010e+05,2.211442058612e+05,-6.960173806874e-03
1.024401209066e-02,2.212437885293e+05,2.212437954907e+05,-6.961403763853e-03
1.023939350992e-02,2.213433779739e+05,2.213433849365e+05,-6.962615821976e-03
1.023477909193e-02,2.214429672349e+05,2.214429741987e+05,-6.963802996324e-03
1.023016883108e-02,2.215425563122e+05,2.215425632771e+05,-6.964966683881e-03
1.022556272175e-02,2.216421452058e+05,2.216421521719e+05,-6.966108019697e-03
1.022096075833e-02,2.217417339158e+05,2.217417408830e+05,-6.967229099246e-03
1.021636293522e-02,2.218413224421e+05,2.218413294105e+05,-6.968324654736e-03
1.021176924685e-02,2.219409107848e+05,2.219409177542e+05,-6.969400012167e-03
1.020717968764e-02,2.220404989438e+05,2.220405059143e+05,-6.970451970119e-03
1.020259425202e-02,2.221400869192e+05,2.221400938907e+05,-6.971478782361e-03
1.019801293444e-02,2.222396747109e+05,2.222396816834e+05,-6.972485745791e-03
1.019343572935e-02,2.223392623190e+05,2.223392692924e+05,-6.973469629884e-03
1.018886263122e-02,2.224388497434e+05,2.224388567178e+05,-6.974430900300e-03
1.018429363453e-02,2.225384369842e+05,2.225384439595e+05,-6.975372059969e-03
1.017972873375e-02,2.226380240413e+05,2.226380310176e+05,-6.976287084399e-03
1.017516792339e-02,2.227376109148e+05,2.227376178920e+05,-6.977181241382e-03
1.017061119794e-02,2.228371976046e+05,2.228372045827e+05,-6.978052784689e-03
1.016605855192e-02,2.229367841108e+05,2.229367910897e+05,-6.978901772527e-03
1.016150997987e-02,2.230363704334e+05,2.230363774131e+05,-6.979728525039e-03
1.015696547630e-02,2.231359565723e+05,2.231359635528e+05,-6.980532372836e-03
1.015242503576e-02,2.232355425276e+05,2.232355495089e+05,-6.981315207668e-03
1.014788865281e-02,2.233351282992e+05,2.233351352813e+05,-6.982075981796e-03
1.014335632202e-02,2.234347138872e+05,2.234347208701e+05,-6.982811610214e-03
1.013882803795e-02,2.235342992916e+05,2.235343062752e+05,-6.983528379351e-03
1.013430379518e-02,2.236338845124e+05,2.236338914966e+05,-6.984221137827e-03
1.012978358831e-02,2.237334695495e+05,2.237334765344e+05,-6.984891573666e-03
1.012526741195e-02,2.238330544030e+05,2.238330613885e+05,-6.985539337620e-03
1.012075526070e-02,2.239326390728e+05,2.239326460590e+05,-6.986166379647e-03
1.011624712918e-02,2.240322235591e+05,2.240322305458e+05,-6.986771739321e-03
1.011174301202e-02,2.241318078617e+05,2.241318148490e+05,-6.987351516727e-03
1.010724290387e-02,2.242313919807e+05,2.242313989686e+05,-6.987913104240e-03
1.010274679938e-02,2.243309759160e+05,2.243309829045e+05,-6.988450302742e-03
1.009825469320e-02,2.244305596678e+05,2.244305666567e+05,-6.988965207711e-03
1.009376658000e-02,2.245301432359e+05,2.245301502253e+05,-6.989459507167e-03
1.008928245446e-02,2.246297266204e+05,2.246297336103e+05,-6.989930145210e-03
1.008480231128e-02,2.247293098213e+05,2.247293168116e+05,-6.990379275521e-03
1.008032614514e-02,2.248288928385e+05,2.248288998293e+05,-6.990807945840e-03
1.007585395075e-02,2.249284756722e+05,2.249284826634e+05,-6.991212809226e-03
1.007138572284e-02,2.250280583222e+05,2.250280653138e+05,-6.991596688749e-03
1.006692145612e-02,2.251276407886e+05,2.251276477806e+05,-6.991957925493e-03
1.006246114533e-02,2.252272230714e+05,2.252272300637e+05,-6.992296228418e-03
1.005800478521e-02,2.253268051707e+05,2.253268121633e+05,-6.992615933996e-03
1.005355237052e-02,2.254263870863e+05,2.254263940792e+05,-6.992911221460e-03
1.004910389602e-02,2.255259688182e+05,2.255259758114e+05,-6.993184710154e-03
1.004465935648e-02,2.256255503666e+05,2.256255573601e+05,-6.993437389610e-03
1.004021874668e-02,2.257251317314e+05,2.257251387251e+05,-6.993667862844e-03
1.003578206142e-02,2.258247129126e+05,2.258247199065e+05,-6.993875082117e-03
1.003134929549e-02,2.259242939102e+05,2.259243009042e+05,-6.994061870500e-03
1.002692044371e-02,2.260238747241e+05,2.260238817184e+05,-6.994226743700e-03
1.002249550088e-02,2.261234553545e+05,2.261234623489e+05,-6.994370080065e-03
1.001807446184e-02,2.262230358013e+05,2.262230427958e+05,-6.994492170634e-03
1.001365732143e-02,2.263226160645e+05,2.263226230591e+05,-6.994589988608e-03
1.000924407448e-02,2.264221961441e+05,2.264222031388e+05,-6.994670111453e-03
1.000483471586e-02,2.265217760401e+05,2.265217830348e+05,-6.994725961704e-03
1.000042924042e-02,2.266213557525e+05,2.266213627472e+05,-6.994760391535e-03
9.996027643046e-03,2.267209352813e+05,2.267209422761e+05,-6.994773342740e-03
9.991629918610e-03,2.268205146265e+05,2.268205216213e+05,-6.994764873525e-03
9.987236062005e-03,2.269200937882e+05,2.269201007829e+05,-6.994734605541e-03
9.982846068132e-03,2.270196727662e+05,2.270196797609e+05,-6.994683441008e-03
9.978459931898e-03,2.271192515607e+05,2.271192585553e+05,-6.994610361289e-03
9.974077648221e-03,2.272188301716e+05,2.272188371661e+05,-6.994516006671e-03
9.969699212028e-03,2.273184085989e+05,2.273184155933e+05,-6.994399445830e-03
9.965324618254e-03,2.274179868426e+05,2.274179938368e+05,-6.994261959335e-03
9.960953861842e-03,2.275175649027e+05,2.275175718968e+05,-6.994103314355e-03
9.956586937747e-03,2.276171427793e+05,2.276171497732e+05,-6.993922375841e-03
9.952223840929e-03,2.277167204723e+05,2.277167274660e+05,-6.993720948230e-03
9.947864566360e-03,2.278162979817e+05,2.278163049752e+05,-6.993497227086e-03
9.943509109019e-03,2.279158753075e+05,2.279158823008e+05,-6.993253511610e-03
9.939157463895e-03,2.280154524498e+05,2.280154594427e+05,-6.992987240665e-03
9.934809625984e-03,2.281150294084e+05,2.281150364011e+05,-6.992699520197e-03
9.930465590293e-03,2.282146061836e+05,2.282146131760e+05,-6.992390990490e-03
9.926125351836e-03,2.283141827751e+05,2.283141897672e+05,-6.992062175414e-03
9.921788905636e-03,2.284137591831e+05,2.284137661748e+05,-6.991710921284e-03
9.917456246725e-03,2.285133354075e+05,2.285133423988e+05,-6.991337955697e-03
9.913127370144e-03,2.286129114483e+05,2.286129184393e+05,-6.990944646532e-03
9.908802270942e-03,2.287124873056e+05,2.287124942962e+05,-6.990530149778e-03
9.904480944178e-03,2.288120629794e+05,2.288120699694e+05,-6.990094960202e-03
9.900163384917e-03,2.289116384695e+05,2.289116454591e+05,-6.989637477091e-03
9.895849588235e-03,2.290112137761e+05,2.290112207653e+05,-6.989159883233e-03
9.891539549216e-03,2.291107888992e+05,2.291107958878e+05,-6.988660519710e-03
9.887233262952e-03,2.292103638386e+05,2.292103708268e+05,-6.988140230533e-03
9.882930724543e-03,2.293099385946e+05,2.293099455822e+05,-6.987598666456e-03
9.878631929100e-03,2.294095131669e+05,2.294095201540e+05,-6.987036613282e-03
9.874336871739e-03,2.295090875558e+05,2.295090945422e+05,-6.986453430727e-03
9.870045547588e-03,2.296086617610e+05,2.296086687469e+05,-6.985849468037e-03
9.865757951781e-03,2.297082357827e+05,2.297082427680e+05,-6.985223793890e-03
9.861474079462e-03,2.298078096209e+05,2.298078166055e+05,-6.984578096308e-03
9.857193925781e-03,2.299073832755e+05,2.299073902594e+05,-6.983910512645e-03
9.852917485900e-03,2.300069567466e+05,2.300069637298e+05,-6.983222585404e-03
9.848644754987e-03,2.301065300341e+05,2.301065370166e+05,-6.982513703406e-03
9.844375728218e-03,2.302061031381e+05,2.302061101199e+05,-6.981784186792e-03
9.840110400780e-03,2.303056760586e+05,2.303056830396e+05,-6.981034181081e-03
9.835848767865e-03,2.304052487955e+05,2.304052557757e+05,-6.980261998251e-03
9.831590824675e-03,2.305048213488e+05,2.305048283283e+05,-6.979470519582e-03
9.827336566421e-03,2.306043937186e+05,2.306044006973e+05,-6.978657707805e-03
9.823085988322e-03,2.307039659049e+05,2.307039728828e+05,-6.977823766647e-03
9.818839085603e-03,2.308035379077e+05,2.308035448847e+05,-6.976969569223e-03
9.814595853500e-03,2.309031097269e+05,2.309031167030e+05,-6.976094067795e-03
9.810356287257e-03,2.310026813626e+05,2.310026883378e+05,-6.975198659347e-03
9.806120382124e-03,2.311022528147e+05,2.311022597890e+05,-6.974282965530e-03
9.801888133362e-03,2.312018240834e+05,2.312018310567e+05,-6.973346200539e-03
9.797659536238e-03,2.313013951684e+05,2.313014021408e+05,-6.972388538998e-03
9.793434586028e-03,2.314009660700e+05,2.314009730414e+05,-6.971409457037e-03
9.789213278017e-03,2.315005367880e+05,2.315005437585e+05,-6.970411428483e-03
9.784995607497e-03,2.316001073226e+05,2.316001142919e+05,-6.969391630264e-03
9.780781569767e-03,2.316996776735e+05,2.316996846419e+05,-6.968352710828e-03
9.776571160138e-03,2.317992478410e+05,2.317992548083e+05,-6.967291818000e-03
9.772364373924e-03,2.318988178250e+05,2.318988247912e+05,-6.966211076360e-03
9.768161206452e-03,2.319983876254e+05,2.319983945905e+05,-6.965110485908e-03
9.763961653052e-03,2.320979572423e+05,2.320979642063e+05,-6.963988736970e-03
9.759765709067e-03,2.321975266757e+05,2.321975336385e+05,-6.962846644456e-03
9.755573369845e-03,2.322970959255e+05,2.322971028872e+05,-6.961684324779e-03
9.751384630743e-03,2.323966649919e+05,2.323966719524e+05,-6.960501254071e-03
9.747199487124e-03,2.324962338747e+05,2.324962408340e+05,-6.959298858419e-03
9.743017934363e-03,2.325958025741e+05,2.325958095322e+05,-6.958075304283e-03
9.738839967839e-03,2.326953710899e+05,2.326953780467e+05,-6.956832075957e-03
9.734665582940e-03,2.327949394222e+05,2.327949463778e+05,-6.955567281693e-03
9.730494775064e-03,2.328945075710e+05,2.328945145253e+05,-6.954283686355e-03
9.726327539615e-03,2.329940755363e+05,2.329940824893e+05,-6.952979456400e-03
9.722163872003e-03,2.330936433181e+05,2.330936502698e+05,-6.951655086596e-03
9.718003767651e-03,2.331932109164e+05,2.331932178667e+05,-6.950310635148e-03
9.713847221985e-03,2.332927783312e+05,2.332927852801e+05,-6.948945636395e-03
9.709694230440e-03,2.333923455625e+05,2.333923525100e+05,-6.947560439585e-03
9.705544788462e-03,2.334919126103e+05,2.334919195564e+05,-6.946155393962e-03
9.701398891499e-03,2.335914794746e+05,2.335914864193e+05,-6.944730004761e-03
9.697256535013e-03,2.336910461554e+05,2.336910530986e+05,-6.943284504814e-03
9.693117714469e-03,2.337906126527e+05,2.337906195945e+05,-6.941819156054e-03
9.688982425341e-03,2.338901789665e+05,2.338901859068e+05,-6.940334424144e-03
9.684850663113e-03,2.339897450968e+05,2.339897520356e+05,-6.938829727005e-03
9.680722423274e-03,2.340893110436e+05,2.340893179809e+05,-6.937304395251e-03
9.676597701321e-03,2.341888768069e+05,2.341888837427e+05,-6.935758894542e-03
9.672476492760e-03,2.342884423868e+05,2.342884493209e+05,-6.934194301721e-03
9.668358793103e-03,2.343880077831e+05,2.343880147157e+05,-6.932608899660e-03
9.664244597872e-03,2.344875729960e+05,2.344875799270e+05,-6.931004492799e-03
9.660133902595e-03,2.345871380253e+05,2.345871449547e+05,-6.929379247595e-03
9.656026702806e-03,2.346867028712e+05,2.346867097990e+05,-6.927735492354e-03
9.651922994050e-03,2.347862675337e+05,2.347862744597e+05,-6.926070549525e-03
9.647822771878e-03,2.348858320126e+05,2.348858389370e+05,-6.924386951141e-03
9.643726031847e-03,2.349853963080e+05,2.349854032307e+05,-6.922683765879e-03
9.639632769525e-03,2.350849604200e+05,2.350849673410e+05,-6.920959393028e-03
9.635542980484e-03,2.351845243485e+05,2.351845312677e+05,-6.919216742972e-03
9.631456660305e-03,2.352840880935e+05,2.352840950110e+05,-6.917453458300e-03
9.627373804578e-03,2.353836516551e+05,2.353836585708e+05,-6.915671227034e-03
9.623294408898e-03,2.354832150332e+05,2.354832219470e+05,-6.913869467098e-03
9.619218468869e-03,2.355827782278e+05,2.355827851398e+05,-6.912047305377e-03
9.615145980102e-03,2.356823412389e+05,2.356823481491e+05,-6.910206226166e-03
9.611076938214e-03,2.357819040666e+05,2.357819109749e+05,-6.908344861586e-03
9.607011338832e-03,2.358814667108e+05,2.358814736172e+05,-6.906464201165e-03
9.602949177590e-03,2.359810291715e+05,2.359810360760e+05,-6.904564594151e-03
9.598890450127e-03,2.360805914487e+05,2.360805983514e+05,-6.902644759975e-03
9.594835152091e-03,2.361801535425e+05,2.361801604433e+05,-6.900706648594e-03
9.590783279139e-03,2.362797154529e+05,2.362797223516e+05,-6.898747815285e-03
9.586734826931e-03,2.363792771798e+05,2.363792840765e+05,-6.896769627929e-03
9.582689791139e-03,2.364788387232e+05,2.364788456180e+05,-6.894772319356e-03
9.578648167440e-03,2.365784000831e+05,2.365784069759e+05,-6.892756529851e-03
9.574609951518e-03,2.366779612596e+05,2.366779681504e+05,-6.890720629599e-03
9.570575139064e-03,2.367775222527e+05,2.367775291414e+05,-6.888665549923e-03
9.566543725779e-03,2.368770830623e+05,2.368770899489e+05,-6.886590941576e-03
9.562515707368e-03,2.369766436884e+05,2.369766505729e+05,-6.884497008286e-03
9.558491079545e-03,2.370762041311e+05,2.370762110135e+05,-6.882383400807e-03
9.554469838031e-03,2.371757643903e+05,2.371757712706e+05,-6.880251283292e-03
9.550451978553e-03,2.372753244661e+05,2.372753313442e+05,-6.878100044560e-03
9.546437496847e-03,2.373748843585e+05,2.373748912344e+05,-6.875929044327e-03
9.542426388655e-03,2.374744440674e+05,2.374744509411e+05,-6.873739534058e-03
9.538418649727e-03,2.375740035928e+05,2.375740104644e+05,-6.871530145872e-03
9.534414275819e-03,2.376735629348e+05,2.376735698041e+05,-6.869301869301e-03
9.530413262694e-03,2.377731220934e+05,2.377731289605e+05,-6.867055577459e-03
9.526415606124e-03,2.378726810685e+05,2.378726879333e+05,-6.864788971143e-03
9.522421301887e-03,2.379722398602e+05,2.379722467227e+05,-6.862504058518e-03
9.518430345767e-03,2.380717984684e+05,2.380718053286e+05,-6.860199820949e-03
9.514442733557e-03,2.381713568933e+05,2.381713637511e+05,-6.857875705464e-03
9.510458461055e-03,2.382709151346e+05,2.382709219902e+05,-6.855533953058e-03
9.506477524069e-03,2.383704731926e+05,2.383704800457e+05,-6.853173166746e-03
9.502499918410e-03,2.384700310671e+05,2.384700379179e+05,-6.850792735349e-03
9.498525639900e-03,2.385695887582e+05,2.385695956065e+05,-6.848393793916e-03
9.494554684365e-03,2.386691462658e+05,2.386691531118e+05,-6.845975585748e-03
9.490587047639e-03,2.387687035900e+05,2.387687104336e+05,-6.843539129477e-03
9.486622725564e-03,2.388682607308e+05,2.388682675719e+05,-6.841083813924e-03
9.482661713987e-03,2.389678176882e+05,2.389678245268e+05,-6.838609755505e-03
9.478704008765e-03,2.390673744621e+05,2.390673812982e+05,-6.836115935585e-03
9.474749605757e-03,2.391669310526e+05,2.391669378862e+05,-6.833603896666e-03
9.470798500834e-03,2.392664874597e+05,2.392664942908e+05,-6.831074162619e-03
9.466850689871e-03,2.393660436834e+05,2.393660505119e+05,-6.828524754383e-03
9.462906168750e-03,2.394655997236e+05,2.394656065496e+05,-6.825957185356e-03
9.458964933361e-03,2.395651555805e+05,2.395651624038e+05,-6.823369854828e-03
9.455026979600e-03,2.396647112539e+05,2.396647180746e+05,-6.820765091106e-03
9.451092303371e-03,2.397642667439e+05,2.397642735620e+05,-6.818141264375e-03
9.447160900582e-03,2.398638220505e+05,2.398638288660e+05,-6.815499509685e-03
9.443232767152e-03,2.399633771736e+05,2.399633839865e+05,-6.812838313635e-03
9.439307899002e-03,2.400629321134e+05,2.400629389236e+05,-6.810158432927e-03
9.435386292065e-03,2.401624868698e+05,2.401624936772e+05,-6.807460769778e-03
9.431467942276e-03,2.402620414427e+05,2.402620482474e+05,-6.804744713008e-03
9.427552845579e-03,2.403615958322e+05,2.403616026342e+05,-6.802008894738e-03
9.423640997925e-03,2.404611500384e+05,2.404611568376e+05,-6.799256574595e-03
9.419732395272e-03,2.405607040611e+05,2.405607108576e+05,-6.796484958613e-03
9.415827033582e-03,2.406602579004e+05,2.406602646941e+05,-6.793694396038e-03
9.411924908827e-03,2.407598115563e+05,2.407598183472e+05,-6.790885614464e-03
9.408026016984e-03,2.408593650289e+05,2.408593718169e+05,-6.788059428800e-03
9.404130354037e-03,2.409589183180e+05,2.409589251032e+05,-6.785213947296e-03
9.400237915977e-03,2.410584714237e+05,2.410584782060e+05,-6.782350479625e-03
9.396348698800e-03,2.411580243460e+05,2.411580311255e+05,-6.779469433241e-03
9.392462698511e-03,2.412575770849e+05,2.412575838615e+05,-6.776569614885e-03
9.388579911120e-03,2.413571296405e+05,2.413571364141e+05,-6.773651257390e-03
9.384700332645e-03,2.414566820126e+05,2.414566887833e+05,-6.770715204766e-03
9.380823959108e-03,2.415562342014e+05,2.415562409691e+05,-6.767760409275e-03
9.376950786540e-03,2.416557862067e+05,2.416557929715e+05,-6.764788675355e-03
9.373080810978e-03,2.417553380287e+05,2.417553447905e+05,-6.761797849322e-03
9.369214028465e-03,2.418548896673e+05,2.418548964261e+05,-6.758788571460e-03
9.365350435052e-03,2.419544411225e+05,2.419544478782e+05,-6.755762500688e-03
9.361490026793e-03,2.420539923943e+05,2.420539991470e+05,-6.752717308700e-03
9.357632799753e-03,2.421535434827e+05,2.421535502324e+05,-6.749654596206e-03
9.353778750000e-03,2.422530943878e+05,2.422531011344e+05,-6.746574013960e-03
9.349927873611e-03,2.423526451094e+05,2.423526518529e+05,-6.743474747054e-03
9.346080166667e-03,2.424521956477e+05,2.424522023881e+05,-6.740358367097e-03
9.342235625257e-03,2.425517460026e+05,2.425517527399e+05,-6.737223797245e-03
9.338394245477e-03,2.426512961742e+05,2.426513029082e+05,-6.734071590472e-03
9.334556023428e-03,2.427508461623e+05,2.427508528932e+05,-6.730901106494e-03
9.330720955218e-03,2.428503959671e+05,2.428504026948e+05,-6.727712869179e-03
9.326889036961e-03,2.429499455885e+05,2.429499523130e+05,-6.724507315084e-03
9.323060264778e-03,2.430494950266e+05,2.430495017479e+05,-6.721283338265e-03
9.319234634797e-03,2.431490442812e+05,2.431490509993e+05,-6.718041666318e-03
9.315412143150e-03,2.432485933525e+05,2.432486000673e+05,-6.714782502968e-03
9.311592785978e-03,2.433481422405e+05,2.433481489520e+05,-6.711505266139e-03
9.307776559426e-03,2.434476909450e+05,2.434476976533e+05,-6.708210421493e-03
9.303963459648e-03,2.435472394662e+05,2.435472461711e+05,-6.704898318276e-03
9.300153482801e-03,2.436467878041e+05,2.436467945057e+05,-6.701569102006e-03
9.296346625051e-03,2.437463359586e+05,2.437463426568e+05,-6.698221142869e-03
9.292542882570e-03,2.438458839297e+05,2.438458906245e+05,-6.694856187096e-03
9.288742251534e-03,2.439454317174e+05,2.439454384089e+05,-6.691473390674e-03
9.284944728128e-03,2.440449793218e+05,2.440449860099e+05,-6.688072986435e-03
9.281150308541e-03,2.441445267429e+05,2.441445334275e+05,-6.684655323625e-03
9.277358988971e-03,2.442440739806e+05,2.442440806618e+05,-6.681219849270e-03
9.273570765619e-03,2.443436210349e+05,2.443436277127e+05,-6.677768076770e-03
9.269785634694e-03,2.444431679059e+05,2.444431745802e+05,-6.674297124846e-03
9.266003592411e-03,2.445427145935e+05,2.445427212643e+05,-6.670810544165e-03
9.262224634992e-03,2.446422610978e+05,2.446422677651e+05,-6.667305686278e-03
9.258448758663e-03,2.447418074187e+05,2.447418140825e+05,-6.663782638498e-03
9.254675959658e-03,2.448413535563e+05,2.448413602166e+05,-6.660243059741e-03
9.250906234216e-03,2.449408995105e+05,2.449409061672e+05,-6.656686367933e-03
9.247139578583e-03,2.450404452814e+05,2.450404519346e+05,-6.653112504864e-03
9.243375989011e-03,2.451399908690e+05,2.451399975185e+05,-6.649521179497e-03
9.239615461758e-03,2.452395362732e+05,2.452395429191e+05,-6.645912886597e-03
9.235857993087e-03,2.453390814941e+05,2.453390881364e+05,-6.642286491115e-03
9.232103579268e-03,2.454386265316e+05,2.454386331702e+05,-6.638643768383e-03
9.228352216579e-03,2.455381713858e+05,2.455381780208e+05,-6.634982826654e-03
9.224603901300e-03,2.456377160566e+05,2.456377226879e+05,-6.631306285271e-03
9.220858629720e-03,2.457372605442e+05,2.457372671718e+05,-6.627611641306e-03
9.217116398133e-03,2.458368048483e+05,2.458368114722e+05,-6.623900582781e-03
9.213377202840e-03,2.459363489692e+05,2.459363555894e+05,-6.620172061957e-03
9.209641040146e-03,2.460358929067e+05,2.460358995231e+05,-6.616426428081e-03
9.205907906364e-03,2.461354366609e+05,2.461354432736e+05,-6.612663710257e-03
9.202177797812e-03,2.462349802318e+05,2.462349868407e+05,-6.608884548768e-03
9.198450710814e-03,2.463345236193e+05,2.463345302244e+05,-6.605088157812e-03
9.194726641700e-03,2.464340668235e+05,2.464340734248e+05,-6.601274828427e-03
9.191005586807e-03,2.465336098444e+05,2.465336164418e+05,-6.597444036743e-03
9.187287542476e-03,2.466331526820e+05,2.466331592756e+05,-6.593597150641e-03
9.183572505055e-03,2.467326953362e+05,2.467327019259e+05,-6.589732627617e-03
9.179860470897e-03,2.468322378071e+05,2.468322443930e+05,-6.585851806449e-03
9.176151436364e-03,2.469317800947e+05,2.469317866767e+05,-6.581955007277e-03
9.172445397819e-03,2.470313221990e+05,2.470313287770e+05,-6.578040338354e-03
9.168742351635e-03,2.471308641200e+05,2.471308706941e+05,-6.574108439963e-03
9.165042294189e-03,2.472304058576e+05,2.472304124278e+05,-6.570160709089e-03
9.161345221864e-03,2.473299474120e+05,2.473299539781e+05,-6.566196447238e-03
9.157651131048e-03,2.474294887830e+05,2.474294953452e+05,-6.562214781297e-03
9.153960018138e-03,2.475290299707e+05,2.475290365289e+05,-6.558217370184e-03
9.150271879533e-03,2.476285709751e+05,2.476285775293e+05,-6.554202787811e-03
9.146586711639e-03,2.477281117962e+05,2.477281183464e+05,-6.550171616254e-03
9.142904510870e-03,2.478276524340e+05,2.478276589801e+05,-6.546124175657e-03
9.139225273642e-03,2.479271928885e+05,2.479271994305e+05,-6.542060058564e-03
9.135548996380e-03,2.480267331596e+05,2.480267396976e+05,-6.537978828419e-03
9.131875675513e-03,2.481262732475e+05,2.481262797814e+05,-6.533882144140e-03
9.128205307476e-03,2.482258131521e+05,2.482258196818e+05,-6.529768317705e-03
9.124537888710e-03,2.483253528733e+05,2.483253593990e+05,-6.525638193125e-03
9.120873415663e-03,2.484248924113e+05,2.484248989328e+05,-6.521491799504e-03
9.117211884785e-03,2.485244317660e+05,2.485244382833e+05,-6.517329107737e-03
9.113553292536e-03,2.486239709374e+05,2.486239774505e+05,-6.513149710372e-03
9.109897635379e-03,2.487235099254e+05,2.487235164344e+05,-6.508954626042e-03
9.106244909783e-03,2.488230487302e+05,2.488230552350e+05,-6.504742515972e-03
9.102595112224e-03,2.489225873517e+05,2.489225938522e+05,-6.500513583887e-03
9.098948239183e-03,2.490221257899e+05,2.490221322862e+05,-6.496269459603e-03
9.095304287145e-03,2.491216640449e+05,2.491216705369e+05,-6.492009153590e-03
9.091663252602e-03,2.492212021165e+05,2.492212086042e+05,-6.487732200185e-03
9.088025132053e-03,2.493207400048e+05,2.493207464883e+05,-6.483438919531e-03
9.084389922000e-03,2.494202777099e+05,2.494202841890e+05,-6.479129777290e-03
9.080757618952e-03,2.495198152316e+05,2.495198217065e+05,-6.474805006292e-03
9.077128219424e-03,2.496193525701e+05,2.496193590406e+05,-6.470463151345e-03
9.073501719936e-03,2.497188897253e+05,2.497188961914e+05,-6.466105260188e-03
9.069878117013e-03,2.498184266973e+05,2.498184331590e+05,-6.461732118623e-03
9.066257407186e-03,2.499179634859e+05,2.499179699432e+05,-6.457342649810e-03
9.062639586991e-03,2.500175000913e+05,2.500175065442e+05,-6.452937639551e-03
9.059024652972e-03,2.501170365134e+05,2.501170429619e+05,-6.448516011005e-03
9.055412601675e-03,2.502165727522e+05,2.502165791963e+05,-6.444078549976e-03
9.051803429653e-03,2.503161088077e+05,2.503161152473e+05,-6.439624208724e-03
9.048197133466e-03,2.504156446800e+05,2.504156511151e+05,-6.435155897634e-03
9.044593709677e-03,2.505151803690e+05,2.505151867997e+05,-6.430670357076e-03
9.040993154857e-03,2.506147158747e+05,2.506147223009e+05,-6.426169304177e-03
9.037395465579e-03,2.507142511972e+05,2.507142576188e+05,-6.421652127756e-03
9.033800638425e-03,2.508137863364e+05,2.508137927535e+05,-6.417120050173e-03
9.030208669980e-03,2.509133212923e+05,2.509133277049e+05,-6.412571470719e-03
9.026619556836e-03,2.510128560650e+05,2.510128624730e+05,-6.408007757273e-03
9.023033295590e-03,2.511123906544e+05,2.511123970578e+05,-6.403427309124e-03
9.019449882844e-03,2.512119250605e+05,2.512119314593e+05,-6.398832716513e-03
9.015869315204e-03,2.513114592834e+05,2.513114656776e+05,-6.394220574293e-03
9.012291589286e-03,2.514109933230e+05,2.514109997126e+05,-6.389594200300e-03
9.008716701706e-03,2.515105271794e+05,2.515105335643e+05,-6.384952313965e-03
9.005144649088e-03,2.516100608525e+05,2.516100672328e+05,-6.380293663824e-03
9.001575428062e-03,2.517095943423e+05,2.517096007179e+05,-6.375620287145e-03
8.998009035261e-03,2.518091276489e+05,2.518091340198e+05,-6.370931660058e-03
8.994445467327e-03,2.519086607723e+05,2.519086671385e+05,-6.366227287799e-03
8.990884720903e-03,2.520081937124e+05,2.520082000739e+05,-6.361507461406e-03
8.987326792639e-03,2.521077264692e+05,2.521077328260e+05,-6.356771482388e-03
8.983771679193e-03,2.522072590428e+05,2.522072653948e+05,-6.352020544000e-03
8.980219377224e-03,2.523067914331e+05,2.523067977804e+05,-6.347254355205e-03
8.976669883399e-03,2.524063236402e+05,2.524063299827e+05,-6.342472217511e-03
8.973123194390e-03,2.525058556641e+05,2.525058620018e+05,-6.337675353279e-03
8.969579306872e-03,2.526053875047e+05,2.526053938376e+05,-6.332863122225e-03
8.966038217529e-03,2.527049191621e+05,2.527049254901e+05,-6.328036106424e-03
8.962499923047e-03,2.528044506362e+05,2.528044569594e+05,-6.323193287244e-03
8.958964420118e-03,2.529039819271e+05,2.529039882455e+05,-6.318334548268e-03
8.955431705442e-03,2.530035130348e+05,2.530035193482e+05,-6.313461664831e-03
8.951901775719e-03,2.531030439592e+05,2.531030502678e+05,-6.308572541457e-03
8.948374627660e-03,2.532025747004e+05,2.532025810040e+05,-6.303669186309e-03
8.944850257976e-03,2.533021052583e+05,2.533021115571e+05,-6.298749998678e-03
8.941328663386e-03,2.534016356330e+05,2.534016419269e+05,-6.293816375546e-03
8.937809840614e-03,2.535011658245e+05,2.535011721134e+05,-6.288867967669e-03
8.934293786389e-03,2.536006958328e+05,2.536007021167e+05,-6.283903785516e-03
8.930780497444e-03,2.537002256578e+05,2.537002319368e+05,-6.278924294747e-03
8.927269970519e-03,2.537997552996e+05,2.537997615736e+05,-6.273930659518e-03
8.923762202358e-03,2.538992847582e+05,2.538992910271e+05,-6.268921802985e-03
8.920257189709e-03,2.539988140336e+05,2.539988202975e+05,-6.263897375902e-03
8.916754929329e-03,2.540983431257e+05,2.540983493846e+05,-6.258858426008e-03
8.913255417975e-03,2.541978720346e+05,2.541978782884e+05,-6.253804749576e-03
8.909758652413e-03,2.542974007603e+05,2.542974070090e+05,-6.248736055568e-03
8.906264629412e-03,2.543969293028e+05,2.543969355464e+05,-6.243652751436e-03
8.902773345747e-03,2.544964576620e+05,2.544964639006e+05,-6.238553818548e-03
8.899284798197e-03,2.545959858381e+05,2.545959920715e+05,-6.233440857613e-03
8.895798983549e-03,2.546955138309e+05,2.546955200592e+05,-6.228313402971e-03
8.892315898590e-03,2.547950416405e+05,2.547950478637e+05,-6.223170523299e-03
8.888835540117e-03,2.548945692669e+05,2.548945754849e+05,-6.218012451427e-03
8.885357904930e-03,2.549940967101e+05,2.549941029229e+05,-6.212841428351e-03
8.881882989832e-03,2.550936239700e+05,2.550936301777e+05,-6.207654689206e-03
8.878410791634e-03,2.551931510468e+05,2.551931572493e+05,-6.202453136211e-03
8.874941307151e-03,2.552926779404e+05,2.552926841376e+05,-6.197237235028e-03
8.871474533203e-03,2.553922046507e+05,2.553922108427e+05,-6.192006345373e-03
8.868010466615e-03,2.554917311779e+05,2.554917373646e+05,-6.186761456775e-03
8.864549104215e-03,2.555912575218e+05,2.555912637033e+05,-6.181502045365e-03
8.861090442840e-03,2.556907836826e+05,2.556907898588e+05,-6.176227994729e-03
8.857634479329e-03,2.557903096601e+05,2.557903158310e+05,-6.170939101139e-03
8.854181210526e-03,2.558898354545e+05,2.558898416201e+05,-6.165636033984e-03
8.850730633281e-03,2.559893610656e+05,2.559893672259e+05,-6.160318764159e-03
8.847282744449e-03,2.560888864936e+05,2.560888926485e+05,-6.154987117043e-03
8.843837540888e-03,2.561884117383e+05,2.561884178880e+05,-6.149641150841e-03
8.840395019463e-03,2.562879367999e+05,2.562879429442e+05,-6.144280254375e-03
8.836955177043e-03,2.563874616783e+05,2.563874678172e+05,-6.138905097032e-03
8.833518010502e-03,2.564869863734e+05,2.564869925069e+05,-6.133515824331e-03
8.830083516719e-03,2.565865108854e+05,2.565865170135e+05,-6.128112552688e-03
8.826651692577e-03,2.566860352142e+05,2.566860413369e+05,-6.122695136582e-03
8.823222534965e-03,2.567855593598e+05,2.567855654771e+05,-6.117263779743e-03
8.819796040777e-03,2.568850833223e+05,2.568850894341e+05,-6.111817463534e-03
8.816372206910e-03,2.569846071015e+05,2.569846132079e+05,-6.106356857345e-03
8.812951030268e-03,2.570841306976e+05,2.570841367985e+05,-6.100882630562e-03
8.809532507758e-03,2.571836541105e+05,2.571836602059e+05,-6.095394637669e-03
8.806116636293e-03,2.572831773402e+05,2.572831834301e+05,-6.089892296586e-03
8.802703412791e-03,2.573827003867e+05,2.573827064711e+05,-6.084375199862e-03
8.799292834173e-03,2.574822232500e+05,2.574822293289e+05,-6.078844802687e-03
8.795884897366e-03,2.575817459302e+05,2.575817520035e+05,-6.073300261050e-03
8.792479599303e-03,2.576812684272e+05,2.576812744950e+05,-6.067742011510e-03
8.789076936920e-03,2.577807907410e+05,2.577807968032e+05,-6.062169180950e-03
8.785676907157e-03,2.578803128717e+05,2.578803189283e+05,-6.056583311874e-03
8.782279506961e-03,2.579798348192e+05,2.579798408702e+05,-6.050982803572e-03
8.778884733282e-03,2.580793565835e+05,2.580793626288e+05,-6.045369227650e-03
8.775492583076e-03,2.581788781646e+05,2.581788842044e+05,-6.039740546839e-03
8.772103053302e-03,2.582783995626e+05,2.582784055967e+05,-6.034099322278e-03
8.768716140927e-03,2.583779207774e+05,2.583779268059e+05,-6.028443778632e-03
8.765331842918e-03,2.584774418091e+05,2.584774478318e+05,-6.022774497978e-03
8.761950156250e-03,2.585769626575e+05,2.585769686746e+05,-6.017090723617e-03
8.758571077902e-03,2.586764833229e+05,2.586764893343e+05,-6.011395045789e-03
8.755194604857e-03,2.587760038050e+05,2.587760098107e+05,-6.005684379488e-03
8.751820734104e-03,2.588755241040e+05,2.588755301040e+05,-5.999960209010e-03
8.748449462635e-03,2.589750442199e+05,2.589750502141e+05,-5.994222476147e-03
8.745080787447e-03,2.590745641526e+05,2.590745701410e+05,-5.988470889861e-03
8.741714705543e-03,2.591740839021e+05,2.591740898848e+05,-5.982706905343e-03
8.738351213928e-03,2.592736034685e+05,2.592736094454e+05,-5.976928019663e-03
8.734990309615e-03,2.593731228517e+05,2.593731288228e+05,-5.971136735752e-03
8.731631989619e-03,2.594726420518e+05,2.594726480171e+05,-5.965330841718e-03
8.728276250961e-03,2.595721610687e+05,2.595721670282e+05,-5.959511472611e-03
8.724923090665e-03,2.596716799025e+05,2.596716858562e+05,-5.953679501545e-03
8.721572505760e-03,2.597711985531e+05,2.597712045010e+05,-5.947834491963e-03
8.718224493282e-03,2.598707170206e+05,2.598707229626e+05,-5.941974784946e-03
8.714879050269e-03,2.599702353050e+05,2.599702412411e+05,-5.936102737905e-03
8.711536173763e-03,2.600697534062e+05,2.600697593364e+05,-5.930216691922e-03
8.708195860813e-03,2.601692713242e+05,2.601692772485e+05,-5.924317869358e-03
8.704858108471e-03,2.602687890591e+05,2.602687949776e+05,-5.918405659031e-03
8.701522913793e-03,2.603683066109e+05,2.603683125234e+05,-5.912479769904e-03
8.698190273841e-03,2.604678239796e+05,2.604678298861e+05,-5.906541162403e-03
8.694860185681e-03,2.605673411651e+05,2.605673470657e+05,-5.900589429075e-03
8.691532646383e-03,2.606668581675e+05,2.606668640621e+05,-5.894623784116e-03
8.688207653022e-03,2.607663749867e+05,2.607663808753e+05,-5.888645915547e-03
8.684885202677e-03,2.608658916228e+05,2.608658975055e+05,-5.882654892048e-03
8.681565292431e-03,2.609654080758e+05,2.609654139524e+05,-5.876649956917e-03
8.678247919373e-03,2.610649243456e+05,2.610649302163e+05,-5.870632681763e-03
8.674933080596e-03,2.611644404324e+05,2.611644462970e+05,-5.864602630027e-03
8.671620773196e-03,2.612639563360e+05,2.612639621945e+05,-5.858558870386e-03
8.668310994275e-03,2.613634720564e+05,2.613634779089e+05,-5.852502479684e-03
8.665003740939e-03,2.614629875938e+05,2.614629934402e+05,-5.846432672115e-03
8.661699010297e-03,2.615625029480e+05,2.615625087883e+05,-5.840349942446e-03
8.658396799466e-03,2.616620181191e+05,2.616620239533e+05,-5.834255163791e-03
8.655097105564e-03,2.617615331071e+05,2.617615389352e+05,-5.828146648128e-03
8.651799925714e-03,2.618610479119e+05,2.618610537340e+05,-5.822025414091e-03
8.648505257045e-03,2.619605625337e+05,2.619605683496e+05,-5.815892538521e-03
8.645213096688e-03,2.620600769723e+05,2.620600827821e+05,-5.809745489387e-03
8.641923441781e-03,2.621595912278e+05,2.621595970314e+05,-5.803586391266e-03
8.638636289464e-03,2.622591053002e+05,2.622591110976e+05,-5.797414225526e-03
8.635351636882e-03,2.623586191895e+05,2.623586249807e+05,-5.791229312308e-03
8.632069481186e-03,2.624581328957e+05,2.624581386807e+05,-5.785031185951e-03
8.628789819529e-03,2.625576464188e+05,2.625576521976e+05,-5.778821301647e-03
8.625512649069e-03,2.626571597587e+05,2.626571655313e+05,-5.772598728072e-03
8.622237966970e-03,2.627566729156e+05,2.627566786820e+05,-5.766362766735e-03
8.618965770398e-03,2.628561858893e+05,2.628561916495e+05,-5.760115454905e-03
8.615696056525e-03,2.629556986800e+05,2.629557044338e+05,-5.753854347859e-03
8.612428822526e-03,2.630552112875e+05,2.630552170351e+05,-5.747582239565e-03
8.609164065580e-03,2.631547237120e+05,2.631547294533e+05,-5.741296685301e-03
8.605901782872e-03,2.632542359533e+05,2.632542416883e+05,-5.734998325352e-03
8.602641971591e-03,2.633537480116e+05,2.633537537402e+05,-5.728688265663e-03
8.599384628928e-03,2.634532598867e+05,2.634532656091e+05,-5.722364410758e-03
8.596129752082e-03,2.635527715788e+05,2.635527772948e+05,-5.716029379983e-03
8.592877338252e-03,2.636522830877e+05,2.636522887974e+05,-5.709682824090e-03
8.589627384644e-03,2.637517944136e+05,2.637518001169e+05,-5.703322123736e-03
8.586379888469e-03,2.638513055563e+05,2.638513112533e+05,-5.696950596757e-03
8.583134846939e-03,2.639508165160e+05,2.639508222066e+05,-5.690565332770e-03
8.579892257272e-03,2.640503272926e+05,2.640503329768e+05,-5.684169474989e-03
8.576652116692e-03,2.641498378861e+05,2.641498435639e+05,-5.677759530954e-03
8.573414422424e-03,2.642493482965e+05,2.642493539679e+05,-5.671339051332e-03
8.570179171698e-03,2.643488585239e+05,2.643488641888e+05,-5.664905940648e-03
8.566946361750e-03,2.644483685681e+05,2.644483742266e+05,-5.658460024279e-03
8.563715989819e-03,2.645478784293e+05,2.645478840813e+05,-5.652002408169e-03
8.560488053147e-03,2.646473881074e+05,2.646473937529e+05,-5.645532626659e-03
8.557262548983e-03,2.647468976024e+05,2.647469032414e+05,-5.639050796162e-03
8.554039474576e-03,2.648464069143e+05,2.648464125469e+05,-5.632556625642e-03
8.550818827184e-03,2.649459160432e+05,2.649459216692e+05,-5.626051395666e-03
8.547600604065e-03,2.650454249889e+05,2.650454306085e+05,-5.619534233119e-03
8.544384802483e-03,2.651449337516e+05,2.651449393646e+05,-5.613003508188e-03
8.541171419707e-03,2.652444423313e+05,2.652444479377e+05,-5.606461723801e-03
8.537960453008e-03,2.653439507278e+05,2.653439563277e+05,-5.599908472504e-03
8.534751899662e-03,2.654434589413e+05,2.654434645346e+05,-5.593342822976e-03
8.531545756950e-03,2.655429669717e+05,2.655429725585e+05,-5.586766172200e-03
8.528342022155e-03,2.656424748191e+05,2.656424803992e+05,-5.580176890362e-03
8.525140692568e-03,2.657419824833e+05,2.657419880569e+05,-5.573576374445e-03
8.521941765478e-03,2.658414899646e+05,2.658414955315e+05,-5.566963111050e-03
8.518745238185e-03,2.659409972627e+05,2.659410028230e+05,-5.560338846408e-03
8.515551107986e-03,2.660405043778e+05,2.660405099315e+05,-5.553703114856e-03
8.512359372189e-03,2.661400113098e+05,2.661400168569e+05,-5.547055334318e-03
8.509170028100e-03,2.662395180588e+05,2.662395235992e+05,-5.540395970456e-03
8.505983073034e-03,2.663390246247e+05,2.663390301584e+05,-5.533724441193e-03
8.502798504305e-03,2.664385310075e+05,2.664385365346e+05,-5.527041736059e-03
8.499616319237e-03,2.665380372073e+05,2.665380427277e+05,-5.520347156562e-03
8.496436515152e-03,2.666375432241e+05,2.666375487377e+05,-5.513642099686e-03
8.493259089379e-03,2.667370490578e+05,2.667370545647e+05,-5.506923946086e-03
8.490084039252e-03,2.668365547084e+05,2.668365602086e+05,-5.500195897184e-03
8.486911362108e-03,2.669360601760e+05,2.669360656695e+05,-5.493454984389e-03
8.483741055286e-03,2.670355654605e+05,2.670355709472e+05,-5.486703477800e-03
8.480573116131e-03,2.671350705620e+05,2.671350760420e+05,-5.479939864017e-03
8.477407541993e-03,2.672345754805e+05,2.672345809536e+05,-5.473165540025e-03
8.474244330224e-03,2.673340802159e+05,2.673340856823e+05,-5.466379632708e-03
8.471083478180e-03,2.674335847682e+05,2.674335902278e+05,-5.459582956973e-03
8.467924983221e-03,2.675330891375e+05,2.675330945903e+05,-5.452774174046e-03
8.464768842713e-03,2.676325933238e+05,2.676325987698e+05,-5.445954331663e-03
8.461615054024e-03,2.677320973270e+05,2.677321027662e+05,-5.439123779070e-03
8.458463614525e-03,2.678316011472e+05,2.678316065795e+05,-5.432281177491e-03
8.455314521593e-03,2.679311047844e+05,2.679311102098e+05,-5.425427516457e-03
8.452167772609e-03,2.680306082385e+05,2.680306136571e+05,-5.418563378043e-03
8.449023364955e-03,2.681301115096e+05,2.681301169213e+05,-5.411687016021e-03
8.445881296021e-03,2.682296145977e+05,2.682296200025e+05,-5.404799827375e-03
8.442741563197e-03,2.683291175027e+05,2.683291229006e+05,-5.397902394179e-03
8.439604163880e-03,2.684286202247e+05,2.684286256157e+05,-5.390992853791e-03
8.436469095468e-03,2.685281227636e+05,2.685281281477e+05,-5.384072719608e-03
8.433336355366e-03,2.686276251196e+05,2.686276304967e+05,-5.377141700592e-03
8.430205940980e-03,2.687271272925e+05,2.687271326627e+05,-5.370199563913e-03
8.427077849722e-03,2.688266292824e+05,2.688266346456e+05,-5.363246076740e-03
8.423952079006e-03,2.689261310892e+05,2.689261364455e+05,-5.356282461435e-03
8.420828626251e-03,2.690256327131e+05,2.690256380624e+05,-5.349307379220e-03
8.417707488881e-03,2.691251341539e+05,2.691251394962e+05,-5.342321528587e-03
8.414588664320e-03,2.692246354117e+05,2.692246407470e+05,-5.335325084161e-03
8.411472150000e-03,2.693241364865e+05,2.693241418148e+05,-5.328317638487e-03
8.408357943354e-03,2.694236373782e+05,2.694236426995e+05,-5.321299599018e-03
8.405246041821e-03,2.695231380870e+05,2.695231434012e+05,-5.314270907547e-03
8.402136442841e-03,2.696226386127e+05,2.696226439199e+05,-5.307230108883e-03
8.399029143861e-03,2.697221389554e+05,2.697221442556e+05,-5.300180171616e-03
8.395924142329e-03,2.698216391151e+05,2.698216444082e+05,-5.293119291309e-03
8.392821435698e-03,2.699211390918e+05,2.699211443779e+05,-5.286046827678e-03
8.389721021426e-03,2.700206388855e+05,2.700206441645e+05,-5.278964934405e-03
8.386622896972e-03,2.701201384962e+05,2.701201437681e+05,-5.271871574223e-03
8.383527059801e-03,2.702196379239e+05,2.702196431886e+05,-5.264768493362e-03
8.380433507380e-03,2.703191371685e+05,2.703191424262e+05,-5.257653887384e-03
8.377342237182e-03,2.704186362302e+05,2.704186414807e+05,-5.250529095065e-03
8.374253246681e-03,2.705181351089e+05,2.705181403523e+05,-5.243394523859e-03
8.371166533358e-03,2.706176338045e+05,2.706176390408e+05,-5.236248602159e-03
8.368082094694e-03,2.707171323172e+05,2.707171375463e+05,-5.229092843365e-03
8.364999928177e-03,2.708166306469e+05,2.708166358688e+05,-5.221925559454e-03
8.361920031296e-03,2.709161287935e+05,2.709161340083e+05,-5.214748729486e-03
8.358842401546e-03,2.710156267572e+05,2.710156319648e+05,-5.207562004216e-03
8.355767036424e-03,2.711151245379e+05,2.711151297382e+05,-5.200363637414e-03
8.352693933431e-03,2.712146221356e+05,2.712146273287e+05,-5.193156190217e-03
8.349623090074e-03,2.713141195503e+05,2.713141247362e+05,-5.185937916394e-03
8.346554503859e-03,2.714136167820e+05,2.714136219607e+05,-5.178709339816e-03
8.343488172300e-03,2.715131138307e+05,2.715131190021e+05,-5.171471275389e-03
8.340424092912e-03,2.716126106964e+05,2.716126158606e+05,-5.164221802261e-03
8.337362263216e-03,2.717121073791e+05,2.717121125361e+05,-5.156962724868e-03
8.334302680734e-03,2.718116038789e+05,2.718116090286e+05,-5.149693985004e-03
8.331245342993e-03,2.719111001957e+05,2.719111053381e+05,-5.142414127477e-03
8.328190247525e-03,2.720105963295e+05,2.720106014646e+05,-5.135125480592e-03
8.325137391862e-03,2.721100922803e+05,2.721100974081e+05,-5.127825599629e-03
8.322086773543e-03,2.722095880481e+05,2.722095931686e+05,-5.120516405441e-03
8.319038390110e-03,2.723090836330e+05,2.723090887461e+05,-5.113196733873e-03
8.315992239107e-03,2.724085790348e+05,2.724085841407e+05,-5.105867574457e-03
8.312948318082e-03,2.725080742537e+05,2.725080793523e+05,-5.098527646624e-03
8.309906624588e-03,2.726075692897e+05,2.726075743808e+05,-5.091178871226e-03
8.306867156181e-03,2.727070641426e+05,2.727070692264e+05,-5.083819094580e-03
8.303829910420e-03,2.728065588126e+05,2.728065638890e+05,-5.076450412162e-03
8.300794884868e-03,2.729060532996e+05,2.729060583687e+05,-5.069071368780e-03
8.297762077092e-03,2.730055476036e+05,2.730055526653e+05,-5.061681615189e-03
8.294731484660e-03,2.731050417247e+05,2.731050467790e+05,-5.054284061771e-03
8.291703105148e-03,2.732045356628e+05,2.732045407097e+05,-5.046875157859e-03
8.288676936131e-03,2.733040294180e+05,2.733040344574e+05,-5.039456591476e-03
8.285652975192e-03,2.734035229901e+05,2.734035280222e+05,-5.032029235736e-03
8.282631219912e-03,2.735030163794e+05,2.735030214040e+05,-5.024591227993e-03
8.279611667882e-03,2.736025095856e+05,2.736025146028e+05,-5.017144430894e-03
8.276594316691e-03,2.737020026089e+05,2.737020076186e+05,-5.009687680285e-03
8.273579163934e-03,2.738014954493e+05,2.738015004515e+05,-5.002221325412e-03
8.270566207210e-03,2.739009881066e+05,2.739009931014e+05,-4.994745191652e-03
8.267555444121e-03,2.740004805811e+05,2.740004855683e+05,-4.987259395421e-03
8.264546872271e-03,2.740999728725e+05,2.740999778523e+05,-4.979763994925e-03
8.261540489269e-03,2.741994649811e+05,2.741994699533e+05,-4.972259455826e-03
8.258536292727e-03,2.742989569066e+05,2.742989618714e+05,-4.964745719917e-03
8.255534280262e-03,2.743984486493e+05,2.743984536065e+05,-4.957222670782e-03
8.252534449491e-03,2.744979402089e+05,2.744979451586e+05,-4.949689144269e-03
8.249536798038e-03,2.745974315856e+05,2.745974365278e+05,-4.942147352267e-03
8.246541323529e-03,2.746969227794e+05,2.746969277140e+05,-4.934595664963e-03
8.243548023593e-03,2.747964137903e+05,2.747964187173e+05,-4.927034256980e-03
8.240556895864e-03,2.748959046181e+05,2.748959095376e+05,-4.919463710394e-03
8.237567937976e-03,2.749953952631e+05,2.749954001750e+05,-4.911884141620e-03
8.234581147571e-03,2.750948857251e+05,2.750948906294e+05,-4.904295550659e-03
8.231596522291e-03,2.751943760042e+05,2.751943809009e+05,-4.896697471850e-03
8.228614059783e-03,2.752938661003e+05,2.752938709894e+05,-4.889089788776e-03
8.225633757696e-03,2.753933560135e+05,2.753933608950e+05,-4.881473374553e-03
8.222655613686e-03,2.754928457437e+05,2.754928506176e+05,-4.873847705312e-03
8.219679625407e-03,2.755923352911e+05,2.755923401573e+05,-4.866213712376e-03
8.216705790521e-03,2.756918246555e+05,2.756918295140e+05,-4.858569940552e-03
8.213734106691e-03,2.757913138369e+05,2.757913186878e+05,-4.850916448049e-03
8.210764571584e-03,2.758908028354e+05,2.758908076787e+05,-4.843254457228e-03
8.207797182870e-03,2.759902916510e+05,2.759902964866e+05,-4.835583386011e-03
8.204831938223e-03,2.760897802837e+05,2.760897851116e+05,-4.827904165722e-03
8.201868835320e-03,2.761892687335e+05,2.761892735537e+05,-4.820214700885e-03
8.198907871841e-03,2.762887570003e+05,2.762887618128e+05,-4.812517028768e-03
8.195949045471e-03,2.763882450842e+05,2.763882498890e+05,-4.804809694178e-03
8.192992353896e-03,2.764877329852e+05,2.764877377823e+05,-4.797094850801e-03
8.190037794807e-03,2.765872207032e+05,2.765872254926e+05,-4.789370170329e-03
8.187085365898e-03,2.766867082384e+05,2.766867130200e+05,-4.781636642292e-03
8.184135064865e-03,2.767861955906e+05,2.767862003645e+05,-4.773894324899e-03
8.181186889409e-03,2.768856827599e+05,2.768856875260e+05,-4.766143392771e-03
8.178240837234e-03,2.769851697463e+05,2.769851745046e+05,-4.758384777233e-03
8.175296906048e-03,2.770846565497e+05,2.770846613003e+05,-4.750615800731e-03
8.172355093559e-03,2.771841431703e+05,2.771841479131e+05,-4.742839199025e-03
8.169415397482e-03,2.772836296079e+05,2.772836343430e+05,-4.735053342301e-03
8.166477815534e-03,2.773831158627e+05,2.773831205899e+05,-4.727258812636e-03
8.163542345435e-03,2.774826019345e+05,2.774826066540e+05,-4.719455027953e-03
8.160608984908e-03,2.775820878234e+05,2.775820925351e+05,-4.711643676274e-03
8.157677731681e-03,2.776815735295e+05,2.776815782333e+05,-4.703823651653e-03
8.154748583483e-03,2.777810590526e+05,2.777810637486e+05,-4.695995536167e-03
8.151821538047e-03,2.778805443928e+05,2.778805490809e+05,-4.688158514909e-03
8.148896593111e-03,2.779800295501e+05,2.779800342304e+05,-4.680312238634e-03
8.145973746413e-03,2.780795145245e+05,2.780795191969e+05,-4.672458802816e-03
8.143052995697e-03,2.781789993160e+05,2.781790039806e+05,-4.664595820941e-03
8.140134338710e-03,2.782784839246e+05,2.782784885813e+05,-4.656725272071e-03
8.137217773200e-03,2.783779683503e+05,2.783779729992e+05,-4.648846166674e-03
8.134303296920e-03,2.784774525931e+05,2.784774572341e+05,-4.640958271921e-03
8.131390907626e-03,2.785769366531e+05,2.785769412861e+05,-4.633062169887e-03
8.128480603078e-03,2.786764205301e+05,2.786764251552e+05,-4.625158326235e-03
8.125572381038e-03,2.787759042242e+05,2.787759088415e+05,-4.617245576810e-03
8.122666239270e-03,2.788753877355e+05,2.788753923448e+05,-4.609325027559e-03
8.119762175545e-03,2.789748710638e+05,2.789748756652e+05,-4.601395979989e-03
8.116860187634e-03,2.790743542093e+05,2.790743588028e+05,-4.593459249008e-03
8.113960273312e-03,2.791738371719e+05,2.791738417574e+05,-4.585513321217e-03
8.111062430357e-03,2.792733199516e+05,2.792733245292e+05,-4.577560059261e-03
8.108166656551e-03,2.793728025484e+05,2.793728071180e+05,-4.569599172100e-03
8.105272949679e-03,2.794722849624e+05,2.794722895240e+05,-4.561629553791e-03
8.102381307528e-03,2.795717671934e+05,2.795717717471e+05,-4.553651204333e-03
8.099491727889e-03,2.796712492416e+05,2.796712537873e+05,-4.545665928163e-03
8.096604208556e-03,2.797707311069e+05,2.797707356446e+05,-4.537672502920e-03
8.093718747327e-03,2.798702127893e+05,2.798702173190e+05,-4.529670579359e-03
8.090835342002e-03,2.799696942889e+05,2.799696988105e+05,-4.521660797764e-03
8.087953990385e-03,2.800691756056e+05,2.800691801192e+05,-4.513643390965e-03
8.085074690281e-03,2.801686567394e+05,2.801686612450e+05,-4.505618126132e-03
8.082197439502e-03,2.802681376903e+05,2.802681421879e+05,-4.497585119680e-03
8.079322235859e-03,2.803676184584e+05,2.803676229479e+05,-4.489544604439e-03
8.076449077169e-03,2.804670990436e+05,2.804671035250e+05,-4.481495474465e-03
8.073577961251e-03,2.805665794459e+05,2.805665839193e+05,-4.473438602872e-03
8.070708885927e-03,2.806660596653e+05,2.806660641307e+05,-4.465374164283e-03
8.067841849023e-03,2.807655397019e+05,2.807655441592e+05,-4.457302275114e-03
8.064976848366e-03,2.808650195557e+05,2.808650240049e+05,-4.449221654795e-03
8.062113881789e-03,2.809644992265e+05,2.809645036677e+05,-4.441134573426e-03
8.059252947126e-03,2.810639787145e+05,2.810639831476e+05,-4.433039575815e-03
8.056394042214e-03,2.811634580197e+05,2.811634624446e+05,-4.424936661962e-03
8.053537164894e-03,2.812629371420e+05,2.812629415588e+05,-4.416826355737e-03
8.050682313010e-03,2.813624160814e+05,2.813624204901e+05,-4.408708191477e-03
8.047829484408e-03,2.814618948380e+05,2.814618992386e+05,-4.400582285598e-03
8.044978676939e-03,2.815613734117e+05,2.815613778042e+05,-4.392450151499e-03
8.042129888456e-03,2.816608518026e+05,2.816608561869e+05,-4.384308820590e-03
8.039283116814e-03,2.817603300106e+05,2.817603343868e+05,-4.376161145046e-03
8.036438359873e-03,2.818598080358e+05,2.818598124038e+05,-4.368005378637e-03
8.033595615493e-03,2.819592858781e+05,2.819592902380e+05,-4.359842801932e-03
8.030754881542e-03,2.820587635376e+05,2.820587678893e+05,-4.351672658231e-03
8.027916155885e-03,2.821582410143e+05,2.821582453578e+05,-4.343495122157e-03
8.025079436396e-03,2.822577183081e+05,2.822577226434e+05,-4.335310077295e-03
8.022244720947e-03,2.823571954190e+05,2.823571997461e+05,-4.327117814682e-03
8.019412007415e-03,2.824566723471e+05,2.824566766660e+05,-4.318918450736e-03
8.016581293682e-03,2.825561490924e+05,2.825561534031e+05,-4.310712218285e-03
8.013752577629e-03,2.826556256548e+05,2.826556299573e+05,-4.302498069592e-03
8.010925857143e-03,2.827551020344e+05,2.827551063287e+05,-4.294276644941e-03
8.008101130113e-03,2.828545782311e+05,2.828545825172e+05,-4.286049050279e-03
8.005278394431e-03,2.829540542451e+05,2.829540585229e+05,-4.277812840883e-03
8.002457647992e-03,2.830535300761e+05,2.830535343457e+05,-4.269570228644e-03
7.999638888693e-03,2.831530057244e+05,2.831530099857e+05,-4.261320980731e-03
7.996822114437e-03,2.832524811898e+05,2.832524854429e+05,-4.253063583747e-03
7.994007323126e-03,2.833519564724e+05,2.833519607172e+05,-4.244800482411e-03
7.991194512667e-03,2.834514315722e+05,2.834514358087e+05,-4.236529173795e-03
7.988383680971e-03,2.835509064891e+05,2.835509107173e+05,-4.228251695167e-03
7.985574825949e-03,2.836503812232e+05,2.836503854432e+05,-4.219966649543e-03
7.982767945518e-03,2.837498557745e+05,2.837498599862e+05,-4.211675142869e-03
7.979963037597e-03,2.838493301429e+05,2.838493343463e+05,-4.203376593068e-03
7.977160100105e-03,2.839488043286e+05,2.839488085237e+05,-4.195071116555e-03
7.974359130969e-03,2.840482783314e+05,2.840482825182e+05,-4.186758946162e-03
7.971560128115e-03,2.841477521514e+05,2.841477563298e+05,-4.178439965472e-03
7.968763089474e-03,2.842472257886e+05,2.842472299587e+05,-4.170113883447e-03
7.965968012978e-03,2.843466992430e+05,2.843467034047e+05,-4.161780467257e-03
7.963174896564e-03,2.844461725145e+05,2.844461766679e+05,-4.153441579547e-03
7.960383738170e-03,2.845456456032e+05,2.845456497483e+05,-4.145094833802e-03
7.957594535739e-03,2.846451185092e+05,2.846451226459e+05,-4.136742558330e-03
7.954807287215e-03,2.847445912323e+05,2.847445953607e+05,-4.128382424824e-03
7.952021990546e-03,2.848440637726e+05,2.848440678926e+05,-4.120015946683e-03
7.949238643682e-03,2.849435361301e+05,2.849435402417e+05,-4.111643938813e-03
7.946457244577e-03,2.850430083048e+05,2.850430124080e+05,-4.103263840079e-03
7.943677791186e-03,2.851424802967e+05,2.851424843915e+05,-4.094877978787e-03
7.940900281469e-03,2.852419521057e+05,2.852419561922e+05,-4.086486238521e-03
7.938124713387e-03,2.853414237320e+05,2.853414278101e+05,-4.078086814843e-03
7.935351084906e-03,2.854408951755e+05,2.854408992452e+05,-4.069681628607e-03
7.932579393992e-03,2.855403664362e+05,2.855403704974e+05,-4.061269399244e-03
7.929809638617e-03,2.856398375140e+05,2.856398415669e+05,-4.052851174492e-03
7.927041816754e-03,2.857393084091e+05,2.857393124535e+05,-4.044425731990e-03
7.924275926378e-03,2.858387791214e+05,2.858387831574e+05,-4.035994701553e-03
7.921511965469e-03,2.859382496509e+05,2.859382536784e+05,-4.027557559311e-03
7.918749932008e-03,2.860377199976e+05,2.860377240167e+05,-4.019113315735e-03
7.915989823980e-03,2.861371901615e+05,2.861371941721e+05,-4.010663717054e-03
7.913231639373e-03,2.862366601426e+05,2.862366641448e+05,-4.002206842415e-03
7.910475376176e-03,2.863361299409e+05,2.863361339347e+05,-3.993744088802e-03
7.907721032382e-03,2.864355995564e+05,2.864356035417e+05,-3.985275165178e-03
7.904968605987e-03,2.865350689892e+05,2.865350729660e+05,-3.976799838711e-03
7.902218094990e-03,2.866345382392e+05,2.866345422075e+05,-3.968318807893e-03
7.899469497391e-03,2.867340073063e+05,2.867340112662e+05,-3.959831607062e-03
7.896722811196e-03,2.868334761907e+05,2.868334801421e+05,-3.951338410843e-03
7.893978034411e-03,2.869329448923e+05,2.869329488352e+05,-3.942838520743e-03
7.891235165045e-03,2.870324134112e+05,2.870324173455e+05,-3.934332169592e-03
7.888494201111e-03,2.871318817472e+05,2.871318856730e+05,-3.925820405129e-03
7.885755140625e-03,2.872313499005e+05,2.872313538178e+05,-3.917302470654e-03
7.883017981604e-03,2.873308178710e+05,2.873308217798e+05,-3.908778831828e-03
7.880282722068e-03,2.874302856587e+05,2.874302895590e+05,-3.900249139406e-03
7.877549360042e-03,2.875297532637e+05,2.875297571554e+05,-3.891713393386e-03
7.874817893551e-03,2.876292206858e+05,2.876292245690e+05,-3.883172292262e-03
7.872088320624e-03,2.877286879253e+05,2.877286917999e+05,-3.874624264427e-03
7.869360639293e-03,2.878281549819e+05,2.878281588480e+05,-3.866071230732e-03
7.866634847593e-03,2.879276218558e+05,2.879276257133e+05,-3.857512027025e-03
7.863910943560e-03,2.880270885469e+05,2.880270923958e+05,-3.848947293591e-03
7.861188925234e-03,2.881265550552e+05,2.881265588956e+05,-3.840376622975e-03
7.858468790657e-03,2.882260213808e+05,2.882260252126e+05,-3.831800597254e-03
7.855750537876e-03,2.883254875236e+05,2.883254913468e+05,-3.823218052275e-03
7.853034164938e-03,2.884249534836e+05,2.884249572983e+05,-3.814630501438e-03
7.850319669893e-03,2.885244192609e+05,2.885244230670e+05,-3.806036431342e-03
7.847607050795e-03,2.886238848555e+05,2.886238886529e+05,-3.797437238973e-03
7.844896305699e-03,2.887233502672e+05,2.887233540561e+05,-3.788832516875e-03
7.842187432666e-03,2.888228154962e+05,2.888228192765e+05,-3.780222148634e-03
7.839480429755e-03,2.889222805425e+05,2.889222843141e+05,-3.771605843212e-03
7.836775295031e-03,2.890217454060e+05,2.890217491690e+05,-3.762985172216e-03
7.834072026561e-03,2.891212100868e+05,2.891212138411e+05,-3.754357516300e-03
7.831370622414e-03,2.892206745848e+05,2.892206783305e+05,-3.745724738110e-03
7.828671080662e-03,2.893201389000e+05,2.893201426371e+05,-3.737086895853e-03
7.825973399380e-03,2.894196030325e+05,2.894196067610e+05,-3.728443640284e-03
7.823277576645e-03,2.895190669823e+05,2.895190707021e+05,-3.719794331118e-03
7.820583610537e-03,2.896185307493e+05,2.896185344605e+05,-3.711140248924e-03
7.817891499139e-03,2.897179943336e+05,2.897179980361e+05,-3.702480637003e-03
7.815201240537e-03,2.898174577351e+05,2.898174614289e+05,-3.693815902807e-03
7.812512832817e-03,2.899169209539e+05,2.899169246391e+05,-3.685145347845e-03
7.809826274072e-03,2.900163839900e+05,2.900163876664e+05,-3.676469495986e-03
7.807141562393e-03,2.901158468433e+05,2.901158505111e+05,-3.667789103929e-03
7.804458695876e-03,2.902153095138e+05,2.902153131729e+05,-3.659103531390e-03
7.801777672621e-03,2.903147720017e+05,2.903147756521e+05,-3.650412138086e-03
7.799098490728e-03,2.904142343068e+05,2.904142379485e+05,-3.641715622507e-03
7.796421148301e-03,2.905136964291e+05,2.905137000622e+05,-3.633013518993e-03
7.793745643445e-03,2.906131583688e+05,2.906131619931e+05,-3.624307515565e-03
7.791071974271e-03,2.907126201257e+05,2.907126237413e+05,-3.615595400333e-03
7.788400138889e-03,2.908120816999e+05,2.908120853067e+05,-3.606877929997e-03
7.785730135413e-03,2.909115430913e+05,2.909115466895e+05,-3.598156734370e-03
7.783061961960e-03,2.910110043000e+05,2.910110078895e+05,-3.589429194108e-03
7.780395616650e-03,2.911104653260e+05,2.911104689067e+05,-3.580697637517e-03
7.777731097603e-03,2.912099261693e+05,2.912099297413e+05,-3.571960143745e-03
7.775068402944e-03,2.913093868298e+05,2.913093903931e+05,-3.563218982890e-03
7.772407530801e-03,2.914088473077e+05,2.914088508621e+05,-3.554471710231e-03
7.769748479302e-03,2.915083076028e+05,2.915083111485e+05,-3.545720304828e-03
7.767091246580e-03,2.916077677152e+05,2.916077712521e+05,-3.536963427905e-03
7.764435830769e-03,2.917072276448e+05,2.917072311730e+05,-3.528201661538e-03
7.761782230007e-03,2.918066873918e+05,2.918066909112e+05,-3.519436053466e-03
7.759130442433e-03,2.919061469560e+05,2.919061504667e+05,-3.510664741043e-03
7.756480466189e-03,2.920056063376e+05,2.920056098395e+05,-3.501888539176e-03
7.753832299420e-03,2.921050655364e+05,2.921050690295e+05,-3.493108262774e-03
7.751185940273e-03,2.922045245525e+05,2.922045280368e+05,-3.484322980512e-03
7.748541386899e-03,2.923039833859e+05,2.923039868614e+05,-3.475532750599e-03
7.745898637449e-03,2.924034420366e+05,2.924034455033e+05,-3.466738795396e-03
7.743257690078e-03,2.925029005045e+05,2.925029039625e+05,-3.457939485088e-03
7.740618542945e-03,2.926023587898e+05,2.926023622390e+05,-3.449135692790e-03
7.737981194208e-03,2.927018168924e+05,2.927018203327e+05,-3.440327185672e-03
7.735345642030e-03,2.928012748123e+05,2.928012782438e+05,-3.431513265241e-03
7.732711884576e-03,2.929007325494e+05,2.929007359721e+05,-3.422695561312e-03
7.730079920014e-03,2.930001901039e+05,2.930001935178e+05,-3.413873724639e-03
7.727449746512e-03,2.930996474757e+05,2.930996508807e+05,-3.405047522392e-03
7.724821362245e-03,2.931991046647e+05,2.931991080610e+05,-3.396215615794e-03
7.722194765386e-03,2.932985616711e+05,2.932985650585e+05,-3.387380682398e-03
7.719569954113e-03,2.933980184948e+05,2.933980218733e+05,-3.378540393896e-03
7.716946926605e-03,2.934974751358e+05,2.934974785055e+05,-3.369696903974e-03
7.714325681046e-03,2.935969315941e+05,2.935969349549e+05,-3.360847826116e-03
7.711706215620e-03,2.936963878697e+05,2.936963912217e+05,-3.351994964760e-03
7.709088528513e-03,2.937958439626e+05,2.937958473057e+05,-3.343137272168e-03
7.706472617917e-03,2.938952998728e+05,2.938953032071e+05,-3.334275970701e-03
7.703858482022e-03,2.939947556004e+05,2.939947589258e+05,-3.325410303660e-03
7.701246119023e-03,2.940942111452e+05,2.940942144618e+05,-3.316540445667e-03
7.698635527119e-03,2.941936665074e+05,2.941936698151e+05,-3.307665756438e-03
7.696026704507e-03,2.942931216869e+05,2.942931249857e+05,-3.298786759842e-03
7.693419649390e-03,2.943925766837e+05,2.943925799736e+05,-3.289905085694e-03
7.690814359973e-03,2.944920314978e+05,2.944920347789e+05,-3.281017881818e-03
7.688210834462e-03,2.945914861293e+05,2.945914894014e+05,-3.272127301898e-03
7.685609071066e-03,2.946909405781e+05,2.946909438413e+05,-3.263232589234e-03
7.683009067997e-03,2.947903948442e+05,2.947903980985e+05,-3.254332928918e-03
7.680410823470e-03,2.948898489276e+05,2.948898521730e+05,-3.245430591051e-03
7.677814335700e-03,2.949893028283e+05,2.949893060649e+05,-3.236523014493e-03
7.675219602906e-03,2.950887565464e+05,2.950887597740e+05,-3.227611654438e-03
7.672626623311e-03,2.951882100818e+05,2.951882133005e+05,-3.218697092962e-03
7.670035395137e-03,2.952876634346e+05,2.952876666443e+05,-3.209778282326e-03
7.667445916610e-03,2.953871166046e+05,2.953871198055e+05,-3.200855746400e-03
7.664858185960e-03,2.954865695920e+05,2.954865727840e+05,-3.191929194145e-03
7.662272201417e-03,2.955860223968e+05,2.955860255798e+05,-3.182998218108e-03
7.659687961214e-03,2.956854750189e+05,2.956854781929e+05,-3.174063807819e-03
7.657105463587e-03,2.957849274583e+05,2.957849306234e+05,-3.165125963278e-03
7.654524706775e-03,2.958843797150e+05,2.958843828712e+05,-3.156184160616e-03
7.651945689016e-03,2.959838317891e+05,2.959838349364e+05,-3.147238050587e-03
7.649368408555e-03,2.960832836805e+05,2.960832868188e+05,-3.138288506307e-03
7.646792863636e-03,2.961827353893e+05,2.961827385187e+05,-3.129335527774e-03
7.644219052508e-03,2.962821869154e+05,2.962821900358e+05,-3.120378940366e-03
7.641646973419e-03,2.963816382589e+05,2.963816413703e+05,-3.111419151537e-03
7.639076624622e-03,2.964810894197e+05,2.964810925222e+05,-3.102454822510e-03
7.636508004371e-03,2.965805403979e+05,2.965805434914e+05,-3.093486768194e-03
7.633941110924e-03,2.966799911934e+05,2.966799942779e+05,-3.084516036324e-03
7.631375942540e-03,2.967794418063e+05,2.967794448818e+05,-3.075540706050e-03
7.628812497481e-03,2.968788922365e+05,2.968788953030e+05,-3.066563047469e-03
7.626250774009e-03,2.969783424840e+05,2.969783455416e+05,-3.057581430767e-03
7.623690770393e-03,2.970777925490e+05,2.970777955976e+05,-3.048595099244e-03
7.621132484899e-03,2.971772424312e+05,2.971772454709e+05,-3.039606614038e-03
7.618575915800e-03,2.972766921309e+05,2.972766951615e+05,-3.030614461750e-03
7.616021061368e-03,2.973761416479e+05,2.973761446695e+05,-3.021618933417e-03
7.613467919879e-03,2.974755909822e+05,2.974755939949e+05,-3.012620436493e-03
7.610916489611e-03,2.975750401340e+05,2.975750431376e+05,-3.003617806826e-03
7.608366768844e-03,2.976744891030e+05,2.976744920976e+05,-2.994611975737e-03
7.605818755861e-03,2.977739378895e+05,2.977739408751e+05,-2.985603292473e-03
7.603272448945e-03,2.978733864933e+05,2.978733894699e+05,-2.976591640618e-03
7.600727846386e-03,2.979728349145e+05,2.979728378820e+05,-2.967576030642e-03
7.598184946470e-03,2.980722831530e+05,2.980722861116e+05,-2.958557393868e-03
7.595643747492e-03,2.981717312089e+05,2.981717341585e+05,-2.949535031803e-03
7.593104247743e-03,2.982711790822e+05,2.982711820227e+05,-2.940510690678e-03
7.590566445521e-03,2.983706267729e+05,2.983706297044e+05,-2.931482391432e-03
7.588030339125e-03,2.984700742809e+05,2.984700772034e+05,-2.922450832557e-03
7.585495926854e-03,2.985695216063e+05,2.985695245197e+05,-2.913416770753e-03
7.582963207012e-03,2.986689687491e+05,2.986689716535e+05,-2.904379623942e-03
7.580432177904e-03,2.987684157093e+05,2.987684186046e+05,-2.895338635426e-03
7.577902837838e-03,2.988678624868e+05,2.988678653731e+05,-2.886295493226e-03
7.575375185123e-03,2.989673090817e+05,2.989673119590e+05,-2.877248218283e-03
7.572849218073e-03,2.990667554940e+05,2.990667583622e+05,-2.868199197110e-03
7.570324935000e-03,2.991662017237e+05,2.991662045829e+05,-2.859146392439e-03
7.567802334222e-03,2.992656477708e+05,2.992656506209e+05,-2.850091259461e-03
7.565281414057e-03,2.993650936352e+05,2.993650964763e+05,-2.841032575816e-03
7.562762172827e-03,2.994645393171e+05,2.994645421491e+05,-2.831972145941e-03
7.560244608855e-03,2.995639848163e+05,2.995639876392e+05,-2.822907117661e-03
7.557728720466e-03,2.996634301329e+05,2.996634329468e+05,-2.813841216266e-03
7.555214505988e-03,2.997628752669e+05,2.997628780717e+05,-2.804771589581e-03
7.552701963751e-03,2.998623202183e+05,2.998623230140e+05,-2.795698121190e-03
7.550191092088e-03,2.999617649871e+05,2.999617677738e+05,-2.786623372231e-03
7.547681889332e-03,3.000612095733e+05,3.000612123509e+05,-2.777545654681e-03
7.545174353821e-03,3.001606539769e+05,3.001606567454e+05,-2.768465201370e-03
7.542668483892e-03,3.002600981979e+05,3.002601009573e+05,-2.759381430224e-03
7.540164277888e-03,3.003595422363e+05,3.003595449866e+05,-2.750295505393e-03
7.537661734152e-03,3.004589860921e+05,3.004589888333e+05,-2.741206786595e-03
7.535160851029e-03,3.005584297653e+05,3.005584324974e+05,-2.732116379775e-03
7.532661626866e-03,3.006578732559e+05,3.006578759789e+05,-2.723022073042e-03
7.530164060013e-03,3.007573165639e+05,3.007573192778e+05,-2.713925961871e-03
7.527668148823e-03,3.008567596893e+05,3.008567623941e+05,-2.704826882109e-03
7.525173891650e-03,3.009562026321e+05,3.009562053278e+05,-2.695725241210e-03
7.522681286850e-03,3.010556453923e+05,3.010556480789e+05,-2.686621795874e-03
7.520190332781e-03,3.011550879699e+05,3.011550906474e+05,-2.677515440155e-03
7.517701027805e-03,3.012545303650e+05,3.012545330334e+05,-2.668406174053e-03
7.515213370285e-03,3.013539725774e+05,3.013539752367e+05,-2.659295743797e-03
7.512727358584e-03,3.014534146073e+05,3.014534172575e+05,-2.650181704666e-03
7.510242991071e-03,3.015528564546e+05,3.015528590956e+05,-2.641066501383e-03
7.507760266116e-03,3.016522981192e+05,3.016523007512e+05,-2.631947631016e-03
7.505279182089e-03,3.017517396014e+05,3.017517422242e+05,-2.622827189043e-03
7.502799737364e-03,3.018511809009e+05,3.018511835146e+05,-2.613704476971e-03
7.500321930317e-03,3.019506220178e+05,3.019506246224e+05,-2.604579785839e-03
7.497845759327e-03,3.020500629522e+05,3.020500655477e+05,-2.595451893285e-03
7.495371222772e-03,3.021495037040e+05,3.021495062903e+05,-2.586322778370e-03
7.492898319037e-03,3.022489442732e+05,3.022489468504e+05,-2.577190287411e-03
7.490427046504e-03,3.023483846599e+05,3.023483872280e+05,-2.568057156168e-03
7.487957403561e-03,3.024478248640e+05,3.024478274229e+05,-2.558920416050e-03
7.485489388596e-03,3.025472648855e+05,3.025472674353e+05,-2.549783035647e-03
7.483023000000e-03,3.026467047244e+05,3.026467072651e+05,-2.540642104577e-03
7.480558236166e-03,3.027461443808e+05,3.027461469123e+05,-2.531500475015e-03
7.478095095489e-03,3.028455838546e+05,3.028455863769e+05,-2.522355411202e-03
7.475633576366e-03,3.029450231458e+05,3.029450256590e+05,-2.513209125027e-03
7.473173677196e-03,3.030444622545e+05,3.030444647585e+05,-2.504060859792e-03
7.470715396382e-03,3.031439011806e+05,3.031439036755e+05,-2.494910557289e-03
7.468258732325e-03,3.032433399241e+05,3.032433424099e+05,-2.485758101102e-03
7.465803683432e-03,3.033427784851e+05,3.033427809617e+05,-2.476604771800e-03
7.463350248110e-03,3.034422168635e+05,3.034422193310e+05,-2.467448008247e-03
7.460898424770e-03,3.035416550594e+05,3.035416575177e+05,-2.458290429786e-03
7.458448211823e-03,3.036410930727e+05,3.036410955218e+05,-2.449130348396e-03
7.455999607682e-03,3.037405309034e+05,3.037405333434e+05,-2.439969102852e-03
7.453552610765e-03,3.038399685516e+05,3.038399709824e+05,-2.430805820040e-03
7.451107219488e-03,3.039394060173e+05,3.039394084389e+05,-2.421639568638e-03
7.448663432273e-03,3.040388433004e+05,3.040388457129e+05,-2.412472502328e-03
7.446221247541e-03,3.041382804009e+05,3.041382828042e+05,-2.403303922620e-03
7.443780663717e-03,3.042377173189e+05,3.042377197130e+05,-2.394133654889e-03
7.441341679227e-03,3.043371540544e+05,3.043371564393e+05,-2.384961931966e-03
7.438904292499e-03,3.044365906073e+05,3.044365929831e+05,-2.375788113568e-03
7.436468501965e-03,3.045360269776e+05,3.045360293442e+05,-2.366612432525e-03
7.434034306056e-03,3.046354631654e+05,3.046354655229e+05,-2.357435005251e-03
7.431601703207e-03,3.047348991707e+05,3.047349015190e+05,-2.348257403355e-03
7.429170691855e-03,3.048343349934e+05,3.048343373325e+05,-2.339076658245e-03
7.426741270438e-03,3.049337706336e+05,3.049337729635e+05,-2.329895680305e-03
7.424313437398e-03,3.050332060913e+05,3.050332084120e+05,-2.320711908396e-03
7.421887191176e-03,3.051326413664e+05,3.051326436779e+05,-2.311527787242e-03
7.419462530219e-03,3.052320764590e+05,3.052320787613e+05,-2.302341104951e-03
7.417039452972e-03,3.053315113690e+05,3.053315136622e+05,-2.293153898790e-03
7.414617957884e-03,3.054309460965e+05,3.054309483805e+05,-2.283964247908e-03
7.412198043407e-03,3.055303806415e+05,3.055303829163e+05,-2.274774305988e-03
7.409779707993e-03,3.056298150040e+05,3.056298172695e+05,-2.265583025292e-03
7.407362950098e-03,3.057292491839e+05,3.057292514403e+05,-2.256389299873e-03
7.404947768177e-03,3.058286831813e+05,3.058286854285e+05,-2.247195283417e-03
7.402534160691e-03,3.059281169962e+05,3.059281192342e+05,-2.237998938654e-03
7.400122126100e-03,3.060275506285e+05,3.060275528573e+05,-2.228802302852e-03
7.397711662866e-03,3.061269840783e+05,3.061269862979e+05,-2.219603571575e-03
7.395302769456e-03,3.062264173456e+05,3.062264195560e+05,-2.210404607467e-03
7.392895444336e-03,3.063258504304e+05,3.063258526316e+05,-2.201203373261e-03
7.390489685975e-03,3.064252833327e+05,3.064252855247e+05,-2.192001964431e-03
7.388085492843e-03,3.065247160524e+05,3.065247182352e+05,-2.182798518334e-03
7.385682863415e-03,3.066241485896e+05,3.066241507632e+05,-2.173594373744e-03
7.383281796164e-03,3.067235809443e+05,3.067235831087e+05,-2.164389472455e-03
7.380882289568e-03,3.068230131165e+05,3.068230152717e+05,-2.155182766728e-03
7.378484342105e-03,3.069224451062e+05,3.069224472522e+05,-2.145975420717e-03
7.376087952257e-03,3.070218769134e+05,3.070218790502e+05,-2.136766910553e-03
7.373693118506e-03,3.071213085381e+05,3.071213106656e+05,-2.127558109351e-03
7.371299839338e-03,3.072207399802e+05,3.072207420986e+05,-2.118346630596e-03
7.368908113238e-03,3.073201712399e+05,3.073201733490e+05,-2.109135151841e-03
7.366517938696e-03,3.074196023170e+05,3.074196044169e+05,-2.099923207425e-03
7.364129314202e-03,3.075190332116e+05,3.075190353023e+05,-2.090710331686e-03
7.361742238250e-03,3.076184639238e+05,3.076184660053e+05,-2.081496350002e-03
7.359356709332e-03,3.077178944534e+05,3.077178965257e+05,-2.072280331049e-03
7.356972725948e-03,3.078173248005e+05,3.078173268636e+05,-2.063065185212e-03
7.354590286593e-03,3.079167549652e+05,3.079167570190e+05,-2.053848234937e-03
7.352209389770e-03,3.080161849473e+05,3.080161869919e+05,-2.044631168246e-03
7.349830033981e-03,3.081156147469e+05,3.081156167823e+05,-2.035412937403e-03
7.347452217729e-03,3.082150443641e+05,3.082150463903e+05,-2.026193542406e-03
7.345075939521e-03,3.083144737987e+05,3.083144758157e+05,-2.016974030994e-03
7.342701197866e-03,3.084139030509e+05,3.084139050586e+05,-2.007752656937e-03
7.340327991273e-03,3.085133321205e+05,3.085133341191e+05,-1.998531806748e-03
7.337956318255e-03,3.086127610077e+05,3.086127629970e+05,-1.989310199860e-03
7.335586177326e-03,3.087121897124e+05,3.087121916925e+05,-1.980087661650e-03
7.333217567000e-03,3.088116182346e+05,3.088116202055e+05,-1.970864192117e-03
7.330850485797e-03,3.089110465743e+05,3.089110485360e+05,-1.961641130038e-03
7.328484932236e-03,3.090104747315e+05,3.090104766840e+05,-1.952416379936e-03
7.326120904839e-03,3.091099027063e+05,3.091099046495e+05,-1.943191513419e-03
7.323758402128e-03,3.092093304986e+05,3.092093324325e+05,-1.933966763318e-03
7.321397422631e-03,3.093087581083e+05,3.093087600331e+05,-1.924740558024e-03
7.319037964873e-03,3.094081855356e+05,3.094081874512e+05,-1.915513945278e-03
7.316680027384e-03,3.095076127805e+05,3.095076146868e+05,-1.906287856400e-03
7.314323608696e-03,3.096070398428e+05,3.096070417399e+05,-1.897060021292e-03
7.311968707341e-03,3.097064667227e+05,3.097064686105e+05,-1.887832593638e-03
7.309615321854e-03,3.098058934201e+05,3.098058952987e+05,-1.878604933154e-03
7.307263450772e-03,3.099053199350e+05,3.099053218044e+05,-1.869376515970e-03
7.304913092634e-03,3.100047462675e+05,3.100047481276e+05,-1.860147633124e-03
7.302564245981e-03,3.101041724175e+05,3.101041742684e+05,-1.850918459240e-03
7.300216909354e-03,3.102035983850e+05,3.102036002267e+05,-1.841689634603e-03
7.297871081298e-03,3.103030241700e+05,3.103030260025e+05,-1.832459820434e-03
7.295526760360e-03,3.104024497726e+05,3.104024515958e+05,-1.823230588343e-03
7.293183945087e-03,3.105018751927e+05,3.105018770067e+05,-1.813999959268e-03
7.290842634029e-03,3.106013004304e+05,3.106013022352e+05,-1.804769737646e-03
7.288502825738e-03,3.107007254856e+05,3.107007272811e+05,-1.795539865270e-03
7.286164518768e-03,3.108001503583e+05,3.108001521446e+05,-1.786308886949e-03
7.283827711674e-03,3.108995750486e+05,3.108995768257e+05,-1.777078257874e-03
7.281492403014e-03,3.109989995564e+05,3.109990013243e+05,-1.767847395968e-03
7.279158591346e-03,3.110984238818e+05,3.110984256404e+05,-1.758616534062e-03
7.276826275232e-03,3.111978480247e+05,3.111978497741e+05,-1.749385904986e-03
7.274495453235e-03,3.112972719851e+05,3.112972737253e+05,-1.740155275911e-03
7.272166123919e-03,3.113966957631e+05,3.113966974941e+05,-1.730924355797e-03
7.269838285851e-03,3.114961193587e+05,3.114961210804e+05,-1.721693086438e-03
7.267511937600e-03,3.115955427718e+05,3.115955444843e+05,-1.712461700663e-03
7.265187077735e-03,3.116949660025e+05,3.116949677057e+05,-1.703231362626e-03
7.262863704829e-03,3.117943890507e+05,3.117943907447e+05,-1.694000558928e-03
7.260541817455e-03,3.118938119164e+05,3.118938136012e+05,-1.684769638814e-03
7.258221414190e-03,3.119932345997e+05,3.119932362753e+05,-1.675538951531e-03
7.255902493610e-03,3.120926571006e+05,3.120926587669e+05,-1.666309020948e-03
7.253585054296e-03,3.121920794190e+05,3.121920810761e+05,-1.657079206780e-03
7.251269094828e-03,3.122915015550e+05,3.122915032029e+05,-1.647849392612e-03
7.248954613789e-03,3.123909235086e+05,3.123909251472e+05,-1.638618414290e-03
7.246641609764e-03,3.124903452797e+05,3.124903469091e+05,-1.629389123991e-03
7.244330081340e-03,3.125897668684e+05,3.125897684885e+05,-1.620160066523e-03
7.242020027105e-03,3.126891882746e+05,3.126891898855e+05,-1.610931009054e-03
7.239711445649e-03,3.127886094984e+05,3.127886111001e+05,-1.601701544132e-03
7.237404335564e-03,3.128880305398e+05,3.128880321323e+05,-1.592473359779e-03
7.235098695444e-03,3.129874513987e+05,3.129874529820e+05,-1.583245117217e-03
7.232794523885e-03,3.130868720753e+05,3.130868736493e+05,-1.574017980602e-03
7.230491819484e-03,3.131862925693e+05,3.131862941341e+05,-1.564790727571e-03
7.228190580840e-03,3.132857128810e+05,3.132857144366e+05,-1.555563008878e-03
7.225890806554e-03,3.133851330102e+05,3.133851345566e+05,-1.546337036416e-03
7.223592495229e-03,3.134845529570e+05,3.134845544942e+05,-1.537111354992e-03
7.221295645469e-03,3.135839727214e+05,3.135839742493e+05,-1.527885033283e-03
7.219000255880e-03,3.136833923034e+05,3.136833938221e+05,-1.518660923466e-03
7.216706325071e-03,3.137828117029e+05,3.137828132124e+05,-1.509435533080e-03
7.214413851652e-03,3.138822309201e+05,3.138822324203e+05,-1.500212354586e-03
7.212122834233e-03,3.139816499548e+05,3.139816514458e+05,-1.490988710430e-03
7.209833271429e-03,3.140810688071e+05,3.140810702888e+05,-1.481766637880e-03
7.207545161853e-03,3.141804874769e+05,3.141804889495e+05,-1.472544099670e-03
7.205258504124e-03,3.142799059644e+05,3.142799074277e+05,-1.463322842028e-03
7.202973296860e-03,3.143793242695e+05,3.143793257236e+05,-1.454101759009e-03
7.200689538681e-03,3.144787423921e+05,3.144787438370e+05,-1.444881374482e-03
7.198407228209e-03,3.145781603323e+05,3.145781617680e+05,-1.435662270524e-03
7.196126364068e-03,3.146775780902e+05,3.146775795166e+05,-1.426443690434e-03
7.193846944884e-03,3.147769956656e+05,3.147769970828e+05,-1.417226041667e-03
7.191568969284e-03,3.148764130586e+05,3.148764144666e+05,-1.408008218277e-03
7.189292435897e-03,3.149758302692e+05,3.149758316680e+05,-1.398792606778e-03
7.187017343354e-03,3.150752472974e+05,3.150752486870e+05,-1.389576180372e-03
7.184743690288e-03,3.151746641432e+05,3.151746655236e+05,-1.380361674819e-03
7.182471475332e-03,3.152740808066e+05,3.152740821777e+05,-1.371148333419e-03
7.180200697123e-03,3.153734972876e+05,3.153734986495e+05,-1.361935515888e-03
7.177931354298e-03,3.154729135862e+05,3.154729149389e+05,-1.352722465526e-03
7.175663445498e-03,3.155723297024e+05,3.155723310459e+05,-1.343511685263e-03
7.173396969362e-03,3.156717456362e+05,3.156717469705e+05,-1.334301836323e-03
7.171131924534e-03,3.157711613877e+05,3.157711627127e+05,-1.325092394836e-03
7.168868309659e-03,3.158705769567e+05,3.158705782726e+05,-1.315883768257e-03
7.166606123383e-03,3.159699923433e+05,3.159699936500e+05,-1.306677353568e-03
7.164345364353e-03,3.160694075476e+05,3.160694088450e+05,-1.297471579164e-03
7.162086031220e-03,3.161688225694e+05,3.161688238577e+05,-1.288265746552e-03
7.159828122636e-03,3.162682374089e+05,3.162682386880e+05,-1.279061834794e-03
7.157571637252e-03,3.163676520660e+05,3.163676533358e+05,-1.269858796149e-03
7.155316573724e-03,3.164670665407e+05,3.164670678014e+05,-1.260657503735e-03
7.153062930709e-03,3.165664808330e+05,3.165664820845e+05,-1.251456851605e-03
7.150810706864e-03,3.166658949430e+05,3.166658961852e+05,-1.242257712875e-03
7.148559900850e-03,3.167653088705e+05,3.167653101036e+05,-1.233058574144e-03
7.146310511328e-03,3.168647226157e+05,3.168647238396e+05,-1.223861996550e-03
7.144062536961e-03,3.169641361785e+05,3.169641373932e+05,-1.214666233864e-03
7.141815976415e-03,3.170635495589e+05,3.170635507644e+05,-1.205471809953e-03
7.139570828356e-03,3.171629627570e+05,3.171629639533e+05,-1.196278550196e-03
7.137327091452e-03,3.172623757727e+05,3.172623769597e+05,-1.187086920254e-03
7.135084764373e-03,3.173617886060e+05,3.173617897839e+05,-1.177895988803e-03
7.132843845791e-03,3.174612012569e+05,3.174612024256e+05,-1.168707269244e-03
7.130604334380e-03,3.175606137255e+05,3.175606148850e+05,-1.159519015346e-03
7.128366228814e-03,3.176600260117e+05,3.176600271620e+05,-1.150332449470e-03
7.126129527769e-03,3.177594381155e+05,3.177594392566e+05,-1.141147979070e-03
7.123894229925e-03,3.178588500370e+05,3.178588511689e+05,-1.131964207161e-03
7.121660333960e-03,3.179582617761e+05,3.179582628988e+05,-1.122782065067e-03
7.119427838558e-03,3.180576733328e+05,3.180576744464e+05,-1.113600737881e-03
7.117196742400e-03,3.181570847072e+05,3.181570858116e+05,-1.104422204662e-03
7.114967044173e-03,3.182564958992e+05,3.182564969944e+05,-1.095244311728e-03
7.112738742562e-03,3.183559069089e+05,3.183559079949e+05,-1.086068339646e-03
7.110511836255e-03,3.184553177362e+05,3.184553188130e+05,-1.076893124264e-03
7.108286323944e-03,3.185547283811e+05,3.185547294488e+05,-1.067720819265e-03
7.106062204318e-03,3.186541388437e+05,3.186541399022e+05,-1.058549096342e-03
7.103839476071e-03,3.187535491239e+05,3.187535501733e+05,-1.049378886819e-03
7.101618137899e-03,3.188529592218e+05,3.188529602620e+05,-1.040211587679e-03
7.099398188496e-03,3.189523691373e+05,3.189523701684e+05,-1.031044928823e-03
7.097179626562e-03,3.190517788705e+05,3.190517798924e+05,-1.021880481858e-03
7.094962450797e-03,3.191511884214e+05,3.191511894341e+05,-1.012717082631e-03
7.092746659900e-03,3.192505977899e+05,3.192505987934e+05,-1.003556302749e-03
7.090532252576e-03,3.193500069760e+05,3.193500079704e+05,-9.943960467353e-04
7.088319227528e-03,3.194494159798e+05,3.194494169650e+05,-9.852386428975e-04
7.086107583463e-03,3.195488248013e+05,3.195488257774e+05,-9.760823450051e-04
7.083897319089e-03,3.196482334404e+05,3.196482344073e+05,-9.669285500422e-04
7.081688433115e-03,3.197476418972e+05,3.197476428549e+05,-9.577767923474e-04
7.079480924252e-03,3.198470501716e+05,3.198470511202e+05,-9.486260823905e-04
7.077274791212e-03,3.199464582637e+05,3.199464592032e+05,-9.394772932865e-04
7.075070032710e-03,3.200458661735e+05,3.200458671038e+05,-9.303308906965e-04
7.072866647462e-03,3.201452739009e+05,3.201452748221e+05,-9.211858850904e-04
7.070664634184e-03,3.202446814460e+05,3.202446823580e+05,-9.120436734520e-04
7.068463991597e-03,3.203440888088e+05,3.203440897117e+05,-9.029025095515e-04
7.066264718419e-03,3.204434959892e+05,3.204434968830e+05,-8.937638485804e-04
7.064066813375e-03,3.205429029873e+05,3.205429038719e+05,-8.846277487464e-04
7.061870275187e-03,3.206423098031e+05,3.206423106786e+05,-8.754922891967e-04
7.059675102580e-03,3.207417164365e+05,3.207417173029e+05,-8.663599728607e-04
7.057481294282e-03,3.208411228877e+05,3.208411237449e+05,-8.572293445468e-04
7.055288849021e-03,3.209405291565e+05,3.209405300046e+05,-8.481007535011e-04
7.053097765528e-03,3.210399352429e+05,3.210399360819e+05,-8.389744907618e-04
7.050908042533e-03,3.211393411471e+05,3.211393419769e+05,-8.298504981212e-04
7.048719678771e-03,3.212387468689e+05,3.212387476897e+05,-8.207283099182e-04
7.046532672975e-03,3.213381524085e+05,3.213381532201e+05,-8.116079261526e-04
7.044347023883e-03,3.214375577657e+05,3.214375585681e+05,-8.024908602238e-04
7.042162730233e-03,3.215369629405e+05,3.215369637339e+05,-7.933754241094e-04
7.039979790763e-03,3.216363679331e+05,3.216363687174e+05,-7.842623163015e-04
7.037798204214e-03,3.217357727434e+05,3.217357735185e+05,-7.751507801004e-04
7.035617969331e-03,3.218351773713e+05,3.218351781374e+05,-7.660421542823e-04
7.033439084856e-03,3.219345818170e+05,3.219345825739e+05,-7.569358567707e-04
7.031261549536e-03,3.220339860803e+05,3.220339868281e+05,-7.478317711502e-04
7.029085362117e-03,3.221333901613e+05,3.221333909000e+05,-7.387301302515e-04
7.026910521349e-03,3.222327940600e+05,3.222327947896e+05,-7.296312833205e-04
7.024737025982e-03,3.223321977764e+05,3.223321984970e+05,-7.205337751657e-04
7.022564874768e-03,3.224316013105e+05,3.224316020220e+05,-7.114397012629e-04
7.020394066461e-03,3.225310046623e+05,3.225310053647e+05,-7.023476064205e-04
7.018224599815e-03,3.226304078318e+05,3.226304085251e+05,-6.932576652616e-04
7.016056473587e-03,3.227298108190e+05,3.227298115032e+05,-6.841709255241e-04
7.013889686535e-03,3.228292136239e+05,3.228292142990e+05,-6.750865140930e-04
7.011724237419e-03,3.229286162465e+05,3.229286169125e+05,-6.660035578534e-04
7.009560125000e-03,3.230280186868e+05,3.230280193438e+05,-6.569246179424e-04
7.007397348041e-03,3.231274209449e+05,3.231274215927e+05,-6.478474824689e-04
7.005235905305e-03,3.232268230206e+05,3.232268236593e+05,-6.387727917172e-04
7.003075795560e-03,3.233262249140e+05,3.233262255437e+05,-6.297010113485e-04
7.000917017571e-03,3.234256266251e+05,3.234256272458e+05,-6.206314428709e-04
6.998759570108e-03,3.235250281540e+05,3.235250287656e+05,-6.115650758147e-04
6.996603451941e-03,3.236244295006e+05,3.236244301031e+05,-6.025018519722e-04
6.994448661842e-03,3.237238306648e+05,3.237238312583e+05,-5.934397340752e-04
6.992295198584e-03,3.238232316468e+05,3.238232322312e+05,-5.843813414685e-04
6.990143060942e-03,3.239226324465e+05,3.239226330219e+05,-5.753255099989e-04
6.987992247692e-03,3.240220330639e+05,3.240220336302e+05,-5.662722396664e-04
6.985842757613e-03,3.241214334991e+05,3.241214340563e+05,-5.572227528319e-04
6.983694589483e-03,3.242208337520e+05,3.242208343001e+05,-5.481752450578e-04
6.981547742084e-03,3.243202338225e+05,3.243202343617e+05,-5.391298327595e-04
6.979402214198e-03,3.244196337108e+05,3.244196342409e+05,-5.300882621668e-04
6.977258004608e-03,3.245190334169e+05,3.245190339379e+05,-5.210489616729e-04
6.975115112101e-03,3.246184329406e+05,3.246184334526e+05,-5.120127461851e-04
6.972973535462e-03,3.247178322821e+05,3.247178327851e+05,-5.029797903262e-04
6.970833273481e-03,3.248172314413e+05,3.248172319353e+05,-4.939488135278e-04
6.968694324946e-03,3.249166304183e+05,3.249166309032e+05,-4.849213291891e-04
6.966556688650e-03,3.250160292129e+05,3.250160296888e+05,-4.758965224028e-04
6.964420363385e-03,3.251154278254e+05,3.251154282922e+05,-4.668754991144e-04
6.962285347946e-03,3.252148262555e+05,3.252148267133e+05,-4.578568041325e-04
6.960151641128e-03,3.253142245034e+05,3.253142249522e+05,-4.488416016102e-04
6.958019241728e-03,3.254136225690e+05,3.254136230088e+05,-4.398282617331e-04
6.955888148545e-03,3.255130204523e+05,3.255130208831e+05,-4.308198112994e-04
6.953758360380e-03,3.256124181534e+05,3.256124185752e+05,-4.218127578497e-04
6.951629876033e-03,3.257118156722e+05,3.257118160850e+05,-4.128091968596e-04
6.949502694308e-03,3.258112130088e+05,3.258112134126e+05,-4.038089537062e-04
6.947376814010e-03,3.259106101631e+05,3.259106105579e+05,-3.948122612201e-04
6.945252233945e-03,3.260100071352e+05,3.260100075210e+05,-3.858183627017e-04
6.943128952920e-03,3.261094039250e+05,3.261094043018e+05,-3.768268506974e-04
6.941006969743e-03,3.262088005325e+05,3.262088009004e+05,-3.678402281366e-04
6.938886283226e-03,3.263081969578e+05,3.263081973167e+05,-3.588554100133e-04
6.936766892181e-03,3.264075932009e+05,3.264075935507e+05,-3.498738515191e-04
6.934648795420e-03,3.265069892617e+05,3.265069896026e+05,-3.408963675611e-04
6.932531991758e-03,3.266063851402e+05,3.266063854721e+05,-3.319219104014e-04
6.930416480012e-03,3.267057808365e+05,3.267057811595e+05,-3.229499561712e-04
6.928302258999e-03,3.268051763506e+05,3.268051766646e+05,-3.139816108160e-04
6.926189327539e-03,3.269045716824e+05,3.269045719874e+05,-3.050171071663e-04
6.924077684451e-03,3.270039668320e+05,3.270039671280e+05,-2.960553392768e-04
6.921967328558e-03,3.271033617993e+05,3.271033620864e+05,-2.870974130929e-04
6.919858258684e-03,3.272027565844e+05,3.272027568625e+05,-2.781426301226e-04
6.917750473652e-03,3.273021511872e+05,3.273021514564e+05,-2.691912231967e-04
6.915643972290e-03,3.274015456079e+05,3.274015458681e+05,-2.602434833534e-04
6.913538753425e-03,3.275009398462e+05,3.275009400975e+05,-2.512993523851e-04
6.911434815886e-03,3.276003339024e+05,3.276003341447e+05,-2.423588302918e-04
6.909332158503e-03,3.276997277763e+05,3.276997280097e+05,-2.334215096198e-04
6.907230780109e-03,3.277991214680e+05,3.277991216925e+05,-2.244869247079e-04
6.905130679538e-03,3.278985149774e+05,3.278985151930e+05,-2.155571128242e-04
6.903031855623e-03,3.279979083047e+05,3.279979085113e+05,-2.066305605695e-04
6.900934307201e-03,3.280973014497e+05,3.280973016474e+05,-1.977069186978e-04
6.898838033111e-03,3.281966944124e+05,3.281966946012e+05,-1.887869439088e-04
6.896743032189e-03,3.282960871930e+05,3.282960873728e+05,-1.798706944101e-04
6.894649303279e-03,3.283954797913e+05,3.283954799622e+05,-1.709581702016e-04
6.892556845220e-03,3.284948722074e+05,3.284948723694e+05,-1.620492548682e-04
6.890465656857e-03,3.285942644413e+05,3.285942645944e+05,-1.531444140710e-04
6.888375737034e-03,3.286936564929e+05,3.286936566372e+05,-1.442429493181e-04
6.886287084597e-03,3.287930483624e+05,3.287930484977e+05,-1.353449188173e-04
6.884199698393e-03,3.288924400496e+05,3.288924401760e+05,-1.264510210603e-04
6.882113577273e-03,3.289918315546e+05,3.289918316722e+05,-1.175603829324e-04
6.880028720085e-03,3.290912228774e+05,3.290912229861e+05,-1.086737611331e-04
6.877945125681e-03,3.291906140180e+05,3.291906141178e+05,-9.979197056964e-05
6.875862792916e-03,3.292900049763e+05,3.292900050673e+05,-9.091198444366e-05
6.873781720642e-03,3.293893957525e+05,3.293893958345e+05,-8.203729521483e-05
6.871701907716e-03,3.294887863465e+05,3.294887864196e+05,-7.316609844565e-05
6.869623352995e-03,3.295881767582e+05,3.295881768225e+05,-6.429851055145e-05
6.867546055337e-03,3.296875669877e+05,3.296875670432e+05,-5.543447332457e-05
6.865470013603e-03,3.297869570351e+05,3.297869570816e+05,-4.657474346459e-05
6.863395226655e-03,3.298863469002e+05,3.298863469379e+05,-3.771897172555e-05
6.861321693353e-03,3.299857365831e+05,3.299857366120e+05,-2.886750735343e-05
6.859249412564e-03,3.300851260838e+05,3.300851261039e+05,-2.001877874136e-05
6.857178383152e-03,3.301845154024e+05,3.301845154135e+05,-1.117493957281e-05
6.855108603984e-03,3.302839045387e+05,3.302839045410e+05,-2.335757017136e-06
6.853040073929e-03,3.303832934928e+05,3.303832934863e+05,6.500456947833e-06
6.850972791855e-03,3.304826822648e+05,3.304826822494e+05,1.533253816888e-05
6.848906756634e-03,3.305820708545e+05,3.305820708303e+05,2.416124334559e-05
6.846841967139e-03,3.306814592621e+05,3.306814592291e+05,3.298424417153e-05
6.844778422242e-03,3.307808474874e+05,3.307808474456e+05,4.180369433016e-05
6.842716120820e-03,3.308802355306e+05,3.308802354800e+05,5.062023410574e-05
6.840655061747e-03,3.309796233916e+05,3.309796233321e+05,5.943165160716e-05
6.838595243902e-03,3.310790110703e+05,3.310790110021e+05,6.823899457231e-05
6.836536666165e-03,3.311783985670e+05,3.311783984899e+05,7.704220479354e-05
6.834479327415e-03,3.312777858814e+05,3.312777857955e+05,8.584134047851e-05
6.832423226534e-03,3.313771730136e+05,3.313771729190e+05,9.463605238125e-05
6.830368362406e-03,3.314765599637e+05,3.314765598602e+05,1.034261076711e-04
6.828314733915e-03,3.315759467315e+05,3.315759466193e+05,1.122126705013e-04
6.826262339946e-03,3.316753333172e+05,3.316753331962e+05,1.209954498336e-04
6.824211179387e-03,3.317747197207e+05,3.317747195910e+05,1.297727576457e-04
6.822161251126e-03,3.318741059421e+05,3.318741058035e+05,1.385463983752e-04
6.820112554054e-03,3.319734919813e+05,3.319734918339e+05,1.473152660765e-04
6.818065087061e-03,3.320728778382e+05,3.320728776822e+05,1.560809323564e-04
6.816018849040e-03,3.321722635131e+05,3.321722633482e+05,1.648407778703e-04
6.813973838884e-03,3.322716490057e+05,3.322716488321e+05,1.735980622470e-04
6.811930055489e-03,3.323710343162e+05,3.323710341338e+05,1.823493512347e-04
6.809887497751e-03,3.324704194445e+05,3.324704192534e+05,1.910970895551e-04
6.807846164568e-03,3.325698043906e+05,3.325698041908e+05,1.998399384320e-04
6.805806054840e-03,3.326691891546e+05,3.326691889460e+05,2.085788291879e-04
6.803767167466e-03,3.327685737364e+05,3.327685735191e+05,2.173131797463e-04
6.801729501348e-03,3.328679581361e+05,3.328679579100e+05,2.260425244458e-04
6.799693055389e-03,3.329673423535e+05,3.329673421188e+05,2.347673289478e-04
6.797657828494e-03,3.330667263889e+05,3.330667261454e+05,2.434882917441e-04
6.795623819569e-03,3.331661102420e+05,3.331661099898e+05,2.522042486817e-04
6.793591027520e-03,3.332654939130e+05,3.332654936521e+05,2.609155490063e-04
6.791559451256e-03,3.333648774019e+05,3.333648771323e+05,2.696228330024e-04
6.789529089686e-03,3.334642607086e+05,3.334642604303e+05,2.783249947242e-04
6.787499941721e-03,3.335636438331e+05,3.335636435461e+05,2.870224416256e-04
6.785472006274e-03,3.336630267755e+05,3.336630264798e+05,2.957154065371e-04
6.783445282258e-03,3.337624095357e+05,3.337624092313e+05,3.044045297429e-04
6.781419768588e-03,3.338617921138e+05,3.338617918007e+05,3.130880650133e-04
6.779395464179e-03,3.339611745098e+05,3.339611741880e+05,3.217670018785e-04
6.777372367950e-03,3.340605567236e+05,3.340605563931e+05,3.304417477921e-04
6.775350478819e-03,3.341599387552e+05,3.341599384161e+05,3.391108475626e-04
6.773329795705e-03,3.342593206047e+05,3.342593202569e+05,3.477761056274e-04
6.771310317531e-03,3.343587022721e+05,3.343587019156e+05,3.564365906641e-04
6.769292043219e-03,3.344580837573e+05,3.344580833922e+05,3.650916623883e-04
6.767274971692e-03,3.345574650604e+05,3.345574646866e+05,3.737431834452e-04
6.765259101877e-03,3.346568461813e+05,3.346568457989e+05,3.823887091130e-04
6.763244432698e-03,3.347562271201e+05,3.347562267291e+05,3.910296363756e-04
6.761230963084e-03,3.348556078767e+05,3.348556074771e+05,3.996663144790e-04
6.759218691964e-03,3.349549884513e+05,3.349549880430e+05,4.082969389856e-04
6.757207618268e-03,3.350543688437e+05,3.350543684267e+05,4.169240710326e-04
6.755197740928e-03,3.351537490539e+05,3.351537486284e+05,4.255457897671e-04
6.753189058876e-03,3.352531290820e+05,3.352531286479e+05,4.341613966972e-04
6.751181571046e-03,3.353525089280e+05,3.353525084853e+05,4.427731619217e-04
6.749175276374e-03,3.354518885919e+05,3.354518881405e+05,4.513805615716e-04
6.747170173797e-03,3.355512680737e+05,3.355512676137e+05,4.599823150784e-04
6.745166262251e-03,3.356506473733e+05,3.356506469047e+05,4.685787134804e-04
6.743163540677e-03,3.357500264908e+05,3.357500260136e+05,4.771708045155e-04
6.741162008014e-03,3.358494054261e+05,3.358494049404e+05,4.857579478994e-04
6.739161663205e-03,3.359487841794e+05,3.359487836850e+05,4.943389212713e-04
6.737162505191e-03,3.360481627505e+05,3.360481622476e+05,5.029162275605e-04
6.735164532918e-03,3.361475411395e+05,3.361475406280e+05,5.114875966683e-04
6.733167745331e-03,3.362469193464e+05,3.362469188264e+05,5.200539599173e-04
6.731172141375e-03,3.363462973712e+05,3.363462968426e+05,5.286152008921e-04
6.729177720000e-03,3.364456752138e+05,3.364456746767e+05,5.371719016694e-04
6.727184480154e-03,3.365450528744e+05,3.365450523287e+05,5.457221996039e-04
6.725192420788e-03,3.366444303528e+05,3.366444297985e+05,5.542684812099e-04
6.723201540853e-03,3.367438076491e+05,3.367438070863e+05,5.628087674268e-04
6.721211839302e-03,3.368431847633e+05,3.368431841920e+05,5.713442806154e-04
6.719223315089e-03,3.369425616954e+05,3.369425611156e+05,5.798746133223e-04
6.717235967169e-03,3.370419384454e+05,3.370419378570e+05,5.883994163014e-04
6.715249794500e-03,3.371413150133e+05,3.371413144164e+05,5.969205521978e-04
6.713264796039e-03,3.372406913991e+05,3.372406907937e+05,6.054343539290e-04
6.711280970745e-03,3.373400676028e+05,3.373400669889e+05,6.139438482933e-04
6.709298317578e-03,3.374394436244e+05,3.374394430019e+05,6.224482203834e-04
6.707316835499e-03,3.375388194639e+05,3.375388188329e+05,6.309460732155e-04
6.705336523472e-03,3.376381951212e+05,3.376381944818e+05,6.394393858500e-04
6.703357380460e-03,3.377375705965e+05,3.377375699486e+05,6.479277508333e-04
6.701379405429e-03,3.378369458897e+05,3.378369452333e+05,6.564101204276e-04
6.699402597345e-03,3.379363210008e+05,3.379363203359e+05,6.648869602941e-04
6.697426955175e-03,3.380356959298e+05,3.380356952564e+05,6.733582704328e-04
6.695452477889e-03,3.381350706767e+05,3.381350699949e+05,6.818249239586e-04
6.693479164456e-03,3.382344452415e+05,3.382344445512e+05,6.902857567184e-04
6.691507013848e-03,3.383338196242e+05,3.383338189255e+05,6.987412925810e-04
6.689536025037e-03,3.384331938249e+05,3.384331931177e+05,7.071912987158e-04
6.687566196996e-03,3.385325678434e+05,3.385325671278e+05,7.156357169151e-04
6.685597528702e-03,3.386319416799e+05,3.386319409558e+05,7.240744889714e-04
6.683630019129e-03,3.387313153343e+05,3.387313146018e+05,7.325075566769e-04
6.681663667255e-03,3.388306888066e+05,3.388306880656e+05,7.409353856929e-04
6.679698472059e-03,3.389300620968e+05,3.389300613474e+05,7.493577431887e-04
6.677734432520e-03,3.390294352049e+05,3.390294344471e+05,7.577750948258e-04
6.675771547619e-03,3.391288081310e+05,3.391288073648e+05,7.661854615435e-04
6.673809816339e-03,3.392281808749e+05,3.392281801003e+05,7.745906477794e-04
6.671849237662e-03,3.393275534368e+05,3.393275526538e+05,7.829908281565e-04
6.669889810573e-03,3.394269258167e+05,3.394269250253e+05,7.913847803138e-04
6.667931534058e-03,3.395262980144e+05,3.395262972146e+05,7.997728534974e-04
6.665974407103e-03,3.396256700301e+05,3.396256692219e+05,8.081561536528e-04
6.664018428697e-03,3.397250418637e+05,3.397250410472e+05,8.165335748345e-04
6.662063597829e-03,3.398244135152e+05,3.398244126903e+05,8.249047677964e-04
6.660109913490e-03,3.399237849847e+05,3.399237841514e+05,8.332696161233e-04
6.658157374670e-03,3.400231562721e+05,3.400231554305e+05,8.416298078373e-04
6.656205980363e-03,3.401225273775e+05,3.401225265275e+05,8.499838877469e-04
6.654255729563e-03,3.402218983007e+05,3.402218974424e+05,8.583323215134e-04
6.652306621265e-03,3.403212690419e+05,3.403212681753e+05,8.666752255522e-04
6.650358654466e-03,3.404206396011e+05,3.404206387261e+05,8.750114357099e-04
6.648411828162e-03,3.405200099782e+05,3.405200090948e+05,8.833421743475e-04
6.646466141352e-03,3.406193801732e+05,3.406193792815e+05,8.916670922190e-04
6.644521593037e-03,3.407187501862e+05,3.407187492862e+05,8.999867714010e-04
6.642578182217e-03,3.408181200171e+05,3.408181191088e+05,9.082996984944e-04
6.640635907895e-03,3.409174896660e+05,3.409174887493e+05,9.166079689749e-04
6.638694769073e-03,3.410168591328e+05,3.410168582079e+05,9.249084396288e-04
6.636754764757e-03,3.411162284175e+05,3.411162274843e+05,9.332044282928e-04
6.634815893953e-03,3.412155975202e+05,3.412155965787e+05,9.414932574145e-04
6.632878155666e-03,3.413149664409e+05,3.413149654911e+05,9.497769060545e-04
6.630941548905e-03,3.414143351795e+05,3.414143342214e+05,9.580546175130e-04
6.629006072680e-03,3.415137037360e+05,3.415137027697e+05,9.663262171671e-04
6.627071725999e-03,3.416130721106e+05,3.416130711360e+05,9.745924035087e-04
6.625138507876e-03,3.417124403030e+05,3.417124393202e+05,9.828514303081e-04
6.623206417323e-03,3.418118083135e+05,3.418118073224e+05,9.911044617184e-04
6.621275453353e-03,3.419111761418e+05,3.419111751425e+05,9.993522544391e-04
6.619345614981e-03,3.420105437882e+05,3.420105427806e+05,1.007592596579e-03
6.617416901224e-03,3.421099112525e+05,3.421099102367e+05,1.015828573145e-03
6.615489311098e-03,3.422092785348e+05,3.422092775107e+05,1.024056924507e-03
6.613562843623e-03,3.423086456350e+05,3.423086446027e+05,1.032280153595e-03
6.611637497817e-03,3.424080125532e+05,3.424080115127e+05,1.040497445501e-03
6.609713272701e-03,3.425073792894e+05,3.425073782407e+05,1.048707228620e-03
6.607790167297e-03,3.426067458435e+05,3.426067447866e+05,1.056912296917e-03
6.605868180628e-03,3.427061122156e+05,3.427061111505e+05,1.065110671334e-03
6.603947311719e-03,3.428054784057e+05,3.428054773324e+05,1.073302410077e-03
6.602027559593e-03,3.429048444137e+05,3.429048433322e+05,1.081487920601e-03
6.600108923278e-03,3.430042102397e+05,3.430042091501e+05,1.089667552151e-03
6.598191401801e-03,3.431035758837e+05,3.431035747859e+05,1.097840839066e-03
6.596274994191e-03,3.432029413457e+05,3.432029402397e+05,1.106007839553e-03
6.594359699477e-03,3.433023066256e+05,3.433023055115e+05,1.114168553613e-03
6.592445516691e-03,3.434016717236e+05,3.434016706012e+05,1.122322864830e-03
6.590532444864e-03,3.435010366395e+05,3.435010355090e+05,1.130470365752e-03
6.588620483029e-03,3.436004013733e+05,3.436004002347e+05,1.138612336945e-03
6.586709630220e-03,3.436997659252e+05,3.436997647785e+05,1.146747672465e-03
6.584799885474e-03,3.437991302951e+05,3.437991291402e+05,1.154876372311e-03
6.582891247826e-03,3.438984944829e+05,3.438984933199e+05,1.162998902146e-03
6.580983716314e-03,3.439978584887e+05,3.439978573176e+05,1.171114796307e-03
6.579077289977e-03,3.440972223125e+05,3.440972211333e+05,1.179224462248e-03
6.577171967854e-03,3.441965859543e+05,3.441965847670e+05,1.187328074593e-03
6.575267748987e-03,3.442959494141e+05,3.442959482187e+05,1.195424061734e-03
6.573364632417e-03,3.443953126919e+05,3.443953114884e+05,1.203515043017e-03
6.571462617187e-03,3.444946757877e+05,3.444946745761e+05,1.211598922964e-03
6.569561702343e-03,3.445940387015e+05,3.445940374818e+05,1.219675643370e-03
6.567661886929e-03,3.446934014332e+05,3.446934002055e+05,1.227747183293e-03
6.565763169991e-03,3.447927639830e+05,3.447927627472e+05,1.235810923390e-03
6.563865550578e-03,3.448921263507e+05,3.448921251069e+05,1.243868959136e-03
6.561969027738e-03,3.449914885365e+05,3.449914872846e+05,1.251920184586e-03
6.560073600520e-03,3.450908505403e+05,3.450908492803e+05,1.259964017663e-03
6.558179267976e-03,3.451902123620e+05,3.451902110940e+05,1.268002553843e-03
6.556286029157e-03,3.452895740018e+05,3.452895727258e+05,1.276033639442e-03
6.554393883117e-03,3.453889354596e+05,3.453889341755e+05,1.284057914745e-03
6.552502828909e-03,3.454882967354e+05,3.454882954433e+05,1.292075670790e-03
6.550612865590e-03,3.455876578292e+05,3.455876565291e+05,1.300087315030e-03
6.548723992215e-03,3.456870187410e+05,3.456870174329e+05,1.308092207182e-03
6.546836207841e-03,3.457863794708e+05,3.457863781547e+05,1.316090347245e-03
6.544949511527e-03,3.458857400186e+05,3.458857386945e+05,1.324081502389e-03
6.543063902334e-03,3.459851003844e+05,3.459850990524e+05,1.332066312898e-03
6.541179379320e-03,3.460844605683e+05,3.460844592282e+05,1.340044138487e-03
6.539295941549e-03,3.461838205701e+05,3.461838192221e+05,1.348014571704e-03
6.537413588083e-03,3.462831803900e+05,3.462831790340e+05,1.355979416985e-03
6.535532317986e-03,3.463825400279e+05,3.463825386640e+05,1.363936578855e-03
6.533652130322e-03,3.464818994838e+05,3.464818981120e+05,1.371887046844e-03
6.531773024159e-03,3.465812587578e+05,3.465812573780e+05,1.379831228405e-03
6.529894998562e-03,3.466806178498e+05,3.466806164620e+05,1.387767726555e-03
6.528018052601e-03,3.467799767597e+05,3.467799753640e+05,1.395698345732e-03
6.526142185345e-03,3.468793354878e+05,3.468793340841e+05,1.403622038197e-03
6.524267395863e-03,3.469786940338e+05,3.469786926223e+05,1.411537814420e-03
6.522393683228e-03,3.470780523979e+05,3.470780509784e+05,1.419447595254e-03
6.520521046512e-03,3.471774105800e+05,3.471774091526e+05,1.427350158338e-03
6.518649484788e-03,3.472767685801e+05,3.472767671449e+05,1.435245911125e-03
6.516778997131e-03,3.473761263983e+05,3.473761249551e+05,1.443134678993e-03
6.514909582616e-03,3.474754840345e+05,3.474754825834e+05,1.451016229112e-03
6.513041240321e-03,3.475748414887e+05,3.475748400298e+05,1.458891842049e-03
6.511173969323e-03,3.476741987610e+05,3.476741972942e+05,1.466759305913e-03
6.509307768702e-03,3.477735558513e+05,3.477735543766e+05,1.474620541558e-03
6.507442637536e-03,3.478729127596e+05,3.478729112771e+05,1.482474210206e-03
6.505578574907e-03,3.479722694860e+05,3.479722679957e+05,1.490321068559e-03
6.503715579897e-03,3.480716260304e+05,3.480716245323e+05,1.498161058407e-03
6.501853651589e-03,3.481709823929e+05,3.481709808869e+05,1.505993772298e-03
6.499992789067e-03,3.482703385734e+05,3.482703370596e+05,1.513819326647e-03
6.498132991416e-03,3.483696945720e+05,3.483696930503e+05,1.521637488622e-03
6.496274257723e-03,3.484690503886e+05,3.484690488591e+05,1.529448549263e-03
6.494416587075e-03,3.485684060232e+05,3.485684044860e+05,1.537253323477e-03
6.492559978559e-03,3.486677614759e+05,3.486677599309e+05,1.545050938148e-03
6.490704431266e-03,3.487671167467e+05,3.487671151938e+05,1.552840636577e-03
6.488849944286e-03,3.488664718355e+05,3.488664702749e+05,1.560622826219e-03
6.486996516710e-03,3.489658267423e+05,3.489658251739e+05,1.568399136886e-03
6.485144147630e-03,3.490651814672e+05,3.490651798911e+05,1.576167647727e-03
6.483292836140e-03,3.491645360102e+05,3.491645344263e+05,1.583929173648e-03
6.481442581336e-03,3.492638903712e+05,3.492638887796e+05,1.591683540028e-03
6.479593382311e-03,3.493632445503e+05,3.493632429509e+05,1.599429990165e-03
6.477745238163e-03,3.494625985475e+05,3.494625969403e+05,1.607169862837e-03
6.475898147990e-03,3.495619523627e+05,3.495619507478e+05,1.614901237190e-03
6.474052110889e-03,3.496613059960e+05,3.496613043733e+05,1.622627256438e-03
6.472207125962e-03,3.497606594473e+05,3.497606578169e+05,1.630344951991e-03
6.470363192308e-03,3.498600127167e+05,3.498600110786e+05,1.638055138756e-03
6.468520309029e-03,3.499593658042e+05,3.499593641584e+05,1.645758340601e-03
6.466678475228e-03,3.500587187097e+05,3.500587170562e+05,1.653453509789e-03
6.464837690009e-03,3.501580714333e+05,3.501580697722e+05,1.661142159719e-03
6.462997952476e-03,3.502574239750e+05,3.502574223061e+05,1.668823242653e-03
6.461159261735e-03,3.503567763347e+05,3.503567746582e+05,1.676496875007e-03
6.459321616894e-03,3.504561285125e+05,3.504561268284e+05,1.684163464233e-03
6.457485017060e-03,3.505554805084e+05,3.505554788166e+05,1.691822370049e-03
6.455649461342e-03,3.506548323224e+05,3.506548306229e+05,1.699474058114e-03
6.453814948849e-03,3.507541839545e+05,3.507541822473e+05,1.707117306069e-03
6.451981478693e-03,3.508535354046e+05,3.508535336898e+05,1.714753510896e-03
6.450149049986e-03,3.509528866728e+05,3.509528849504e+05,1.722383080050e-03
6.448317661840e-03,3.510522377591e+05,3.510522360291e+05,1.730005024001e-03
6.446487313369e-03,3.511515886635e+05,3.511515869258e+05,1.737619168125e-03
6.444658003689e-03,3.512509393859e+05,3.512509376407e+05,1.745225978084e-03
6.442829731915e-03,3.513502899265e+05,3.513502881736e+05,1.752824580763e-03
6.441002497164e-03,3.514496402851e+05,3.514496385247e+05,1.760415907484e-03
6.439176298554e-03,3.515489904618e+05,3.515489886938e+05,1.767999376170e-03
6.437351135204e-03,3.516483404566e+05,3.516483386811e+05,1.775576674845e-03
6.435527006234e-03,3.517476902695e+05,3.517476884864e+05,1.783145358786e-03
6.433703910765e-03,3.518470399005e+05,3.518470381098e+05,1.790706068277e-03
6.431881847918e-03,3.519463893496e+05,3.519463875513e+05,1.798259792849e-03
6.430060816818e-03,3.520457386168e+05,3.520457368110e+05,1.805806532502e-03
6.428240816586e-03,3.521450877021e+05,3.521450858887e+05,1.813344133552e-03
6.426421846350e-03,3.522444366054e+05,3.522444347846e+05,1.820874458645e-03
6.424603905233e-03,3.523437853269e+05,3.523437834985e+05,1.828398497310e-03
6.422786992364e-03,3.524431338665e+05,3.524431320306e+05,1.835913164541e-03
6.420971106870e-03,3.525424822242e+05,3.525424803807e+05,1.843420730438e-03
6.419156247880e-03,3.526418303999e+05,3.526418285490e+05,1.850921486039e-03
6.417342414524e-03,3.527411783938e+05,3.527411765354e+05,1.858412986621e-03
6.415529605932e-03,3.528405262058e+05,3.528405243399e+05,1.865897735115e-03
6.413717821237e-03,3.529398738359e+05,3.529398719625e+05,1.873374334536e-03
6.411907059571e-03,3.530392212841e+05,3.530392194033e+05,1.880843134131e-03
6.410097320068e-03,3.531385685504e+05,3.531385666621e+05,1.888305065222e-03
6.408288601862e-03,3.532379156349e+05,3.532379137391e+05,1.895758614410e-03
6.406480904090e-03,3.533372625374e+05,3.533372606342e+05,1.903204538394e-03
6.404674225888e-03,3.534366092581e+05,3.534366073474e+05,1.910640974529e-03
6.402868566394e-03,3.535359557968e+05,3.535359538787e+05,1.918071531691e-03
6.401063924746e-03,3.536353021537e+05,3.536353002282e+05,1.925494347233e-03
6.399260300085e-03,3.537346483287e+05,3.537346463958e+05,1.932908315212e-03
6.397457691549e-03,3.538339943218e+05,3.538339923815e+05,1.940314832609e-03
6.395656098282e-03,3.539333401331e+05,3.539333381854e+05,1.947713259142e-03
6.393855519426e-03,3.540326857624e+05,3.540326838073e+05,1.955103885848e-03
6.392055954123e-03,3.541320312099e+05,3.541320292474e+05,1.962487061974e-03
6.390257401519e-03,3.542313764755e+05,3.542313745057e+05,1.969861448742e-03
6.388459860759e-03,3.543307215593e+05,3.543307195820e+05,1.977227570023e-03
6.386663330990e-03,3.544300664611e+05,3.544300644765e+05,1.984586939216e-03
6.384867811358e-03,3.545294111811e+05,3.545294091892e+05,1.991938450374e-03
6.383073301012e-03,3.546287557192e+05,3.546287537200e+05,1.999280764721e-03
6.381279799101e-03,3.547281000755e+05,3.547280980689e+05,2.006615512073e-03
6.379487304775e-03,3.548274442499e+05,3.548274422359e+05,2.013942692429e-03
6.377695817186e-03,3.549267882424e+05,3.549267862211e+05,2.021261665504e-03
6.375905335486e-03,3.550261320530e+05,3.550261300245e+05,2.028572955169e-03
6.374115858827e-03,3.551254756818e+05,3.551254736460e+05,2.035875455476e-03
6.372327386364e-03,3.552248191288e+05,3.552248170856e+05,2.043170388788e-03
6.370539917251e-03,3.553241623938e+05,3.553241603434e+05,2.050457289442e-03
6.368753450645e-03,3.554235054770e+05,3.554235034193e+05,2.057735342532e-03
6.366967985702e-03,3.555228483784e+05,3.555228463134e+05,2.065006061457e-03
6.365183521581e-03,3.556221910979e+05,3.556221890256e+05,2.072268689517e-03
6.363400057439e-03,3.557215336355e+05,3.557215315560e+05,2.079523517750e-03
6.361617592437e-03,3.558208759913e+05,3.558208739045e+05,2.086768916342e-03
6.359836125735e-03,3.559202181652e+05,3.559202160712e+05,2.094007795677e-03
6.358055656495e-03,3.560195601573e+05,3.560195580561e+05,2.101237303577e-03
6.356276183879e-03,3.561189019675e+05,3.561188998591e+05,2.108458895236e-03
6.354497707051e-03,3.562182435959e+05,3.562182414802e+05,2.115672104992e-03
6.352720225175e-03,3.563175850425e+05,3.563175829196e+05,2.122877456713e-03
6.350943737416e-03,3.564169263071e+05,3.564169241771e+05,2.130075183231e-03
6.349168242941e-03,3.565162673900e+05,3.565162652527e+05,2.137263887562e-03
6.347393740917e-03,3.566156082910e+05,3.566156061465e+05,2.144443860743e-03
6.345620230511e-03,3.567149490101e+05,3.567149468585e+05,2.151616557967e-03
6.343847710894e-03,3.568142895475e+05,3.568142873887e+05,2.158781047910e-03
6.342076181234e-03,3.569136299029e+05,3.569136277370e+05,2.165936573874e-03
6.340305640704e-03,3.570129700766e+05,3.570129679035e+05,2.173084067181e-03
6.338536088473e-03,3.571123100684e+05,3.571123078881e+05,2.180223877076e-03
6.336767523717e-03,3.572116498783e+05,3.572116476910e+05,2.187354431953e-03
6.334999945607e-03,3.573109895065e+05,3.573109873120e+05,2.194476430304e-03
6.333233353318e-03,3.574103289528e+05,3.574103267512e+05,2.201591618359e-03
6.331467746027e-03,3.575096682172e+05,3.575096660085e+05,2.208697260357e-03
6.329703122910e-03,3.576090072999e+05,3.576090050841e+05,2.215794927906e-03
6.327939483143e-03,3.577083462007e+05,3.577083439778e+05,2.222883864306e-03
6.326176825905e-03,3.578076849197e+05,3.578076826897e+05,2.229965291917e-03
6.324415150376e-03,3.579070234568e+05,3.579070212198e+05,2.237036766019e-03
6.322654455735e-03,3.580063618122e+05,3.580063595680e+05,2.244101429824e-03
6.320894741163e-03,3.581056999857e+05,3.581056977345e+05,2.251156663988e-03
6.319136005843e-03,3.582050379773e+05,3.582050357191e+05,2.258203749079e-03
6.317378248957e-03,3.583043757872e+05,3.583043735220e+05,2.265241811983e-03
6.315621469689e-03,3.584037134153e+05,3.584037111430e+05,2.272272016853e-03
6.313865667223e-03,3.585030508615e+05,3.585030485822e+05,2.279293490574e-03
6.312110840745e-03,3.586023881259e+05,3.586023858396e+05,2.286307571921e-03
6.310356989442e-03,3.587017252085e+05,3.587017229152e+05,2.293311990798e-03
6.308604112500e-03,3.588010621093e+05,3.588010598090e+05,2.300308085978e-03
6.306852209109e-03,3.589003988282e+05,3.589003965209e+05,2.307296090294e-03
6.305101278456e-03,3.589997353654e+05,3.589997330511e+05,2.314274781384e-03
6.303351319734e-03,3.590990717208e+05,3.590990693995e+05,2.321245847270e-03
6.301602332131e-03,3.591984078943e+05,3.591984055661e+05,2.328207134269e-03
6.299854314840e-03,3.592977438860e+05,3.592977415509e+05,2.335161378141e-03
6.298107267055e-03,3.593970796959e+05,3.593970773538e+05,2.342105726711e-03
6.296361187968e-03,3.594964153241e+05,3.594964129750e+05,2.349042042624e-03
6.294616076774e-03,3.595957507704e+05,3.595957484144e+05,2.355969685595e-03
6.292871932668e-03,3.596950860349e+05,3.596950836720e+05,2.362889179494e-03
6.291128754848e-03,3.597944211176e+05,3.597944187478e+05,2.369799010921e-03
6.289386542509e-03,3.598937560185e+05,3.598937536418e+05,2.376700984314e-03
6.287645294850e-03,3.599930907377e+05,3.599930883541e+05,2.383594110142e-03
6.285905011071e-03,3.600924252750e+05,3.600924228845e+05,2.390477689914e-03
6.284165690371e-03,3.601917596305e+05,3.601917572332e+05,2.397354168352e-03
6.282427331950e-03,3.602910938042e+05,3.602910914000e+05,2.404220926110e-03
6.280689935011e-03,3.603904277962e+05,3.603904253851e+05,2.411079069134e-03
6.278953498756e-03,3.604897616063e+05,3.604897591884e+05,2.417928772047e-03
6.277218022388e-03,3.605890952347e+05,3.605890928099e+05,2.424770093057e-03
6.275483505112e-03,3.606884286813e+05,3.606884262497e+05,2.431601926219e-03
6.273749946133e-03,3.607877619460e+05,3.607877595076e+05,2.438425377477e-03
6.272017344656e-03,3.608870950290e+05,3.608870925838e+05,2.445239340886e-03
6.270285699890e-03,3.609864279303e+05,3.609864254782e+05,2.452045271639e-03
6.268555011041e-03,3.610857606497e+05,3.610857581908e+05,2.458842704073e-03
6.266825277318e-03,3.611850931873e+05,3.611850907217e+05,2.465630299412e-03
6.265096497931e-03,3.612844255432e+05,3.612844230708e+05,2.472410211340e-03
6.263368672090e-03,3.613837577173e+05,3.613837552381e+05,2.479181101080e-03
6.261641799007e-03,3.614830897096e+05,3.614830872237e+05,2.485942095518e-03
6.259915877894e-03,3.615824215201e+05,3.615824190274e+05,2.492695639376e-03
6.258190907964e-03,3.616817531489e+05,3.616817506495e+05,2.499439870007e-03
6.256466888430e-03,3.617810845959e+05,3.617810820897e+05,2.506174845621e-03
6.254743818507e-03,3.618804158611e+05,3.618804133482e+05,2.512900973670e-03
6.253021697412e-03,3.619797469445e+05,3.619797444249e+05,2.519617672078e-03
6.251300524360e-03,3.620790778462e+05,3.620790753199e+05,2.526326628868e-03
6.249580298569e-03,3.621784085661e+05,3.621784060331e+05,2.533026272431e-03
6.247861019257e-03,3.622777391043e+05,3.622777365645e+05,2.539716777392e-03
6.246142685644e-03,3.623770694606e+05,3.623770669142e+05,2.546398143750e-03
6.244425296948e-03,3.624763996352e+05,3.624763970822e+05,2.553071011789e-03
6.242708852391e-03,3.625757296281e+05,3.625757270683e+05,2.559735090472e-03
6.240993351195e-03,3.626750594392e+05,3.626750568728e+05,2.566389914136e-03
6.239278792582e-03,3.627743890685e+05,3.627743864954e+05,2.573035540991e-03
6.237565175776e-03,3.628737185160e+05,3.628737159364e+05,2.579673018772e-03
6.235852500000e-03,3.629730477819e+05,3.629730451956e+05,2.586300834082e-03
6.234140764480e-03,3.630723768659e+05,3.630723742730e+05,2.592918986920e-03
6.232429968441e-03,3.631717057682e+05,3.631717031687e+05,2.599528525025e-03
6.230720111111e-03,3.632710344887e+05,3.632710318826e+05,2.606129739434e-03
6.229011191717e-03,3.633703630275e+05,3.633703604148e+05,2.612721291371e-03
6.227303209487e-03,3.634696913846e+05,3.634696887653e+05,2.619303762913e-03
6.225596163651e-03,3.635690195598e+05,3.635690169340e+05,2.625877503306e-03
6.223890053439e-03,3.636683475534e+05,3.636683449209e+05,2.632442221511e-03
6.222184878082e-03,3.637676753652e+05,3.637676727262e+05,2.638997277245e-03
6.220480636812e-03,3.638670029952e+05,3.638670003497e+05,2.645543019753e-03
6.218777328861e-03,3.639663304435e+05,3.639663277914e+05,2.652080322150e-03
6.217074953463e-03,3.640656577101e+05,3.640656550515e+05,2.658608427737e-03
6.215373509852e-03,3.641649847949e+05,3.641649821298e+05,2.665127860382e-03
6.213672997264e-03,3.642643116980e+05,3.642643090263e+05,2.671637106687e-03
6.211973414934e-03,3.643636384193e+05,3.643636357412e+05,2.678137447219e-03
6.210274762100e-03,3.644629649589e+05,3.644629622743e+05,2.684628474526e-03
6.208577037999e-03,3.645622913168e+05,3.645622886257e+05,2.691110828891e-03
6.206880241869e-03,3.646616174929e+05,3.646616147953e+05,2.697584393900e-03
6.205184372951e-03,3.647609434873e+05,3.647609407832e+05,2.704047830775e-03
6.203489430483e-03,3.648602693000e+05,3.648602665895e+05,2.710501838010e-03
6.201795413708e-03,3.649595949309e+05,3.649595922139e+05,2.716948511079e-03
6.200102321867e-03,3.650589203801e+05,3.650589176567e+05,2.723383600824e-03
6.198410154203e-03,3.651582456476e+05,3.651582429177e+05,2.729811414611e-03
6.196718909959e-03,3.652575707333e+05,3.652575679971e+05,2.736228168942e-03
6.195028588380e-03,3.653568956373e+05,3.653568928947e+05,2.742636541370e-03
6.193339188710e-03,3.654562203596e+05,3.654562176106e+05,2.749036473688e-03
6.191650710196e-03,3.655555449002e+05,3.655555421448e+05,2.755425288342e-03
6.189963152085e-03,3.656548692590e+05,3.656548664972e+05,2.761806012131e-03
6.188276513624e-03,3.657541934362e+05,3.657541906680e+05,2.768177306280e-03
6.186590794062e-03,3.658535174316e+05,3.658535146571e+05,2.774538705125e-03
6.184905992647e-03,3.659528412453e+05,3.659528384644e+05,2.780891314615e-03
6.183222108631e-03,3.660521648773e+05,3.660521620900e+05,2.787235309370e-03
6.181539141263e-03,3.661514883275e+05,3.661514855340e+05,2.793568884954e-03
6.179857089796e-03,3.662508115961e+05,3.662508087962e+05,2.799892623443e-03
6.178175953482e-03,3.663501346829e+05,3.663501318767e+05,2.806207805406e-03
6.176495731575e-03,3.664494575880e+05,3.664494547755e+05,2.812514023390e-03
6.174816423328e-03,3.665487803115e+05,3.665487774927e+05,2.818810113240e-03
6.173138027997e-03,3.666481028532e+05,3.666481000281e+05,2.825097413734e-03
6.171460544837e-03,3.667474252132e+05,3.667474223818e+05,2.831374411471e-03
6.169783973105e-03,3.668467473915e+05,3.668467445538e+05,2.837642154191e-03
6.168108312059e-03,3.669460693881e+05,3.669460665442e+05,2.843900467269e-03
6.166433560956e-03,3.670453912030e+05,3.670453883528e+05,2.850150282029e-03
6.164759719055e-03,3.671447128361e+05,3.671447099798e+05,2.856389735825e-03
6.163086785617e-03,3.672440342876e+05,3.672440314250e+05,2.862620633096e-03
6.161414759902e-03,3.673433555574e+05,3.673433526886e+05,2.868841111194e-03
6.159743641172e-03,3.674426766455e+05,3.674426737705e+05,2.875051810406e-03
6.158073428688e-03,3.675419975519e+05,3.675419946707e+05,2.881254185922e-03
6.156404121713e-03,3.676413182766e+05,3.676413153892e+05,2.887446025852e-03
6.154735719512e-03,3.677406388196e+05,3.677406359260e+05,2.893628610764e-03
6.153068221349e-03,3.678399591809e+05,3.678399562811e+05,2.899802289903e-03
6.151401626490e-03,3.679392793606e+05,3.679392764546e+05,2.905965840910e-03
6.149735934200e-03,3.680385993585e+05,3.680385964464e+05,2.912120253313e-03
6.148071143747e-03,3.681379191748e+05,3.681379162565e+05,2.918265294284e-03
6.146407254398e-03,3.682372388093e+05,3.682372358849e+05,2.924399916083e-03
6.144744265422e-03,3.683365582622e+05,3.683365553317e+05,2.930525457487e-03
6.143082176089e-03,3.684358775334e+05,3.684358745967e+05,2.936640812550e-03
6.141420985668e-03,3.685351966229e+05,3.685351936801e+05,2.942747669294e-03
6.139760693431e-03,3.686345155307e+05,3.686345125819e+05,2.948844281491e-03
6.138101298649e-03,3.687338342569e+05,3.687338313019e+05,2.954931289423e-03
6.136442800594e-03,3.688331528013e+05,3.688331498403e+05,2.961009100545e-03
6.134785198541e-03,3.689324711641e+05,3.689324681970e+05,2.967076201458e-03
6.133128491763e-03,3.690317893452e+05,3.690317863721e+05,2.973134221975e-03
6.131472679536e-03,3.691311073447e+05,3.691311043655e+05,2.979182929266e-03
6.129817761134e-03,3.692304251624e+05,3.692304221772e+05,2.985221741255e-03
6.128163735834e-03,3.693297427985e+05,3.693297398073e+05,2.991251181811e-03
6.126510602913e-03,3.694290602530e+05,3.694290572557e+05,2.997271076310e-03
6.124858361650e-03,3.695283775257e+05,3.695283745224e+05,3.003280668054e-03
6.123207011324e-03,3.696276946168e+05,3.696276916075e+05,3.009280713741e-03
6.121556551213e-03,3.697270115262e+05,3.697270085110e+05,3.015271096956e-03
6.119906980598e-03,3.698263282540e+05,3.698263252327e+05,3.021252050530e-03
6.118258298761e-03,3.699256448001e+05,3.699256417728e+05,3.027222177479e-03
6.116610504982e-03,3.700249611645e+05,3.700249581313e+05,3.033183631487e-03
6.114963598546e-03,3.701242773473e+05,3.701242743081e+05,3.039135714062e-03
6.113317578735e-03,3.702235933484e+05,3.702235903033e+05,3.045076970011e-03
6.111672444833e-03,3.703229091678e+05,3.703229061168e+05,3.051008738112e-03
6.110028196126e-03,3.704222248056e+05,3.704222217487e+05,3.056931658648e-03
6.108384831899e-03,3.705215402617e+05,3.705215371989e+05,3.062844334636e-03
6.106742351439e-03,3.706208555362e+05,3.706208524675e+05,3.068747115321e-03
6.105100754032e-03,3.707201706290e+05,3.707201675544e+05,3.074639244005e-03
6.103460038968e-03,3.708194855402e+05,3.708194824597e+05,3.080522350501e-03
6.101820205535e-03,3.709188002697e+05,3.709187971834e+05,3.086395503487e-03
6.100181253022e-03,3.710181148176e+05,3.710181117254e+05,3.092259168625e-03
6.098543180720e-03,3.711174291839e+05,3.711174260857e+05,3.098112123553e-03
6.096905987919e-03,3.712167433684e+05,3.712167402645e+05,3.103955648839e-03
6.095269673913e-03,3.713160573714e+05,3.713160542616e+05,3.109789511655e-03
6.093634237993e-03,3.714153711927e+05,3.714153680770e+05,3.115613420960e-03
6.091999679453e-03,3.715146848323e+05,3.715146817109e+05,3.121428075247e-03
6.090365997586e-03,3.716139982903e+05,3.716139951631e+05,3.127231786493e-03
6.088733191689e-03,3.717133115667e+05,3.717133084337e+05,3.133026009891e-03
6.087101261056e-03,3.718126246614e+05,3.718126215226e+05,3.138810803648e-03
6.085470204984e-03,3.719119375745e+05,3.719119344299e+05,3.144584421534e-03
6.083840022770e-03,3.720112503060e+05,3.720112471556e+05,3.150349541102e-03
6.082210713712e-03,3.721105628558e+05,3.721105596997e+05,3.156104183290e-03
6.080582277108e-03,3.722098752240e+05,3.722098720621e+05,3.161848639138e-03
6.078954712259e-03,3.723091874105e+05,3.723091842429e+05,3.167583548930e-03
6.077328018464e-03,3.724084994154e+05,3.724084962421e+05,3.173307981342e-03
6.075702195024e-03,3.725078112387e+05,3.725078080597e+05,3.179023566190e-03
6.074077241241e-03,3.726071228804e+05,3.726071196957e+05,3.184727684129e-03
6.072453156417e-03,3.727064343405e+05,3.727064311500e+05,3.190422721673e-03
6.070829939856e-03,3.728057456189e+05,3.728057424228e+05,3.196107922122e-03
6.069207590861e-03,3.729050567157e+05,3.729050535139e+05,3.201782121323e-03
6.067586108736e-03,3.730043676308e+05,3.730043644234e+05,3.207447705790e-03
6.065965492788e-03,3.731036783644e+05,3.731036751513e+05,3.213102230802e-03
6.064345742323e-03,3.732029889163e+05,3.732029856976e+05,3.218746918719e-03
6.062726856647e-03,3.733022992866e+05,3.733022960622e+05,3.224381885957e-03
6.061108835068e-03,3.734016094753e+05,3.734016062453e+05,3.230006492231e-03
6.059491676894e-03,3.735009194824e+05,3.735009162468e+05,3.235621436033e-03
6.057875381435e-03,3.736002293079e+05,3.736002260666e+05,3.241225786041e-03
6.056259948000e-03,3.736995389517e+05,3.736995357049e+05,3.246820997447e-03
6.054645375900e-03,3.737988484139e+05,3.737988451615e+05,3.252405032981e-03
6.053031664446e-03,3.738981576946e+05,3.738981544366e+05,3.257979347836e-03
6.051418812950e-03,3.739974667936e+05,3.739974635300e+05,3.263543767389e-03
6.049806820725e-03,3.740967757110e+05,3.740967724419e+05,3.269097709563e-03
6.048195687084e-03,3.741960844468e+05,3.741960811722e+05,3.274642396718e-03
6.046585411342e-03,3.742953930010e+05,3.742953897208e+05,3.280175384134e-03
6.044975992813e-03,3.743947013736e+05,3.743946980879e+05,3.285699291155e-03
6.043367430814e-03,3.744940095646e+05,3.744940062734e+05,3.291213652119e-03
6.041759724661e-03,3.745933175740e+05,3.745933142773e+05,3.296716837212e-03
6.040152873670e-03,3.746926254018e+05,3.746926220996e+05,3.302210709080e-03
6.038546877160e-03,3.747919330480e+05,3.747919297403e+05,3.307694045361e-03
6.036941734450e-03,3.748912405126e+05,3.748912371994e+05,3.313166729640e-03
6.035337444858e-03,3.749905477956e+05,3.749905444769e+05,3.318630682770e-03
6.033734007705e-03,3.750898548970e+05,3.750898515729e+05,3.324083168991e-03
6.032131422311e-03,3.751891618168e+05,3.751891584873e+05,3.329525876325e-03
6.030529687998e-03,3.752884685550e+05,3.752884652201e+05,3.334957465995e-03
6.028928804088e-03,3.753877751117e+05,3.753877717713e+05,3.340379800647e-03
6.027328769904e-03,3.754870814867e+05,3.754870781409e+05,3.345792181790e-03
6.025729584770e-03,3.755863876801e+05,3.755863843290e+05,3.351193910930e-03
6.024131248011e-03,3.756856936920e+05,3.756856903354e+05,3.356585279107e-03
6.022533758950e-03,3.757849995223e+05,3.757849961603e+05,3.361966693774e-03
6.020937116914e-03,3.758843051710e+05,3.758843018037e+05,3.367337340023e-03
6.019341321230e-03,3.759836106381e+05,3.759836072654e+05,3.372698382009e-03
6.017746371224e-03,3.760829159237e+05,3.760829125456e+05,3.378048830200e-03
6.016152266225e-03,3.761822210276e+05,3.761822176442e+05,3.383388742805e-03
6.014559005561e-03,3.762815259500e+05,3.762815225613e+05,3.388719225768e-03
6.012966588562e-03,3.763808306908e+05,3.763808272968e+05,3.394038998522e-03
6.011375014558e-03,3.764801352500e+05,3.764801318507e+05,3.399348410312e-03
6.009784282879e-03,3.765794396277e+05,3.765794362230e+05,3.404647461139e-03
6.008194392857e-03,3.766787438238e+05,3.766787404138e+05,3.409935918171e-03
6.006605343824e-03,3.767780478383e+05,3.767780444230e+05,3.415213897824e-03
6.005017135114e-03,3.768773516712e+05,3.768773482507e+05,3.420482447837e-03
6.003429766059e-03,3.769766553226e+05,3.769766518968e+05,3.425739705563e-03
6.001843235994e-03,3.770759587924e+05,3.770759553614e+05,3.430988057517e-03
6.000257544254e-03,3.771752620806e+05,3.771752586444e+05,3.436224593315e-03
5.998672690174e-03,3.772745651873e+05,3.772745617458e+05,3.441451350227e-03
5.997088673092e-03,3.773738681124e+05,3.773738646657e+05,3.446668037213e-03
5.995505492344e-03,3.774731708559e+05,3.774731674040e+05,3.451874013990e-03
5.993923147268e-03,3.775724734179e+05,3.775724699608e+05,3.457069513388e-03
5.992341637203e-03,3.776717757983e+05,3.776717723361e+05,3.462254942860e-03
5.990760961488e-03,3.777710779972e+05,3.777710745298e+05,3.467429603916e-03
5.989181119462e-03,3.778703800145e+05,3.778703765419e+05,3.472594136838e-03
5.987602110467e-03,3.779696818502e+05,3.779696783725e+05,3.477748250589e-03
5.986023933843e-03,3.780689835044e+05,3.780689800216e+05,3.482891770545e-03
5.984446588933e-03,3.781682849771e+05,3.781682814891e+05,3.488025977276e-03
5.982870075079e-03,3.782675862682e+05,3.782675827750e+05,3.493147902191e-03
5.981294391625e-03,3.783668873777e+05,3.783668838795e+05,3.498260921333e-03
5.979719537915e-03,3.784661883057e+05,3.784661848024e+05,3.503361949697e-03
5.978145513293e-03,3.785654890522e+05,3.785654855437e+05,3.508454305120e-03
5.976572317105e-03,3.786647896171e+05,3.786647861035e+05,3.513535310049e-03
5.974999948698e-03,3.787640900004e+05,3.787640864818e+05,3.518605895806e-03
5.973428407417e-03,3.788633902022e+05,3.788633866786e+05,3.523665654939e-03
5.971857692611e-03,3.789626902225e+05,3.789626866938e+05,3.528715984430e-03
5.970287803628e-03,3.790619900612e+05,3.790619865275e+05,3.533754148521e-03
5.968718739816e-03,3.791612897184e+05,3.791612861796e+05,3.538782766555e-03
5.967150500525e-03,3.792605891941e+05,3.792605856503e+05,3.543800616171e-03
5.965583085106e-03,3.793598884882e+05,3.793598849394e+05,3.548808337655e-03
5.964016492910e-03,3.794591876008e+05,3.794591840470e+05,3.553805756383e-03
5.962450723287e-03,3.795584865318e+05,3.795584829730e+05,3.558792930562e-03
5.960885775591e-03,3.796577852813e+05,3.796577817176e+05,3.563768288586e-03
5.959321649173e-03,3.797570838493e+05,3.797570802806e+05,3.568734216969e-03
5.957758343389e-03,3.798563822358e+05,3.798563786621e+05,3.573689609766e-03
5.956195857592e-03,3.799556804407e+05,3.799556768621e+05,3.578633593861e-03
5.954634191138e-03,3.800549784641e+05,3.800549748805e+05,3.583567158785e-03
5.953073343381e-03,3.801542763060e+05,3.801542727175e+05,3.588490944821e-03
5.951513313679e-03,3.802535739663e+05,3.802535703729e+05,3.593403147534e-03
5.949954101389e-03,3.803528714451e+05,3.803528678468e+05,3.598305571359e-03
5.948395705867e-03,3.804521687424e+05,3.804521651392e+05,3.603197576012e-03
5.946838126473e-03,3.805514658582e+05,3.805514622501e+05,3.608079161495e-03
5.945281362565e-03,3.806507627925e+05,3.806507591795e+05,3.612948756199e-03
5.943725413504e-03,3.807500595452e+05,3.807500559274e+05,3.617809561547e-03
5.942170278650e-03,3.808493561164e+05,3.808493524938e+05,3.622657968663e-03
5.940615957363e-03,3.809486525061e+05,3.809486488786e+05,3.627497411799e-03
5.939062449006e-03,3.810479487143e+05,3.810479450820e+05,3.632324689534e-03
5.937509752941e-03,3.811472447410e+05,3.811472411039e+05,3.637143003289e-03
5.935957868531e-03,3.812465405862e+05,3.812465369442e+05,3.641949093435e-03
5.934406795140e-03,3.813458362498e+05,3.813458326031e+05,3.646744880825e-03
5.932856532132e-03,3.814451317320e+05,3.814451280805e+05,3.651531296782e-03
5.931307078872e-03,3.815444270326e+05,3.815444233763e+05,3.656305954792e-03
5.929758434726e-03,3.816437221518e+05,3.816437184907e+05,3.661069960799e-03
5.928210599060e-03,3.817430170894e+05,3.817430134236e+05,3.665823140182e-03
5.926663571242e-03,3.818423118455e+05,3.818423081750e+05,3.670566482469e-03
5.925117350639e-03,3.819416064202e+05,3.819416027449e+05,3.675298823509e-03
5.923571936620e-03,3.820409008133e+05,3.820408971333e+05,3.680019697640e-03
5.922027328553e-03,3.821401950249e+05,3.821401913402e+05,3.684729977977e-03
5.920483525808e-03,3.822394890550e+05,3.822394853656e+05,3.689430886880e-03
5.918940527756e-03,3.823387829037e+05,3.823387792096e+05,3.694119921420e-03
5.917398333768e-03,3.824380765708e+05,3.824380728720e+05,3.698798362166e-03
5.915856943214e-03,3.825373700565e+05,3.825373663530e+05,3.703467024025e-03
5.914316355469e-03,3.826366633606e+05,3.826366596525e+05,3.708123345859e-03
5.912776569904e-03,3.827359564833e+05,3.827359527705e+05,3.712770470884e-03
5.911237585893e-03,3.828352494244e+05,3.828352457070e+05,3.717405546922e-03
5.909699402810e-03,3.829345421841e+05,3.829345384621e+05,3.722030669451e-03
5.908162020031e-03,3.830338347623e+05,3.830338310357e+05,3.726645722054e-03
5.906625436931e-03,3.831331271590e+05,3.831331234278e+05,3.731249482371e-03
5.905089652886e-03,3.832324193743e+05,3.832324156384e+05,3.735841833986e-03
5.903554667273e-03,3.833317114080e+05,3.833317076676e+05,3.740424232092e-03
5.902020479470e-03,3.834310032603e+05,3.834309995153e+05,3.744995337911e-03
5.900487088854e-03,3.835302949310e+05,3.835302911815e+05,3.749555791728e-03
5.898954494805e-03,3.836295864203e+05,3.836295826662e+05,3.754104836844e-03
5.897422696702e-03,3.837288777281e+05,3.837288739695e+05,3.758644044865e-03
5.895891693925e-03,3.838281688545e+05,3.838281650913e+05,3.763172077015e-03
5.894361485855e-03,3.839274597994e+05,3.839274560317e+05,3.767690155655e-03
5.892832071873e-03,3.840267505628e+05,3.840267467906e+05,3.772195952479e-03
5.891303451362e-03,3.841260411447e+05,3.841260373680e+05,3.776691679377e-03
5.889775623703e-03,3.842253315451e+05,3.842253277640e+05,3.781176521443e-03
5.888248588281e-03,3.843246217641e+05,3.843246179785e+05,3.785650653299e-03
5.886722344479e-03,3.844239118016e+05,3.844239080115e+05,3.790113842115e-03
5.885196891682e-03,3.845232016577e+05,3.845231978631e+05,3.794565913267e-03
5.883672229275e-03,3.846224913323e+05,3.846224875332e+05,3.799008089118e-03
5.882148356643e-03,3.847217808254e+05,3.847217770219e+05,3.803439147305e-03
5.880625273175e-03,3.848210701370e+05,3.848210663292e+05,3.807858854998e-03
5.879102978255e-03,3.849203592672e+05,3.849203554550e+05,3.812267794274e-03
5.877581471273e-03,3.850196482159e+05,3.850196443993e+05,3.816665266640e-03
5.876060751617e-03,3.851189369832e+05,3.851189331622e+05,3.821053600404e-03
5.874540818676e-03,3.852182255690e+05,3.852182217436e+05,3.825428895652e-03
5.873021671839e-03,3.853175139734e+05,3.853175101436e+05,3.829795226920e-03
5.871503310496e-03,3.854168021963e+05,3.854167983621e+05,3.834150091279e-03
5.869985734040e-03,3.855160902377e+05,3.855160863992e+05,3.838493430521e-03
5.868468941860e-03,3.856153780977e+05,3.856153742549e+05,3.842826350592e-03
5.866952933351e-03,3.857146657763e+05,3.857146619291e+05,3.847148269415e-03
5.865437707903e-03,3.858139532734e+05,3.858139494219e+05,3.851459012367e-03
5.863923264911e-03,3.859132405890e+05,3.859132367333e+05,3.855759627186e-03
5.862409603769e-03,3.860125277232e+05,3.860125238632e+05,3.860048367642e-03
5.860896723871e-03,3.861118146760e+05,3.861118108116e+05,3.864327503834e-03
5.859384624613e-03,3.862111014473e+05,3.862110975787e+05,3.868594358210e-03
5.857873305391e-03,3.863103880372e+05,3.863103841643e+05,3.872850968037e-03
5.856362765601e-03,3.864096744456e+05,3.864096705685e+05,3.877096634824e-03
5.854853004640e-03,3.865089606726e+05,3.865089567912e+05,3.881331358571e-03
5.853344021907e-03,3.866082467181e+05,3.866082428325e+05,3.885555255692e-03
5.851835816800e-03,3.867075325822e+05,3.867075286924e+05,3.889767278451e-03
5.850328388717e-03,3.868068182649e+05,3.868068143709e+05,3.893968882039e-03
5.848821737059e-03,3.869061037661e+05,3.869060998680e+05,3.898159833625e-03
5.847315861226e-03,3.870053890859e+05,3.870053851836e+05,3.902339900378e-03
5.845810760618e-03,3.871046742243e+05,3.871046703178e+05,3.906508907676e-03
5.844306434637e-03,3.872039591812e+05,3.872039552706e+05,3.910667146556e-03
5.842802882686e-03,3.873032439567e+05,3.873032400419e+05,3.914814034943e-03
5.841300104167e-03,3.874025285508e+05,3.874025246319e+05,3.918950154912e-03
5.839798098483e-03,3.875018129635e+05,3.875018090404e+05,3.923075157218e-03
5.838296865039e-03,3.876010971947e+05,3.876010932675e+05,3.927188983653e-03
5.836796403238e-03,3.877003812445e+05,3.877003773132e+05,3.931291925255e-03
5.835296712487e-03,3.877996651129e+05,3.877996611775e+05,3.935382992495e-03
5.833797792191e-03,3.878989487998e+05,3.878989448604e+05,3.939463815186e-03
5.832299641757e-03,3.879982323054e+05,3.879982283618e+05,3.943534160499e-03
5.830802260590e-03,3.880975156295e+05,3.880975116819e+05,3.947592922486e-03
5.829305648101e-03,3.881967987722e+05,3.881967948206e+05,3.951640799642e-03
5.827809803695e-03,3.882960817335e+05,3.882960777778e+05,3.955677384511e-03
5.826314726783e-03,3.883953645134e+05,3.883953605537e+05,3.959702851716e-03
5.824820416774e-03,3.884946471118e+05,3.884946431481e+05,3.963718598243e-03
5.823326873077e-03,3.885939295289e+05,3.885939255611e+05,3.967722004745e-03
5.821834095104e-03,3.886932117645e+05,3.886932077928e+05,3.971714701038e-03
5.820342082265e-03,3.887924938187e+05,3.887924898430e+05,3.975696396083e-03
5.818850833974e-03,3.888917756915e+05,3.888917717119e+05,3.979667148087e-03
5.817360349641e-03,3.889910573830e+05,3.889910533993e+05,3.983626782428e-03
5.815870628681e-03,3.890903388930e+05,3.890903349054e+05,3.987575706560e-03
5.814381670507e-03,3.891896202216e+05,3.891896162300e+05,3.991512174252e-03
5.812893474533e-03,3.892889013688e+05,3.892888973733e+05,3.995438979473e-03
5.811406040174e-03,3.893881823345e+05,3.893881783352e+05,3.999353852123e-03
5.809919366846e-03,3.894874631189e+05,3.894874591157e+05,4.003258072771e-03
5.808433453964e-03,3.895867437219e+05,3.895867397148e+05,4.007150826510e-03
5.806948300946e-03,3.896860241435e+05,3.896860201325e+05,4.011033568531e-03
5.805463907209e-03,3.897853043837e+05,3.897853003688e+05,4.014904261567e-03
5.803980272170e-03,3.898845844425e+05,3.898845804238e+05,4.018764360808e-03
5.802497395248e-03,3.899838643200e+05,3.899838602973e+05,4.022612236440e-03
5.801015275862e-03,3.900831440160e+05,3.900831399895e+05,4.026450042147e-03
5.799533913432e-03,3.901824235306e+05,3.901824195003e+05,4.030276148114e-03
5.798053307378e-03,3.902817028639e+05,3.902816988298e+05,4.034091951326e-03
5.796573457121e-03,3.903809820157e+05,3.903809779778e+05,4.037896229420e-03
5.795094362082e-03,3.904802609862e+05,3.904802569445e+05,4.041688749567e-03
5.793616021684e-03,3.905795397753e+05,3.905795357298e+05,4.045470792335e-03
5.792138435348e-03,3.906788183830e+05,3.906788143337e+05,4.049241659231e-03
5.790661602499e-03,3.907780968093e+05,3.907780927563e+05,4.053001292050e-03
5.789185522559e-03,3.908773750542e+05,3.908773709974e+05,4.056749341544e-03
5.787710194954e-03,3.909766531178e+05,3.909766490573e+05,4.060487961397e-03
5.786235619108e-03,3.910759309999e+05,3.910759269357e+05,4.064214532264e-03
5.784761794447e-03,3.911752087007e+05,3.911752046328e+05,4.067929170560e-03
5.783288720397e-03,3.912744862201e+05,3.912744821485e+05,4.071633331478e-03
5.781816396385e-03,3.913737635582e+05,3.913737594829e+05,4.075325967278e-03
5.780344821838e-03,3.914730407149e+05,3.914730366358e+05,4.079007834662e-03
5.778873996183e-03,3.915723176902e+05,3.915723136075e+05,4.082677594852e-03
5.777403918850e-03,3.916715944841e+05,3.916715903977e+05,4.086336353794e-03
5.775934589268e-03,3.917708710966e+05,3.917708670067e+05,4.089985566679e-03
5.774466006865e-03,3.918701475278e+05,3.918701434342e+05,4.093622905202e-03
5.772998171073e-03,3.919694237777e+05,3.919694196804e+05,4.097247729078e-03
5.771531081321e-03,3.920686998461e+05,3.920686957453e+05,4.100862832274e-03
5.770064737043e-03,3.921679757332e+05,3.921679716288e+05,4.104465886485e-03
5.768599137668e-03,3.922672514389e+05,3.922672473309e+05,4.108057299163e-03
5.767134282631e-03,3.923665269633e+05,3.923665228517e+05,4.111639747862e-03
5.765670171363e-03,3.924658023063e+05,3.924657981911e+05,4.115209099837e-03
5.764206803299e-03,3.925650774680e+05,3.925650733492e+05,4.118767217733e-03
5.762744177874e-03,3.926643524483e+05,3.926643483260e+05,4.122314916458e-03
5.761282294521e-03,3.927636272472e+05,3.927636231214e+05,4.125850857235e-03
5.759821152676e-03,3.928629018648e+05,3.928628977354e+05,4.129376495257e-03
5.758360751775e-03,3.929621763010e+05,3.929621721681e+05,4.132890142500e-03
5.756901091255e-03,3.930614505559e+05,3.930614464195e+05,4.136392381042e-03
5.755442170552e-03,3.931607246294e+05,3.931607204896e+05,4.139883501921e-03
5.753983989106e-03,3.932599985216e+05,3.932599943783e+05,4.143363563344e-03
5.752526546353e-03,3.933592722325e+05,3.933592680856e+05,4.146832041442e-03
5.751069841732e-03,3.934585457619e+05,3.934585416116e+05,4.150289285462e-03
5.749613874684e-03,3.935578191101e+05,3.935578149563e+05,4.153735470027e-03
5.748158644647e-03,3.936570922769e+05,3.936570881197e+05,4.157170420513e-03
5.746704151063e-03,3.937563652623e+05,3.937563611017e+05,4.160594951827e-03
5.745250393372e-03,3.938556380664e+05,3.938556339024e+05,4.164007434156e-03
5.743797371017e-03,3.939549106892e+05,3.939549065218e+05,4.167408624198e-03
5.742345083439e-03,3.940541831306e+05,3.940541789598e+05,4.170798871201e-03
5.740893530081e-03,3.941534553907e+05,3.941534512166e+05,4.174177709501e-03
5.739442710387e-03,3.942527274695e+05,3.942527232919e+05,4.177545080893e-03
5.737992623800e-03,3.943519993669e+05,3.943519951860e+05,4.180901451036e-03
5.736543269765e-03,3.944512710830e+05,3.944512668988e+05,4.184246761724e-03
5.735094647727e-03,3.945505426178e+05,3.945505384302e+05,4.187579907011e-03
5.733646757132e-03,3.946498139712e+05,3.946498097803e+05,4.190902691334e-03
5.732199597426e-03,3.947490851433e+05,3.947490809491e+05,4.194213775918e-03
5.730753168054e-03,3.948483561341e+05,3.948483519366e+05,4.197513684630e-03
5.729307468466e-03,3.949476269435e+05,3.949476227427e+05,4.200802533887e-03
5.727862498108e-03,3.950468975716e+05,3.950468933676e+05,4.204079683404e-03
5.726418256430e-03,3.951461680184e+05,3.951461638111e+05,4.207346180920e-03
5.724974742879e-03,3.952454382839e+05,3.952454340733e+05,4.210600454826e-03
5.723531956905e-03,3.953447083681e+05,3.953447041542e+05,4.213844367769e-03
5.722089897959e-03,3.954439782709e+05,3.954439740538e+05,4.217075824272e-03
5.720648565491e-03,3.955432479924e+05,3.955432437721e+05,4.220296628773e-03
5.719207958952e-03,3.956425175326e+05,3.956425133091e+05,4.223506199196e-03
5.717768077795e-03,3.957417868915e+05,3.957417826648e+05,4.226704593748e-03
5.716328921470e-03,3.958410560690e+05,3.958410518392e+05,4.229891987052e-03
5.714890489431e-03,3.959403250653e+05,3.959403208322e+05,4.233067156747e-03
5.713452781132e-03,3.960395938802e+05,3.960395896440e+05,4.236231965479e-03
5.712015796026e-03,3.961388625139e+05,3.961388582745e+05,4.239385365508e-03
5.710579533568e-03,3.962381309662e+05,3.962381267237e+05,4.242526541930e-03
5.709143993213e-03,3.963373992372e+05,3.963373949916e+05,4.245657182764e-03
5.707709174416e-03,3.964366673269e+05,3.964366630781e+05,4.248775367159e-03
5.706275076633e-03,3.965359352353e+05,3.965359309834e+05,4.251883423422e-03
5.704841699322e-03,3.966352029624e+05,3.966351987074e+05,4.254979663529e-03
5.703409041939e-03,3.967344705082e+05,3.967344662501e+05,4.258065135218e-03
5.701977103942e-03,3.968337378727e+05,3.968337336116e+05,4.261138848960e-03
5.700545884789e-03,3.969330050559e+05,3.969330007917e+05,4.264201212209e-03
5.699115383940e-03,3.970322720578e+05,3.970322677905e+05,4.267251817510e-03
5.697685600853e-03,3.971315388784e+05,3.971315346081e+05,4.270291654393e-03
5.696256534989e-03,3.972308055177e+05,3.972308012444e+05,4.273320082575e-03
5.694828185807e-03,3.973300719757e+05,3.973300676994e+05,4.276336461771e-03
5.693400552770e-03,3.974293382524e+05,3.974293339731e+05,4.279342887457e-03
5.691973635338e-03,3.975286043479e+05,3.975286000655e+05,4.282337555196e-03
5.690547432974e-03,3.976278702620e+05,3.976278659767e+05,4.285319650080e-03
5.689121945140e-03,3.977271359948e+05,3.977271317065e+05,4.288290976547e-03
5.687697171300e-03,3.978264015464e+05,3.978263972551e+05,4.291251301765e-03
5.686273110916e-03,3.979256669167e+05,3.979256626225e+05,4.294199810829e-03
5.684849763454e-03,3.980249321056e+05,3.980249278085e+05,4.297137551475e-03
5.683427128378e-03,3.981241971134e+05,3.981241928133e+05,4.300064232666e-03
5.682005205154e-03,3.982234619398e+05,3.982234576368e+05,4.302978981286e-03
5.680583993247e-03,3.983227265849e+05,3.983227222790e+05,4.305881622713e-03
5.679163492123e-03,3.984219910488e+05,3.984219867400e+05,4.308773495723e-03
5.677743701250e-03,3.985212553314e+05,3.985212510197e+05,4.311655182391e-03
5.676324620095e-03,3.986205194327e+05,3.986205151181e+05,4.314524587244e-03
5.674906248126e-03,3.987197833527e+05,3.987197790353e+05,4.317381943110e-03
5.673488584811e-03,3.988190470914e+05,3.988190427712e+05,4.320228006691e-03
5.672071629620e-03,3.989183106489e+05,3.989183063259e+05,4.323063360061e-03
5.670655382022e-03,3.990175740251e+05,3.990175696992e+05,4.325886431616e-03
5.669239841488e-03,3.991168372201e+05,3.991168328914e+05,4.328698851168e-03
5.667825007487e-03,3.992161002337e+05,3.992160959022e+05,4.331500793342e-03
5.666410879491e-03,3.993153630661e+05,3.993153587319e+05,4.334289755207e-03
5.664997456972e-03,3.994146257173e+05,3.994146213802e+05,4.337067308370e-03
5.663584739401e-03,3.995138881871e+05,3.995138838473e+05,4.339834325947e-03
5.662172726253e-03,3.996131504758e+05,3.996131461332e+05,4.342589469161e-03
5.660761416999e-03,3.997124125831e+05,3.997124082378e+05,4.345333261881e-03
5.659350811114e-03,3.998116745092e+05,3.998116701611e+05,4.348066577222e-03
5.657940908072e-03,3.999109362540e+05,3.999109319032e+05,4.350787959993e-03
5.656531707347e-03,4.000101978176e+05,4.000101934641e+05,4.353497293778e-03
5.655123208416e-03,4.001094591999e+05,4.001094548437e+05,4.356195509899e-03
5.653715410754e-03,4.002087204009e+05,4.002087160421e+05,4.358882375527e-03
5.652308313838e-03,4.003079814207e+05,4.003079770592e+05,4.361558239907e-03
5.650901917144e-03,4.004072422593e+05,4.004072378951e+05,4.364222637378e-03
5.649496220149e-03,4.005065029166e+05,4.005064985497e+05,4.366874578409e-03
5.648091222333e-03,4.006057633926e+05,4.006057590231e+05,4.369515809231e-03
5.646686923173e-03,4.007050236874e+05,4.007050193153e+05,4.372145573143e-03
5.645283322148e-03,4.008042838010e+05,4.008042794262e+05,4.374764335807e-03
5.643880418738e-03,4.009035437333e+05,4.009035393559e+05,4.377371515147e-03
5.642478212422e-03,4.010028034843e+05,4.010027991044e+05,4.379966994748e-03
5.641076702683e-03,4.011020630541e+05,4.011020586716e+05,4.382550716400e-03
5.639675888999e-03,4.012013224427e+05,4.012013180576e+05,4.385123378597e-03
5.638275770854e-03,4.013005816500e+05,4.013005772624e+05,4.387684981339e-03
5.636876347729e-03,4.013998406761e+05,4.013998362859e+05,4.390235117171e-03
5.635477619107e-03,4.014990995210e+05,4.014990951282e+05,4.392773495056e-03
5.634079584470e-03,4.015983581846e+05,4.015983537893e+05,4.395300522447e-03
5.632682243304e-03,4.016976166670e+05,4.016976122692e+05,4.397816373967e-03
5.631285595090e-03,4.017968749681e+05,4.017968705678e+05,4.400320467539e-03
5.629889639316e-03,4.018961330881e+05,4.018961286852e+05,4.402812977787e-03
5.628494375465e-03,4.019953910267e+05,4.019953866214e+05,4.405294719618e-03
5.627099803023e-03,4.020946487842e+05,4.020946443764e+05,4.407764063217e-03
5.625705921476e-03,4.021939063604e+05,4.021939019502e+05,4.410222929437e-03
5.624312730312e-03,4.022931637554e+05,4.022931593427e+05,4.412670154124e-03
5.622920229017e-03,4.023924209692e+05,4.023924165541e+05,4.415104980581e-03
5.621528417079e-03,4.024916780017e+05,4.024916735842e+05,4.417530202772e-03
5.620137293987e-03,4.025909348530e+05,4.025909304331e+05,4.419943026733e-03
5.618746859228e-03,4.026901915231e+05,4.026901871008e+05,4.422343859915e-03
5.617357112293e-03,4.027894480120e+05,4.027894435873e+05,4.424733750056e-03
5.615968052671e-03,4.028887043197e+05,4.028886998926e+05,4.427111358382e-03
5.614579679852e-03,4.029879604461e+05,4.029879560166e+05,4.429479071405e-03
5.613191993327e-03,4.030872163914e+05,4.030872119595e+05,4.431834269781e-03
5.611804992587e-03,4.031864721554e+05,4.031864677212e+05,4.434177884832e-03
5.610418677125e-03,4.032857277382e+05,4.032857233016e+05,4.436510906089e-03
5.609033046431e-03,4.033849831397e+05,4.033849787009e+05,4.438831878360e-03
5.607648100000e-03,4.034842383601e+05,4.034842339190e+05,4.441142024007e-03
5.606263837324e-03,4.035834933993e+05,4.035834889558e+05,4.443440178875e-03
5.604880257897e-03,4.036827482572e+05,4.036827438115e+05,4.445726866834e-03
5.603497361214e-03,4.037820029340e+05,4.037819984860e+05,4.448001913261e-03
5.602115146769e-03,4.038812574295e+05,4.038812529792e+05,4.450265783817e-03
5.600733614057e-03,4.039805117438e+05,4.039805072913e+05,4.452518071048e-03
5.599352762574e-03,4.040797658770e+05,4.040797614222e+05,4.454759357031e-03
5.597972591817e-03,4.041790198289e+05,4.041790153719e+05,4.456988768652e-03
5.596593101281e-03,4.042782735996e+05,4.042782691404e+05,4.459206655156e-03
5.595214290466e-03,4.043775271892e+05,4.043775227277e+05,4.461413016543e-03
5.593836158867e-03,4.044767805975e+05,4.044767761339e+05,4.463608667720e-03
5.592458705984e-03,4.045760338246e+05,4.045760293588e+05,4.465792444535e-03
5.591081931315e-03,4.046752868706e+05,4.046752824026e+05,4.467964114156e-03
5.589705834359e-03,4.047745397353e+05,4.047745352652e+05,4.470125888474e-03
5.588330414616e-03,4.048737924189e+05,4.048737879466e+05,4.472274333239e-03
5.586955671587e-03,4.049730449212e+05,4.049730404468e+05,4.474412242416e-03
5.585581604771e-03,4.050722972424e+05,4.050722927659e+05,4.476538684685e-03
5.584208213671e-03,4.051715493824e+05,4.051715449037e+05,4.478654009290e-03
5.582835497788e-03,4.052708013412e+05,4.052707968604e+05,4.480756993871e-03
5.581463456623e-03,4.053700531188e+05,4.053700486359e+05,4.482849501073e-03
5.580092089681e-03,4.054693047152e+05,4.054693002303e+05,4.484930075705e-03
5.578721396463e-03,4.055685561305e+05,4.055685516435e+05,4.486997961067e-03
5.577351376473e-03,4.056678073645e+05,4.056678028755e+05,4.489056358580e-03
5.575982029217e-03,4.057670584174e+05,4.057670539263e+05,4.491101717576e-03
5.574613354197e-03,4.058663092891e+05,4.058663047960e+05,4.493136890233e-03
5.573245350920e-03,4.059655599796e+05,4.059655554845e+05,4.495159548242e-03
5.571878018891e-03,4.060648104890e+05,4.060648059918e+05,4.497172194533e-03
5.570511357616e-03,4.061640608171e+05,4.061640563180e+05,4.499171918724e-03
5.569145366601e-03,4.062633109641e+05,4.062633064630e+05,4.501161107328e-03
5.567780045354e-03,4.063625609299e+05,4.063625564268e+05,4.503138770815e-03
5.566415393382e-03,4.064618107146e+05,4.064618062095e+05,4.505103919655e-03
5.565051410194e-03,4.065610603181e+05,4.065610558110e+05,4.507058707532e-03
5.563688095296e-03,4.066603097404e+05,4.066603052314e+05,4.509001097176e-03
5.562325448200e-03,4.067595589815e+05,4.067595544706e+05,4.510933416896e-03
5.560963468413e-03,4.068588080415e+05,4.068588035287e+05,4.512853338383e-03
5.559602155447e-03,4.069580569203e+05,4.069580524056e+05,4.514762433246e-03
5.558241508811e-03,4.070573056180e+05,4.070573011013e+05,4.516658314969e-03
5.556881528016e-03,4.071565541345e+05,4.071565496159e+05,4.518544417806e-03
5.555522212573e-03,4.072558024698e+05,4.072557979494e+05,4.520418820903e-03
5.554163561996e-03,4.073550506240e+05,4.073550461017e+05,4.522281873506e-03
5.552805575795e-03,4.074542985970e+05,4.074542940729e+05,4.524132586084e-03
5.551448253483e-03,4.075535463889e+05,4.075535418629e+05,4.525972646661e-03
5.550091594575e-03,4.076527939996e+05,4.076527894718e+05,4.527801007498e-03
5.548735598583e-03,4.077520414291e+05,4.077520368995e+05,4.529618017841e-03
5.547380265022e-03,4.078512886775e+05,4.078512841461e+05,4.531422338914e-03
5.546025593407e-03,4.079505357448e+05,4.079505312115e+05,4.533216822892e-03
5.544671583252e-03,4.080497826309e+05,4.080497780959e+05,4.534999607131e-03
5.543318234074e-03,4.081490293358e+05,4.081490247990e+05,4.536770342384e-03
5.541965545388e-03,4.082482758596e+05,4.082482713211e+05,4.538529494312e-03
5.540613516711e-03,4.083475222023e+05,4.083475176620e+05,4.540277179331e-03
5.539262147561e-03,4.084467683638e+05,4.084467638218e+05,4.542013572063e-03
5.537911437454e-03,4.085460143441e+05,4.085460098004e+05,4.543739196379e-03
5.536561385909e-03,4.086452601434e+05,4.086452555979e+05,4.545453411993e-03
5.535211992445e-03,4.087445057614e+05,4.087445012143e+05,4.547154821921e-03
5.533863256579e-03,4.088437511984e+05,4.088437466495e+05,4.548846220132e-03
5.532515177832e-03,4.089429964542e+05,4.089429919037e+05,4.550524987280e-03
5.531167755723e-03,4.090422415289e+05,4.090422369767e+05,4.552193218842e-03
5.529820989774e-03,4.091414864224e+05,4.091414818686e+05,4.553849226795e-03
5.528474879503e-03,4.092407311348e+05,4.092407265793e+05,4.555494058877e-03
5.527129424434e-03,4.093399756661e+05,4.093399711090e+05,4.557127889711e-03
5.525784624088e-03,4.094392200162e+05,4.094392154575e+05,4.558750020806e-03
5.524440477986e-03,4.095384641852e+05,4.095384596249e+05,4.560359637253e-03
5.523096985652e-03,4.096377081731e+05,4.096377036111e+05,4.561959241983e-03
5.521754146608e-03,4.097369519799e+05,4.097369474163e+05,4.563546972349e-03
5.520411960379e-03,4.098361956055e+05,4.098361910404e+05,4.565123294014e-03
5.519070426488e-03,4.099354390500e+05,4.099354344833e+05,4.566687799525e-03
5.517729544461e-03,4.100346823134e+05,4.100346777451e+05,4.568241129164e-03
5.516389313821e-03,4.101339253956e+05,4.101339208259e+05,4.569782817271e-03
5.515049734094e-03,4.102331682968e+05,4.102331637255e+05,4.571312572807e-03
5.513710804807e-03,4.103324110168e+05,4.103324064440e+05,4.572831618134e-03
5.512372525485e-03,4.104316535557e+05,4.104316489814e+05,4.574339429382e-03
5.511034895656e-03,4.105308959135e+05,4.105308913377e+05,4.575834958814e-03
5.509697914847e-03,4.106301380902e+05,4.106301335128e+05,4.577319778036e-03
5.508361582585e-03,4.107293800857e+05,4.107293755069e+05,4.578792199027e-03
5.507025898400e-03,4.108286219002e+05,4.108286173199e+05,4.580254142638e-03
5.505690861818e-03,4.109278635335e+05,4.109278589518e+05,4.581704211887e-03
5.504356472370e-03,4.110271049857e+05,4.110271004026e+05,4.583143105265e-03
5.503022729586e-03,4.111263462568e+05,4.111263416723e+05,4.584570240695e-03
5.501689632994e-03,4.112255873469e+05,4.112255827609e+05,4.585986374877e-03
5.500357182126e-03,4.113248282558e+05,4.113248236684e+05,4.587390401866e-03
5.499025376513e-03,4.114240689836e+05,4.114240643948e+05,4.588783311192e-03
5.497694215686e-03,4.115233095303e+05,4.115233049401e+05,4.590164462570e-03
5.496363699177e-03,4.116225498959e+05,4.116225453043e+05,4.591534438077e-03
5.495033826518e-03,4.117217900803e+05,4.117217854875e+05,4.592893586960e-03
5.493704597242e-03,4.118210300837e+05,4.118210254895e+05,4.594240512233e-03
5.492376010883e-03,4.119202699060e+05,4.119202653105e+05,4.595576843712e-03
5.491048066973e-03,4.120195095472e+05,4.120195049503e+05,4.596900660545e-03
5.489720765047e-03,4.121187490074e+05,4.121187444091e+05,4.598212777637e-03
5.488394104640e-03,4.122179882864e+05,4.122179836869e+05,4.599514417350e-03
5.487068085286e-03,4.123172273843e+05,4.123172227835e+05,4.600804531947e-03
5.485742706522e-03,4.124164663011e+05,4.124164616990e+05,4.602083296049e-03
5.484417967882e-03,4.125157050369e+05,4.125157004335e+05,4.603350651450e-03
5.483093868904e-03,4.126149435915e+05,4.126149389869e+05,4.604606248904e-03
5.481770409124e-03,4.127141819651e+05,4.127141773592e+05,4.605849855579e-03
5.480447588079e-03,4.128134201576e+05,4.128134155505e+05,4.607082810253e-03
5.479125405308e-03,4.129126581690e+05,4.129126535607e+05,4.608304414432e-03
5.477803860347e-03,4.130118959993e+05,4.130118913898e+05,4.609514027834e-03
5.476482952737e-03,4.131111336485e+05,4.131111290378e+05,4.610713338479e-03
5.475162682015e-03,4.132103711167e+05,4.132103665048e+05,4.611900774762e-03
5.473843047722e-03,4.133096084037e+05,4.133096037907e+05,4.613075521775e-03
5.472524049398e-03,4.134088455097e+05,4.134088408955e+05,4.614240606315e-03
5.471205686582e-03,4.135080824347e+05,4.135080778193e+05,4.615393641870e-03
5.469887958815e-03,4.136073191785e+05,4.136073145620e+05,4.616534337401e-03
5.468570865639e-03,4.137065557413e+05,4.137065511236e+05,4.617664497346e-03
5.467254406596e-03,4.138057921230e+05,4.138057875042e+05,4.618782899342e-03
5.465938581227e-03,4.139050283236e+05,4.139050237037e+05,4.619890300091e-03
5.464623389076e-03,4.140042643432e+05,4.140042597222e+05,4.620985710062e-03
5.463308829685e-03,4.141035001817e+05,4.141034955596e+05,4.622070642654e-03
5.461994902597e-03,4.142027358391e+05,4.142027312160e+05,4.623143351637e-03
5.460681607358e-03,4.143019713155e+05,4.143019666913e+05,4.624205583241e-03
5.459368943510e-03,4.144012066108e+05,4.144012019855e+05,4.625254601706e-03
5.458056910598e-03,4.145004417250e+05,4.145004370987e+05,4.626293608453e-03
5.456745508169e-03,4.145996766582e+05,4.145996720308e+05,4.627321672160e-03
5.455434735767e-03,4.146989114103e+05,4.146989067819e+05,4.628336639144e-03
5.454124592939e-03,4.147981459813e+05,4.147981413520e+05,4.629341769032e-03
5.452815079232e-03,4.148973803713e+05,4.148973757410e+05,4.630335315596e-03
5.451506194191e-03,4.149966145803e+05,4.149966099489e+05,4.631316754967e-03
5.450197937365e-03,4.150958486081e+05,4.150958439759e+05,4.632287367713e-03
5.448890308301e-03,4.151950824550e+05,4.151950778217e+05,4.633246571757e-03
5.447583306548e-03,4.152943161208e+05,4.152943114866e+05,4.634193785023e-03
5.446276931655e-03,4.153935496055e+05,4.153935449704e+05,4.635130695533e-03
5.444971183170e-03,4.154927829092e+05,4.154927782731e+05,4.636054509319e-03
5.443666060642e-03,4.155920160318e+05,4.155920113948e+05,4.636968718842e-03
5.442361563623e-03,4.156912489734e+05,4.156912443355e+05,4.637870413717e-03
5.441057691663e-03,4.157904817339e+05,4.157904770952e+05,4.638761340175e-03
5.439754444311e-03,4.158897143134e+05,4.158897096738e+05,4.639640566893e-03
5.438451821121e-03,4.159889467119e+05,4.159889420714e+05,4.640509141609e-03
5.437149821642e-03,4.160881789293e+05,4.160881742879e+05,4.641365958378e-03
5.435848445428e-03,4.161874109657e+05,4.161874063235e+05,4.642209853046e-03
5.434547692032e-03,4.162866428210e+05,4.162866381780e+05,4.643045132980e-03
5.433247561005e-03,4.163858744953e+05,4.163858698514e+05,4.643866792321e-03
5.431948051901e-03,4.164851059886e+05,4.164851013439e+05,4.644678090699e-03
5.430649164275e-03,4.165843373008e+05,4.165843326553e+05,4.645478562452e-03
5.429350897681e-03,4.166835684320e+05,4.166835637857e+05,4.646266344935e-03
5.428053251673e-03,4.167827993821e+05,4.167827947351e+05,4.647043882869e-03
5.426756225806e-03,4.168820301513e+05,4.168820255035e+05,4.647808498703e-03
5.425459819637e-03,4.169812607394e+05,4.169812560908e+05,4.648562928196e-03
5.424164032720e-03,4.170804911464e+05,4.170804864971e+05,4.649306181818e-03
5.422868864613e-03,4.171797213725e+05,4.171797167225e+05,4.650037793908e-03
5.421574314872e-03,4.172789514175e+05,4.172789467668e+05,4.650757706258e-03
5.420280383055e-03,4.173781812815e+05,4.173781766300e+05,4.651467490476e-03
5.418987068719e-03,4.174774109645e+05,4.174774063123e+05,4.652164527215e-03
5.417694371422e-03,4.175766404664e+05,4.175766358136e+05,4.652851726860e-03
5.416402290723e-03,4.176758697874e+05,4.176758651339e+05,4.653526411857e-03
5.415110826180e-03,4.177750989273e+05,4.177750942731e+05,4.654190153815e-03
5.413819977354e-03,4.178743278862e+05,4.178743232314e+05,4.654841963202e-03
5.412529743804e-03,4.179735566641e+05,4.179735520086e+05,4.655482771341e-03
5.411240125089e-03,4.180727852609e+05,4.180727806048e+05,4.656112869270e-03
5.409951120772e-03,4.181720136768e+05,4.181720090201e+05,4.656731791329e-03
5.408662730412e-03,4.182712419116e+05,4.182712372543e+05,4.657338489778e-03
5.407374953571e-03,4.183704699655e+05,4.183704653075e+05,4.657934128772e-03
5.406087789812e-03,4.184696978383e+05,4.184696931798e+05,4.658518126234e-03
5.404801238696e-03,4.185689255301e+05,4.185689208710e+05,4.659091704525e-03
5.403515299786e-03,4.186681530409e+05,4.186681483813e+05,4.659653641284e-03
5.402229972645e-03,4.187673803707e+05,4.187673757105e+05,4.660203936510e-03
5.400945256837e-03,4.188666075195e+05,4.188666028588e+05,4.660742939450e-03
5.399661151926e-03,4.189658344873e+05,4.189658298261e+05,4.661270009819e-03
5.398377657476e-03,4.190650612741e+05,4.190650566123e+05,4.661786311772e-03
5.397094773051e-03,4.191642878799e+05,4.191642832176e+05,4.662292136345e-03
5.395812498218e-03,4.192635143047e+05,4.192635096419e+05,4.662786261179e-03
5.394530832542e-03,4.193627405485e+05,4.193627358853e+05,4.663268977311e-03
5.393249775588e-03,4.194619666113e+05,4.194619619476e+05,4.663739935495e-03
5.391969326923e-03,4.195611924932e+05,4.195611878290e+05,4.664200358093e-03
5.390689486114e-03,4.196604181940e+05,4.196604135293e+05,4.664649895858e-03
5.389410252729e-03,4.197596437138e+05,4.197596390487e+05,4.665086627938e-03
5.388131626335e-03,4.198588690526e+05,4.198588643871e+05,4.665512708016e-03
5.386853606499e-03,4.199580942105e+05,4.199580895446e+05,4.665928252507e-03
5.385576192791e-03,4.200573191873e+05,4.200573145210e+05,4.666331282351e-03
5.384299384780e-03,4.201565439832e+05,4.201565393165e+05,4.666724067647e-03
5.383023182034e-03,4.202557685981e+05,4.202557639310e+05,4.667106084526e-03
5.381747584123e-03,4.203549930320e+05,4.203549883645e+05,4.667475062888e-03
5.380472590618e-03,4.204542172849e+05,4.204542126171e+05,4.667834029533e-03
5.379198201090e-03,4.205534413569e+05,4.205534366887e+05,4.668180947192e-03
5.377924415108e-03,4.206526652478e+05,4.206526605793e+05,4.668517445680e-03
5.376651232244e-03,4.207518889578e+05,4.207518842890e+05,4.668842419051e-03
5.375378652071e-03,4.208511124868e+05,4.208511078177e+05,4.669155227020e-03
5.374106674160e-03,4.209503358349e+05,4.209503311654e+05,4.669458314311e-03
5.372835298084e-03,4.210495590019e+05,4.210495543322e+05,4.669749527238e-03
5.371564523415e-03,4.211487819880e+05,4.211487773180e+05,4.670030262787e-03
5.370294349728e-03,4.212480047931e+05,4.212480001228e+05,4.670298076235e-03
5.369024776596e-03,4.213472274173e+05,4.213472227467e+05,4.670555412304e-03
5.367755803593e-03,4.214464498604e+05,4.214464451896e+05,4.670802620240e-03
5.366487430293e-03,4.215456721226e+05,4.215456674516e+05,4.671037255321e-03
5.365219656272e-03,4.216448942039e+05,4.216448895326e+05,4.671260830946e-03
5.363952481105e-03,4.217441161042e+05,4.217441114327e+05,4.671473696362e-03
5.362685904368e-03,4.218433378235e+05,4.218433331518e+05,4.671674745623e-03
5.361419925637e-03,4.219425593618e+05,4.219425546900e+05,4.671864502598e-03
5.360154544489e-03,4.220417807192e+05,4.220417760472e+05,4.672044364270e-03
5.358889760500e-03,4.221410018956e+05,4.221409972234e+05,4.672211420257e-03
5.357625573248e-03,4.222402228911e+05,4.222402182187e+05,4.672369279433e-03
5.356361982311e-03,4.223394437056e+05,4.223394390331e+05,4.672514041886e-03
5.355098987267e-03,4.224386643392e+05,4.224386596665e+05,4.672648094129e-03
5.353836587694e-03,4.225378847918e+05,4.225378801190e+05,4.672771261539e-03
5.352574783172e-03,4.226371050634e+05,4.226371003905e+05,4.672882321756e-03
5.351313573280e-03,4.227363251541e+05,4.227363204811e+05,4.672983486671e-03
5.350052957597e-03,4.228355450639e+05,4.228355403908e+05,4.673072777223e-03
5.348792935704e-03,4.229347647927e+05,4.229347601195e+05,4.673150833696e-03
5.347533507182e-03,4.230339843405e+05,4.230339796673e+05,4.673218296375e-03
5.346274671610e-03,4.231332037074e+05,4.231331990342e+05,4.673274524976e-03
5.345016428571e-03,4.232324228934e+05,4.232324182201e+05,4.673319635913e-03
5.343758777647e-03,4.233316418984e+05,4.233316372251e+05,4.673352697864e-03
5.342501718419e-03,4.234308607225e+05,4.234308560491e+05,4.673374409322e-03
5.341245250470e-03,4.235300793656e+05,4.235300746922e+05,4.673386982176e-03
5.339989373383e-03,4.236292978278e+05,4.236292931544e+05,4.673386632930e-03
5.338734086742e-03,4.237285161091e+05,4.237285114357e+05,4.673375980929e-03
5.337479390129e-03,4.238277342094e+05,4.238277295361e+05,4.673353803810e-03
5.336225283130e-03,4.239269521288e+05,4.239269474555e+05,4.673321149312e-03
5.334971765328e-03,4.240261698672e+05,4.240261651940e+05,4.673275514506e-03
5.333718836308e-03,4.241253874248e+05,4.241253827515e+05,4.673220333643e-03
5.332466495656e-03,4.242246048013e+05,4.242246001282e+05,4.673153918702e-03
5.331214742958e-03,4.243238219970e+05,4.243238173239e+05,4.673076909967e-03
5.329963577799e-03,4.244230390117e+05,4.244230343387e+05,4.672987270169e-03
5.328712999765e-03,4.245222558455e+05,4.245222511726e+05,4.672887269408e-03
5.327463008445e-03,4.246214724984e+05,4.246214678256e+05,4.672776209190e-03
5.326213603424e-03,4.247206889704e+05,4.247206842977e+05,4.672653973103e-03
5.324964784291e-03,4.248199052614e+05,4.248199005889e+05,4.672521259636e-03
5.323716550633e-03,4.249191213715e+05,4.249191166991e+05,4.672376671806e-03
5.322468902039e-03,4.250183373007e+05,4.250183326285e+05,4.672220675275e-03
5.321221838097e-03,4.251175530489e+05,4.251175483769e+05,4.672054608818e-03
5.319975358398e-03,4.252167686163e+05,4.252167639444e+05,4.671876959037e-03
5.318729462529e-03,4.253159840027e+05,4.253159793310e+05,4.671687842347e-03
5.317484150082e-03,4.254151992082e+05,4.254151945367e+05,4.671488713939e-03
5.316239420646e-03,4.255144142328e+05,4.255144095616e+05,4.671277187299e-03
5.314995273812e-03,4.256136290765e+05,4.256136244055e+05,4.671054834034e-03
5.313751709172e-03,4.257128437393e+05,4.257128390685e+05,4.670822178014e-03
5.312508726316e-03,4.258120582212e+05,4.258120535506e+05,4.670577996876e-03
5.311266324836e-03,4.259112725221e+05,4.259112678518e+05,4.670322290622e-03
5.310024504325e-03,4.260104866422e+05,4.260104819721e+05,4.670056456234e-03
5.308783264376e-03,4.261097005813e+05,4.261096959115e+05,4.669779795222e-03
5.307542604581e-03,4.262089143396e+05,4.262089096701e+05,4.669491027016e-03
5.306302524533e-03,4.263081279169e+05,4.263081232477e+05,4.669191606808e-03
5.305063023826e-03,4.264073413133e+05,4.264073366445e+05,4.668881301768e-03
5.303824102055e-03,4.265065545289e+05,4.265065498603e+05,4.668560170103e-03
5.302585758814e-03,4.266057675635e+05,4.266057628953e+05,4.668228270020e-03
5.301347993697e-03,4.267049804172e+05,4.267049757494e+05,4.667884262744e-03
5.300110806301e-03,4.268041930901e+05,4.268041884226e+05,4.667530069128e-03
5.298874196220e-03,4.269034055820e+05,4.269034009149e+05,4.667164175771e-03
5.297638163051e-03,4.270026178931e+05,4.270026132263e+05,4.666787921451e-03
5.296402706390e-03,4.271018300232e+05,4.271018253568e+05,4.666399676353e-03
5.295167825834e-03,4.272010419725e+05,4.272010373065e+05,4.666001885198e-03
5.293933520979e-03,4.273002537409e+05,4.273002490753e+05,4.665592510719e-03
5.292699791424e-03,4.273994653284e+05,4.273994606632e+05,4.665171902161e-03
5.291466636766e-03,4.274986767350e+05,4.274986720702e+05,4.664740816224e-03
5.290234056604e-03,4.275978879607e+05,4.275978832964e+05,4.664297564887e-03
5.289002050536e-03,4.276970990055e+05,4.276970943417e+05,4.663844883908e-03
5.287770618161e-03,4.277963098695e+05,4.277963052061e+05,4.663379979320e-03
5.286539759078e-03,4.278955205525e+05,4.278955158896e+05,4.662905063014e-03
5.285309472888e-03,4.279947310547e+05,4.279947263923e+05,4.662418796215e-03
5.284079759190e-03,4.280939413760e+05,4.280939367141e+05,4.661921702791e-03
5.282850617585e-03,4.281931515165e+05,4.281931468550e+05,4.661413142458e-03
5.281622047674e-03,4.282923614760e+05,4.282923568151e+05,4.660893930122e-03
5.280394049058e-03,4.283915712547e+05,4.283915665943e+05,4.660363541916e-03
5.279166621339e-03,4.284907808525e+05,4.284907761927e+05,4.659822559915e-03
5.277939764118e-03,4.285899902694e+05,4.285899856102e+05,4.659270925913e-03
5.276713476998e-03,4.286891995055e+05,4.286891948468e+05,4.658707825001e-03
5.275487759582e-03,4.287884085607e+05,4.287884039025e+05,4.658133664634e-03
5.274262611472e-03,4.288876174350e+05,4.288876127774e+05,4.657549026888e-03
5.273038032273e-03,4.289868261284e+05,4.289868214715e+05,4.656953737140e-03
5.271814021588e-03,4.290860346410e+05,4.290860299847e+05,4.656346573029e-03
5.270590579021e-03,4.291852429728e+05,4.291852383170e+05,4.655729513615e-03
5.269367704176e-03,4.292844511236e+05,4.292844464685e+05,4.655100929085e-03
5.268145396660e-03,4.293836590936e+05,4.293836544392e+05,4.654461692553e-03
5.266923656076e-03,4.294828668828e+05,4.294828622290e+05,4.653812502511e-03
5.265702482031e-03,4.295820744910e+05,4.295820698379e+05,4.653151263483e-03
5.264481874131e-03,4.296812819185e+05,4.296812772660e+05,4.652479256038e-03
5.263261831981e-03,4.297804891650e+05,4.297804845132e+05,4.651796305552e-03
5.262042355190e-03,4.298796962307e+05,4.298796915796e+05,4.651102819480e-03
5.260823443363e-03,4.299789031156e+05,4.299788984652e+05,4.650398448575e-03
5.259605096109e-03,4.300781098196e+05,4.300781051699e+05,4.649682086892e-03
5.258387313035e-03,4.301773163428e+05,4.301773116938e+05,4.648955888115e-03
5.257170093750e-03,4.302765226851e+05,4.302765180368e+05,4.648219153751e-03
5.255953437862e-03,4.303757288465e+05,4.303757241990e+05,4.647471942008e-03
5.254737344979e-03,4.304749348271e+05,4.304749301804e+05,4.646711749956e-03
5.253521814712e-03,4.305741406269e+05,4.305741359809e+05,4.645942244679e-03
5.252306846670e-03,4.306733462458e+05,4.306733416006e+05,4.645162669476e-03
5.251092440462e-03,4.307725516839e+05,4.307725470395e+05,4.644371161703e-03
5.249878595700e-03,4.308717569411e+05,4.308717522975e+05,4.643569118343e-03
5.248665311994e-03,4.309709620175e+05,4.309709573748e+05,4.642756131943e-03
5.247452588956e-03,4.310701669131e+05,4.310701622711e+05,4.641932318918e-03
5.246240426195e-03,4.311693716278e+05,4.311693669867e+05,4.641098028515e-03
5.245028823326e-03,4.312685761617e+05,4.312685715214e+05,4.640252271201e-03
5.243817779958e-03,4.313677805147e+05,4.313677758753e+05,4.639396967832e-03
5.242607295706e-03,4.314669846869e+05,4.314669800484e+05,4.638529848307e-03
5.241397370182e-03,4.315661886783e+05,4.315661840406e+05,4.637652426027e-03
5.240188003000e-03,4.316653924888e+05,4.316653878521e+05,4.636763478629e-03
5.238979193772e-03,4.317645961186e+05,4.317645914827e+05,4.635865159798e-03
5.237770942113e-03,4.318637995675e+05,4.318637949325e+05,4.634955199435e-03
5.236563247637e-03,4.319630028355e+05,4.319629982015e+05,4.634033830371e-03
5.235356109958e-03,4.320622059228e+05,4.320622012897e+05,4.633101692889e-03
5.234149528693e-03,4.321614088292e+05,4.321614041970e+05,4.632160067558e-03
5.232943503456e-03,4.322606115548e+05,4.322606069236e+05,4.631207382772e-03
5.231738033863e-03,4.323598140995e+05,4.323598094693e+05,4.630242649000e-03
5.230533119530e-03,4.324590164635e+05,4.324590118342e+05,4.629269125871e-03
5.229328760074e-03,4.325582186466e+05,4.325582140183e+05,4.628283262718e-03
5.228124955111e-03,4.326574206489e+05,4.326574160216e+05,4.627288726624e-03
5.226921704258e-03,4.327566224704e+05,4.327566178441e+05,4.626281268429e-03
5.225719007133e-03,4.328558241111e+05,4.328558194858e+05,4.625264962669e-03
5.224516863354e-03,4.329550255710e+05,4.329550209467e+05,4.624236491509e-03
5.223315272539e-03,4.330542268500e+05,4.330542222268e+05,4.623197310138e-03
5.222114234307e-03,4.331534279483e+05,4.331534233261e+05,4.622148640919e-03
5.220913748276e-03,4.332526288657e+05,4.332526242446e+05,4.621088213753e-03
5.219713814066e-03,4.333518296023e+05,4.333518249823e+05,4.620017833076e-03
5.218514431296e-03,4.334510301582e+05,4.334510255392e+05,4.618935810868e-03
5.217315599586e-03,4.335502305332e+05,4.335502259153e+05,4.617843835149e-03
5.216117318558e-03,4.336494307274e+05,4.336494261106e+05,4.616741032805e-03
5.214919587830e-03,4.337486307408e+05,4.337486261252e+05,4.615627985913e-03
5.213722407025e-03,4.338478305734e+05,4.338478259589e+05,4.614503704943e-03
5.212525775763e-03,4.339470302252e+05,4.339470256118e+05,4.613369470462e-03
5.211329693667e-03,4.340462296962e+05,4.340462250840e+05,4.612224060111e-03
5.210134160358e-03,4.341454289864e+05,4.341454243754e+05,4.611067299265e-03
5.208939175459e-03,4.342446280958e+05,4.342446234859e+05,4.609900701325e-03
5.207744738592e-03,4.343438270245e+05,4.343438224157e+05,4.608724499121e-03
5.206550849381e-03,4.344430257723e+05,4.344430211648e+05,4.607536306139e-03
5.205357507449e-03,4.345422243393e+05,4.345422197330e+05,4.606336995494e-03
5.204164712420e-03,4.346414227256e+05,4.346414181204e+05,4.605128837284e-03
5.202972463918e-03,4.347406209310e+05,4.347406163271e+05,4.603909328580e-03
5.201780761567e-03,4.348398189557e+05,4.348398143530e+05,4.602678644005e-03
5.200589604992e-03,4.349390167996e+05,4.349390121981e+05,4.601437249221e-03
5.199398993819e-03,4.350382144627e+05,4.350382098625e+05,4.600186308380e-03
5.198208927672e-03,4.351374119450e+05,4.351374073460e+05,4.598924890161e-03
5.197019406178e-03,4.352366092465e+05,4.352366046488e+05,4.597651888616e-03
5.195830428964e-03,4.353358063672e+05,4.353358017709e+05,4.596368758939e-03
5.194641995654e-03,4.354350033072e+05,4.354349987121e+05,4.595075501129e-03
5.193454105877e-03,4.355342000664e+05,4.355341954726e+05,4.593771300279e-03
5.192266759259e-03,4.356333966448e+05,4.356333920524e+05,4.592457087710e-03
5.191079955429e-03,4.357325930424e+05,4.357325884513e+05,4.591130942572e-03
5.189893694013e-03,4.358317892593e+05,4.358317846695e+05,4.589795542415e-03
5.188707974640e-03,4.359309852954e+05,4.359309807069e+05,4.588448908180e-03
5.187522796939e-03,4.360301811507e+05,4.360301765636e+05,4.587092669681e-03
5.186338160539e-03,4.361293768252e+05,4.361293722395e+05,4.585725022480e-03
5.185154065068e-03,4.362285723190e+05,4.362285677347e+05,4.584346723277e-03
5.183970510157e-03,4.363277676320e+05,4.363277630491e+05,4.582959110849e-03
5.182787495436e-03,4.364269627643e+05,4.364269581827e+05,4.581559682265e-03
5.181605020534e-03,4.365261577157e+05,4.365261531356e+05,4.580150824040e-03
5.180423085082e-03,4.366253524864e+05,4.366253479077e+05,4.578731546644e-03
5.179241688712e-03,4.367245470764e+05,4.367245424991e+05,4.577300976962e-03
5.178060831053e-03,4.368237414856e+05,4.368237369097e+05,4.575860046316e-03
5.176880511739e-03,4.369229357140e+05,4.369229311396e+05,4.574408929329e-03
5.175700730401e-03,4.370221297617e+05,4.370221251887e+05,4.572947626002e-03
5.174521486671e-03,4.371213236286e+05,4.371213190571e+05,4.571475321427e-03
5.173342780182e-03,4.372205173147e+05,4.372205127447e+05,4.569992655888e-03
5.172164610567e-03,4.373197108201e+05,4.373197062516e+05,4.568500327878e-03
5.170986977459e-03,4.374189041448e+05,4.374188995778e+05,4.566996707581e-03
5.169809880492e-03,4.375180972887e+05,4.375180927232e+05,4.565483017359e-03
5.168633319299e-03,4.376172902518e+05,4.376172856879e+05,4.563958442304e-03
5.167457293515e-03,4.377164830342e+05,4.377164784718e+05,4.562424495816e-03
5.166281802775e-03,4.378156756359e+05,4.378156710750e+05,4.560879548080e-03
5.165106846714e-03,4.379148680568e+05,4.379148634974e+05,4.559323890135e-03
5.163932424966e-03,4.380140602969e+05,4.380140557392e+05,4.557757521980e-03
5.162758537168e-03,4.381132523563e+05,4.381132478001e+05,4.556181491353e-03
5.161585182955e-03,4.382124442350e+05,4.382124396804e+05,4.554594459478e-03
5.160412361963e-03,4.383116359329e+05,4.383116313799e+05,4.552998463623e-03
5.159240073830e-03,4.384108274501e+05,4.384108228987e+05,4.551391699351e-03
5.158068318192e-03,4.385100187866e+05,4.385100142368e+05,4.549773468170e-03
5.156897094687e-03,4.386092099423e+05,4.386092053941e+05,4.548145632725e-03
5.155726402951e-03,4.387084009173e+05,4.387083963707e+05,4.546506796032e-03
5.154556242624e-03,4.388075917115e+05,4.388075871666e+05,4.544858064037e-03
5.153386613342e-03,4.389067823250e+05,4.389067777818e+05,4.543199727777e-03
5.152217514746e-03,4.390059727578e+05,4.390059682162e+05,4.541530855931e-03
5.151048946473e-03,4.391051630098e+05,4.391051584700e+05,4.539851273876e-03
5.149880908163e-03,4.392043530811e+05,4.392043485430e+05,4.538161156233e-03
5.148713399456e-03,4.393035429717e+05,4.393035384353e+05,4.536461085081e-03
5.147546419991e-03,4.394027326816e+05,4.394027281468e+05,4.534749954473e-03
5.146379969409e-03,4.395019222107e+05,4.395019176777e+05,4.533029685263e-03
5.145214047349e-03,4.396011115591e+05,4.396011070279e+05,4.531298938673e-03
5.144048653454e-03,4.397003007268e+05,4.397002961973e+05,4.529557714704e-03
5.142883787364e-03,4.397994897138e+05,4.397994851860e+05,4.527805722319e-03
5.141719448721e-03,4.398986785201e+05,4.398986739940e+05,4.526043834630e-03
5.140555637166e-03,4.399978671456e+05,4.399978626213e+05,4.524272284470e-03
5.139392352342e-03,4.400970555904e+05,4.400970510679e+05,4.522490431555e-03
5.138229593891e-03,4.401962438545e+05,4.401962393338e+05,4.520696878899e-03
5.137067361457e-03,4.402954319379e+05,4.402954274190e+05,4.518894536886e-03
5.135905654681e-03,4.403946198406e+05,4.403946153235e+05,4.517081484664e-03
5.134744473208e-03,4.404938075625e+05,4.404938030473e+05,4.515258595347e-03
5.133583816682e-03,4.405929951038e+05,4.405929905904e+05,4.513424355537e-03
5.132423684746e-03,4.406921824643e+05,4.406921779527e+05,4.511581733823e-03
5.131264077045e-03,4.407913696442e+05,4.407913651344e+05,4.509727819823e-03
5.130104993223e-03,4.408905566433e+05,4.408905521354e+05,4.507864068728e-03
5.128946432927e-03,4.409897434617e+05,4.409897389557e+05,4.505989898462e-03
5.127788395800e-03,4.410889300994e+05,4.410889255953e+05,4.504106240347e-03
5.126630881490e-03,4.411881165564e+05,4.411881120542e+05,4.502210940700e-03
5.125473889641e-03,4.412873028328e+05,4.412872983324e+05,4.500306735281e-03
5.124317419901e-03,4.413864889284e+05,4.413864844300e+05,4.498391470406e-03
5.123161471915e-03,4.414856748433e+05,4.414856703468e+05,4.496467183344e-03
5.122006045332e-03,4.415848605775e+05,4.415848560830e+05,4.494531953242e-03
5.120851139797e-03,4.416840461310e+05,4.416840416384e+05,4.492586944252e-03
5.119696754959e-03,4.417832315039e+05,4.417832270132e+05,4.490630642977e-03
5.118542890467e-03,4.418824166960e+05,4.418824122073e+05,4.488665901590e-03
5.117389545967e-03,4.419816017074e+05,4.419815972208e+05,4.486690391786e-03
5.116236721108e-03,4.420807865382e+05,4.420807820535e+05,4.484705452342e-03
5.115084415541e-03,4.421799711883e+05,4.421799667056e+05,4.482709802687e-03
5.113932628912e-03,4.422791556576e+05,4.422791511769e+05,4.480704024900e-03
5.112781360873e-03,4.423783399463e+05,4.423783354677e+05,4.478687944356e-03
5.111630611074e-03,4.424775240544e+05,4.424775195777e+05,4.476662259549e-03
5.110480379163e-03,4.425767079817e+05,4.425767035070e+05,4.474626795854e-03
5.109330664792e-03,4.426758917283e+05,4.426758872557e+05,4.472580156289e-03
5.108181467611e-03,4.427750752943e+05,4.427750708238e+05,4.470523213968e-03
5.107032787272e-03,4.428742586796e+05,4.428742542111e+05,4.468458006158e-03
5.105884623426e-03,4.429734418842e+05,4.429734374178e+05,4.466382204555e-03
5.104736975725e-03,4.430726249081e+05,4.430726204438e+05,4.464295925573e-03
5.103589843820e-03,4.431718077513e+05,4.431718032891e+05,4.462199285626e-03
5.102443227365e-03,4.432709904139e+05,4.432709859538e+05,4.460093739908e-03
5.101297126011e-03,4.433701728958e+05,4.433701684378e+05,4.457976901904e-03
5.100151539412e-03,4.434693551971e+05,4.434693507412e+05,4.455851099920e-03
5.099006467220e-03,4.435685373176e+05,4.435685328639e+05,4.453715868294e-03
5.097861909091e-03,4.436677192575e+05,4.436677148059e+05,4.451569693629e-03
5.096717864677e-03,4.437669010167e+05,4.437668965673e+05,4.449413332622e-03
5.095574333632e-03,4.438660825953e+05,4.438660781481e+05,4.447247309145e-03
5.094431315612e-03,4.439652639932e+05,4.439652595481e+05,4.445070691872e-03
5.093288810271e-03,4.440644452104e+05,4.440644407675e+05,4.442884935997e-03
5.092146817265e-03,4.441636262470e+05,4.441636218063e+05,4.440689226612e-03
5.091005336247e-03,4.442628071029e+05,4.442628026644e+05,4.438483971171e-03
5.089864366876e-03,4.443619877782e+05,4.443619833419e+05,4.436268529389e-03
5.088723908806e-03,4.444611682727e+05,4.444611638387e+05,4.434042202774e-03
5.087583961694e-03,4.445603485867e+05,4.445603441549e+05,4.431807668880e-03
5.086444525196e-03,4.446595287200e+05,4.446595242904e+05,4.429561959114e-03
5.085305598970e-03,4.447587086726e+05,4.447587042453e+05,4.427305946592e-03
5.084167182673e-03,4.448578884446e+05,4.448578840195e+05,4.425041552167e-03
5.083029275962e-03,4.449570680359e+05,4.449570636131e+05,4.422767029610e-03
5.081891878496e-03,4.450562474466e+05,4.450562430261e+05,4.420482378919e-03
5.080754989933e-03,4.451554266766e+05,4.451554222584e+05,4.418186785188e-03
5.079618609931e-03,4.452546057259e+05,4.452546013101e+05,4.415882285684e-03
5.078482738148e-03,4.453537845947e+05,4.453537801811e+05,4.413568589371e-03
5.077347374245e-03,4.454529632828e+05,4.454529588715e+05,4.411243950017e-03
5.076212517881e-03,4.455521417902e+05,4.455521373813e+05,4.408909357153e-03
5.075078168715e-03,4.456513201170e+05,4.456513157104e+05,4.406565625686e-03
5.073944326408e-03,4.457504982632e+05,4.457504938589e+05,4.404212464578e-03
5.072810990619e-03,4.458496762287e+05,4.458496718268e+05,4.401849175338e-03
5.071678161009e-03,4.459488540136e+05,4.459488496141e+05,4.399476223625e-03
5.070545837240e-03,4.460480316178e+05,4.460480272207e+05,4.397092619911e-03
5.069414018973e-03,4.461472090414e+05,4.461472046467e+05,4.394699120894e-03
5.068282705869e-03,4.462463862844e+05,4.462463818921e+05,4.392296716105e-03
5.067151897590e-03,4.463455633467e+05,4.463455589568e+05,4.389884590637e-03
5.066021593799e-03,4.464447402284e+05,4.464447358410e+05,4.387462453451e-03
5.064891794157e-03,4.465439169295e+05,4.465439125445e+05,4.385031119455e-03
5.063762498328e-03,4.466430934500e+05,4.466430890674e+05,4.382589657325e-03
5.062633705974e-03,4.467422697898e+05,4.467422654097e+05,4.380138241686e-03
5.061505416760e-03,4.468414459490e+05,4.468414415713e+05,4.377677745651e-03
5.060377630348e-03,4.469406219276e+05,4.469406175524e+05,4.375206131954e-03
5.059250346402e-03,4.470397977255e+05,4.470397933528e+05,4.372726427391e-03
5.058123564588e-03,4.471389733428e+05,4.471389689726e+05,4.370235430542e-03
5.056997284569e-03,4.472381487796e+05,4.472381444118e+05,4.367736517452e-03
5.055871506011e-03,4.473373240356e+05,4.473373196704e+05,4.365227010567e-03
5.054746228578e-03,4.474364991111e+05,4.474364947484e+05,4.362707317341e-03
5.053621451936e-03,4.475356740060e+05,4.475356696458e+05,4.360178078059e-03
5.052497175751e-03,4.476348487202e+05,4.476348443626e+05,4.357640049420e-03
5.051373399689e-03,4.477340232538e+05,4.477340188987e+05,4.355092532933e-03
5.050250123416e-03,4.478331976069e+05,4.478331932543e+05,4.352534771897e-03
5.049127346598e-03,4.479323717793e+05,4.479323674293e+05,4.349967523012e-03
5.048005068904e-03,4.480315457710e+05,4.480315414237e+05,4.347390378825e-03
5.046883290000e-03,4.481307195822e+05,4.481307152374e+05,4.344803281128e-03
5.045762009553e-03,4.482298932128e+05,4.482298888706e+05,4.342207626905e-03
5.044641227232e-03,4.483290666628e+05,4.483290623232e+05,4.339601320680e-03
5.043520942705e-03,4.484282399321e+05,4.484282355952e+05,4.336986748967e-03
5.042401155639e-03,4.485274130209e+05,4.485274086865e+05,4.334361234214e-03
5.041281865705e-03,4.486265859291e+05,4.486265815973e+05,4.331727686804e-03
5.040163072570e-03,4.487257586566e+05,4.487257543275e+05,4.329083429184e-03
5.039044775904e-03,4.488249312036e+05,4.488249268772e+05,4.326430323999e-03
5.037926975377e-03,4.489241035700e+05,4.489240992462e+05,4.323766683228e-03
5.036809670659e-03,4.490232757557e+05,4.490232714346e+05,4.321093612816e-03
5.035692861419e-03,4.491224477609e+05,4.491224434425e+05,4.318411694840e-03
5.034576547329e-03,4.492216195855e+05,4.492216152697e+05,4.315720463637e-03
5.033460728059e-03,4.493207912295e+05,4.493207869164e+05,4.313018580433e-03
5.032345403279e-03,4.494199626928e+05,4.494199583825e+05,4.310307907872e-03
5.031230572663e-03,4.495191339757e+05,4.495191296681e+05,4.307588562369e-03
5.030116235880e-03,4.496183050779e+05,4.496183007730e+05,4.304859321564e-03
5.029002392604e-03,4.497174759995e+05,4.497174716974e+05,4.302119195927e-03
5.027889042506e-03,4.498166467405e+05,4.498166424412e+05,4.299371619709e-03
5.026776185259e-03,4.499158173010e+05,4.499158130044e+05,4.296612867620e-03
5.025663820536e-03,4.500149876809e+05,4.500149833870e+05,4.293845908251e-03
5.024551948009e-03,4.501141578802e+05,4.501141535891e+05,4.291069228202e-03
5.023440567352e-03,4.502133278989e+05,4.502133236106e+05,4.288283118512e-03
5.022329678240e-03,4.503124977370e+05,4.503124934515e+05,4.285487346351e-03
5.021219280345e-03,4.504116673946e+05,4.504116631119e+05,4.282681213226e-03
5.020109373342e-03,4.505108368716e+05,4.505108325917e+05,4.279866698198e-03
5.018999956906e-03,4.506100061680e+05,4.506100018909e+05,4.277043626644e-03
5.017891030711e-03,4.507091752838e+05,4.507091710096e+05,4.274209262803e-03
5.016782594433e-03,4.508083442191e+05,4.508083399477e+05,4.271368146874e-03
5.015674647747e-03,4.509075129737e+05,4.509075087052e+05,4.268515156582e-03
5.014567190329e-03,4.510066815479e+05,4.510066772822e+05,4.265654482879e-03
5.013460221854e-03,4.511058499414e+05,4.511058456786e+05,4.262782575097e-03
5.012353742000e-03,4.512050181544e+05,4.512050138945e+05,4.259903100319e-03
5.011247750441e-03,4.513041861868e+05,4.513041819298e+05,4.257014661562e-03
5.010142246856e-03,4.514033540387e+05,4.514033497846e+05,4.254115978256e-03
5.009037230922e-03,4.515025217100e+05,4.515025174588e+05,4.251207341440e-03
5.007932702315e-03,4.516016892007e+05,4.516016849524e+05,4.248289507814e-03
5.006828660714e-03,4.517008565109e+05,4.517008522655e+05,4.245363641530e-03
5.005725105797e-03,4.518000236405e+05,4.518000193980e+05,4.242427065037e-03
5.004622037241e-03,4.518991905895e+05,4.518991863500e+05,4.239482106641e-03
5.003519454726e-03,4.519983573580e+05,4.519983531215e+05,4.236527893227e-03
5.002417357930e-03,4.520975239460e+05,4.520975197124e+05,4.233564424794e-03
5.001315746532e-03,4.521966903534e+05,4.521966861228e+05,4.230592167005e-03
5.000214620211e-03,4.522958565802e+05,4.522958523526e+05,4.227609548252e-03
4.999113978648e-03,4.523950226265e+05,4.523950184019e+05,4.224618605804e-03
4.998013821523e-03,4.524941884922e+05,4.524941842706e+05,4.221618175507e-03
4.996914148515e-03,4.525933541774e+05,4.525933499588e+05,4.218608315568e-03
4.995814959305e-03,4.526925196820e+05,4.526925154664e+05,4.215589258820e-03
4.994716253574e-03,4.527916850061e+05,4.527916807936e+05,4.212560539600e-03
4.993618031003e-03,4.528908501497e+05,4.528908459402e+05,4.209523613099e-03
4.992520291273e-03,4.529900151127e+05,4.529900109062e+05,4.206477780826e-03
4.991423034066e-03,4.530891798952e+05,4.530891756917e+05,4.203421878628e-03
4.990326259064e-03,4.531883444971e+05,4.531883402967e+05,4.200356430374e-03
4.989229965949e-03,4.532875089185e+05,4.532875047212e+05,4.197282600217e-03
4.988134154404e-03,4.533866731593e+05,4.533866689651e+05,4.194199631456e-03
4.987038824111e-03,4.534858372196e+05,4.534858330285e+05,4.191107174847e-03
4.985943974753e-03,4.535850010994e+05,4.535849969114e+05,4.188006685581e-03
4.984849606014e-03,4.536841647987e+05,4.536841606138e+05,4.184896650258e-03
4.983755717577e-03,4.537833283174e+05,4.537833241356e+05,4.181775904726e-03
4.982662309127e-03,4.538824916555e+05,4.538824874769e+05,4.178647825029e-03
4.981569380347e-03,4.539816548132e+05,4.539816506377e+05,4.175511014182e-03
4.980476930921e-03,4.540808177903e+05,4.540808136180e+05,4.172363551334e-03
4.979384960535e-03,4.541799805869e+05,4.541799764177e+05,4.169208463281e-03
4.978293468873e-03,4.542791432030e+05,4.542791390369e+05,4.166043538135e-03
4.977202455621e-03,4.543783056385e+05,4.543783014757e+05,4.162869649008e-03
4.976111920464e-03,4.544774678936e+05,4.544774637339e+05,4.159686330240e-03
4.975021863089e-03,4.545766299681e+05,4.545766258116e+05,4.156495211646e-03
4.973932283180e-03,4.546757918621e+05,4.546757877088e+05,4.153293790296e-03
4.972843180425e-03,4.547749535755e+05,4.547749494254e+05,4.150083928835e-03
4.971754554510e-03,4.548741151085e+05,4.548741109616e+05,4.146865045186e-03
4.970666405121e-03,4.549732764609e+05,4.549732723173e+05,4.143636731897e-03
4.969578731947e-03,4.550724376328e+05,4.550724334924e+05,4.140399920288e-03
4.968491534675e-03,4.551715986242e+05,4.551715944871e+05,4.137154668570e-03
4.967404812992e-03,4.552707594351e+05,4.552707553012e+05,4.133899521548e-03
4.966318566586e-03,4.553699200655e+05,4.553699159349e+05,4.130635235924e-03
4.965232795146e-03,4.554690805154e+05,4.554690763880e+05,4.127363790758e-03
4.964147498361e-03,4.555682407847e+05,4.555682366606e+05,4.124081518967e-03
4.963062675918e-03,4.556674008736e+05,4.556673967528e+05,4.120791854803e-03
4.961978327507e-03,4.557665607819e+05,4.557665566644e+05,4.117492411751e-03
4.960894452818e-03,4.558657205098e+05,4.558657163956e+05,4.114183713682e-03
4.959811051540e-03,4.559648800571e+05,4.559648759463e+05,4.110867623240e-03
4.958728123362e-03,4.560640394240e+05,4.560640353164e+05,4.107540706173e-03
4.957645667976e-03,4.561631986103e+05,4.561631945061e+05,4.104205523618e-03
4.956563685072e-03,4.562623576162e+05,4.562623535153e+05,4.100862715859e-03
4.955482174340e-03,4.563615164415e+05,4.563615123440e+05,4.097509605344e-03
4.954401135471e-03,4.564606750864e+05,4.564606709922e+05,4.094147938304e-03
4.953320568157e-03,4.565598335507e+05,4.565598294599e+05,4.090777947567e-03
4.952240472089e-03,4.566589918346e+05,4.566589877472e+05,4.087400157005e-03
4.951160846959e-03,4.567581499379e+05,4.567581458539e+05,4.084011889063e-03
4.950081692459e-03,4.568573078608e+05,4.568573037802e+05,4.080615297426e-03
4.949003008281e-03,4.569564656032e+05,4.569564615260e+05,4.077209800016e-03
4.947924794118e-03,4.570556231651e+05,4.570556190913e+05,4.073795338627e-03
4.946847049662e-03,4.571547805465e+05,4.571547764762e+05,4.070372902788e-03
4.945769774608e-03,4.572539377475e+05,4.572539336805e+05,4.066940105986e-03
4.944692968648e-03,4.573530947679e+05,4.573530907044e+05,4.063500906341e-03
4.943616631476e-03,4.574522516079e+05,4.574522475478e+05,4.060051753186e-03
4.942540762786e-03,4.575514082674e+05,4.575514042108e+05,4.056593752466e-03
4.941465362272e-03,4.576505647464e+05,4.576505606932e+05,4.053126438521e-03
4.940390429628e-03,4.577497210449e+05,4.577497169952e+05,4.049651732203e-03
4.939315964550e-03,4.578488771629e+05,4.578488731168e+05,4.046167596243e-03
4.938241966732e-03,4.579480331005e+05,4.579480290578e+05,4.042675660457e-03
4.937168435870e-03,4.580471888576e+05,4.580471848184e+05,4.039173596539e-03
4.936095371658e-03,4.581463444342e+05,4.581463403986e+05,4.035663383547e-03
4.935022773794e-03,4.582454998304e+05,4.582454957983e+05,4.032144963276e-03
4.933950641973e-03,4.583446550461e+05,4.583446510175e+05,4.028618510347e-03
4.932878975891e-03,4.584438100813e+05,4.584438060562e+05,4.025081696454e-03
4.931807775244e-03,4.585429649360e+05,4.585429609145e+05,4.021537548397e-03
4.930737039731e-03,4.586421196103e+05,4.586421155923e+05,4.017984610982e-03
4.929666769047e-03,4.587412741041e+05,4.587412700897e+05,4.014423175249e-03
4.928596962891e-03,4.588404284175e+05,4.588404244066e+05,4.010852077045e-03
4.927527620959e-03,4.589395825504e+05,4.589395785431e+05,4.007273586467e-03
4.926458742950e-03,4.590387365028e+05,4.590387324991e+05,4.003685840871e-03
4.925390328562e-03,4.591378902748e+05,4.591378862747e+05,4.000089422334e-03
4.924322377493e-03,4.592370438663e+05,4.592370398698e+05,3.996485203970e-03
4.923254889443e-03,4.593361972773e+05,4.593361932844e+05,3.992872254457e-03
4.922187864109e-03,4.594353505079e+05,4.594353465187e+05,3.989250399172e-03
4.921121301192e-03,4.595345035581e+05,4.595344995724e+05,3.985619870946e-03
4.920055200390e-03,4.596336564277e+05,4.596336524458e+05,3.981981775723e-03
4.918989561404e-03,4.597328091170e+05,4.597328051386e+05,3.978335123975e-03
4.917924383932e-03,4.598319616258e+05,4.598319576511e+05,3.974679450039e-03
4.916859667677e-03,4.599311139541e+05,4.599311099831e+05,3.971015627030e-03
4.915795412338e-03,4.600302661020e+05,4.600302621347e+05,3.967341966927e-03
4.914731617615e-03,4.601294180694e+05,4.601294141058e+05,3.963660972659e-03
4.913668283211e-03,4.602285698564e+05,4.602285658965e+05,3.959971887525e-03
4.912605408825e-03,4.603277214630e+05,4.603277175067e+05,3.956274071243e-03
4.911542994161e-03,4.604268728891e+05,4.604268689365e+05,3.952567814849e-03
4.910481038919e-03,4.605260241348e+05,4.605260201859e+05,3.948853409383e-03
4.909419542802e-03,4.606251752000e+05,4.606251712549e+05,3.945130330976e-03
4.908358505511e-03,4.607243260848e+05,4.607243221434e+05,3.941397648305e-03
4.907297926750e-03,4.608234767892e+05,4.608234728515e+05,3.937658329960e-03
4.906237806222e-03,4.609226273131e+05,4.609226233792e+05,3.933908941690e-03
4.905178143629e-03,4.610217776566e+05,4.610217737264e+05,3.930153150577e-03
4.904118938674e-03,4.611209278196e+05,4.611209238932e+05,3.926388046239e-03
4.903060191062e-03,4.612200778022e+05,4.612200738796e+05,3.922615025658e-03
4.902001900496e-03,4.613192276044e+05,4.613192236856e+05,3.918833157513e-03
4.900944066681e-03,4.614183772262e+05,4.614183733111e+05,3.915042907465e-03
4.899886689320e-03,4.615175266675e+05,4.615175227563e+05,3.911244624760e-03
4.898829768119e-03,4.616166759284e+05,4.616166720210e+05,3.907438018359e-03
4.897773302782e-03,4.617158250089e+05,4.617158211053e+05,3.903622739017e-03
4.896717293014e-03,4.618149739090e+05,4.618149700092e+05,3.899800067302e-03
4.895661738521e-03,4.619141226286e+05,4.619141187326e+05,3.895968082361e-03
4.894606639009e-03,4.620132711678e+05,4.620132672757e+05,3.892129228916e-03
4.893551994182e-03,4.621124195266e+05,4.621124156383e+05,3.888280945830e-03
4.892497803748e-03,4.622115677050e+05,4.622115638206e+05,3.884424455464e-03
4.891444067413e-03,4.623107157030e+05,4.623107118224e+05,3.880559874233e-03
4.890390784884e-03,4.624098635205e+05,4.624098596438e+05,3.876688017044e-03
4.889337955867e-03,4.625090111576e+05,4.625090072848e+05,3.872806322761e-03
4.888285580069e-03,4.626081586144e+05,4.626081547454e+05,3.868917759974e-03
4.887233657198e-03,4.627073058907e+05,4.627073020256e+05,3.865020466037e-03
4.886182186962e-03,4.628064529866e+05,4.628064491254e+05,3.861114673782e-03
4.885131169069e-03,4.629055999021e+05,4.629055960448e+05,3.857202362269e-03
4.884080603226e-03,4.630047466371e+05,4.630047427839e+05,3.853279806208e-03
4.883030489142e-03,4.631038931918e+05,4.631038893425e+05,3.849350032397e-03
4.881980826526e-03,4.632030395661e+05,4.632030357207e+05,3.845411760267e-03
4.880931615087e-03,4.633021857599e+05,4.633021819185e+05,3.841465630103e-03
4.879882854534e-03,4.634013317734e+05,4.634013279359e+05,3.837511991151e-03
4.878834544576e-03,4.635004776065e+05,4.635004737729e+05,3.833549038973e-03
4.877786684923e-03,4.635996232591e+05,4.635996194296e+05,3.829579334706e-03
4.876739275285e-03,4.636987687314e+05,4.636987649058e+05,3.825601248536e-03
4.875692315371e-03,4.637979140233e+05,4.637979102017e+05,3.821614081971e-03
4.874645804894e-03,4.638970591347e+05,4.638970553171e+05,3.817619988695e-03
4.873599743562e-03,4.639962040658e+05,4.639962002522e+05,3.813617280684e-03
4.872554131088e-03,4.640953488165e+05,4.640953450069e+05,3.809607122093e-03
4.871508967181e-03,4.641944933868e+05,4.641944895812e+05,3.805588523392e-03
4.870464251555e-03,4.642936377767e+05,4.642936339751e+05,3.801562008448e-03
4.869419983919e-03,4.643927819862e+05,4.643927781887e+05,3.797527053393e-03
4.868376163987e-03,4.644919260154e+05,4.644919222219e+05,3.793484764174e-03
4.867332791470e-03,4.645910698641e+05,4.645910660747e+05,3.789434209466e-03
4.866289866081e-03,4.646902135325e+05,4.646902097471e+05,3.785374981817e-03
4.865247387532e-03,4.647893570204e+05,4.647893532391e+05,3.781308769248e-03
4.864205355537e-03,4.648885003280e+05,4.648884965508e+05,3.777235164307e-03
4.863163769807e-03,4.649876434552e+05,4.649876396821e+05,3.773152420763e-03
4.862122630058e-03,4.650867864021e+05,4.650867826330e+05,3.769062226638e-03
4.861081936002e-03,4.651859291685e+05,4.651859254036e+05,3.764964465518e-03
4.860041687353e-03,4.652850717546e+05,4.652850679937e+05,3.760858788155e-03
4.859001883825e-03,4.653842141603e+05,4.653842104036e+05,3.756744263228e-03
4.857962525134e-03,4.654833563856e+05,4.654833526330e+05,3.752622520551e-03
4.856923610992e-03,4.655824984306e+05,4.655824946821e+05,3.748492687009e-03
4.855885141116e-03,4.656816402952e+05,4.656816365508e+05,3.744355752133e-03
4.854847115220e-03,4.657807819794e+05,4.657807782392e+05,3.740209620446e-03
4.853809533020e-03,4.658799234832e+05,4.658799197472e+05,3.736057667993e-03
4.852772394231e-03,4.659790648067e+05,4.659790610748e+05,3.731895820238e-03
4.851735698569e-03,4.660782059498e+05,4.660782022221e+05,3.727726987563e-03
4.850699445750e-03,4.661773469126e+05,4.661773431890e+05,3.723550413270e-03
4.849663635490e-03,4.662764876950e+05,4.662764839756e+05,3.719366155565e-03
4.848628267506e-03,4.663756282970e+05,4.663756245818e+05,3.715173748787e-03
4.847593341515e-03,4.664747687186e+05,4.664747650077e+05,3.710973425768e-03
4.846558857234e-03,4.665739089599e+05,4.665739052532e+05,3.706765826792e-03
4.845524814380e-03,4.666730490209e+05,4.666730453183e+05,3.702550602611e-03
4.844491212671e-03,4.667721889015e+05,4.667721852032e+05,3.698328335304e-03
4.843458051823e-03,4.668713286017e+05,4.668713249076e+05,3.694097220432e-03
4.842425331557e-03,4.669704681216e+05,4.669704644317e+05,3.689858713187e-03
4.841393051588e-03,4.670696074611e+05,4.670696037755e+05,3.685613162816e-03
4.840361211637e-03,4.671687466203e+05,4.671687429389e+05,3.681358648464e-03
4.839329811421e-03,4.672678855991e+05,4.672678819220e+05,3.677096567117e-03
4.838298850660e-03,4.673670243976e+05,4.673670207248e+05,3.672827908304e-03
4.837268329073e-03,4.674661630157e+05,4.674661593472e+05,3.668550692964e-03
4.836238246380e-03,4.675653014535e+05,4.675652977892e+05,3.664266492706e-03
4.835208602299e-03,4.676644397110e+05,4.676644360510e+05,3.659974609036e-03
4.834179396552e-03,4.677635777880e+05,4.677635741324e+05,3.655673936009e-03
4.833150628857e-03,4.678627156848e+05,4.678627120334e+05,3.651367092971e-03
4.832122298936e-03,4.679618534012e+05,4.679618497542e+05,3.647052508313e-03
4.831094406509e-03,4.680609909373e+05,4.680609872946e+05,3.642729774583e-03
4.830066951297e-03,4.681601282930e+05,4.681601246546e+05,3.638399881311e-03
4.829039933021e-03,4.682592654684e+05,4.682592618344e+05,3.634063119534e-03
4.828013351403e-03,4.683584024635e+05,4.683583988338e+05,3.629716928117e-03
4.826987206164e-03,4.684575392782e+05,4.684575356529e+05,3.625365032349e-03
4.825961497025e-03,4.685566759126e+05,4.685566722916e+05,3.621003823355e-03
4.824936223709e-03,4.686558123667e+05,4.686558087501e+05,3.616636502557e-03
4.823911385939e-03,4.687549486404e+05,4.687549450282e+05,3.612261149101e-03
4.822886983436e-03,4.688540847338e+05,4.688540811260e+05,3.607877995819e-03
4.821863015924e-03,4.689532206469e+05,4.689532170434e+05,3.603488672525e-03
4.820839483125e-03,4.690523563797e+05,4.690523527806e+05,3.599090559874e-03
4.819816384762e-03,4.691514919321e+05,4.691514883374e+05,3.594686219003e-03
4.818793720560e-03,4.692506273042e+05,4.692506237140e+05,3.590272623114e-03
4.817771490242e-03,4.693497624960e+05,4.693497589102e+05,3.585853031836e-03
4.816749693531e-03,4.694488975075e+05,4.694488939261e+05,3.581425175071e-03
4.815728330153e-03,4.695480323386e+05,4.695480287616e+05,3.576991206501e-03
4.814707399830e-03,4.696471669895e+05,4.696471634169e+05,3.572548506781e-03
4.813686902289e-03,4.697463014600e+05,4.697462978919e+05,3.568100160919e-03
4.812666837254e-03,4.698454357502e+05,4.698454321865e+05,3.563642094377e-03
4.811647204449e-03,4.699445698601e+05,4.699445663009e+05,3.559177624993e-03
4.810628003601e-03,4.700437037896e+05,4.700437002349e+05,3.554705996066e-03
4.809609234435e-03,4.701428375389e+05,4.701428339887e+05,3.550227906089e-03
4.808590896676e-03,4.702419711078e+05,4.702419675621e+05,3.545741201378e-03
4.807572990051e-03,4.703411044965e+05,4.703411009552e+05,3.541247337125e-03
4.806555514286e-03,4.704402377048e+05,4.704402341681e+05,3.536746313330e-03
4.805538469107e-03,4.705393707329e+05,4.705393672006e+05,3.532239294145e-03
4.804521854242e-03,4.706385035806e+05,4.706385000529e+05,3.527723427396e-03
4.803505669416e-03,4.707376362480e+05,4.707376327248e+05,3.523200110067e-03
4.802489914358e-03,4.708367687351e+05,4.708367652165e+05,3.518670564517e-03
4.801474588795e-03,4.709359010420e+05,4.709358975278e+05,3.514132986311e-03
4.800459692454e-03,4.710350331685e+05,4.710350296589e+05,3.509589063469e-03
4.799445225063e-03,4.711341651147e+05,4.711341616097e+05,3.505037748255e-03
4.798431186351e-03,4.712332968806e+05,4.712332933802e+05,3.500479098875e-03
4.797417576046e-03,4.713324284663e+05,4.713324249704e+05,3.495912998915e-03
4.796404393875e-03,4.714315598716e+05,4.714315563803e+05,3.491340030450e-03
4.795391639569e-03,4.715306910967e+05,4.715306876099e+05,3.486759960651e-03
4.794379312856e-03,4.716298221414e+05,4.716298186592e+05,3.482171625365e-03
4.793367413466e-03,4.717289530059e+05,4.717289495283e+05,3.477577876765e-03
4.792355941127e-03,4.718280836901e+05,4.718280802171e+05,3.472974814940e-03
4.791344895570e-03,4.719272141940e+05,4.719272107256e+05,3.468366863672e-03
4.790334276524e-03,4.720263445176e+05,4.720263410538e+05,3.463750355877e-03
4.789324083720e-03,4.721254746609e+05,4.721254712018e+05,3.459126863163e-03
4.788314316888e-03,4.722246046239e+05,4.722246011694e+05,3.454496676568e-03
4.787304975759e-03,4.723237344067e+05,4.723237309568e+05,3.449859796092e-03
4.786296060063e-03,4.724228640092e+05,4.724228605640e+05,3.445215639658e-03
4.785287569532e-03,4.725219934314e+05,4.725219899908e+05,3.440564149059e-03
4.784279503897e-03,4.726211226733e+05,4.726211192374e+05,3.435906372033e-03
4.783271862890e-03,4.727202517349e+05,4.727202483037e+05,3.431240620557e-03
4.782264646241e-03,4.728193806163e+05,4.728193771897e+05,3.426567243878e-03
4.781257853684e-03,4.729185093174e+05,4.729185058955e+05,3.421888279263e-03
4.780251484951e-03,4.730176378382e+05,4.730176344210e+05,3.417202387936e-03
4.779245539773e-03,4.731167661788e+05,4.731167627663e+05,3.412509162445e-03
4.778240017883e-03,4.732158943391e+05,4.732158909313e+05,3.407807846088e-03
4.777234919016e-03,4.733150223191e+05,4.733150189160e+05,3.403100825381e-03
4.776230242902e-03,4.734141501188e+05,4.734141467205e+05,3.398386761546e-03
4.775225989277e-03,4.735132777383e+05,4.735132743447e+05,3.393664956093e-03
4.774222157873e-03,4.736124051775e+05,4.736124017886e+05,3.388937388081e-03
4.773218748424e-03,4.737115324365e+05,4.737115290523e+05,3.384203300811e-03
4.772215760664e-03,4.738106595152e+05,4.738106561357e+05,3.379459842108e-03
4.771213194328e-03,4.739097864136e+05,4.739097830389e+05,3.374711726792e-03
4.770211049149e-03,4.740089131318e+05,4.740089097619e+05,3.369956393726e-03
4.769209324863e-03,4.741080396697e+05,4.741080363045e+05,3.365193959326e-03
4.768208021205e-03,4.742071660274e+05,4.742071626670e+05,3.360424016137e-03
4.767207137909e-03,4.743062922048e+05,4.743062888492e+05,3.355648368597e-03
4.766206674711e-03,4.744054182020e+05,4.744054148511e+05,3.350865328684e-03
4.765206631347e-03,4.745045440189e+05,4.745045406728e+05,3.346075536683e-03
4.764207007552e-03,4.746036696555e+05,4.746036663142e+05,3.341279632878e-03
4.763207803062e-03,4.747027951119e+05,4.747027917755e+05,3.336475929245e-03
4.762209017614e-03,4.748019203881e+05,4.748019170564e+05,3.331665997393e-03
4.761210650943e-03,4.749010454840e+05,4.749010421571e+05,3.326849255245e-03
4.760212702788e-03,4.750001703997e+05,4.750001670776e+05,3.322024655063e-03
4.759215172883e-03,4.750992951351e+05,4.750992918179e+05,3.317194816191e-03
4.758218060968e-03,4.751984196903e+05,4.751984163779e+05,3.312357468531e-03
4.757221366778e-03,4.752975440652e+05,4.752975407577e+05,3.307513543405e-03
4.756225090052e-03,4.753966682599e+05,4.753966649572e+05,3.302664612420e-03
4.755229230528e-03,4.754957922743e+05,4.754957889765e+05,3.297806426417e-03
4.754233787942e-03,4.755949161086e+05,4.755949128156e+05,3.292942827102e-03
4.753238762034e-03,4.756940397626e+05,4.756940364745e+05,3.288071777206e-03
4.752244152542e-03,4.757931632363e+05,4.757931599531e+05,3.283195139375e-03
4.751249959205e-03,4.758922865298e+05,4.758922832515e+05,3.278311924078e-03
4.750256181761e-03,4.759914096431e+05,4.759914063697e+05,3.273421374615e-03
4.749262819950e-03,4.760905325762e+05,4.760905293076e+05,3.268523956649e-03
4.748269873510e-03,4.761896553290e+05,4.761896520654e+05,3.263620892540e-03
4.747277342182e-03,4.762887779016e+05,4.762887746429e+05,3.258710436057e-03
4.746285225705e-03,4.763879002939e+05,4.763878970402e+05,3.253794042394e-03
4.745293523819e-03,4.764870225061e+05,4.764870192572e+05,3.248870314565e-03
4.744302236265e-03,4.765861445380e+05,4.765861412941e+05,3.243940416723e-03
4.743311362782e-03,4.766852663897e+05,4.766852631507e+05,3.239004523493e-03
4.742320903111e-03,4.767843880612e+05,4.767843848271e+05,3.234061878175e-03
4.741330856994e-03,4.768835095524e+05,4.768835063233e+05,3.229113179259e-03
4.740341224170e-03,4.769826308635e+05,4.769826276393e+05,3.224157029763e-03
4.739352004382e-03,4.770817519943e+05,4.770817487751e+05,3.219194477424e-03
4.738363197371e-03,4.771808729449e+05,4.771808697307e+05,3.214226628188e-03
4.737374802879e-03,4.772799937153e+05,4.772799905061e+05,3.209250804503e-03
4.736386820647e-03,4.773791143055e+05,4.773791111012e+05,3.204269043636e-03
4.735399250417e-03,4.774782347155e+05,4.774782315162e+05,3.199280647095e-03
4.734412091932e-03,4.775773549452e+05,4.775773517509e+05,3.194286720827e-03
4.733425344935e-03,4.776764749948e+05,4.776764718055e+05,3.189284820110e-03
4.732439009169e-03,4.777755948641e+05,4.777755916798e+05,3.184277855325e-03
4.731453084375e-03,4.778747145532e+05,4.778747113740e+05,3.179264429491e-03
4.730467570298e-03,4.779738340622e+05,4.779738308879e+05,3.174243553076e-03
4.729482466681e-03,4.780729533909e+05,4.780729502217e+05,3.169217903633e-03
4.728497773267e-03,4.781720725394e+05,4.781720693752e+05,3.164185269270e-03
4.727513489800e-03,4.782711915077e+05,4.782711883486e+05,3.159146232065e-03
4.726529616025e-03,4.783703102958e+05,4.783703071417e+05,3.154099918902e-03
4.725546151685e-03,4.784694289038e+05,4.784694257547e+05,3.149048308842e-03
4.724563096526e-03,4.785685473315e+05,4.785685441875e+05,3.143990819808e-03
4.723580450291e-03,4.786676655790e+05,4.786676624401e+05,3.138926287647e-03
4.722598212726e-03,4.787667836463e+05,4.787667805125e+05,3.133856633212e-03
4.721616383576e-03,4.788659015335e+05,4.788658984047e+05,3.128778655082e-03
4.720634962586e-03,4.789650192404e+05,4.789650161167e+05,3.123696078546e-03
4.719653949501e-03,4.790641367672e+05,4.790641336486e+05,3.118607739452e-03
4.718673344068e-03,4.791632541138e+05,4.791632510003e+05,3.113511658739e-03
4.717693146032e-03,4.792623712802e+05,4.792623681717e+05,3.108409757260e-03
4.716713355140e-03,4.793614882663e+05,4.793614851630e+05,3.103302267846e-03
4.715733971138e-03,4.794606050724e+05,4.794606019742e+05,3.098187153228e-03
4.714754993772e-03,4.795597216982e+05,4.795597186051e+05,3.093067964073e-03
4.713776422790e-03,4.796588381438e+05,4.796588350559e+05,3.087941266131e-03
4.712798257937e-03,4.797579544093e+05,4.797579513265e+05,3.082808223553e-03
4.711820498963e-03,4.798570704946e+05,4.798570674169e+05,3.077669534832e-03
4.710843145613e-03,4.799561863997e+05,4.799561833272e+05,3.072524676099e-03
4.709866197636e-03,4.800553021246e+05,4.800552990572e+05,3.067374229431e-03
4.708889654779e-03,4.801544176694e+05,4.801544146072e+05,3.062216856051e-03
4.707913516791e-03,4.802535330340e+05,4.802535299769e+05,3.057054302189e-03
4.706937783420e-03,4.803526482184e+05,4.803526451665e+05,3.051885403693e-03
4.705962454414e-03,4.804517632226e+05,4.804517601759e+05,3.046710218769e-03
4.704987529521e-03,4.805508780467e+05,4.805508750051e+05,3.041529445909e-03
4.704013008492e-03,4.806499926906e+05,4.806499896542e+05,3.036342037376e-03
4.703038891075e-03,4.807491071543e+05,4.807491041231e+05,3.031149099115e-03
4.702065177019e-03,4.808482214378e+05,4.808482184119e+05,3.025949292351e-03
4.701091866073e-03,4.809473355412e+05,4.809473325205e+05,3.020745061804e-03
4.700118957988e-03,4.810464494645e+05,4.810464464489e+05,3.015533322468e-03
4.699146452514e-03,4.811455632075e+05,4.811455601972e+05,3.010316519067e-03
4.698174349400e-03,4.812446767705e+05,4.812446737654e+05,3.005092847161e-03
4.697202648397e-03,4.813437901532e+05,4.813437871533e+05,2.999864169396e-03
4.696231349256e-03,4.814429033558e+05,4.814429003612e+05,2.994628972374e-03
4.695260451726e-03,4.815420163782e+05,4.815420133888e+05,2.989389293361e-03
4.694289955560e-03,4.816411292205e+05,4.816411262364e+05,2.984141348861e-03
4.693319860508e-03,4.817402418826e+05,4.817402389037e+05,2.978889096994e-03
4.692350166322e-03,4.818393543646e+05,4.818393513910e+05,2.973630325869e-03
4.691380872754e-03,4.819384666664e+05,4.819384636981e+05,2.968366665300e-03
4.690411979554e-03,4.820375787881e+05,4.820375758250e+05,2.963096310850e-03
4.689443486475e-03,4.821366907296e+05,4.821366877718e+05,2.957819728181e-03
4.688475393270e-03,4.822358024910e+05,4.822357995385e+05,2.952538023237e-03
4.687507699690e-03,4.823349140722e+05,4.823349111250e+05,2.947250963189e-03
4.686540405489e-03,4.824340254733e+05,4.824340225314e+05,2.941957558505e-03
4.685573510419e-03,4.825331366943e+05,4.825331337576e+05,2.936658682302e-03
4.684607014233e-03,4.826322477351e+05,4.826322448037e+05,2.931353694294e-03
4.683640916684e-03,4.827313585957e+05,4.827313556697e+05,2.926042536274e-03
4.682675217526e-03,4.828304692762e+05,4.828304663555e+05,2.920725964941e-03
4.681709916512e-03,4.829295797766e+05,4.829295768612e+05,2.915404329542e-03
4.680745013397e-03,4.830286900968e+05,4.830286871868e+05,2.910077339038e-03
4.679780507933e-03,4.831278002370e+05,4.831277973322e+05,2.904743014369e-03
4.678816399876e-03,4.832269101969e+05,4.832269072975e+05,2.899403800257e-03
4.677852688980e-03,4.833260199768e+05,4.833260170827e+05,2.894058707170e-03
4.676889375000e-03,4.834251295765e+05,4.834251266878e+05,2.888708841056e-03
4.675926457690e-03,4.835242389961e+05,4.835242361127e+05,2.883351931814e-03
4.674963936805e-03,4.836233482355e+05,4.836233453575e+05,2.877990656998e-03
4.674001812101e-03,4.837224572948e+05,4.837224544222e+05,2.872622106224e-03
4.673040083333e-03,4.838215661740e+05,4.838215633068e+05,2.867249888368e-03
4.672078750257e-03,4.839206748731e+05,4.839206720112e+05,2.861871267669e-03
4.671117812629e-03,4.840197833921e+05,4.840197805356e+05,2.856487699319e-03
4.670157270204e-03,4.841188917309e+05,4.841188888798e+05,2.851097611710e-03
4.669197122738e-03,4.842179998896e+05,4.842179970439e+05,2.845702867489e-03
4.668237369990e-03,4.843171078682e+05,4.843171050279e+05,2.840301080141e-03
4.667278011714e-03,4.844162156666e+05,4.844162128318e+05,2.834894345142e-03
4.666319047668e-03,4.845153232850e+05,4.845153204555e+05,2.829483360983e-03
4.665360477609e-03,4.846144307232e+05,4.846144278992e+05,2.824065042660e-03
4.664402301294e-03,4.847135379814e+05,4.847135351627e+05,2.818642300554e-03
4.663444518480e-03,4.848126450594e+05,4.848126422462e+05,2.813213912304e-03
4.662487128926e-03,4.849117519573e+05,4.849117491495e+05,2.807781333104e-03
4.661530132389e-03,4.850108586751e+05,4.850108558727e+05,2.802341128699e-03
4.660573528627e-03,4.851099652127e+05,4.851099624158e+05,2.796897024382e-03
4.659617317398e-03,4.852090715703e+05,4.852090687789e+05,2.791446226183e-03
4.658661498462e-03,4.853081777478e+05,4.853081749618e+05,2.785991353448e-03
4.657706071575e-03,4.854072837451e+05,4.854072809646e+05,2.780530194286e-03
4.656751036498e-03,4.855063895624e+05,4.855063867873e+05,2.775064436719e-03
4.655796392989e-03,4.856054951996e+05,4.856054924300e+05,2.769592741970e-03
4.654842140808e-03,4.857046006566e+05,4.857045978925e+05,2.764115168247e-03
4.653888279713e-03,4.858037059336e+05,4.858037031749e+05,2.758632530458e-03
4.652934809465e-03,4.859028110304e+05,4.859028082773e+05,2.753144886810e-03
4.651981729824e-03,4.860019159472e+05,4.860019131995e+05,2.747652528342e-03
4.651029040549e-03,4.861010206839e+05,4.861010179417e+05,2.742153708823e-03
4.650076741400e-03,4.862001252404e+05,4.862001225038e+05,2.736649883445e-03
4.649124832139e-03,4.862992296169e+05,4.862992268858e+05,2.731141052209e-03
4.648173312526e-03,4.863983338133e+05,4.863983310877e+05,2.725626865868e-03
4.647222182320e-03,4.864974378296e+05,4.864974351095e+05,2.720107731875e-03
4.646271441285e-03,4.865965416658e+05,4.865965389512e+05,2.714584115893e-03
4.645321089180e-03,4.866956453220e+05,4.866956426129e+05,2.709053747822e-03
4.644371125767e-03,4.867947487980e+05,4.867947460945e+05,2.703518257476e-03
4.643421550808e-03,4.868938520939e+05,4.868938493960e+05,2.697977761272e-03
4.642472364064e-03,4.869929552098e+05,4.869929525174e+05,2.692433423363e-03
4.641523565297e-03,4.870920581456e+05,4.870920554587e+05,2.686882216949e-03
4.640575154271e-03,4.871911609013e+05,4.871911582200e+05,2.681325830054e-03
4.639627130746e-03,4.872902634770e+05,4.872902608012e+05,2.675766299944e-03
4.638679494485e-03,4.873893658725e+05,4.873893632023e+05,2.670199261047e-03
4.637732245252e-03,4.874884680880e+05,4.874884654234e+05,2.664628846105e-03
4.636785382809e-03,4.875875701234e+05,4.875875674643e+05,2.659053308889e-03
4.635838906920e-03,4.876866719787e+05,4.876866693252e+05,2.653471601661e-03
4.634892817347e-03,4.877857736540e+05,4.877857710061e+05,2.647885587066e-03
4.633947113854e-03,4.878848751491e+05,4.878848725069e+05,2.642293635290e-03
4.633001796206e-03,4.879839764643e+05,4.879839738276e+05,2.636697725393e-03
4.632056864165e-03,4.880830775993e+05,4.880830749682e+05,2.631096867844e-03
4.631112317496e-03,4.881821785543e+05,4.881821759288e+05,2.625489374623e-03
4.630168155963e-03,4.882812793292e+05,4.882812767093e+05,2.619877806865e-03
4.629224379331e-03,4.883803799240e+05,4.883803773098e+05,2.614261175040e-03
4.628280987365e-03,4.884794803388e+05,4.884794777302e+05,2.608640526887e-03
4.627337979829e-03,4.885785805736e+05,4.885785779705e+05,2.603014057968e-03
4.626395356488e-03,4.886776806282e+05,4.886776780308e+05,2.597382175736e-03
4.625453117108e-03,4.887767805028e+05,4.887767779111e+05,2.591745520476e-03
4.624511261454e-03,4.888758801974e+05,4.888758776113e+05,2.586105023511e-03
4.623569789292e-03,4.889749797119e+05,4.889749771314e+05,2.580459171440e-03
4.622628700387e-03,4.890740790463e+05,4.890740764715e+05,2.574808197096e-03
4.621687994505e-03,4.891731782007e+05,4.891731756315e+05,2.569151984062e-03
4.620747671414e-03,4.892722771750e+05,4.892722746115e+05,2.563491580077e-03
4.619807730879e-03,4.893713759693e+05,4.893713734115e+05,2.557825879194e-03
4.618868172666e-03,4.894704745835e+05,4.894704720314e+05,2.552154997829e-03
4.617928996543e-03,4.895695730177e+05,4.895695704712e+05,2.546480158344e-03
4.616990202277e-03,4.896686712718e+05,4.896686687310e+05,2.540799090639e-03
4.616051789634e-03,4.897677693459e+05,4.897677668108e+05,2.535115112551e-03
4.615113758382e-03,4.898668672400e+05,4.898668647105e+05,2.529425197281e-03
4.614176108289e-03,4.899659649540e+05,4.899659624302e+05,2.523730916437e-03
4.613238839122e-03,4.900650624879e+05,4.900650599699e+05,2.518032270018e-03
4.612301950650e-03,4.901641598418e+05,4.901641573295e+05,2.512328443117e-03
4.611365442640e-03,4.902632570157e+05,4.902632545091e+05,2.506618853658e-03
4.610429314860e-03,4.903623540096e+05,4.903623515087e+05,2.500905946363e-03
4.609493567079e-03,4.904614508234e+05,4.904614483282e+05,2.495188557077e-03
4.608558199067e-03,4.905605474571e+05,4.905605449677e+05,2.489465463441e-03
4.607623210590e-03,4.906596439109e+05,4.906596414271e+05,2.483737654984e-03
4.606688601420e-03,4.907587401846e+05,4.907587377066e+05,2.478005539160e-03
4.605754371324e-03,4.908578362783e+05,4.908578338060e+05,2.472268301062e-03
4.604820520073e-03,4.909569321919e+05,4.909569297254e+05,2.466527046636e-03
4.603887047436e-03,4.910560279255e+05,4.910560254647e+05,2.460781484842e-03
4.602953953182e-03,4.911551234791e+05,4.911551210241e+05,2.455030451529e-03
4.602021237082e-03,4.912542188527e+05,4.912542164034e+05,2.449276100378e-03
4.601088898906e-03,4.913533140462e+05,4.913533116027e+05,2.443515870254e-03
4.600156938424e-03,4.914524090597e+05,4.914524066220e+05,2.437750925310e-03
4.599225355407e-03,4.915515038932e+05,4.915515014612e+05,2.431982662529e-03
4.598294149625e-03,4.916505985467e+05,4.916505961205e+05,2.426208695397e-03
4.597363320850e-03,4.917496930202e+05,4.917496905997e+05,2.420431410428e-03
4.596432868852e-03,4.918487873136e+05,4.918487848990e+05,2.414648479316e-03
4.595502793403e-03,4.919478814270e+05,4.919478790182e+05,2.408861706499e-03
4.594573094275e-03,4.920469753604e+05,4.920469729574e+05,2.403070218861e-03
4.593643771238e-03,4.921460691138e+05,4.921460667166e+05,2.397273608949e-03
4.592714824065e-03,4.922451626872e+05,4.922451602957e+05,2.391474146862e-03
4.591786252527e-03,4.923442560806e+05,4.923442536949e+05,2.385668456554e-03
4.590858056398e-03,4.924433492939e+05,4.924433469141e+05,2.379859972280e-03
4.589930235449e-03,4.925424423273e+05,4.925424399533e+05,2.374046132900e-03
4.589002789452e-03,4.926415351807e+05,4.926415328124e+05,2.368227753323e-03
4.588075718182e-03,4.927406278540e+05,4.927406254916e+05,2.362406172324e-03
4.587149021410e-03,4.928397203473e+05,4.928397179908e+05,2.356579701882e-03
4.586222698910e-03,4.929388126607e+05,4.929388103099e+05,2.350747585297e-03
4.585296750454e-03,4.930379047940e+05,4.930379024491e+05,2.344912500121e-03
4.584371175818e-03,4.931369967473e+05,4.931369944083e+05,2.339072816540e-03
4.583445974773e-03,4.932360885207e+05,4.932360861874e+05,2.333228825592e-03
4.582521147094e-03,4.933351801140e+05,4.933351777866e+05,2.327379304916e-03
4.581596692556e-03,4.934342715274e+05,4.934342692058e+05,2.321526757441e-03
4.580672610932e-03,4.935333627607e+05,4.935333604450e+05,2.315670019016e-03
4.579748901996e-03,4.936324538141e+05,4.936324515043e+05,2.309808682185e-03
4.578825565524e-03,4.937315446874e+05,4.937315423835e+05,2.303943037987e-03
4.577902601290e-03,4.938306353808e+05,4.938306330827e+05,2.298073377460e-03
4.576980009069e-03,4.939297258942e+05,4.939297236020e+05,2.292199293151e-03
4.576057788636e-03,4.940288162276e+05,4.940288139413e+05,2.286321076099e-03
4.575135939766e-03,4.941279063810e+05,4.941279041005e+05,2.280439424794e-03
4.574214462236e-03,4.942269963544e+05,4.942269940799e+05,2.274552767631e-03
4.573293355820e-03,4.943260861478e+05,4.943260838792e+05,2.268661570270e-03
4.572372620294e-03,4.944251757613e+05,4.944251734985e+05,2.262766705826e-03
4.571452255435e-03,4.945242651948e+05,4.945242629379e+05,2.256867301185e-03
4.570532261018e-03,4.946233544483e+05,4.946233521973e+05,2.250964986160e-03
4.569612636821e-03,4.947224435218e+05,4.947224412767e+05,2.245057781693e-03
4.568693382619e-03,4.948215324153e+05,4.948215301762e+05,2.239146619104e-03
4.567774498190e-03,4.949206211289e+05,4.949206188957e+05,2.233230567072e-03
4.566855983310e-03,4.950197096625e+05,4.950197074352e+05,2.227311022580e-03
4.565937837756e-03,4.951187980161e+05,4.951187957947e+05,2.221388043836e-03
4.565020061307e-03,4.952178861897e+05,4.952178839743e+05,2.215460641310e-03
4.564102653738e-03,4.953169741834e+05,4.953169719739e+05,2.209528989624e-03
4.563185614828e-03,4.954160619971e+05,4.954160597935e+05,2.203593438026e-03
4.562268944355e-03,4.955151496309e+05,4.955151474332e+05,2.197653404437e-03
4.561352642097e-03,4.956142370846e+05,4.956142348929e+05,2.191710693296e-03
4.560436707831e-03,4.957133243584e+05,4.957133221727e+05,2.185761695728e-03
4.559521141337e-03,4.958124114523e+05,4.958124092725e+05,2.179811010137e-03
4.558605942393e-03,4.959114983661e+05,4.959114961923e+05,2.173855260480e-03
4.557691110777e-03,4.960105851001e+05,4.960105829322e+05,2.167896076571e-03
4.556776646268e-03,4.961096716540e+05,4.961096694921e+05,2.161933924071e-03
4.555862548646e-03,4.962087580280e+05,4.962087558721e+05,2.155966009013e-03
4.554948817690e-03,4.963078442221e+05,4.963078420721e+05,2.149995008949e-03
4.554035453178e-03,4.964069302361e+05,4.964069280921e+05,2.144019934349e-03
4.553122454892e-03,4.965060160703e+05,4.965060139322e+05,2.138041134458e-03
4.552209822610e-03,4.966051017245e+05,4.966050995924e+05,2.132059249561e-03
4.551297556112e-03,4.967041871987e+05,4.967041850726e+05,2.126071951352e-03
4.550385655179e-03,4.968032724930e+05,4.968032703729e+05,2.120081917383e-03
4.549474119591e-03,4.969023576073e+05,4.969023554932e+05,2.114087459631e-03
4.548562949129e-03,4.970014425417e+05,4.970014404336e+05,2.108090033289e-03
4.547652143572e-03,4.971005272961e+05,4.971005251940e+05,2.102089056280e-03
4.546741702703e-03,4.971996118706e+05,4.971996097745e+05,2.096083306242e-03
4.545831626301e-03,4.972986962651e+05,4.972986941751e+05,2.090074471198e-03
4.544921914148e-03,4.973977804797e+05,4.973977783957e+05,2.084062143695e-03
4.544012566026e-03,4.974968645144e+05,4.974968624363e+05,2.078044752125e-03
4.543103581716e-03,4.975959483691e+05,4.975959462971e+05,2.072024333756e-03
4.542194961000e-03,4.976950320439e+05,4.976950299779e+05,2.066001412459e-03
4.541286703659e-03,4.977941155387e+05,4.977941134788e+05,2.059974300209e-03
4.540378809476e-03,4.978931988536e+05,4.978931967997e+05,2.053942240309e-03
4.539471278233e-03,4.979922819886e+05,4.979922799407e+05,2.047907735687e-03
4.538564109712e-03,4.980913649437e+05,4.980913629018e+05,2.041868865490e-03
4.537657303696e-03,4.981904477188e+05,4.981904456830e+05,2.035826386418e-03
4.536750859968e-03,4.982895303140e+05,4.982895282842e+05,2.029781811871e-03
4.535844778310e-03,4.983886127292e+05,4.983886107055e+05,2.023731125519e-03
4.534939058506e-03,4.984876949645e+05,4.984876929469e+05,2.017679042183e-03
4.534033700339e-03,4.985867770199e+05,4.985867750083e+05,2.011623058934e-03
4.533128703593e-03,4.986858588954e+05,4.986858568898e+05,2.005562826525e-03
4.532224068050e-03,4.987849405910e+05,4.987849385915e+05,1.999499916565e-03
4.531319793496e-03,4.988840221066e+05,4.988840201131e+05,1.993432000745e-03
4.530415879713e-03,4.989831034423e+05,4.989831014549e+05,1.987361989450e-03
4.529512326486e-03,4.990821845981e+05,4.990821826168e+05,1.981288543902e-03
4.528609133599e-03,4.991812655739e+05,4.991812635987e+05,1.975210732780e-03
4.527706300837e-03,4.992803463699e+05,4.992803444008e+05,1.969129894860e-03
4.526803827985e-03,4.993794269859e+05,4.993794250229e+05,1.963044924196e-03
4.525901714827e-03,4.994785074220e+05,4.994785054651e+05,1.956956635695e-03
4.524999961148e-03,4.995775876783e+05,4.995775857274e+05,1.950866659172e-03
4.524098566733e-03,4.996766677546e+05,4.996766658098e+05,1.944772200659e-03
4.523197531368e-03,4.997757476509e+05,4.997757457123e+05,1.938673027325e-03
4.522296854839e-03,4.998748273674e+05,4.998748254348e+05,1.932572340593e-03
4.521396536930e-03,4.999739069040e+05,4.999739049775e+05,1.926468336023e-03
4.520496577428e-03,5.000729862607e+05,5.000729843403e+05,1.920359849464e-03
4.519596976119e-03,5.001720654374e+05,5.001720635232e+05,1.914248277899e-03
4.518697732789e-03,5.002711444343e+05,5.002711425261e+05,1.908133679535e-03
4.517798847225e-03,5.003702232512e+05,5.003702213492e+05,1.902015123051e-03
4.516900319212e-03,5.004693018883e+05,5.004692999924e+05,1.895894703921e-03
4.516002148538e-03,5.005683803454e+05,5.005683784557e+05,1.889770152047e-03
4.515104334990e-03,5.006674586227e+05,5.006674567390e+05,1.883642049506e-03
4.514206878354e-03,5.007665367200e+05,5.007665348425e+05,1.877510396298e-03
4.513309778418e-03,5.008656146375e+05,5.008656127661e+05,1.871376240160e-03
4.512413034969e-03,5.009646923751e+05,5.009646905098e+05,1.865239057224e-03
4.511516647795e-03,5.010637699327e+05,5.010637680736e+05,1.859098207206e-03
4.510620616683e-03,5.011628473105e+05,5.011628454576e+05,1.852955610957e-03
4.509724941422e-03,5.012619245084e+05,5.012619226616e+05,1.846807717811e-03
4.508829621799e-03,5.013610015264e+05,5.013609996858e+05,1.840658136643e-03
4.507934657602e-03,5.014600783646e+05,5.014600765300e+05,1.834504131693e-03
4.507040048621e-03,5.015591550228e+05,5.015591531944e+05,1.828348031268e-03
4.506145794643e-03,5.016582315011e+05,5.016582296789e+05,1.822188089136e-03
4.505251895457e-03,5.017573077996e+05,5.017573059836e+05,1.816025003791e-03
4.504358350853e-03,5.018563839182e+05,5.018563821083e+05,1.809859764762e-03
4.503465160619e-03,5.019554598569e+05,5.019554580532e+05,1.803691324312e-03
4.502572324544e-03,5.020545356157e+05,5.020545338182e+05,1.797519274987e-03
4.501679842418e-03,5.021536111946e+05,5.021536094033e+05,1.791343966033e-03
4.500787714031e-03,5.022526865937e+05,5.022526848085e+05,1.785167085472e-03
4.499895939172e-03,5.023517618129e+05,5.023517600339e+05,1.778984093107e-03
4.499004517631e-03,5.024508368522e+05,5.024508350794e+05,1.772800460458e-03
4.498113449198e-03,5.025499117117e+05,5.025499099451e+05,1.766613859218e-03
4.497222733663e-03,5.026489863912e+05,5.026489846308e+05,1.760424231179e-03
4.496332370818e-03,5.027480608909e+05,5.027480591367e+05,1.754231459927e-03
4.495442360451e-03,5.028471352108e+05,5.028471334627e+05,1.748035720084e-03
4.494552702355e-03,5.029462093507e+05,5.029462076089e+05,1.741837069858e-03
4.493663396320e-03,5.030452833108e+05,5.030452815752e+05,1.735635451041e-03
4.492774442136e-03,5.031443570911e+05,5.031443553617e+05,1.729430397972e-03
4.491885839597e-03,5.032434306915e+05,5.032434289682e+05,1.723222958390e-03
4.490997588491e-03,5.033425041120e+05,5.033425023950e+05,1.717013365123e-03
4.490109688612e-03,5.034415773526e+05,5.034415756418e+05,1.710799813736e-03
4.489222139751e-03,5.035406504134e+05,5.035406487088e+05,1.704583584797e-03
4.488334941700e-03,5.036397232943e+05,5.036397215960e+05,1.698363746982e-03
4.487448094250e-03,5.037387959954e+05,5.037387943033e+05,1.692143094260e-03
4.486561597195e-03,5.038378685166e+05,5.038378668307e+05,1.685918541625e-03
4.485675450326e-03,5.039369408580e+05,5.039369391783e+05,1.679690845776e-03
4.484789653436e-03,5.040360130195e+05,5.040360113461e+05,1.673461229075e-03
4.483904206318e-03,5.041350850012e+05,5.041350833340e+05,1.667229051236e-03
4.483019108764e-03,5.042341568030e+05,5.042341551420e+05,1.660993148107e-03
4.482134360568e-03,5.043332284250e+05,5.043332267702e+05,1.654754276387e-03
4.481249961523e-03,5.044322998671e+05,5.044322982186e+05,1.648514065892e-03
4.480365911422e-03,5.045313711294e+05,5.045313694871e+05,1.642270479351e-03
4.479482210059e-03,5.046304422118e+05,5.046304405758e+05,1.636024215259e-03
4.478598857227e-03,5.047295131144e+05,5.047295114846e+05,1.629774633329e-03
4.477715852721e-03,5.048285838371e+05,5.048285822136e+05,1.623523363378e-03
4.476833196334e-03,5.049276543800e+05,5.049276527628e+05,1.617269706912e-03
4.475950887860e-03,5.050267247431e+05,5.050267231321e+05,1.611012965441e-03
4.475068927094e-03,5.051257949263e+05,5.051257933216e+05,1.604753138963e-03
4.474187313830e-03,5.052248649297e+05,5.052248633312e+05,1.598490925971e-03
4.473306047863e-03,5.053239347533e+05,5.053239331610e+05,1.592226268258e-03
4.472425128988e-03,5.054230043970e+05,5.054230028110e+05,1.585958991200e-03
4.471544556999e-03,5.055220738609e+05,5.055220722812e+05,1.579688570928e-03
4.470664331693e-03,5.056211431449e+05,5.056211415715e+05,1.573416579049e-03
4.469784452864e-03,5.057202122492e+05,5.057202106820e+05,1.567141269334e-03
4.468904920307e-03,5.058192811736e+05,5.058192796127e+05,1.560865086503e-03
4.468025733819e-03,5.059183499181e+05,5.059183483636e+05,1.554584596306e-03
4.467146893194e-03,5.060174184829e+05,5.060174169346e+05,1.548301370349e-03
4.466268398230e-03,5.061164868678e+05,5.061164853258e+05,1.542017154861e-03
4.465390248722e-03,5.062155550729e+05,5.062155535372e+05,1.535729737952e-03
4.464512444466e-03,5.063146230982e+05,5.063146215687e+05,1.529441156890e-03
4.463634985259e-03,5.064136909436e+05,5.064136894205e+05,1.523148443084e-03
4.462757870898e-03,5.065127586093e+05,5.065127570924e+05,1.516852877103e-03
4.461881101179e-03,5.066118260951e+05,5.066118245845e+05,1.510556205176e-03
4.461004675899e-03,5.067108934011e+05,5.067108918968e+05,1.504256913904e-03
4.460128594855e-03,5.068099605273e+05,5.068099590293e+05,1.497955585364e-03
4.459252857844e-03,5.069090274737e+05,5.069090259820e+05,1.491651928518e-03
4.458377464664e-03,5.070080942402e+05,5.070080927549e+05,1.485345535912e-03
4.457502415113e-03,5.071071608270e+05,5.071071593479e+05,1.479036814999e-03
4.456627708987e-03,5.072062272339e+05,5.072062257612e+05,1.472726231441e-03
4.455753346086e-03,5.073052934611e+05,5.073052919946e+05,1.466412912123e-03
4.454879326206e-03,5.074043595084e+05,5.074043580483e+05,1.460096100345e-03
4.454005649147e-03,5.075034253759e+05,5.075034239221e+05,1.453779754229e-03
4.453132314706e-03,5.076024910636e+05,5.076024896162e+05,1.447459566407e-03
4.452259322682e-03,5.077015565715e+05,5.077015551304e+05,1.441136933863e-03
4.451386672873e-03,5.078006218996e+05,5.078006204648e+05,1.434812322259e-03
4.450514365079e-03,5.078996870480e+05,5.078996856195e+05,1.428485382348e-03
4.449642399099e-03,5.079987520165e+05,5.079987505943e+05,1.422157278284e-03
4.448770774731e-03,5.080978168052e+05,5.080978153894e+05,1.415826729499e-03
4.447899491774e-03,5.081968814141e+05,5.081968800046e+05,1.409492339008e-03
4.447028550029e-03,5.082959458432e+05,5.082959444401e+05,1.403157773893e-03
4.446157949295e-03,5.083950100926e+05,5.083950086957e+05,1.396819250658e-03
4.445287689372e-03,5.084940741621e+05,5.084940727716e+05,1.390480727423e-03
4.444417770059e-03,5.085931380518e+05,5.085931366677e+05,1.384139060974e-03
4.443548191156e-03,5.086922017618e+05,5.086922003840e+05,1.377794891596e-03
4.442678952465e-03,5.087912652920e+05,5.087912639205e+05,1.371449092403e-03
4.441810053784e-03,5.088903286424e+05,5.088903272773e+05,1.365100732073e-03
4.440941494916e-03,5.089893918130e+05,5.089893904542e+05,1.358751556836e-03
4.440073275660e-03,5.090884548038e+05,5.090884534514e+05,1.352398190647e-03
4.439205395817e-03,5.091875176148e+05,5.091875162688e+05,1.346044475213e-03
4.438337855189e-03,5.092865802460e+05,5.092865789064e+05,1.339689246379e-03
4.437470653576e-03,5.093856426975e+05,5.093856413642e+05,1.333330234047e-03
4.436603790779e-03,5.094847049692e+05,5.094847036422e+05,1.326970756054e-03
4.435737266602e-03,5.095837670611e+05,5.095837657405e+05,1.320608833339e-03
4.434871080844e-03,5.096828289733e+05,5.096828276590e+05,1.314245106187e-03
4.434005233307e-03,5.097818907056e+05,5.097818893977e+05,1.307879865635e-03
4.433139723795e-03,5.098809522582e+05,5.098809509567e+05,1.301511947531e-03
4.432274552108e-03,5.099800136310e+05,5.099800123359e+05,1.295142457820e-03
4.431409718049e-03,5.100790748241e+05,5.100790735353e+05,1.288771221880e-03
4.430545221420e-03,5.101781358373e+05,5.101781345549e+05,1.282397774048e-03
4.429681062025e-03,5.102771966709e+05,5.102771953948e+05,1.276022347156e-03
4.428817239665e-03,5.103762573246e+05,5.103762560549e+05,1.269645814318e-03
4.427953754143e-03,5.104753177986e+05,5.104753165353e+05,1.263267186005e-03
4.427090605263e-03,5.105743780928e+05,5.105743768359e+05,1.256885589100e-03
4.426227792828e-03,5.106734382072e+05,5.106734369567e+05,1.250503119081e-03
4.425365316641e-03,5.107724981419e+05,5.107724968978e+05,1.244119543117e-03
4.424503176505e-03,5.108715578968e+05,5.108715566591e+05,1.237732707523e-03
4.423641372224e-03,5.109706174720e+05,5.109706162407e+05,1.231345173437e-03
4.422779903603e-03,5.110696768674e+05,5.110696756425e+05,1.224956300575e-03
4.421918770444e-03,5.111687360831e+05,5.111687348645e+05,1.218563586008e-03
4.421057972552e-03,5.112677951190e+05,5.112677939068e+05,1.212170987856e-03
4.420197509731e-03,5.113668539751e+05,5.113668527694e+05,1.205776934512e-03
4.419337381786e-03,5.114659126515e+05,5.114659114521e+05,1.199380494654e-03
4.418477588521e-03,5.115649711482e+05,5.115649699552e+05,1.192982541397e-03
4.417618129741e-03,5.116640294651e+05,5.116640282785e+05,1.186581910588e-03
4.416759005251e-03,5.117630876022e+05,5.117630864220e+05,1.180180988740e-03
4.415900214855e-03,5.118621455596e+05,5.118621443858e+05,1.173778378870e-03
4.415041758359e-03,5.119612033373e+05,5.119612021699e+05,1.167374313809e-03
4.414183635569e-03,5.120602609352e+05,5.120602597742e+05,1.160967629403e-03
4.413325846288e-03,5.121593183534e+05,5.121593171988e+05,1.154560479335e-03
4.412468390324e-03,5.122583755918e+05,5.122583744436e+05,1.148151292000e-03
4.411611267483e-03,5.123574326505e+05,5.123574315087e+05,1.141740998719e-03
4.410754477568e-03,5.124564895294e+05,5.124564883941e+05,1.135328260716e-03
4.409898020388e-03,5.125555462286e+05,5.125555450997e+05,1.128914242145e-03
4.409041895748e-03,5.126546027481e+05,5.126546016256e+05,1.122499117628e-03
4.408186103455e-03,5.127536590878e+05,5.127536579718e+05,1.116082770750e-03
4.407330643315e-03,5.128527152479e+05,5.128527141382e+05,1.109663571697e-03
4.406475515134e-03,5.129517712281e+05,5.129517701249e+05,1.103245187551e-03
4.405620718720e-03,5.130508270287e+05,5.130508259319e+05,1.096823776606e-03
4.404766253879e-03,5.131498826495e+05,5.131498815591e+05,1.090400852263e-03
4.403912120419e-03,5.132489380906e+05,5.132489370066e+05,1.083976763766e-03
4.403058318147e-03,5.133479933519e+05,5.133479922744e+05,1.077551045455e-03
4.402204846870e-03,5.134470484336e+05,5.134470473625e+05,1.071124162991e-03
4.401351706395e-03,5.135461033355e+05,5.135461022708e+05,1.064696698450e-03
4.400498896532e-03,5.136451580577e+05,5.136451569994e+05,1.058267022017e-03
4.399646417086e-03,5.137442126002e+05,5.137442115483e+05,1.051835541148e-03
4.398794267868e-03,5.138432669629e+05,5.138432659175e+05,1.045403652824e-03
4.397942448683e-03,5.139423211459e+05,5.139423201070e+05,1.038969669025e-03
4.397090959342e-03,5.140413751492e+05,5.140413741167e+05,1.032535219565e-03
4.396239799652e-03,5.141404289728e+05,5.141404279467e+05,1.026099431328e-03
4.395388969421e-03,5.142394826167e+05,5.142394815971e+05,1.019661896862e-03
4.394538468460e-03,5.143385360809e+05,5.143385350677e+05,1.013223081827e-03
4.393688296576e-03,5.144375893654e+05,5.144375883586e+05,1.006783277262e-03
4.392838453578e-03,5.145366424701e+05,5.145366414698e+05,1.000343007036e-03
4.391988939277e-03,5.146356953951e+05,5.146356944013e+05,9.938990115188e-04
4.391139753480e-03,5.147347481405e+05,5.147347471530e+05,9.874565876089e-04
4.390290895998e-03,5.148338007061e+05,5.148337997251e+05,9.810108458623e-04
4.389442366641e-03,5.149328530920e+05,5.149328521175e+05,9.745665010996e-04
4.388594165217e-03,5.150319052982e+05,5.150319043301e+05,9.681182564236e-04
4.387746291538e-03,5.151309573248e+05,5.151309563631e+05,9.616715833545e-04
4.386898745412e-03,5.152300091716e+05,5.152300082164e+05,9.552214760333e-04
4.386051526651e-03,5.153290608387e+05,5.153290598899e+05,9.487712522969e-04
4.385204635065e-03,5.154281123261e+05,5.154281113838e+05,9.423198061995e-04
4.384358070463e-03,5.155271636338e+05,5.155271626980e+05,9.358675451949e-04
4.383511832658e-03,5.156262147618e+05,5.156262138324e+05,9.294138872065e-04
4.382665921459e-03,5.157252657102e+05,5.157252647872e+05,9.229592396878e-04
4.381820336678e-03,5.158243164788e+05,5.158243155623e+05,9.165030205622e-04
4.380975078125e-03,5.159233670677e+05,5.159233661577e+05,9.100469178520e-04
4.380130145612e-03,5.160224174770e+05,5.160224165734e+05,9.035887778737e-04
4.379285538951e-03,5.161214677066e+05,5.161214668094e+05,8.971298229881e-04
4.378441257953e-03,5.162205177564e+05,5.162205168658e+05,8.906705188565e-04
4.377597302429e-03,5.163195676266e+05,5.163195667424e+05,8.842102251947e-04
4.376753672191e-03,5.164186173171e+05,5.164186164394e+05,8.777478360571e-04
4.375910367052e-03,5.165176668280e+05,5.165176659567e+05,8.712858543731e-04
4.375067386823e-03,5.166167161591e+05,5.166167152943e+05,8.648225339130e-04
4.374224731317e-03,5.167157653106e+05,5.167157644522e+05,8.583584567532e-04
4.373382400347e-03,5.168148142823e+05,5.168148134304e+05,8.518933900632e-04
4.372540393724e-03,5.169138630744e+05,5.169138622290e+05,8.454271592200e-04
4.371698711261e-03,5.170129116869e+05,5.170129108479e+05,8.389603463002e-04
4.370857352771e-03,5.171119601196e+05,5.171119592871e+05,8.324918453582e-04
4.370016318068e-03,5.172110083727e+05,5.172110075467e+05,8.260240429081e-04
4.369175606964e-03,5.173100564461e+05,5.173100556265e+05,8.195544942282e-04
4.368335219273e-03,5.174091043398e+05,5.174091035267e+05,8.130837231874e-04
4.367495154808e-03,5.175081520539e+05,5.175081512473e+05,8.066127193160e-04
4.366655413382e-03,5.176071995883e+05,5.176071987881e+05,8.001406677067e-04
4.365815994810e-03,5.177062469430e+05,5.177062461493e+05,7.936686743051e-04
4.364976898904e-03,5.178052941180e+05,5.178052933308e+05,7.871955167502e-04
4.364138125480e-03,5.179043411134e+05,5.179043403327e+05,7.807214278728e-04
4.363299674352e-03,5.180033879292e+05,5.180033871549e+05,7.742456509732e-04
4.362461545332e-03,5.181024345652e+05,5.181024337975e+05,7.677719113417e-04
4.361623738237e-03,5.182014810216e+05,5.182014802603e+05,7.612952613272e-04
4.360786252880e-03,5.183005272984e+05,5.183005265436e+05,7.548178546131e-04
4.359949089077e-03,5.183995733955e+05,5.183995726471e+05,7.483413210139e-04
4.359112246641e-03,5.184986193129e+05,5.184986185710e+05,7.418624009006e-04
4.358275725389e-03,5.185976650507e+05,5.185976643153e+05,7.353837136179e-04
4.357439525134e-03,5.186967106088e+05,5.186967098799e+05,7.289043278433e-04
4.356603645693e-03,5.187957559873e+05,5.187957552648e+05,7.224255823530e-04
4.355768086881e-03,5.188948011861e+05,5.188948004701e+05,7.159442175180e-04
4.354932848514e-03,5.189938462052e+05,5.189938454958e+05,7.094633183442e-04
4.354097930406e-03,5.190928910448e+05,5.190928903418e+05,7.029822445475e-04
4.353263332375e-03,5.191919357046e+05,5.191919350081e+05,6.964994245209e-04
4.352429054235e-03,5.192909801849e+05,5.192909794948e+05,6.900178268552e-04
4.351595095804e-03,5.193900244854e+05,5.193900238019e+05,6.835339008830e-04
4.350761456897e-03,5.194890686064e+05,5.194890679293e+05,6.770506734028e-04
4.349928137330e-03,5.195881125477e+05,5.195881118771e+05,6.705663981847e-04
4.349095136921e-03,5.196871563093e+05,5.196871556452e+05,6.640811334364e-04
4.348262455485e-03,5.197861998913e+05,5.197861992337e+05,6.575959851034e-04
4.347430092841e-03,5.198852432937e+05,5.198852426426e+05,6.511106039397e-04
4.346598048804e-03,5.199842865165e+05,5.199842858718e+05,6.446253973991e-04
4.345766323192e-03,5.200833295596e+05,5.200833289214e+05,6.381389102899e-04
4.344934915822e-03,5.201823724230e+05,5.201823717914e+05,6.316521903500e-04
4.344103826511e-03,5.202814151069e+05,5.202814144817e+05,6.251650629565e-04
4.343273055077e-03,5.203804576111e+05,5.203804569924e+05,6.186772952788e-04
4.342442601338e-03,5.204794999357e+05,5.204794993235e+05,6.121897604316e-04
4.341612465112e-03,5.205785420806e+05,5.205785414749e+05,6.057013524696e-04
4.340782646216e-03,5.206775840459e+05,5.206775834467e+05,5.992138758302e-04
4.339953144468e-03,5.207766258316e+05,5.207766252389e+05,5.927248275839e-04
4.339123959687e-03,5.208756674377e+05,5.208756668515e+05,5.862349644303e-04
4.338295091691e-03,5.209747088641e+05,5.209747082844e+05,5.797458579764e-04
4.337466540298e-03,5.210737501110e+05,5.210737495377e+05,5.732580320910e-04
4.336638305327e-03,5.211727911782e+05,5.211727906114e+05,5.667677032761e-04
4.335810386598e-03,5.212718320658e+05,5.212718315055e+05,5.602773744613e-04
4.334982783928e-03,5.213708727737e+05,5.213708722199e+05,5.537875113077e-04
4.334155497137e-03,5.214699133021e+05,5.214699127548e+05,5.472967750393e-04
4.333328526045e-03,5.215689536508e+05,5.215689531100e+05,5.408063298091e-04
4.332501870469e-03,5.216679938199e+05,5.216679932856e+05,5.343160592020e-04
4.331675530231e-03,5.217670338094e+05,5.217670332816e+05,5.278241587803e-04
4.330849505149e-03,5.218660736193e+05,5.218660730980e+05,5.213334807195e-04
4.330023795043e-03,5.219651132496e+05,5.219651127348e+05,5.148425698280e-04
4.329198399733e-03,5.220641527003e+05,5.220641521920e+05,5.083513678983e-04
4.328373319039e-03,5.221631919714e+05,5.221631914695e+05,5.018592928536e-04
4.327548552782e-03,5.222622310628e+05,5.222622305675e+05,4.953682073392e-04
4.326724100781e-03,5.223612699747e+05,5.223612694858e+05,4.888767725788e-04
4.325899962857e-03,5.224603087070e+05,5.224603082246e+05,4.823849885724e-04
4.325076138831e-03,5.225593472596e+05,5.225593467837e+05,4.758937284350e-04
4.324252628522e-03,5.226583856327e+05,5.226583851633e+05,4.694025265053e-04
4.323429431753e-03,5.227574238261e+05,5.227574233632e+05,4.629096947610e-04
4.322606548344e-03,5.228564618400e+05,5.228564613836e+05,4.564188420773e-04
4.321783978116e-03,5.229554996743e+05,5.229554992243e+05,4.499268834479e-04
4.320961720890e-03,5.230545373289e+05,5.230545368855e+05,4.434349830262e-04
4.320139776488e-03,5.231535748040e+05,5.231535743671e+05,4.369438975118e-04
4.319318144732e-03,5.232526120995e+05,5.232526116690e+05,4.304530448280e-04
4.318496825442e-03,5.233516492154e+05,5.233516487914e+05,4.239613190293e-04
4.317675818441e-03,5.234506861517e+05,5.234506857342e+05,4.174692439847e-04
4.316855123551e-03,5.235497229084e+05,5.235497224974e+05,4.109793226235e-04
4.316034740593e-03,5.236487594855e+05,5.236487590810e+05,4.044868401252e-04
4.315214669390e-03,5.237477958831e+05,5.237477954851e+05,3.979961038567e-04
4.314394909764e-03,5.238468321010e+05,5.238468317095e+05,3.915060660802e-04
4.313575461538e-03,5.239458681394e+05,5.239458677544e+05,3.850144566968e-04
4.312756324535e-03,5.240449039982e+05,5.240449036196e+05,3.785240696743e-04
4.311937498576e-03,5.241439396774e+05,5.241439393053e+05,3.720345557667e-04
4.311118983485e-03,5.242429751770e+05,5.242429748115e+05,3.655434120446e-04
4.310300779085e-03,5.243420104971e+05,5.243420101380e+05,3.590536070988e-04
4.309482885199e-03,5.244410456375e+05,5.244410452850e+05,3.525650827214e-04
4.308665301651e-03,5.245400805984e+05,5.245400802524e+05,3.460753941908e-04
4.307848028263e-03,5.246391153798e+05,5.246391150402e+05,3.395866369829e-04
4.307031064859e-03,5.247381499815e+05,5.247381496484e+05,3.330977633595e-04
4.306214411263e-03,5.248371844037e+05,5.248371840771e+05,3.266093553975e-04
4.305398067299e-03,5.249362186463e+05,5.249362183262e+05,3.201214130968e-04
4.304582032790e-03,5.250352527094e+05,5.250352523958e+05,3.136333543807e-04
4.303766307561e-03,5.251342865929e+05,5.251342862857e+05,3.071448300034e-04
4.302950891436e-03,5.252333202968e+05,5.252333199961e+05,3.006590995938e-04
4.302135784239e-03,5.253323538211e+05,5.253323535270e+05,2.941717393696e-04
4.301320985795e-03,5.254313871659e+05,5.254313868782e+05,2.876847283915e-04
4.300506495929e-03,5.255304203311e+05,5.255304200499e+05,2.811987651512e-04
4.299692314464e-03,5.256294533168e+05,5.256294530421e+05,2.747144317254e-04
4.298878441227e-03,5.257284861229e+05,5.257284858547e+05,2.682281192392e-04
4.298064876041e-03,5.258275187495e+05,5.258275184877e+05,2.617448335513e-04
4.297251618732e-03,5.259265511965e+05,5.259265509412e+05,2.552600344643e-04
4.296438669126e-03,5.260255834639e+05,5.260255832151e+05,2.487751189619e-04
4.295626027047e-03,5.261246155518e+05,5.261246153095e+05,2.422918332741e-04
4.294813692322e-03,5.262236474601e+05,5.262236472243e+05,2.358098281547e-04
4.294001664776e-03,5.263226791889e+05,5.263226789596e+05,2.293274737895e-04
4.293189944234e-03,5.264217107381e+05,5.264217105153e+05,2.228458179161e-04
4.292378530524e-03,5.265207421078e+05,5.265207418915e+05,2.163647441193e-04
4.291567423469e-03,5.266197732980e+05,5.266197730881e+05,2.098840195686e-04
4.290756622898e-03,5.267188043085e+05,5.267188041051e+05,2.034039935097e-04
4.289946128636e-03,5.268178351396e+05,5.268178349427e+05,1.969243166968e-04
4.289135940510e-03,5.269168657911e+05,5.269168656007e+05,1.904449891299e-04
4.288326058346e-03,5.270158962631e+05,5.270158960791e+05,1.839676406235e-04
4.287516481971e-03,5.271149265555e+05,5.271149263780e+05,1.774901757017e-04
4.286707211212e-03,5.272139566684e+05,5.272139564974e+05,1.710135256872e-04
4.285898245895e-03,5.273129866017e+05,5.273129864372e+05,1.645364100114e-04
4.285089585849e-03,5.274120163555e+05,5.274120161975e+05,1.580615062267e-04
4.284281230900e-03,5.275110459298e+05,5.275110457782e+05,1.515855547041e-04
4.283473180875e-03,5.276100753245e+05,5.276100751794e+05,1.451113494113e-04
4.282665435602e-03,5.277091045398e+05,5.277091044011e+05,1.386381918564e-04
4.281857994910e-03,5.278081335754e+05,5.278081334433e+05,1.321651507169e-04
4.281050858624e-03,5.279071624316e+05,5.279071623059e+05,1.256935065612e-04
4.280244026574e-03,5.280061911082e+05,5.280061909890e+05,1.192225608975e-04
4.279437498587e-03,5.281052196053e+05,5.281052194926e+05,1.127519644797e-04
4.278631274491e-03,5.282042479229e+05,5.282042478166e+05,1.062816008925e-04
4.277825354116e-03,5.283032760609e+05,5.283032759611e+05,9.981333278120e-05
4.277019737288e-03,5.284023040194e+05,5.284023039261e+05,9.334494825453e-05
4.276214423837e-03,5.285013317985e+05,5.285013317116e+05,8.687807712704e-05
4.275409413592e-03,5.286003593979e+05,5.286003593175e+05,8.041143883020e-05
4.274604706381e-03,5.286993868179e+05,5.286993867440e+05,7.394619751722e-05
4.273800302032e-03,5.287984140583e+05,5.287984139909e+05,6.748177111149e-05
4.272996200376e-03,5.288974411193e+05,5.288974410583e+05,6.101699545979e-05
4.272192401242e-03,5.289964680007e+05,5.289964679461e+05,5.455396603793e-05
4.271388904457e-03,5.290954947026e+05,5.290954946545e+05,4.809291567653e-05
4.270585709853e-03,5.291945212250e+05,5.291945211834e+05,4.163174889982e-05
4.269782817259e-03,5.292935475679e+05,5.292935475327e+05,3.517104778439e-05
4.268980226504e-03,5.293925737312e+05,5.293925737025e+05,2.871267497540e-05
4.268177937418e-03,5.294915997151e+05,5.294915996928e+05,2.225523348898e-05
4.267375949831e-03,5.295906255195e+05,5.295906255037e+05,1.579744275659e-05
4.266574263573e-03,5.296896511443e+05,5.296896511350e+05,9.341165423393e-06
4.265772878475e-03,5.297886765897e+05,5.297886765868e+05,2.886517904699e-06
4.264971794366e-03,5.298877018555e+05,5.298877018591e+05,-3.567547537386e-06
4.264171011078e-03,5.299867269418e+05,5.299867269519e+05,-1.002114731818e-05
4.263370528440e-03,5.300857518487e+05,5.300857518652e+05,-1.647241879255e-05
4.262570346284e-03,5.301847765760e+05,5.301847765990e+05,-2.292322460562e-05
4.261770464440e-03,5.302838011239e+05,5.302838011532e+05,-2.937286626548e-05
4.260970882739e-03,5.303828254922e+05,5.303828255280e+05,-3.582157660276e-05
4.260171601013e-03,5.304818496811e+05,5.304818497234e+05,-4.226935561746e-05
4.259372619092e-03,5.305808736904e+05,5.305808737392e+05,-4.871562123299e-05
4.258573936809e-03,5.306798975203e+05,5.306798975755e+05,-5.516072269529e-05
4.257775553993e-03,5.307789211707e+05,5.307789212323e+05,-6.160454358906e-05
4.256977470478e-03,5.308779446416e+05,5.308779447096e+05,-6.804801523685e-05
4.256179686094e-03,5.309769679330e+05,5.309769680075e+05,-7.448927499354e-05
4.255382200675e-03,5.310759910449e+05,5.310759911258e+05,-8.092878852040e-05
4.254585014050e-03,5.311750139773e+05,5.311750140647e+05,-8.736818563193e-05
4.253788126054e-03,5.312740367303e+05,5.312740368241e+05,-9.380676783621e-05
4.252991536517e-03,5.313730593038e+05,5.313730594040e+05,-1.002438366413e-04
4.252195245272e-03,5.314720816978e+05,5.314720818044e+05,-1.066793920472e-04
4.251399252153e-03,5.315711039123e+05,5.315711040254e+05,-1.131136668846e-04
4.250603556990e-03,5.316701259473e+05,5.316701260668e+05,-1.195464283228e-04
4.249808159618e-03,5.317691478028e+05,5.317691479288e+05,-1.259779091924e-04
4.249013059869e-03,5.318681694789e+05,5.318681696113e+05,-1.324079930782e-04
4.248218257576e-03,5.319671909755e+05,5.319671911143e+05,-1.388362143189e-04
4.247423752572e-03,5.320662122926e+05,5.320662124379e+05,-1.452647848055e-04
4.246629544690e-03,5.321652334303e+05,5.321652335820e+05,-1.516911434010e-04
4.245835633763e-03,5.322642543885e+05,5.322642545466e+05,-1.581155229360e-04
4.245042019626e-03,5.323632751672e+05,5.323632753317e+05,-1.645385054871e-04
4.244248702112e-03,5.324622957664e+05,5.324622959374e+05,-1.709614880383e-04
4.243455681054e-03,5.325613161862e+05,5.325613163636e+05,-1.773815602064e-04
4.242662956286e-03,5.326603364265e+05,5.326603366103e+05,-1.838010502979e-04
4.241870527643e-03,5.327593564874e+05,5.327593566776e+05,-1.902186777443e-04
4.241078394958e-03,5.328583763688e+05,5.328583765654e+05,-1.966344425455e-04
4.240286558066e-03,5.329573960707e+05,5.329573962738e+05,-2.030489267781e-04
4.239495016800e-03,5.330564155932e+05,5.330564158026e+05,-2.094620140269e-04
4.238703770997e-03,5.331554349362e+05,5.331554351521e+05,-2.158738207072e-04
4.237912820489e-03,5.332544540997e+05,5.332544543220e+05,-2.222836483270e-04
4.237122165112e-03,5.333534730838e+05,5.333534733125e+05,-2.286926610395e-04
4.236331804701e-03,5.334524918885e+05,5.334524921236e+05,-2.351005095989e-04
4.235541739090e-03,5.335515105137e+05,5.335515107552e+05,-2.415055641904e-04
4.234751968115e-03,5.336505289594e+05,5.336505292073e+05,-2.479096874595e-04
4.233962491611e-03,5.337495472257e+05,5.337495474800e+05,-2.543118316680e-04
4.233173309413e-03,5.338485653126e+05,5.338485655733e+05,-2.607119968161e-04
4.232384421357e-03,5.339475832200e+05,5.339475834871e+05,-2.671116963029e-04
4.231595827278e-03,5.340466009479e+05,5.340466012214e+05,-2.735091838986e-04
4.230807527012e-03,5.341456184964e+05,5.341456187763e+05,-2.799049252644e-04
4.230019520395e-03,5.342446358655e+05,5.342446361518e+05,-2.862985711545e-04
4.229231807263e-03,5.343436530551e+05,5.343436533478e+05,-2.926908200607e-04
4.228444387451e-03,5.344426700653e+05,5.344426703643e+05,-2.990819048136e-04
4.227657260797e-03,5.345416868960e+05,5.345416872015e+05,-3.054711269215e-04
4.226870427136e-03,5.346407035473e+05,5.346407038591e+05,-3.118576714769e-04
4.226083886304e-03,5.347397200191e+05,5.347397203374e+05,-3.182434011251e-04
4.225297638140e-03,5.348387363116e+05,5.348387366362e+05,-3.246286651120e-04
4.224511682478e-03,5.349377524246e+05,5.349377527556e+05,-3.310095053166e-04
4.223726019156e-03,5.350367683581e+05,5.350367686955e+05,-3.373899962753e-04
4.222940648010e-03,5.351357841123e+05,5.351357844560e+05,-3.437687410042e-04
4.222155568879e-03,5.352347996869e+05,5.352348000371e+05,-3.501452738419e-04
4.221370781599e-03,5.353338150822e+05,5.353338154387e+05,-3.565202932805e-04
4.220586286006e-03,5.354328302981e+05,5.354328306609e+05,-3.628924023360e-04
4.219802081940e-03,5.355318453345e+05,5.355318457037e+05,-3.692634636536e-04
4.219018169236e-03,5.356308601915e+05,5.356308605671e+05,-3.756339428946e-04
4.218234547734e-03,5.357298748690e+05,5.357298752510e+05,-3.819998819381e-04
4.217451217270e-03,5.358288893672e+05,5.358288897555e+05,-3.883667523041e-04
4.216668177683e-03,5.359279036859e+05,5.359279040806e+05,-3.947291988879e-04
4.215885428810e-03,5.360269178252e+05,5.360269182263e+05,-4.010904813185e-04
4.215102970490e-03,5.361259317851e+05,5.361259321925e+05,-4.074502503499e-04
4.214320802561e-03,5.362249455656e+05,5.362249459794e+05,-4.138086223975e-04
4.213538924861e-03,5.363239591666e+05,5.363239595868e+05,-4.201644333079e-04
4.212757337229e-03,5.364229725882e+05,5.364229730148e+05,-4.265193128958e-04
4.211976039503e-03,5.365219858305e+05,5.365219862633e+05,-4.328691866249e-04
4.211195031522e-03,5.366209988933e+05,5.366209993325e+05,-4.392204573378e-04
4.210414313126e-03,5.367200117767e+05,5.367200122223e+05,-4.455683520064e-04
4.209633884152e-03,5.368190244807e+05,5.368190249326e+05,-4.519135691226e-04
4.208853744440e-03,5.369180370053e+05,5.369180374635e+05,-4.582561086863e-04
4.208073893830e-03,5.370170493505e+05,5.370170498151e+05,-4.645995795727e-04
4.207294332160e-03,5.371160615162e+05,5.371160619872e+05,-4.709382774308e-04
4.206515059270e-03,5.372150735026e+05,5.372150739799e+05,-4.772760439664e-04
4.205736075000e-03,5.373140853096e+05,5.373140857932e+05,-4.836104344577e-04
4.204957379189e-03,5.374130969372e+05,5.374130974271e+05,-4.899436607957e-04
4.204178971677e-03,5.375121083853e+05,5.375121088816e+05,-4.962749080732e-04
4.203400852304e-03,5.376111196541e+05,5.376111201567e+05,-5.026045255363e-04
4.202623020910e-03,5.377101307435e+05,5.377101312524e+05,-5.089305341244e-04
4.201845477336e-03,5.378091416535e+05,5.378091421687e+05,-5.152552621439e-04
4.201068221421e-03,5.379081523841e+05,5.379081529056e+05,-5.215777782723e-04
4.200291253005e-03,5.380071629353e+05,5.380071634632e+05,-5.278983153403e-04
4.199514571930e-03,5.381061733071e+05,5.381061738413e+05,-5.342162912712e-04
4.198738178037e-03,5.382051834995e+05,5.382051840400e+05,-5.405324045569e-04
4.197962071165e-03,5.383041935125e+05,5.383041940594e+05,-5.468444433063e-04
4.197186251155e-03,5.384032033462e+05,5.384032038993e+05,-5.531568313017e-04
4.196410717849e-03,5.385022130004e+05,5.385022135599e+05,-5.594659596682e-04
4.195635471088e-03,5.386012224753e+05,5.386012230411e+05,-5.657721776515e-04
4.194860510713e-03,5.387002317708e+05,5.387002323428e+05,-5.720756016672e-04
4.194085836565e-03,5.387992408869e+05,5.387992414653e+05,-5.783771630377e-04
4.193311448486e-03,5.388982498236e+05,5.388982504083e+05,-5.846774438396e-04
4.192537346317e-03,5.389972585809e+05,5.389972591719e+05,-5.909750470892e-04
4.191763529900e-03,5.390962671589e+05,5.390962677562e+05,-5.972704384476e-04
4.190989999077e-03,5.391952755575e+05,5.391952761611e+05,-6.035624537617e-04
4.190216753690e-03,5.392942837767e+05,5.392942843866e+05,-6.098519079387e-04
4.189443793581e-03,5.393932918166e+05,5.393932924327e+05,-6.161396158859e-04
4.188671118591e-03,5.394922996770e+05,5.394923002995e+05,-6.224247626960e-04
4.187898728564e-03,5.395913073581e+05,5.395913079868e+05,-6.287089781836e-04
4.187126623341e-03,5.396903148599e+05,5.396903154948e+05,-6.349891191348e-04
4.186354802765e-03,5.397893221822e+05,5.397893228235e+05,-6.412665825337e-04
4.185583266679e-03,5.398883293252e+05,5.398883299727e+05,-6.475426489487e-04
4.184812014925e-03,5.399873362888e+05,5.399873369426e+05,-6.538158049807e-04
4.184041047347e-03,5.400863430731e+05,5.400863437332e+05,-6.600863998756e-04
4.183270363787e-03,5.401853496780e+05,5.401853503443e+05,-6.663538515568e-04
4.182499964088e-03,5.402843561035e+05,5.402843567762e+05,-6.726188585162e-04
4.181729848094e-03,5.403833623497e+05,5.403833630286e+05,-6.788829341531e-04
4.180960015648e-03,5.404823684165e+05,5.404823691017e+05,-6.851432844996e-04
4.180190466593e-03,5.405813743040e+05,5.405813749954e+05,-6.914006080478e-04
4.179421200773e-03,5.406803800121e+05,5.406803807097e+05,-6.976559525356e-04
4.178652218031e-03,5.407793855408e+05,5.407793862448e+05,-7.039082702249e-04
4.177883518212e-03,5.408783908902e+05,5.408783916004e+05,-7.101588416845e-04
4.177115101159e-03,5.409773960603e+05,5.409773967767e+05,-7.164060370997e-04
4.176346966716e-03,5.410764010510e+05,5.410764017736e+05,-7.226517191157e-04
4.175579114727e-03,5.411754058623e+05,5.411754065912e+05,-7.288927445188e-04
4.174811545037e-03,5.412744104943e+05,5.412744112294e+05,-7.351323729381e-04
4.174044257489e-03,5.413734149470e+05,5.413734156883e+05,-7.413689745590e-04
4.173277251929e-03,5.414724192203e+05,5.414724199679e+05,-7.476025493816e-04
4.172510528201e-03,5.415714233142e+05,5.415714240680e+05,-7.538342615589e-04
4.171744086150e-03,5.416704272288e+05,5.416704279889e+05,-7.600630633533e-04
4.170977925620e-03,5.417694309641e+05,5.417694317304e+05,-7.662888383493e-04
4.170212046456e-03,5.418684345200e+05,5.418684352925e+05,-7.725120522082e-04
4.169446448504e-03,5.419674378966e+05,5.419674386754e+05,-7.787325885147e-04
4.168681131608e-03,5.420664410939e+05,5.420664418788e+05,-7.849500980228e-04
4.167916095614e-03,5.421654441118e+05,5.421654449030e+05,-7.911649299785e-04
4.167151340367e-03,5.422644469504e+05,5.422644477478e+05,-7.973770843819e-04
4.166386865713e-03,5.423634496096e+05,5.423634504132e+05,-8.035859791562e-04
4.165622671497e-03,5.424624520896e+05,5.424624528993e+05,-8.097924292088e-04
4.164858757565e-03,5.425614543901e+05,5.425614552061e+05,-8.159958524629e-04
4.164095123762e-03,5.426604565114e+05,5.426604573336e+05,-8.221957832575e-04
4.163331769936e-03,5.427594584533e+05,5.427594592817e+05,-8.283937349916e-04
4.162568695931e-03,5.428584602159e+05,5.428584610505e+05,-8.345894748345e-04
4.161805901594e-03,5.429574617992e+05,5.429574626400e+05,-8.407804416493e-04
4.161043386772e-03,5.430564632032e+05,5.430564640501e+05,-8.469696622342e-04
4.160281151310e-03,5.431554644278e+05,5.431554652810e+05,-8.531563216820e-04
4.159519195055e-03,5.432544654731e+05,5.432544663324e+05,-8.593394886702e-04
4.158757517854e-03,5.433534663391e+05,5.433534672046e+05,-8.655192796141e-04
4.157996119553e-03,5.434524670258e+05,5.434524678975e+05,-8.716956945136e-04
4.157235000000e-03,5.435514675331e+05,5.435514684110e+05,-8.778705960140e-04
4.156474159041e-03,5.436504678612e+05,5.436504687452e+05,-8.840417722240e-04
4.155713596523e-03,5.437494680099e+05,5.437494689001e+05,-8.902098052204e-04
4.154953312294e-03,5.438484679793e+05,5.438484688757e+05,-8.963749278337e-04
4.154193306201e-03,5.439474677694e+05,5.439474686719e+05,-9.025370236486e-04
4.153433578091e-03,5.440464673802e+05,5.440464682889e+05,-9.086959762499e-04
4.152674127811e-03,5.441454668116e+05,5.441454677265e+05,-9.148517856374e-04
4.151914955210e-03,5.442444660638e+05,5.442444669848e+05,-9.210039861500e-04
4.151156060135e-03,5.443434651367e+05,5.443434660638e+05,-9.271546732634e-04
4.150397442434e-03,5.444424640302e+05,5.444424649635e+05,-9.333010530099e-04
4.149639101955e-03,5.445414627445e+05,5.445414636839e+05,-9.394451044500e-04
4.148881038546e-03,5.446404612794e+05,5.446404622250e+05,-9.455862455070e-04
4.148123252055e-03,5.447394596351e+05,5.447394605868e+05,-9.517229627818e-04
4.147365742330e-03,5.448384578114e+05,5.448384587693e+05,-9.578563040122e-04
4.146608509220e-03,5.449374558085e+05,5.449374567725e+05,-9.639875497669e-04
4.145851552574e-03,5.450364536262e+05,5.450364545963e+05,-9.701161179692e-04
4.145094872239e-03,5.451354512647e+05,5.451354522409e+05,-9.762404952198e-04
4.144338468066e-03,5.452344487238e+05,5.452344497062e+05,-9.823616128415e-04
4.143582339901e-03,5.453334460037e+05,5.453334469922e+05,-9.884787723422e-04
4.142826487596e-03,5.454324431043e+05,5.454324440989e+05,-9.945937199518e-04
4.142070910998e-03,5.455314400256e+05,5.455314410263e+05,-1.000706106424e-03
4.141315609956e-03,5.456304367676e+05,5.456304377744e+05,-1.006813952699e-03
4.140560584321e-03,5.457294333303e+05,5.457294343432e+05,-1.012920169160e-03
4.139805833941e-03,5.458284297137e+05,5.458284307327e+05,-1.019020564854e-03
4.139051358666e-03,5.459274259178e+05,5.459274269429e+05,-1.025118865073e-03
4.138297158345e-03,5.460264219427e+05,5.460264229739e+05,-1.031214371324e-03
4.137543232829e-03,5.461254177882e+05,5.461254188255e+05,-1.037306268699e-03
4.136789581967e-03,5.462244134545e+05,5.462244144979e+05,-1.043394673616e-03
4.136036205609e-03,5.463234089415e+05,5.463234099910e+05,-1.049479469657e-03
4.135283103605e-03,5.464224042493e+05,5.464224053048e+05,-1.055561471730e-03
4.134530275806e-03,5.465213993777e+05,5.465214004393e+05,-1.061638817191e-03
4.133777722060e-03,5.466203943269e+05,5.466203953946e+05,-1.067714067176e-03
4.133025442220e-03,5.467193890968e+05,5.467193901706e+05,-1.073785591871e-03
4.132273436135e-03,5.468183836874e+05,5.468183847673e+05,-1.079853507690e-03
4.131521703657e-03,5.469173780988e+05,5.469173791847e+05,-1.085917698219e-03
4.130770244634e-03,5.470163723309e+05,5.470163734228e+05,-1.091979676858e-03
4.130019058920e-03,5.471153663837e+05,5.471153674817e+05,-1.098036300391e-03
4.129268146364e-03,5.472143602572e+05,5.472143613613e+05,-1.104089897126e-03
4.128517506817e-03,5.473133539515e+05,5.473133550616e+05,-1.110141165555e-03
4.127767140131e-03,5.474123474665e+05,5.474123485827e+05,-1.116188941523e-03
4.127017046157e-03,5.475113408023e+05,5.475113419245e+05,-1.122231944464e-03
4.126267224746e-03,5.476103339588e+05,5.476103350870e+05,-1.128272037022e-03
4.125517675749e-03,5.477093269360e+05,5.477093280703e+05,-1.134307356551e-03
4.124768399019e-03,5.478083197340e+05,5.478083208743e+05,-1.140341279097e-03
4.124019394407e-03,5.479073123527e+05,5.479073134990e+05,-1.146369846538e-03
4.123270661765e-03,5.480063047921e+05,5.480063059445e+05,-1.152394921519e-03
4.122522200944e-03,5.481052970523e+05,5.481052982107e+05,-1.158418599516e-03
4.121774011797e-03,5.482042891333e+05,5.482042902977e+05,-1.164436922409e-03
4.121026094175e-03,5.483032810350e+05,5.483032822054e+05,-1.170450123027e-03
4.120278447932e-03,5.484022727574e+05,5.484022739339e+05,-1.176463323645e-03
4.119531072919e-03,5.485012643006e+05,5.485012654831e+05,-1.182468608022e-03
4.118783968988e-03,5.486002556645e+05,5.486002568530e+05,-1.188474241644e-03
4.118037135993e-03,5.486992468492e+05,5.486992480437e+05,-1.194473356009e-03
4.117290573785e-03,5.487982378547e+05,5.487982390551e+05,-1.200470258482e-03
4.116544282219e-03,5.488972286809e+05,5.488972298873e+05,-1.206462387927e-03
4.115798261145e-03,5.489962193278e+05,5.489962205403e+05,-1.212452305481e-03
4.115052510419e-03,5.490952097955e+05,5.490952110140e+05,-1.218437566422e-03
4.114307029891e-03,5.491942000840e+05,5.491942013084e+05,-1.224418869242e-03
4.113561819417e-03,5.492931901932e+05,5.492931914236e+05,-1.230396563187e-03
4.112816878848e-03,5.493921801232e+05,5.493921813596e+05,-1.236370299011e-03
4.112072208039e-03,5.494911698740e+05,5.494911711163e+05,-1.242339727469e-03
4.111327806843e-03,5.495901594455e+05,5.495901606938e+05,-1.248305896297e-03
4.110583675113e-03,5.496891488378e+05,5.496891500921e+05,-1.254268805496e-03
4.109839812704e-03,5.497881380509e+05,5.497881393111e+05,-1.260228338651e-03
4.109096219468e-03,5.498871270847e+05,5.498871283509e+05,-1.266181236133e-03
4.108352895260e-03,5.499861159393e+05,5.499861172114e+05,-1.272133900784e-03
4.107609839935e-03,5.500851046146e+05,5.500851058927e+05,-1.278079464100e-03
4.106867053345e-03,5.501840931108e+05,5.501840943948e+05,-1.284022699110e-03
4.106124535346e-03,5.502830814277e+05,5.502830827176e+05,-1.289962325245e-03
4.105382285792e-03,5.503820695654e+05,5.503820708613e+05,-1.295897411183e-03
4.104640304536e-03,5.504810575238e+05,5.504810588257e+05,-1.301828306168e-03
4.103898591435e-03,5.505800453031e+05,5.505800466108e+05,-1.307755941525e-03
4.103157146341e-03,5.506790329031e+05,5.506790342168e+05,-1.313680550084e-03
4.102415969111e-03,5.507780203239e+05,5.507780216435e+05,-1.319599803537e-03
4.101675059599e-03,5.508770075655e+05,5.508770088910e+05,-1.325515913777e-03
4.100934417660e-03,5.509759946278e+05,5.509759959593e+05,-1.331427367404e-03
4.100194043149e-03,5.510749815110e+05,5.510749828483e+05,-1.337334746495e-03
4.099453935921e-03,5.511739682149e+05,5.511739695581e+05,-1.343237352557e-03
4.098714095831e-03,5.512729547396e+05,5.512729560888e+05,-1.349136931822e-03
4.097974522735e-03,5.513719410851e+05,5.513719424402e+05,-1.355032669380e-03
4.097235216489e-03,5.514709272514e+05,5.514709286124e+05,-1.360923401080e-03
4.096496176948e-03,5.515699132385e+05,5.515699146053e+05,-1.366811920889e-03
4.095757403968e-03,5.516688990464e+05,5.516689004191e+05,-1.372693805024e-03
4.095018897404e-03,5.517678846751e+05,5.517678860537e+05,-1.378573360853e-03
4.094280657112e-03,5.518668701246e+05,5.518668715090e+05,-1.384448260069e-03
4.093542682949e-03,5.519658553948e+05,5.519658567851e+05,-1.390319317579e-03
4.092804974770e-03,5.520648404859e+05,5.520648418821e+05,-1.396185369231e-03
4.092067532432e-03,5.521638253978e+05,5.521638267998e+05,-1.402048976161e-03
4.091330355792e-03,5.522628101304e+05,5.522628115383e+05,-1.407906063832e-03
4.090593444705e-03,5.523617946839e+05,5.523617960977e+05,-1.413760590367e-03
4.089856799028e-03,5.524607790582e+05,5.524607804778e+05,-1.419611275196e-03
4.089120418617e-03,5.525597632532e+05,5.525597646787e+05,-1.425456954166e-03
4.088384303330e-03,5.526587472691e+05,5.526587487004e+05,-1.431298325770e-03
4.087648453024e-03,5.527577311058e+05,5.527577325429e+05,-1.437135273591e-03
4.086912867554e-03,5.528567147633e+05,5.528567162063e+05,-1.442968728952e-03
4.086177546779e-03,5.529556982416e+05,5.529556996904e+05,-1.448797411285e-03
4.085442490556e-03,5.530546815407e+05,5.530546829954e+05,-1.454623066820e-03
4.084707698741e-03,5.531536646607e+05,5.531536661211e+05,-1.460441737436e-03
4.083973171192e-03,5.532526476014e+05,5.532526490677e+05,-1.466258894652e-03
4.083238907767e-03,5.533516303630e+05,5.533516318350e+05,-1.472070231102e-03
4.082504908323e-03,5.534506129454e+05,5.534506144232e+05,-1.477877609432e-03
4.081771172717e-03,5.535495953485e+05,5.535495968322e+05,-1.483680331148e-03
4.081037700809e-03,5.536485775726e+05,5.536485790620e+05,-1.489480491728e-03
4.080304492454e-03,5.537475596174e+05,5.537475611127e+05,-1.495273085311e-03
4.079571547512e-03,5.538465414831e+05,5.538465429841e+05,-1.501064980403e-03
4.078838865841e-03,5.539455231695e+05,5.539455246764e+05,-1.506849192083e-03
4.078106447298e-03,5.540445046768e+05,5.540445061895e+05,-1.512630144134e-03
4.077374291741e-03,5.541434860050e+05,5.541434875234e+05,-1.518407720141e-03
4.076642399031e-03,5.542424671539e+05,5.542424686781e+05,-1.524180523120e-03
4.075910769024e-03,5.543414481237e+05,5.543414496537e+05,-1.529947156087e-03
4.075179401579e-03,5.544404289143e+05,5.544404304500e+05,-1.535710878670e-03
4.074448296555e-03,5.545394095258e+05,5.545394110673e+05,-1.541469129734e-03
4.073717453812e-03,5.546383899581e+05,5.546383915053e+05,-1.547223888338e-03
4.072986873207e-03,5.547373702112e+05,5.547373717642e+05,-1.552973873913e-03
4.072256554599e-03,5.548363502851e+05,5.548363518439e+05,-1.558719668537e-03
4.071526497849e-03,5.549353301799e+05,5.549353317444e+05,-1.564461272210e-03
4.070796702814e-03,5.550343098956e+05,5.550343114657e+05,-1.570197404362e-03
4.070067169355e-03,5.551332894320e+05,5.551332910079e+05,-1.575929229148e-03
4.069337897330e-03,5.552322687893e+05,5.552322703710e+05,-1.581656048074e-03
4.068608886600e-03,5.553312479675e+05,5.553312495549e+05,-1.587379607372e-03
4.067880137023e-03,5.554302269665e+05,5.554302285596e+05,-1.593097927980e-03
4.067151648460e-03,5.555292057863e+05,5.555292073851e+05,-1.598811591975e-03
4.066423420770e-03,5.556281844270e+05,5.556281860315e+05,-1.604519784451e-03
4.065695453813e-03,5.557271628885e+05,5.557271644987e+05,-1.610224717297e-03
4.064967747449e-03,5.558261411709e+05,5.558261427868e+05,-1.615923596546e-03
4.064240301539e-03,5.559251192741e+05,5.559251208957e+05,-1.621619216166e-03
4.063513115942e-03,5.560240971982e+05,5.560240988255e+05,-1.627309597097e-03
4.062786190519e-03,5.561230749431e+05,5.561230765761e+05,-1.632996136323e-03
4.062059525130e-03,5.562220525089e+05,5.562220541476e+05,-1.638677320443e-03
4.061333119635e-03,5.563210298956e+05,5.563210315399e+05,-1.644353615120e-03
4.060606973896e-03,5.564200071031e+05,5.564200087531e+05,-1.650024787523e-03
4.059881087773e-03,5.565189841314e+05,5.565189857871e+05,-1.655692001805e-03
4.059155461126e-03,5.566179609807e+05,5.566179626420e+05,-1.661355025135e-03
4.058430093817e-03,5.567169376507e+05,5.567169393177e+05,-1.667011645623e-03
4.057704985707e-03,5.568159141417e+05,5.568159158143e+05,-1.672664657235e-03
4.056980136656e-03,5.569148904535e+05,5.569148921318e+05,-1.678311964497e-03
4.056255546526e-03,5.570138665861e+05,5.570138682701e+05,-1.683956477791e-03
4.055531215179e-03,5.571128425397e+05,5.571128442293e+05,-1.689594821073e-03
4.054807142475e-03,5.572118183141e+05,5.572118200093e+05,-1.695227110758e-03
4.054083328276e-03,5.573107939094e+05,5.573107956102e+05,-1.700856955722e-03
4.053359772443e-03,5.574097693255e+05,5.574097710320e+05,-1.706481329165e-03
4.052636474839e-03,5.575087445625e+05,5.575087462746e+05,-1.712099998258e-03
4.051913435326e-03,5.576077196204e+05,5.576077213381e+05,-1.717714359984e-03
4.051190653764e-03,5.577066944992e+05,5.577066962225e+05,-1.723324530758e-03
4.050468130016e-03,5.578056691988e+05,5.578056709277e+05,-1.728927833028e-03
4.049745863944e-03,5.579046437193e+05,5.579046454539e+05,-1.734527992085e-03
4.049023855411e-03,5.580036180607e+05,5.580036198008e+05,-1.740121864714e-03
4.048302104278e-03,5.581025922230e+05,5.581025939687e+05,-1.745712943375e-03
4.047580610408e-03,5.582015662061e+05,5.582015679574e+05,-1.751295989379e-03
4.046859373664e-03,5.583005400102e+05,5.583005417671e+05,-1.756876590662e-03
4.046138393907e-03,5.583995136351e+05,5.583995153976e+05,-1.762452302501e-03
4.045417671001e-03,5.584984870809e+05,5.584984888489e+05,-1.768021378666e-03
4.044697204809e-03,5.585974603476e+05,5.585974621212e+05,-1.773586147465e-03
4.043976995192e-03,5.586964334352e+05,5.586964352143e+05,-1.779146376066e-03
4.043257042015e-03,5.587954063436e+05,5.587954081283e+05,-1.784701365978e-03
4.042537345141e-03,5.588943790730e+05,5.588943808633e+05,-1.790251233615e-03
4.041817904431e-03,5.589933516233e+05,5.589933534191e+05,-1.795797608793e-03
4.041098719751e-03,5.590923239944e+05,5.590923257957e+05,-1.801336882636e-03
4.040379790962e-03,5.591912961864e+05,5.591912979933e+05,-1.806871499866e-03
4.039661117930e-03,5.592902681994e+05,5.592902700118e+05,-1.812401460484e-03
4.038942700516e-03,5.593892400332e+05,5.593892418511e+05,-1.817925949581e-03
4.038224538585e-03,5.594882116879e+05,5.594882135114e+05,-1.823445083573e-03
4.037506632000e-03,5.595871831636e+05,5.595871849925e+05,-1.828959677368e-03
4.036788980626e-03,5.596861544601e+05,5.596861562946e+05,-1.834469265305e-03
4.036071584326e-03,5.597851255775e+05,5.597851274175e+05,-1.839974778704e-03
4.035354442964e-03,5.598840965159e+05,5.598840983613e+05,-1.845472957939e-03
4.034637556404e-03,5.599830672751e+05,5.599830691261e+05,-1.850967528298e-03
4.033920924512e-03,5.600820378553e+05,5.600820397117e+05,-1.856456277892e-03
4.033204547150e-03,5.601810082563e+05,5.601810101183e+05,-1.861939439550e-03
4.032488424183e-03,5.602799784783e+05,5.602799803457e+05,-1.867417944595e-03
4.031772555477e-03,5.603789485212e+05,5.603789503940e+05,-1.872891560197e-03
4.031056940895e-03,5.604779183849e+05,5.604779202633e+05,-1.878358889371e-03
4.030341580302e-03,5.605768880696e+05,5.605768899535e+05,-1.883820747025e-03
4.029626473563e-03,5.606758575753e+05,5.606758594645e+05,-1.889279228635e-03
4.028911620543e-03,5.607748269018e+05,5.607748287965e+05,-1.894731889479e-03
4.028197021107e-03,5.608737960492e+05,5.608737979494e+05,-1.900178263895e-03
4.027482675120e-03,5.609727650176e+05,5.609727669232e+05,-1.905620796606e-03
4.026768582447e-03,5.610717338069e+05,5.610717357180e+05,-1.911056693643e-03
4.026054742953e-03,5.611707024171e+05,5.611707043336e+05,-1.916487934068e-03
4.025341156505e-03,5.612696708482e+05,5.612696727702e+05,-1.921914750710e-03
4.024627822967e-03,5.613686391003e+05,5.613686410276e+05,-1.927334000356e-03
4.023914742204e-03,5.614676071733e+05,5.614676091060e+05,-1.932749641128e-03
4.023201914083e-03,5.615665750672e+05,5.615665770053e+05,-1.938159111887e-03
4.022489338470e-03,5.616655427820e+05,5.616655447256e+05,-1.943564624526e-03
4.021777015229e-03,5.617645103178e+05,5.617645122667e+05,-1.948964083567e-03
4.021064944228e-03,5.618634776745e+05,5.618634796288e+05,-1.954357489012e-03
4.020353125332e-03,5.619624448521e+05,5.619624468119e+05,-1.959744491614e-03
4.019641558407e-03,5.620614118507e+05,5.620614138158e+05,-1.965127885342e-03
4.018930243320e-03,5.621603786702e+05,5.621603806407e+05,-1.970504643396e-03
4.018219179936e-03,5.622593453106e+05,5.622593472865e+05,-1.975876628421e-03
4.017508368123e-03,5.623583117720e+05,5.623583137532e+05,-1.981244073249e-03
4.016797807747e-03,5.624572780543e+05,5.624572800409e+05,-1.986604882404e-03
4.016087498674e-03,5.625562441575e+05,5.625562461495e+05,-1.991960918531e-03
4.015377440771e-03,5.626552100817e+05,5.626552120790e+05,-1.997311832383e-03
4.014667633905e-03,5.627541758268e+05,5.627541778295e+05,-2.002654946409e-03
4.013958077943e-03,5.628531413929e+05,5.628531434009e+05,-2.007994335145e-03
4.013248772751e-03,5.629521067799e+05,5.629521087933e+05,-2.013328368776e-03
4.012539718198e-03,5.630510719879e+05,5.630510740066e+05,-2.018656814471e-03
4.011830914149e-03,5.631500370168e+05,5.631500390408e+05,-2.023979439400e-03
4.011122360473e-03,5.632490018667e+05,5.632490038960e+05,-2.029296476394e-03
4.010414057037e-03,5.633479665375e+05,5.633479685721e+05,-2.034607110545e-03
4.009706003708e-03,5.634469310293e+05,5.634469330692e+05,-2.039913204499e-03
4.008998200353e-03,5.635458953420e+05,5.635458973872e+05,-2.045215107501e-03
4.008290646841e-03,5.636448594757e+05,5.636448615262e+05,-2.050510141999e-03
4.007583343039e-03,5.637438234303e+05,5.637438254861e+05,-2.055798657238e-03
4.006876288814e-03,5.638427872059e+05,5.638427892670e+05,-2.061081118882e-03
4.006169484036e-03,5.639417508025e+05,5.639417528688e+05,-2.066359855235e-03
4.005462928571e-03,5.640407142200e+05,5.640407162916e+05,-2.071631141007e-03
4.004756622289e-03,5.641396774584e+05,5.641396795353e+05,-2.076898235828e-03
4.004050565056e-03,5.642386405179e+05,5.642386426000e+05,-2.082158462144e-03
4.003344756742e-03,5.643376033983e+05,5.643376054857e+05,-2.087415196002e-03
4.002639197215e-03,5.644365660996e+05,5.644365681923e+05,-2.092662965879e-03
4.001933886344e-03,5.645355286220e+05,5.645355307199e+05,-2.097907592542e-03
4.001228823996e-03,5.646344909653e+05,5.646344930684e+05,-2.103145816363e-03
4.000524010041e-03,5.647334531295e+05,5.647334552379e+05,-2.108378685080e-03
3.999819444347e-03,5.648324151148e+05,5.648324172284e+05,-2.113604336046e-03
3.999115126783e-03,5.649313769210e+05,5.649313790398e+05,-2.118826028891e-03
3.998411057218e-03,5.650303385482e+05,5.650303406722e+05,-2.124040038325e-03
3.997707235522e-03,5.651292999963e+05,5.651293021256e+05,-2.129250904545e-03
3.997003661563e-03,5.652282612655e+05,5.652282633999e+05,-2.134453505278e-03
3.996300335210e-03,5.653272223556e+05,5.653272244952e+05,-2.139650285244e-03
3.995597256334e-03,5.654261832667e+05,5.654261854115e+05,-2.144842874259e-03
3.994894424802e-03,5.655251439987e+05,5.655251461488e+05,-2.150029293261e-03
3.994191840485e-03,5.656241045518e+05,5.656241067070e+05,-2.155209425837e-03
3.993489503253e-03,5.657230649258e+05,5.657230670862e+05,-2.160384552553e-03
3.992787412975e-03,5.658220251209e+05,5.658220272864e+05,-2.165552927181e-03
3.992085569520e-03,5.659209851369e+05,5.659209873076e+05,-2.170714084059e-03
3.991383972759e-03,5.660199449739e+05,5.660199471497e+05,-2.175871632062e-03
3.990682622562e-03,5.661189046319e+05,5.661189068129e+05,-2.181022660807e-03
3.989981518798e-03,5.662178641108e+05,5.662178662970e+05,-2.186167868786e-03
3.989280661338e-03,5.663168234108e+05,5.663168256021e+05,-2.191305509768e-03
3.988580050053e-03,5.664157825317e+05,5.664157847282e+05,-2.196438959800e-03
3.987879684811e-03,5.665147414737e+05,5.665147436753e+05,-2.201566006988e-03
3.987179565485e-03,5.666137002366e+05,5.666137024433e+05,-2.206688513979e-03
3.986479691943e-03,5.667126588206e+05,5.667126610324e+05,-2.211802755482e-03
3.985780064058e-03,5.668116172255e+05,5.668116194424e+05,-2.216912922449e-03
3.985080681699e-03,5.669105754515e+05,5.669105776735e+05,-2.222016337328e-03
3.984381544737e-03,5.670095334984e+05,5.670095357255e+05,-2.227113116533e-03
3.983682653043e-03,5.671084913663e+05,5.671084935986e+05,-2.232205471955e-03
3.982984006489e-03,5.672074490553e+05,5.672074512926e+05,-2.237290376797e-03
3.982285604945e-03,5.673064065652e+05,5.673064088076e+05,-2.242368995212e-03
3.981587448282e-03,5.674053638962e+05,5.674053661436e+05,-2.247442025691e-03
3.980889536372e-03,5.675043210482e+05,5.675043233007e+05,-2.252510283142e-03
3.980191869085e-03,5.676032780211e+05,5.676032802787e+05,-2.257571672089e-03
3.979494446294e-03,5.677022348151e+05,5.677022370777e+05,-2.262626192532e-03
3.978797267870e-03,5.678011914301e+05,5.678011936978e+05,-2.267674193718e-03
3.978100333684e-03,5.679001478661e+05,5.679001501388e+05,-2.272717072628e-03
3.977403643608e-03,5.679991041231e+05,5.679991064009e+05,-2.277753315866e-03
3.976707197514e-03,5.680980602012e+05,5.680980624839e+05,-2.282785484567e-03
3.976010995273e-03,5.681970161002e+05,5.681970183880e+05,-2.287809387781e-03
3.975315036758e-03,5.682959718203e+05,5.682959741131e+05,-2.292828285135e-03
3.974619321841e-03,5.683949273614e+05,5.683949296592e+05,-2.297840313986e-03
3.973923850394e-03,5.684938827235e+05,5.684938850263e+05,-2.302846289240e-03
3.973228622288e-03,5.685928379066e+05,5.685928402144e+05,-2.307846560143e-03
3.972533637397e-03,5.686917929107e+05,5.686917952236e+05,-2.312838565558e-03
3.971838895593e-03,5.687907477359e+05,5.687907500538e+05,-2.317828126252e-03
3.971144396748e-03,5.688897023821e+05,5.688897047049e+05,-2.322809072211e-03
3.970450140734e-03,5.689886568494e+05,5.689886591771e+05,-2.327782916836e-03
3.969756127425e-03,5.690876111376e+05,5.690876134704e+05,-2.332752803341e-03
3.969062356693e-03,5.691865652469e+05,5.691865675846e+05,-2.337714773603e-03
3.968368828412e-03,5.692855191772e+05,5.692855215199e+05,-2.342670923099e-03
3.967675542453e-03,5.693844729286e+05,5.693844752762e+05,-2.347621251829e-03
3.966982498690e-03,5.694834265010e+05,5.694834288535e+05,-2.352563780732e-03
3.966289696996e-03,5.695823798944e+05,5.695823822519e+05,-2.357501536608e-03
3.965597137245e-03,5.696813331088e+05,5.696813354713e+05,-2.362432423979e-03
3.964904819309e-03,5.697802861443e+05,5.697802885117e+05,-2.367357723415e-03
3.964212743062e-03,5.698792390009e+05,5.698792413732e+05,-2.372275805101e-03
3.963520908377e-03,5.699781916785e+05,5.699781940556e+05,-2.377188648097e-03
3.962829315128e-03,5.700771441771e+05,5.700771465592e+05,-2.382094506174e-03
3.962137963189e-03,5.701760964967e+05,5.701760988837e+05,-2.386994427070e-03
3.961446852433e-03,5.702750486374e+05,5.702750510293e+05,-2.391887246631e-03
3.960755982735e-03,5.703740005992e+05,5.703740029960e+05,-2.396772732027e-03
3.960065353967e-03,5.704729523820e+05,5.704729547836e+05,-2.401653910056e-03
3.959374966004e-03,5.705719039858e+05,5.705719063924e+05,-2.406528568827e-03
3.958684818721e-03,5.706708554107e+05,5.706708578221e+05,-2.411394496448e-03
3.957994911990e-03,5.707698066567e+05,5.707698090729e+05,-2.416256815195e-03
3.957305245687e-03,5.708687577237e+05,5.708687601448e+05,-2.421111916192e-03
3.956615819686e-03,5.709677086118e+05,5.709677110377e+05,-2.425960265100e-03
3.955926633862e-03,5.710666593209e+05,5.710666617517e+05,-2.430801047012e-03
3.955237688088e-03,5.711656098510e+05,5.711656122867e+05,-2.435636823066e-03
3.954548982239e-03,5.712645602023e+05,5.712645626427e+05,-2.440464566462e-03
3.953860516191e-03,5.713635103745e+05,5.713635128198e+05,-2.445286954753e-03
3.953172289817e-03,5.714624603679e+05,5.714624628180e+05,-2.450103405863e-03
3.952484302993e-03,5.715614101823e+05,5.715614126372e+05,-2.454911940731e-03
3.951796555594e-03,5.716603598178e+05,5.716603622775e+05,-2.459716284648e-03
3.951109047495e-03,5.717593092743e+05,5.717593117388e+05,-2.464511664584e-03
3.950421778570e-03,5.718582585519e+05,5.718582610212e+05,-2.469301223755e-03
3.949734748696e-03,5.719572076506e+05,5.719572101247e+05,-2.474084612913e-03
3.949047957746e-03,5.720561565703e+05,5.720561590492e+05,-2.478861599229e-03
3.948361405598e-03,5.721551053111e+05,5.721551077948e+05,-2.483631251380e-03
3.947675092126e-03,5.722540538730e+05,5.722540563614e+05,-2.488394966349e-03
3.946989017205e-03,5.723530022560e+05,5.723530047491e+05,-2.493152045645e-03
3.946303180712e-03,5.724519504600e+05,5.724519529579e+05,-2.497902489267e-03
3.945617582523e-03,5.725508984851e+05,5.725509009878e+05,-2.502646530047e-03
3.944932222512e-03,5.726498463313e+05,5.726498488387e+05,-2.507383818738e-03
3.944247100556e-03,5.727487939986e+05,5.727487965107e+05,-2.512112958357e-03
3.943562216531e-03,5.728477414869e+05,5.728477440037e+05,-2.516836975701e-03
3.942877570313e-03,5.729466887963e+05,5.729466913179e+05,-2.521554124542e-03
3.942193161777e-03,5.730456359268e+05,5.730456384531e+05,-2.526264055632e-03
3.941508990802e-03,5.731445828784e+05,5.731445854094e+05,-2.530968515202e-03
3.940825057262e-03,5.732435296511e+05,5.732435321868e+05,-2.535665291362e-03
3.940141361034e-03,5.733424762448e+05,5.733424787852e+05,-2.540356130339e-03
3.939457901995e-03,5.734414226597e+05,5.734414252047e+05,-2.545038470998e-03
3.938774680021e-03,5.735403688956e+05,5.735403714453e+05,-2.549716155045e-03
3.938091694989e-03,5.736393149527e+05,5.736393175070e+05,-2.554386155680e-03
3.937408946775e-03,5.737382608308e+05,5.737382633898e+05,-2.559049869888e-03
3.936726435257e-03,5.738372065300e+05,5.738372090937e+05,-2.563706249930e-03
3.936044160312e-03,5.739361520503e+05,5.739361546186e+05,-2.568355179392e-03
3.935362121816e-03,5.740350973917e+05,5.740350999647e+05,-2.572998986579e-03
3.934680319647e-03,5.741340425542e+05,5.741340451318e+05,-2.577634644695e-03
3.933998753681e-03,5.742329875378e+05,5.742329901200e+05,-2.582264482044e-03
3.933317423796e-03,5.743319323425e+05,5.743319349294e+05,-2.586887450889e-03
3.932636329870e-03,5.744308769683e+05,5.744308795598e+05,-2.591503667645e-03
3.931955471780e-03,5.745298214152e+05,5.745298240113e+05,-2.596112200990e-03
3.931274849403e-03,5.746287656832e+05,5.746287682839e+05,-2.600714447908e-03
3.930594462617e-03,5.747277097723e+05,5.747277123776e+05,-2.605310175568e-03
3.929914311300e-03,5.748266536825e+05,5.748266562924e+05,-2.609898452647e-03
3.929234395329e-03,5.749255974138e+05,5.749256000283e+05,-2.614479511976e-03
3.928554714582e-03,5.750245409662e+05,5.750245435853e+05,-2.619055332616e-03
3.927875268938e-03,5.751234843398e+05,5.751234869634e+05,-2.623623586260e-03
3.927196058274e-03,5.752224275344e+05,5.752224301626e+05,-2.628184505738e-03
3.926517082469e-03,5.753213705502e+05,5.753213731829e+05,-2.632737392560e-03
3.925838341400e-03,5.754203133871e+05,5.754203160244e+05,-2.637285739183e-03
3.925159834946e-03,5.755192560451e+05,5.755192586869e+05,-2.641825238243e-03
3.924481562986e-03,5.756181985242e+05,5.756182011706e+05,-2.646359265782e-03
3.923803525397e-03,5.757171408244e+05,5.757171434753e+05,-2.650884678587e-03
3.923125722059e-03,5.758160829458e+05,5.758160856012e+05,-2.655404154211e-03
3.922448152850e-03,5.759150248883e+05,5.759150275482e+05,-2.659916062839e-03
3.921770817648e-03,5.760139666518e+05,5.760139693163e+05,-2.664422965609e-03
3.921093716333e-03,5.761129082366e+05,5.761129109055e+05,-2.668920787983e-03
3.920416848783e-03,5.762118496424e+05,5.762118523158e+05,-2.673411741853e-03
3.919740214877e-03,5.763107908694e+05,5.763107935473e+05,-2.677896060050e-03
3.919063814495e-03,5.764097319175e+05,5.764097345999e+05,-2.682374324650e-03
3.918387647516e-03,5.765086727867e+05,5.765086754736e+05,-2.686843392439e-03
3.917711713817e-03,5.766076134771e+05,5.766076161684e+05,-2.691307221539e-03
3.917036013280e-03,5.767065539886e+05,5.767065566843e+05,-2.695763250813e-03
3.916360545784e-03,5.768054943212e+05,5.768054970214e+05,-2.700213575736e-03
3.915685311207e-03,5.769044344749e+05,5.769044371796e+05,-2.704654005356e-03
3.915010309429e-03,5.770033744498e+05,5.770033771589e+05,-2.709088963456e-03
3.914335540331e-03,5.771023142459e+05,5.771023169594e+05,-2.713517402299e-03
3.913661003791e-03,5.772012538630e+05,5.772012565810e+05,-2.717938157730e-03
3.912986699690e-03,5.773001933014e+05,5.773001960237e+05,-2.722351346165e-03
3.912312627907e-03,5.773991325608e+05,5.773991352876e+05,-2.726757433265e-03
3.911638788322e-03,5.774980716414e+05,5.774980743726e+05,-2.731158863753e-03
3.910965180816e-03,5.775970105431e+05,5.775970132787e+05,-2.735549584031e-03
3.910291805269e-03,5.776959492660e+05,5.776959520060e+05,-2.739935880527e-03
3.909618661560e-03,5.777948878101e+05,5.777948905544e+05,-2.744312747382e-03
3.908945749570e-03,5.778938261752e+05,5.778938289239e+05,-2.748682978563e-03
3.908273069179e-03,5.779927643616e+05,5.779927671146e+05,-2.753048669547e-03
3.907600620268e-03,5.780917023690e+05,5.780917051264e+05,-2.757404465228e-03
3.906928402718e-03,5.781906401977e+05,5.781906429594e+05,-2.761752693914e-03
3.906256416409e-03,5.782895778475e+05,5.782895806135e+05,-2.766094403341e-03
3.905584661221e-03,5.783885153184e+05,5.783885180888e+05,-2.770429477096e-03
3.904913137036e-03,5.784874526105e+05,5.784874553852e+05,-2.774757449515e-03
3.904241843734e-03,5.785863897237e+05,5.785863925028e+05,-2.779078320600e-03
3.903570781196e-03,5.786853266581e+05,5.786853294415e+05,-2.783389645629e-03
3.902899949304e-03,5.787842634137e+05,5.787842662014e+05,-2.787696663290e-03
3.902229347938e-03,5.788831999905e+05,5.788832027824e+05,-2.791995066218e-03
3.901558976980e-03,5.789821363883e+05,5.789821391846e+05,-2.796286367811e-03
3.900888836311e-03,5.790810726074e+05,5.790810754080e+05,-2.800569287501e-03
3.900218925811e-03,5.791800086476e+05,5.791800114525e+05,-2.804846270010e-03
3.899549245364e-03,5.792789445090e+05,5.792789473181e+05,-2.809116034769e-03
3.898879794850e-03,5.793778801916e+05,5.793778830050e+05,-2.813379047439e-03
3.898210574150e-03,5.794768156953e+05,5.794768185129e+05,-2.817632281221e-03
3.897541583147e-03,5.795757510202e+05,5.795757538421e+05,-2.821878413670e-03
3.896872821723e-03,5.796746861663e+05,5.796746889924e+05,-2.826119423844e-03
3.896204289758e-03,5.797736211335e+05,5.797736239639e+05,-2.830351935700e-03
3.895535987136e-03,5.798725559220e+05,5.798725587565e+05,-2.834577229805e-03
3.894867913737e-03,5.799714905316e+05,5.799714933703e+05,-2.838795306161e-03
3.894200069444e-03,5.800704249623e+05,5.800704278053e+05,-2.843006514013e-03
3.893532454140e-03,5.801693592143e+05,5.801693620615e+05,-2.847208175808e-03
3.892865067707e-03,5.802682932874e+05,5.802682961388e+05,-2.851403900422e-03
3.892197910026e-03,5.803672271817e+05,5.803672300373e+05,-2.855591475964e-03
3.891530980980e-03,5.804661608972e+05,5.804661637570e+05,-2.859773579985e-03
3.890864280452e-03,5.805650944339e+05,5.805650972979e+05,-2.863945555873e-03
3.890197808325e-03,5.806640277918e+05,5.806640306599e+05,-2.868111943826e-03
3.889531564480e-03,5.807629609708e+05,5.807629638431e+05,-2.872270648368e-03
3.888865548801e-03,5.808618939711e+05,5.808618968475e+05,-2.876422135159e-03
3.888199761171e-03,5.809608267925e+05,5.809608296731e+05,-2.880565007217e-03
3.887534201472e-03,5.810597594351e+05,5.810597623198e+05,-2.884700545110e-03
3.886868869588e-03,5.811586918990e+05,5.811586947878e+05,-2.888829912990e-03
3.886203765400e-03,5.812576241840e+05,5.812576270769e+05,-2.892950666137e-03
3.885538888794e-03,5.813565562902e+05,5.813565591872e+05,-2.897064085118e-03
3.884874239651e-03,5.814554882176e+05,5.814554911187e+05,-2.901170984842e-03
3.884209817855e-03,5.815544199662e+05,5.815544228714e+05,-2.905268687755e-03
3.883545623290e-03,5.816533515360e+05,5.816533544453e+05,-2.909360220656e-03
3.882881655839e-03,5.817522829270e+05,5.817522858404e+05,-2.913443022408e-03
3.882217915385e-03,5.818512141392e+05,5.818512170567e+05,-2.917518839240e-03
3.881554401812e-03,5.819501451726e+05,5.819501480942e+05,-2.921585924923e-03
3.880891115003e-03,5.820490760272e+05,5.820490789528e+05,-2.925647189841e-03
3.880228054844e-03,5.821480067030e+05,5.821480096327e+05,-2.929700654931e-03
3.879565221216e-03,5.822469372000e+05,5.822469401338e+05,-2.933746553026e-03
3.878902614005e-03,5.823458675182e+05,5.823458704560e+05,-2.937784534879e-03
3.878240233094e-03,5.824447976577e+05,5.824448005995e+05,-2.941814833321e-03
3.877578078368e-03,5.825437276183e+05,5.825437305642e+05,-2.945837331936e-03
3.876916149710e-03,5.826426574002e+05,5.826426603500e+05,-2.949851332232e-03
3.876254447005e-03,5.827415870033e+05,5.827415899571e+05,-2.953858114779e-03
3.875592970137e-03,5.828405164276e+05,5.828405193854e+05,-2.957857679576e-03
3.874931718990e-03,5.829394456731e+05,5.829394486349e+05,-2.961850725114e-03
3.874270693449e-03,5.830383747398e+05,5.830383777056e+05,-2.965835272335e-03
3.873609893399e-03,5.831373036277e+05,5.831373065975e+05,-2.969812019728e-03
3.872949318724e-03,5.832362323369e+05,5.832362353107e+05,-2.973780152388e-03
3.872288969309e-03,5.833351608673e+05,5.833351638450e+05,-2.977741416544e-03
3.871628845039e-03,5.834340892189e+05,5.834340922006e+05,-2.981694880873e-03
3.870968945799e-03,5.835330173917e+05,5.835330203774e+05,-2.985641825944e-03
3.870309271472e-03,5.836319453858e+05,5.836319483754e+05,-2.989579690620e-03
3.869649821946e-03,5.837308732011e+05,5.837308761946e+05,-2.993508474901e-03
3.868990597104e-03,5.838298008376e+05,5.838298038350e+05,-2.997430972755e-03
3.868331596832e-03,5.839287282953e+05,5.839287312967e+05,-3.001347649843e-03
3.867672821015e-03,5.840276555743e+05,5.840276585796e+05,-3.005253151059e-03
3.867014269539e-03,5.841265826745e+05,5.841265856837e+05,-3.009152947925e-03
3.866355942288e-03,5.842255095960e+05,5.842255126090e+05,-3.013044246472e-03
3.865697839149e-03,5.843244363386e+05,5.843244393556e+05,-3.016927978024e-03
3.865039960007e-03,5.844233629026e+05,5.844233659234e+05,-3.020803444088e-03
3.864382304747e-03,5.845222892877e+05,5.845222923124e+05,-3.024672041647e-03
3.863724873256e-03,5.846212154941e+05,5.846212185226e+05,-3.028532606550e-03
3.863067665419e-03,5.847201415217e+05,5.847201445541e+05,-3.032385022379e-03
3.862410681122e-03,5.848190673706e+05,5.848190704068e+05,-3.036229754798e-03
3.861753920252e-03,5.849179930407e+05,5.849179960808e+05,-3.040066570975e-03
3.861097382693e-03,5.850169185321e+05,5.850169215760e+05,-3.043896052986e-03
3.860441068332e-03,5.851158438447e+05,5.851158468924e+05,-3.047717153095e-03
3.859784977056e-03,5.852147689786e+05,5.852147720301e+05,-3.051530686207e-03
3.859129108751e-03,5.853136939337e+05,5.853136969890e+05,-3.055335721001e-03
3.858473463303e-03,5.854126187100e+05,5.854126217691e+05,-3.059132955968e-03
3.857818040598e-03,5.855115433076e+05,5.855115463705e+05,-3.062921925448e-03
3.857162840523e-03,5.856104677265e+05,5.856104707932e+05,-3.066703444347e-03
3.856507862965e-03,5.857093919666e+05,5.857093950371e+05,-3.070477279834e-03
3.855853107810e-03,5.858083160280e+05,5.858083191022e+05,-3.074242966250e-03
3.855198574945e-03,5.859072399106e+05,5.859072429886e+05,-3.078001667745e-03
3.854544264257e-03,5.860061636145e+05,5.860061666962e+05,-3.081751521677e-03
3.853890175632e-03,5.861050871396e+05,5.861050902251e+05,-3.085493342951e-03
3.853236308958e-03,5.862040104860e+05,5.862040135752e+05,-3.089228528552e-03
3.852582664122e-03,5.863029336537e+05,5.863029367466e+05,-3.092953236774e-03
3.851929241011e-03,5.864018566426e+05,5.864018597393e+05,-3.096673055552e-03
3.851276039512e-03,5.865007794528e+05,5.865007825532e+05,-3.100381349213e-03
3.850623059512e-03,5.865997020843e+05,5.865997051883e+05,-3.104084520601e-03
3.849970300898e-03,5.866986245370e+05,5.866986276448e+05,-3.107778262347e-03
3.849317763559e-03,5.867975468110e+05,5.867975499225e+05,-3.111464902759e-03
3.848665447382e-03,5.868964689063e+05,5.868964720214e+05,-3.115142812021e-03
3.848013352253e-03,5.869953908228e+05,5.869953939416e+05,-3.118812688626e-03
3.847361478062e-03,5.870943125606e+05,5.870943156831e+05,-3.122474881820e-03
3.846709824695e-03,5.871932341197e+05,5.871932372458e+05,-3.126129158773e-03
3.846058392041e-03,5.872921555000e+05,5.872921586298e+05,-3.129775286652e-03
3.845407179986e-03,5.873910767017e+05,5.873910798351e+05,-3.133413149044e-03
3.844756188421e-03,5.874899977246e+05,5.874900008616e+05,-3.137041814625e-03
3.844105417231e-03,5.875889185688e+05,5.875889217095e+05,-3.140665008686e-03
3.843454866306e-03,5.876878392343e+05,5.876878423785e+05,-3.144279122353e-03
3.842804535533e-03,5.877867597210e+05,5.877867628689e+05,-3.147884039208e-03
3.842154424801e-03,5.878856800291e+05,5.878856831805e+05,-3.151480690576e-03
3.841504533999e-03,5.879846001584e+05,5.879846033135e+05,-3.155069774948e-03
3.840854863014e-03,5.880835201090e+05,5.880835232677e+05,-3.158651408739e-03
3.840205411735e-03,5.881824398809e+05,5.881824430431e+05,-3.162223962136e-03
3.839556180051e-03,5.882813594741e+05,5.882813626399e+05,-3.165790112689e-03
3.838907167850e-03,5.883802788886e+05,5.883802820579e+05,-3.169346833602e-03
3.838258375021e-03,5.884791981243e+05,5.884792012972e+05,-3.172894706950e-03
3.837609801453e-03,5.885781171814e+05,5.885781203578e+05,-3.176436759531e-03
3.836961447035e-03,5.886770360598e+05,5.886770392397e+05,-3.179968800396e-03
3.836313311655e-03,5.887759547594e+05,5.887759579429e+05,-3.183492925018e-03
3.835665395204e-03,5.888748732804e+05,5.888748764674e+05,-3.187008900568e-03
3.835017697568e-03,5.889737916226e+05,5.889737948131e+05,-3.190515912138e-03
3.834370218639e-03,5.890727097862e+05,5.890727129802e+05,-3.194016404450e-03
3.833722958305e-03,5.891716277710e+05,5.891716309685e+05,-3.197507583536e-03
3.833075916456e-03,5.892705455772e+05,5.892705487782e+05,-3.200990147889e-03
3.832429092980e-03,5.893694632046e+05,5.893694664091e+05,-3.204465610906e-03
3.831782487768e-03,5.894683806534e+05,5.894683838613e+05,-3.207932342775e-03
3.831136100708e-03,5.895672979234e+05,5.895673011348e+05,-3.211390576325e-03
3.830489931692e-03,5.896662150148e+05,5.896662182297e+05,-3.214841708541e-03
3.829843980607e-03,5.897651319275e+05,5.897651351458e+05,-3.218283876777e-03
3.829198247344e-03,5.898640486615e+05,5.898640518832e+05,-3.221717313863e-03
3.828552731794e-03,5.899629652168e+05,5.899629684419e+05,-3.225142369047e-03
3.827907433845e-03,5.900618815934e+05,5.900618848220e+05,-3.228558576666e-03
3.827262353387e-03,5.901607977914e+05,5.901608010233e+05,-3.231967915781e-03
3.826617490312e-03,5.902597138106e+05,5.902597170460e+05,-3.235368640162e-03
3.825972844508e-03,5.903586296512e+05,5.903586328899e+05,-3.238760167733e-03
3.825328415867e-03,5.904575453131e+05,5.904575485552e+05,-3.242144943215e-03
3.824684204278e-03,5.905564607963e+05,5.905564640418e+05,-3.245521686040e-03
3.824040209631e-03,5.906553761008e+05,5.906553793497e+05,-3.248887835070e-03
3.823396431818e-03,5.907542912266e+05,5.907542944789e+05,-3.252247464843e-03
3.822752870729e-03,5.908532061738e+05,5.908532094294e+05,-3.255598247051e-03
3.822109526254e-03,5.909521209423e+05,5.909521242012e+05,-3.258940065280e-03
3.821466398284e-03,5.910510355321e+05,5.910510387944e+05,-3.262274665758e-03
3.820823486709e-03,5.911499499433e+05,5.911499532089e+05,-3.265599021688e-03
3.820180791421e-03,5.912488641758e+05,5.912488674447e+05,-3.268917324021e-03
3.819538312311e-03,5.913477782296e+05,5.913477815018e+05,-3.272225032561e-03
3.818896049269e-03,5.914466921047e+05,5.914466953802e+05,-3.275525406934e-03
3.818254002186e-03,5.915456058012e+05,5.915456090800e+05,-3.278818214312e-03
3.817612170953e-03,5.916445193190e+05,5.916445226011e+05,-3.282101592049e-03
3.816970555462e-03,5.917434326581e+05,5.917434359435e+05,-3.285377519205e-03
3.816329155604e-03,5.918423458186e+05,5.918423491073e+05,-3.288643085398e-03
3.815687971270e-03,5.919412588004e+05,5.919412620923e+05,-3.291901899502e-03
3.815047002352e-03,5.920401716036e+05,5.920401748988e+05,-3.295151633210e-03
3.814406248740e-03,5.921390842281e+05,5.921390875265e+05,-3.298393450677e-03
3.813765710327e-03,5.922379966740e+05,5.922379999756e+05,-3.301625372842e-03
3.813125387005e-03,5.923369089411e+05,5.923369122460e+05,-3.304851474240e-03
3.812485278664e-03,5.924358210297e+05,5.924358243377e+05,-3.308066749014e-03
3.811845385196e-03,5.925347329396e+05,5.925347362508e+05,-3.311275388114e-03
3.811205706494e-03,5.926336446708e+05,5.926336479853e+05,-3.314473084174e-03
3.810566242450e-03,5.927325562234e+05,5.927325595410e+05,-3.317664726637e-03
3.809926992954e-03,5.928314675973e+05,5.928314709181e+05,-3.320846939459e-03
3.809287957900e-03,5.929303787926e+05,5.929303821166e+05,-3.324020421132e-03
3.808649137179e-03,5.930292898092e+05,5.930292931364e+05,-3.327185404487e-03
3.808010530684e-03,5.931282006472e+05,5.931282039775e+05,-3.330342820846e-03
3.807372138307e-03,5.932271113066e+05,5.932271146400e+05,-3.333489876240e-03
3.806733959940e-03,5.933260217873e+05,5.933260251239e+05,-3.336629015394e-03
3.806095995475e-03,5.934249320893e+05,5.934249354291e+05,-3.339760587551e-03
3.805458244806e-03,5.935238422127e+05,5.935238455556e+05,-3.342882147990e-03
3.804820707824e-03,5.936227521575e+05,5.936227555035e+05,-3.345995559357e-03
3.804183384422e-03,5.937216619237e+05,5.937216652728e+05,-3.349101403728e-03
3.803546274493e-03,5.938205715112e+05,5.938205748634e+05,-3.352199681103e-03
3.802909377930e-03,5.939194809201e+05,5.939194842753e+05,-3.355286666192e-03
3.802272694626e-03,5.940183901503e+05,5.940183935087e+05,-3.358365502208e-03
3.801636224473e-03,5.941172992019e+05,5.941173025633e+05,-3.361438051797e-03
3.800999967364e-03,5.942162080749e+05,5.942162114394e+05,-3.364499774761e-03
3.800363923193e-03,5.943151167692e+05,5.943151201368e+05,-3.367553581484e-03
3.799728091852e-03,5.944140252850e+05,5.944140286556e+05,-3.370598889887e-03
3.799092473235e-03,5.945129336221e+05,5.945129369957e+05,-3.373634768650e-03
3.798457067235e-03,5.946118417805e+05,5.946118451572e+05,-3.376663546078e-03
3.797821873746e-03,5.947107497604e+05,5.947107531401e+05,-3.379682311788e-03
3.797186892660e-03,5.948096575616e+05,5.948096609443e+05,-3.382693161257e-03
3.796552123872e-03,5.949085651842e+05,5.949085685699e+05,-3.385695279576e-03
3.795917567274e-03,5.950074726282e+05,5.950074760169e+05,-3.388688783161e-03
3.795283222761e-03,5.951063798935e+05,5.951063832852e+05,-3.391673672013e-03
3.794649090226e-03,5.952052869803e+05,5.952052903749e+05,-3.394649131224e-03
3.794015169562e-03,5.953041938884e+05,5.953041972860e+05,-3.397615975700e-03
3.793381460665e-03,5.954031006179e+05,5.954031040185e+05,-3.400575369596e-03
3.792747963427e-03,5.955020071688e+05,5.955020105724e+05,-3.403524868190e-03
3.792114677743e-03,5.956009135411e+05,5.956009169476e+05,-3.406465635635e-03
3.791481603506e-03,5.956998197348e+05,5.956998231442e+05,-3.409399185330e-03
3.790848740611e-03,5.957987257499e+05,5.957987291622e+05,-3.412322024815e-03
3.790216088952e-03,5.958976315864e+05,5.958976350016e+05,-3.415236365981e-03
3.789583648423e-03,5.959965372442e+05,5.959965406624e+05,-3.418143372983e-03
3.788951418919e-03,5.960954427235e+05,5.960954461445e+05,-3.421040717512e-03
3.788319400334e-03,5.961943480241e+05,5.961943514481e+05,-3.423930029385e-03
3.787687592562e-03,5.962932531462e+05,5.962932565730e+05,-3.426809329540e-03
3.787055995498e-03,5.963921580896e+05,5.963921615193e+05,-3.429681528360e-03
3.786424609036e-03,5.964910628545e+05,5.964910662870e+05,-3.432545112446e-03
3.785793433072e-03,5.965899674407e+05,5.965899708761e+05,-3.435397637077e-03
3.785162467500e-03,5.966888718484e+05,5.966888752866e+05,-3.438242711127e-03
3.784531712215e-03,5.967877760774e+05,5.967877795185e+05,-3.441079170443e-03
3.783901167111e-03,5.968866801279e+05,5.968866835718e+05,-3.443907480687e-03
3.783270832084e-03,5.969855839998e+05,5.969855874465e+05,-3.446725080721e-03
3.782640707029e-03,5.970844876930e+05,5.970844911426e+05,-3.449534764513e-03
3.782010791840e-03,5.971833912077e+05,5.971833946601e+05,-3.452336532064e-03
3.781381086414e-03,5.972822945438e+05,5.972822979989e+05,-3.455127472989e-03
3.780751590644e-03,5.973811977013e+05,5.973812011592e+05,-3.457911312580e-03
3.780122304427e-03,5.974801006802e+05,5.974801041409e+05,-3.460686071776e-03
3.779493227659e-03,5.975790034806e+05,5.975790069440e+05,-3.463451983407e-03
3.778864360233e-03,5.976779061023e+05,5.976779095686e+05,-3.466209629551e-03
3.778235702046e-03,5.977768085455e+05,5.977768120145e+05,-3.468956798315e-03
3.777607252994e-03,5.978757108101e+05,5.978757142818e+05,-3.471696982160e-03
3.776979012972e-03,5.979746128961e+05,5.979746163705e+05,-3.474427037872e-03
3.776350981876e-03,5.980735148036e+05,5.980735182807e+05,-3.477148828097e-03
3.775723159601e-03,5.981724165324e+05,5.981724200123e+05,-3.479860024527e-03
3.775095546044e-03,5.982713180827e+05,5.982713215653e+05,-3.482564468868e-03
3.774468141100e-03,5.983702194544e+05,5.983702229397e+05,-3.485258203000e-03
3.773840944666e-03,5.984691206475e+05,5.984691241355e+05,-3.487945883535e-03
3.773213956637e-03,5.985680216621e+05,5.985680251527e+05,-3.490622853860e-03
3.772587176910e-03,5.986669224981e+05,5.986669259914e+05,-3.493290161714e-03
3.771960605381e-03,5.987658231555e+05,5.987658266515e+05,-3.495949204080e-03
3.771334241946e-03,5.988647236344e+05,5.988647271330e+05,-3.498599748127e-03
3.770708086502e-03,5.989636239347e+05,5.989636274359e+05,-3.501241677441e-03
3.770082138944e-03,5.990625240564e+05,5.990625275603e+05,-3.503874060698e-03
3.769456399170e-03,5.991614239996e+05,5.991614275061e+05,-3.506497247145e-03
3.768830867076e-03,5.992603237642e+05,5.992603272733e+05,-3.509112168103e-03
3.768205542558e-03,5.993592233502e+05,5.993592268619e+05,-3.511716262437e-03
3.767580425514e-03,5.994581227577e+05,5.994581262720e+05,-3.514312906191e-03
3.766955515840e-03,5.995570219866e+05,5.995570255035e+05,-3.516900585964e-03
3.766330813433e-03,5.996559210370e+05,5.996559245564e+05,-3.519481047988e-03
3.765706318189e-03,5.997548199088e+05,5.997548234308e+05,-3.522050450556e-03
3.765082030007e-03,5.998537186020e+05,5.998537221266e+05,-3.524610656314e-03
3.764457948782e-03,5.999526171167e+05,5.999526206439e+05,-3.527162247337e-03
3.763834074412e-03,6.000515154529e+05,6.000515189826e+05,-3.529704175889e-03
3.763210406794e-03,6.001504136105e+05,6.001504171427e+05,-3.532238421030e-03
3.762586945825e-03,6.002493115895e+05,6.002493151243e+05,-3.534762770869e-03
3.761963691403e-03,6.003482093900e+05,6.003482129273e+05,-3.537279670127e-03
3.761340643425e-03,6.004471070120e+05,6.004471105518e+05,-3.539786092006e-03
3.760717801788e-03,6.005460044554e+05,6.005460079977e+05,-3.542282036506e-03
3.760095166391e-03,6.006449017203e+05,6.006449052651e+05,-3.544770763256e-03
3.759472737130e-03,6.007437988066e+05,6.007438023539e+05,-3.547252039425e-03
3.758850513903e-03,6.008426957144e+05,6.008426992641e+05,-3.549721906893e-03
3.758228496608e-03,6.009415924437e+05,6.009415959958e+05,-3.552183741704e-03
3.757606685142e-03,6.010404889944e+05,6.010404925490e+05,-3.554635099135e-03
3.756985079404e-03,6.011393853665e+05,6.011393889236e+05,-3.557077958249e-03
3.756363679292e-03,6.012382815602e+05,6.012382851197e+05,-3.559513017535e-03
3.755742484703e-03,6.013371775753e+05,6.013371811372e+05,-3.561937599443e-03
3.755121495536e-03,6.014360734119e+05,6.014360769762e+05,-3.564354614355e-03
3.754500711688e-03,6.015349690699e+05,6.015349726367e+05,-3.566761501133e-03
3.753880133058e-03,6.016338645494e+05,6.016338681186e+05,-3.569159423932e-03
3.753259759544e-03,6.017327598504e+05,6.017327634220e+05,-3.571546985768e-03
3.752639591044e-03,6.018316549729e+05,6.018316585468e+05,-3.573928144760e-03
3.752019627457e-03,6.019305499168e+05,6.019305534931e+05,-3.576297545806e-03
3.751399868682e-03,6.020294446822e+05,6.020294482609e+05,-3.578660660423e-03
3.750780314616e-03,6.021283392691e+05,6.021283428501e+05,-3.581012249924e-03
3.750160965159e-03,6.022272336774e+05,6.022272372608e+05,-3.583355573937e-03
3.749541820208e-03,6.023261279073e+05,6.023261314930e+05,-3.585689468309e-03
3.748922879663e-03,6.024250219586e+05,6.024250255466e+05,-3.588014864363e-03
3.748304143423e-03,6.025239158314e+05,6.025239194217e+05,-3.590329666622e-03
3.747685611386e-03,6.026228095257e+05,6.026228131183e+05,-3.592636436224e-03
3.747067283452e-03,6.027217030415e+05,6.027217066364e+05,-3.594934823923e-03
3.746449159518e-03,6.028205963787e+05,6.028205999759e+05,-3.597222268581e-03
3.745831239485e-03,6.029194895375e+05,6.029194931370e+05,-3.599502262659e-03
3.745213523252e-03,6.030183825177e+05,6.030183861195e+05,-3.601770964451e-03
3.744596010717e-03,6.031172753194e+05,6.031172789235e+05,-3.604032448493e-03
3.743978701780e-03,6.032161679426e+05,6.032161715489e+05,-3.606285201386e-03
3.743361596341e-03,6.033150603873e+05,6.033150639959e+05,-3.608526894823e-03
3.742744694298e-03,6.034139526536e+05,6.034139562643e+05,-3.610759624280e-03
3.742127995551e-03,6.035128447413e+05,6.035128483542e+05,-3.612984321080e-03
3.741511500000e-03,6.036117366504e+05,6.036117402656e+05,-3.615198773332e-03
3.740895207544e-03,6.037106283811e+05,6.037106319985e+05,-3.617404610850e-03
3.740279118083e-03,6.038095199333e+05,6.038095235529e+05,-3.619601251557e-03
3.739663231517e-03,6.039084113070e+05,6.039084149288e+05,-3.621787065640e-03
3.739047547744e-03,6.040073025022e+05,6.040073061262e+05,-3.623966011219e-03
3.738432066667e-03,6.041061935189e+05,6.041061971451e+05,-3.626134013757e-03
3.737816788183e-03,6.042050843571e+05,6.042050879854e+05,-3.628294449300e-03
3.737201712194e-03,6.043039750168e+05,6.043039786473e+05,-3.630443243310e-03
3.736586838598e-03,6.044028654981e+05,6.044028691307e+05,-3.632585867308e-03
3.735972167297e-03,6.045017558008e+05,6.045017594355e+05,-3.634717199020e-03
3.735357698191e-03,6.046006459250e+05,6.046006495619e+05,-3.636838868260e-03
3.734743431179e-03,6.046995358708e+05,6.046995395097e+05,-3.638952272013e-03
3.734129366162e-03,6.047984256380e+05,6.047984292791e+05,-3.641055896878e-03
3.733515503041e-03,6.048973152268e+05,6.048973188700e+05,-3.643151605502e-03
3.732901841716e-03,6.049962046371e+05,6.049962082824e+05,-3.645235672593e-03
3.732288382087e-03,6.050950938689e+05,6.050950975162e+05,-3.647312172689e-03
3.731675124055e-03,6.051939829223e+05,6.051939865716e+05,-3.649379126728e-03
3.731062067521e-03,6.052928717971e+05,6.052928754485e+05,-3.651436301880e-03
3.730449212385e-03,6.053917604935e+05,6.053917641470e+05,-3.653484978713e-03
3.729836558548e-03,6.054906490114e+05,6.054906526669e+05,-3.655523643829e-03
3.729224105911e-03,6.055895373508e+05,6.055895410083e+05,-3.657553344965e-03
3.728611854375e-03,6.056884255117e+05,6.056884291713e+05,-3.659572685137e-03
3.727999803841e-03,6.057873134942e+05,6.057873171558e+05,-3.661584341899e-03
3.727387954210e-03,6.058862012982e+05,6.058862049618e+05,-3.663585754111e-03
3.726776305382e-03,6.059850889237e+05,6.059850925893e+05,-3.665578784421e-03
3.726164857260e-03,6.060839763708e+05,6.060839800383e+05,-3.667561220936e-03
3.725553609744e-03,6.061828636394e+05,6.061828673089e+05,-3.669534809887e-03
3.724942562736e-03,6.062817507295e+05,6.062817544010e+05,-3.671498969197e-03
3.724331716136e-03,6.063806376411e+05,6.063806413146e+05,-3.673453000374e-03
3.723721069848e-03,6.064795243743e+05,6.064795280497e+05,-3.675398998894e-03
3.723110623770e-03,6.065784109291e+05,6.065784146064e+05,-3.677335917018e-03
3.722500377807e-03,6.066772973053e+05,6.066773009846e+05,-3.679261193611e-03
3.721890331858e-03,6.067761835031e+05,6.067761871843e+05,-3.681179019623e-03
3.721280485827e-03,6.068750695225e+05,6.068750732056e+05,-3.683087532409e-03
3.720670839613e-03,6.069739553634e+05,6.069739590483e+05,-3.684985684231e-03
3.720061393120e-03,6.070728410258e+05,6.070728447127e+05,-3.686875570565e-03
3.719452146250e-03,6.071717265098e+05,6.071717301985e+05,-3.688755212352e-03
3.718843098903e-03,6.072706118153e+05,6.072706155059e+05,-3.690625308082e-03
3.718234250982e-03,6.073694969424e+05,6.073695006349e+05,-3.692485857755e-03
3.717625602390e-03,6.074683818910e+05,6.074683855853e+05,-3.694337559864e-03
3.717017153028e-03,6.075672666612e+05,6.075672703574e+05,-3.696181462146e-03
3.716408902798e-03,6.076661512529e+05,6.076661549509e+05,-3.698013839312e-03
3.715800851603e-03,6.077650356662e+05,6.077650393660e+05,-3.699837368913e-03
3.715192999346e-03,6.078639199010e+05,6.078639236027e+05,-3.701649722643e-03
3.714585345927e-03,6.079628039574e+05,6.079628076609e+05,-3.703455207869e-03
3.713977891251e-03,6.080616878353e+05,6.080616915406e+05,-3.705250797793e-03
3.713370635219e-03,6.081605715349e+05,6.081605752419e+05,-3.707035328262e-03
3.712763577734e-03,6.082594550559e+05,6.082594587647e+05,-3.708812990226e-03
3.712156718699e-03,6.083583383985e+05,6.083583421091e+05,-3.710579476319e-03
3.711550058016e-03,6.084572215627e+05,6.084572252751e+05,-3.712335601449e-03
3.710943595588e-03,6.085561045485e+05,6.085561082626e+05,-3.714084858075e-03
3.710337331318e-03,6.086549873558e+05,6.086549910716e+05,-3.715822705999e-03
3.709731265109e-03,6.087538699847e+05,6.087538737022e+05,-3.717551357113e-03
3.709125396864e-03,6.088527524351e+05,6.088527561544e+05,-3.719271742739e-03
3.708519726486e-03,6.089516347072e+05,6.089516384282e+05,-3.720980137587e-03
3.707914253878e-03,6.090505168008e+05,6.090505205234e+05,-3.722681314684e-03
3.707308978942e-03,6.091493987159e+05,6.091494024403e+05,-3.724372829311e-03
3.706703901583e-03,6.092482804527e+05,6.092482841787e+05,-3.726052935235e-03
3.706099021704e-03,6.093471620110e+05,6.093471657387e+05,-3.727726754732e-03
3.705494339207e-03,6.094460433909e+05,6.094460471203e+05,-3.729387652129e-03
3.704889853997e-03,6.095449245923e+05,6.095449283234e+05,-3.731041331775e-03
3.704285565976e-03,6.096438056154e+05,6.096438093481e+05,-3.732684650458e-03
3.703681475049e-03,6.097426864600e+05,6.097426901943e+05,-3.734319587238e-03
3.703077581119e-03,6.098415671262e+05,6.098415708622e+05,-3.735943697393e-03
3.702473884089e-03,6.099404476140e+05,6.099404513516e+05,-3.737557446584e-03
3.701870383863e-03,6.100393279234e+05,6.100393316626e+05,-3.739164210856e-03
3.701267080345e-03,6.101382080544e+05,6.101382117951e+05,-3.740760148503e-03
3.700663973440e-03,6.102370880069e+05,6.102370917492e+05,-3.742346307263e-03
3.700061063050e-03,6.103359677810e+05,6.103359715250e+05,-3.743923502043e-03
3.699458349080e-03,6.104348473768e+05,6.104348511223e+05,-3.745491500013e-03
3.698855831433e-03,6.105337267941e+05,6.105337305411e+05,-3.747049719095e-03
3.698253510015e-03,6.106326060330e+05,6.106326097816e+05,-3.748596180230e-03
3.697651384728e-03,6.107314850935e+05,6.107314888436e+05,-3.750135889277e-03
3.697049455478e-03,6.108303639756e+05,6.108303677273e+05,-3.751663723961e-03
3.696447722168e-03,6.109292426793e+05,6.109292464325e+05,-3.753183525987e-03
3.695846184703e-03,6.110281212046e+05,6.110281249593e+05,-3.754693781957e-03
3.695244842987e-03,6.111269995515e+05,6.111270033077e+05,-3.756193793379e-03
3.694643696925e-03,6.112258777200e+05,6.112258814776e+05,-3.757685073651e-03
3.694042746422e-03,6.113247557100e+05,6.113247594692e+05,-3.759166458622e-03
3.693441991381e-03,6.114236335217e+05,6.114236372824e+05,-3.760638996027e-03
3.692841431707e-03,6.115225111550e+05,6.115225149171e+05,-3.762100241147e-03
3.692241067306e-03,6.116213886099e+05,6.116213923735e+05,-3.763553104363e-03
3.691640898082e-03,6.117202658865e+05,6.117202696515e+05,-3.764996654354e-03
3.691040923940e-03,6.118191429846e+05,6.118191467510e+05,-3.766429494135e-03
3.690441144784e-03,6.119180199043e+05,6.119180236722e+05,-3.767852671444e-03
3.689841560520e-03,6.120168966456e+05,6.120169004149e+05,-3.769267932512e-03
3.689242171053e-03,6.121157732086e+05,6.121157769793e+05,-3.770671668462e-03
3.688642976287e-03,6.122146495932e+05,6.122146533652e+05,-3.772067488171e-03
3.688043976129e-03,6.123135257993e+05,6.123135295728e+05,-3.773452597670e-03
3.687445170482e-03,6.124124018271e+05,6.124124056020e+05,-3.774828393944e-03
3.686846559253e-03,6.125112776766e+05,6.125112814528e+05,-3.776193596423e-03
3.686248142347e-03,6.126101533476e+05,6.126101571251e+05,-3.777549951337e-03
3.685649919669e-03,6.127090288403e+05,6.127090326191e+05,-3.778896643780e-03
3.685051891124e-03,6.128079041545e+05,6.128079079348e+05,-3.780234837905e-03
3.684454056619e-03,6.129067792904e+05,6.129067830720e+05,-3.781560924836e-03
3.683856416058e-03,6.130056542480e+05,6.130056580308e+05,-3.782880492508e-03
3.683258969348e-03,6.131045290271e+05,6.131045328113e+05,-3.784187138081e-03
3.682661716394e-03,6.132034036279e+05,6.132034074134e+05,-3.785486798733e-03
3.682064657101e-03,6.133022780503e+05,6.133022818371e+05,-3.786774585024e-03
3.681467791376e-03,6.134011522943e+05,6.134011560824e+05,-3.788054804318e-03
3.680871119125e-03,6.135000263600e+05,6.135000301493e+05,-3.789323731326e-03
3.680274640253e-03,6.135989002473e+05,6.135989040379e+05,-3.790585556999e-03
3.679678354666e-03,6.136977739562e+05,6.136977777481e+05,-3.791835275479e-03
3.679082262271e-03,6.137966474868e+05,6.137966512799e+05,-3.793074749410e-03
3.678486362974e-03,6.138955208390e+05,6.138955246333e+05,-3.794307005592e-03
3.677890656680e-03,6.139943940128e+05,6.139943978084e+05,-3.795527270995e-03
3.677295143297e-03,6.140932670083e+05,6.140932708051e+05,-3.796739387326e-03
3.676699822729e-03,6.141921398254e+05,6.141921436234e+05,-3.797941841185e-03
3.676104694885e-03,6.142910124642e+05,6.142910162633e+05,-3.799133002758e-03
3.675509759670e-03,6.143898849246e+05,6.143898887249e+05,-3.800315898843e-03
3.674915016990e-03,6.144887572067e+05,6.144887610082e+05,-3.801489714533e-03
3.674320466753e-03,6.145876293104e+05,6.145876331130e+05,-3.802652354352e-03
3.673726108864e-03,6.146865012357e+05,6.146865050395e+05,-3.803806845099e-03
3.673131943231e-03,6.147853729827e+05,6.147853767877e+05,-3.804950276390e-03
3.672537969761e-03,6.148842445514e+05,6.148842483574e+05,-3.806084860116e-03
3.671944188359e-03,6.149831159416e+05,6.149831197489e+05,-3.807208733633e-03
3.671350598933e-03,6.150819871536e+05,6.150819909619e+05,-3.808323759586e-03
3.670757201390e-03,6.151808581872e+05,6.151808619966e+05,-3.809428308159e-03
3.670163995637e-03,6.152797290425e+05,6.152797328530e+05,-3.810522146523e-03
3.669570981580e-03,6.153785997194e+05,6.153786035310e+05,-3.811608767137e-03
3.668978159128e-03,6.154774702179e+05,6.154774740306e+05,-3.812685026787e-03
3.668385528186e-03,6.155763405382e+05,6.155763443519e+05,-3.813749877736e-03
3.667793088663e-03,6.156752106801e+05,6.156752144949e+05,-3.814807045273e-03
3.667200840465e-03,6.157740806436e+05,6.157740844595e+05,-3.815853735432e-03
3.666608783500e-03,6.158729504288e+05,6.158729542457e+05,-3.816890297458e-03
3.666016917676e-03,6.159718200357e+05,6.159718238536e+05,-3.817918128334e-03
3.665425242899e-03,6.160706894643e+05,6.160706932832e+05,-3.818935598247e-03
3.664833759077e-03,6.161695587145e+05,6.161695625344e+05,-3.819942707196e-03
3.664242466118e-03,6.162684277864e+05,6.162684316073e+05,-3.820940852165e-03
3.663651363930e-03,6.163672966799e+05,6.163673005018e+05,-3.821928170510e-03
3.663060452419e-03,6.164661653951e+05,6.164661692181e+05,-3.822908154689e-03
3.662469731495e-03,6.165650339320e+05,6.165650377559e+05,-3.823875449598e-03
3.661879201064e-03,6.166639022906e+05,6.166639061155e+05,-3.824834595434e-03
3.661288861035e-03,6.167627704709e+05,6.167627742967e+05,-3.825784078799e-03
3.660698711315e-03,6.168616384728e+05,6.168616422995e+05,-3.826722851954e-03
3.660108751813e-03,6.169605062964e+05,6.169605101240e+05,-3.827653126791e-03
3.659518982436e-03,6.170593739417e+05,6.170593777703e+05,-3.828572225757e-03
3.658929403093e-03,6.171582414086e+05,6.171582452381e+05,-3.829482477158e-03
3.658340013692e-03,6.172571086973e+05,6.172571125277e+05,-3.830383066088e-03
3.657750814141e-03,6.173559758076e+05,6.173559796389e+05,-3.831274108961e-03
3.657161804348e-03,6.174548427396e+05,6.174548465718e+05,-3.832153393887e-03
3.656572984222e-03,6.175537094933e+05,6.175537133264e+05,-3.833025577478e-03
3.655984353670e-03,6.176525760687e+05,6.176525799026e+05,-3.833885188214e-03
3.655395912603e-03,6.177514424658e+05,6.177514463005e+05,-3.834737464786e-03
3.654807660927e-03,6.178503086846e+05,6.178503125201e+05,-3.835578914732e-03
3.654219598552e-03,6.179491747250e+05,6.179491785614e+05,-3.836410236545e-03
3.653631725386e-03,6.180480405872e+05,6.180480444244e+05,-3.837232245132e-03
3.653044041338e-03,6.181469062710e+05,6.181469101091e+05,-3.838044125587e-03
3.652456546317e-03,6.182457717766e+05,6.182457756154e+05,-3.838847740553e-03
3.651869240232e-03,6.183446371038e+05,6.183446409434e+05,-3.839639248326e-03
3.651282122990e-03,6.184435022527e+05,6.184435060932e+05,-3.840423072688e-03
3.650695194502e-03,6.185423672234e+05,6.185423710646e+05,-3.841195488349e-03
3.650108454677e-03,6.186412320157e+05,6.186412358577e+05,-3.841959638521e-03
3.649521903423e-03,6.187400966297e+05,6.187401004725e+05,-3.842710983008e-03
3.648935540649e-03,6.188389610655e+05,6.188389649089e+05,-3.843455458991e-03
3.648349366265e-03,6.189378253229e+05,6.189378291671e+05,-3.844188991934e-03
3.647763380180e-03,6.190366894021e+05,6.190366932470e+05,-3.844912978821e-03
3.647177582303e-03,6.191355533029e+05,6.191355571486e+05,-3.845627186820e-03
3.646591972543e-03,6.192344170255e+05,6.192344208718e+05,-3.846331848763e-03
3.646006550811e-03,6.193332805698e+05,6.193332844168e+05,-3.847026615404e-03
3.645421317014e-03,6.194321439358e+05,6.194321477835e+05,-3.847709274851e-03
3.644836271064e-03,6.195310071235e+05,6.195310109719e+05,-3.848386346363e-03
3.644251412869e-03,6.196298701329e+05,6.196298739820e+05,-3.849050961435e-03
3.643666742339e-03,6.197287329641e+05,6.197287368138e+05,-3.849705681205e-03
3.643082259384e-03,6.198275956169e+05,6.198275994673e+05,-3.850350971334e-03
3.642497963913e-03,6.199264580915e+05,6.199264619425e+05,-3.850985434838e-03
3.641913855837e-03,6.200253203878e+05,6.200253242394e+05,-3.851612447761e-03
3.641329935065e-03,6.201241825058e+05,6.201241863580e+05,-3.852227237076e-03
3.640746201507e-03,6.202230444455e+05,6.202230482983e+05,-3.852833178826e-03
3.640162655073e-03,6.203219062070e+05,6.203219100604e+05,-3.853428876027e-03
3.639579295673e-03,6.204207677902e+05,6.204207716442e+05,-3.854014095850e-03
3.638996123217e-03,6.205196291951e+05,6.205196330497e+05,-3.854591399431e-03
3.638413137616e-03,6.206184904217e+05,6.206184942769e+05,-3.855157876387e-03
3.637830338779e-03,6.207173514701e+05,6.207173553258e+05,-3.855714923702e-03
3.637247726618e-03,6.208162123402e+05,6.208162161964e+05,-3.856261959299e-03
3.636665301041e-03,6.209150730320e+05,6.209150768888e+05,-3.856798051856e-03
3.636083061960e-03,6.210139335456e+05,6.210139374029e+05,-3.857325646095e-03
3.635501009284e-03,6.211127938809e+05,6.211127977387e+05,-3.857841365971e-03
3.634919142926e-03,6.212116540379e+05,6.212116578962e+05,-3.858349053189e-03
3.634337462794e-03,6.213105140167e+05,6.213105178755e+05,-3.858846379444e-03
3.633755968800e-03,6.214093738172e+05,6.214093776765e+05,-3.859334974550e-03
3.633174660854e-03,6.215082334394e+05,6.215082372992e+05,-3.859812510200e-03
3.632593538868e-03,6.216070928834e+05,6.216070967437e+05,-3.860280616209e-03
3.632012602751e-03,6.217059521491e+05,6.217059560099e+05,-3.860738128424e-03
3.631431852414e-03,6.218048112366e+05,6.218048150978e+05,-3.861187142320e-03
3.630851287770e-03,6.219036701458e+05,6.219036740075e+05,-3.861625329591e-03
3.630270908728e-03,6.220025288768e+05,6.220025327389e+05,-3.862053155899e-03
3.629690715199e-03,6.221013874295e+05,6.221013912920e+05,-3.862470388412e-03
3.629110707095e-03,6.222002458040e+05,6.222002496669e+05,-3.862879355438e-03
3.628530884327e-03,6.222991040002e+05,6.222991078635e+05,-3.863277612254e-03
3.627951246805e-03,6.223979620182e+05,6.223979658818e+05,-3.863666439429e-03
3.627371794442e-03,6.224968198579e+05,6.224968237219e+05,-3.864046419039e-03
3.626792527148e-03,6.225956775194e+05,6.225956813838e+05,-3.864413825795e-03
3.626213444835e-03,6.226945350026e+05,6.226945388674e+05,-3.864774596877e-03
3.625634547414e-03,6.227933923076e+05,6.227933961727e+05,-3.865123726428e-03
3.625055834796e-03,6.228922494343e+05,6.228922532998e+05,-3.865461796522e-03
3.624477306894e-03,6.229911063828e+05,6.229911102486e+05,-3.865792066790e-03
3.623898963619e-03,6.230899631531e+05,6.230899670192e+05,-3.866110928357e-03
3.623320804882e-03,6.231888197451e+05,6.231888236116e+05,-3.866420709528e-03
3.622742830595e-03,6.232876761589e+05,6.232876800257e+05,-3.866720362566e-03
3.622165040670e-03,6.233865323945e+05,6.233865362615e+05,-3.867009188980e-03
3.621587435018e-03,6.234853884518e+05,6.234853923191e+05,-3.867289517075e-03
3.621010013552e-03,6.235842443309e+05,6.235842481985e+05,-3.867558785714e-03
3.620432776184e-03,6.236831000318e+05,6.236831038996e+05,-3.867820603773e-03
3.619855722824e-03,6.237819555544e+05,6.237819594225e+05,-3.868070896715e-03
3.619278853386e-03,6.238808108988e+05,6.238808147671e+05,-3.868311294354e-03
3.618702167782e-03,6.239796660650e+05,6.239796699336e+05,-3.868539934047e-03
3.618125665923e-03,6.240785210530e+05,6.240785249217e+05,-3.868761705235e-03
3.617549347722e-03,6.241773758627e+05,6.241773797317e+05,-3.868973115459e-03
3.616973213091e-03,6.242762304942e+05,6.242762343634e+05,-3.869172302075e-03
3.616397261943e-03,6.243750849475e+05,6.243750888169e+05,-3.869364387356e-03
3.615821494189e-03,6.244739392226e+05,6.244739430921e+05,-3.869544598274e-03
3.615245909742e-03,6.245727933194e+05,6.245727971891e+05,-3.869715379551e-03
3.614670508515e-03,6.246716472381e+05,6.246716511079e+05,-3.869875799865e-03
3.614095290420e-03,6.247705009785e+05,6.247705048485e+05,-3.870027954690e-03
3.613520255370e-03,6.248693545407e+05,6.248693584108e+05,-3.870167885907e-03
3.612945403277e-03,6.249682079247e+05,6.249682117950e+05,-3.870299900882e-03
3.612370734054e-03,6.250670611304e+05,6.250670650009e+05,-3.870420390740e-03
3.611796247614e-03,6.251659141580e+05,6.251659180285e+05,-3.870532149449e-03
3.611221943870e-03,6.252647670074e+05,6.252647708780e+05,-3.870633314364e-03
3.610647822735e-03,6.253636196785e+05,6.253636235492e+05,-3.870724583976e-03
3.610073884120e-03,6.254624721715e+05,6.254624760423e+05,-3.870806889609e-03
3.609500127940e-03,6.255613244862e+05,6.255613283571e+05,-3.870878601447e-03
3.608926554108e-03,6.256601766227e+05,6.256601804937e+05,-3.870939486660e-03
3.608353162536e-03,6.257590285811e+05,6.257590324521e+05,-3.870991058648e-03
3.607779953137e-03,6.258578803612e+05,6.258578842322e+05,-3.871033550240e-03
3.607206925826e-03,6.259567319631e+05,6.259567358342e+05,-3.871065797284e-03
3.606634080515e-03,6.260555833869e+05,6.260555872580e+05,-3.871087683365e-03
3.606061417117e-03,6.261544346324e+05,6.261544385035e+05,-3.871100489050e-03
3.605488935545e-03,6.262532856997e+05,6.262532895708e+05,-3.871102700941e-03
3.604916635714e-03,6.263521365889e+05,6.263521404600e+05,-3.871093387716e-03
3.604344517537e-03,6.264509872998e+05,6.264509911709e+05,-3.871076041833e-03
3.603772580927e-03,6.265498378326e+05,6.265498417037e+05,-3.871049033478e-03
3.603200825797e-03,6.266486881872e+05,6.266486920582e+05,-3.871011198498e-03
3.602629252062e-03,6.267475383636e+05,6.267475422345e+05,-3.870964166708e-03
3.602057859635e-03,6.268463883618e+05,6.268463922327e+05,-3.870906541124e-03
3.601486648430e-03,6.269452381818e+05,6.269452420526e+05,-3.870838670991e-03
3.600915618361e-03,6.270440878236e+05,6.270440916944e+05,-3.870762186125e-03
3.600344769341e-03,6.271429372872e+05,6.271429411579e+05,-3.870674176142e-03
3.599774101284e-03,6.272417865727e+05,6.272417904433e+05,-3.870577435009e-03
3.599203614105e-03,6.273406356800e+05,6.273406395504e+05,-3.870469634421e-03
3.598633307717e-03,6.274394846091e+05,6.274394884794e+05,-3.870354034007e-03
3.598063182034e-03,6.275383333600e+05,6.275383372302e+05,-3.870225627907e-03
3.597493236971e-03,6.276371819327e+05,6.276371858028e+05,-3.870088956319e-03
3.596923472442e-03,6.277360303273e+05,6.277360341972e+05,-3.869942855090e-03
3.596353888361e-03,6.278348785437e+05,6.278348824135e+05,-3.869786276482e-03
3.595784484642e-03,6.279337265819e+05,6.279337304515e+05,-3.869618522003e-03
3.595215261200e-03,6.280325744420e+05,6.280325783114e+05,-3.869440755807e-03
3.594646217949e-03,6.281314221238e+05,6.281314259931e+05,-3.869254724123e-03
3.594077354803e-03,6.282302696275e+05,6.282302734966e+05,-3.869059728459e-03
3.593508671677e-03,6.283291169531e+05,6.283291208219e+05,-3.868853440508e-03
3.592940168486e-03,6.284279641005e+05,6.284279679691e+05,-3.868635627441e-03
3.592371845144e-03,6.285268110697e+05,6.285268149381e+05,-3.868409781717e-03
3.591803701566e-03,6.286256578607e+05,6.286256617289e+05,-3.868173109367e-03
3.591235737666e-03,6.287245044736e+05,6.287245083415e+05,-3.867927240208e-03
3.590667953360e-03,6.288233509083e+05,6.288233547760e+05,-3.867670893669e-03
3.590100348561e-03,6.289221971649e+05,6.289222010323e+05,-3.867404302582e-03
3.589532923186e-03,6.290210432433e+05,6.290210471104e+05,-3.867128863931e-03
3.588965677149e-03,6.291198891436e+05,6.291198930104e+05,-3.866841085255e-03
3.588398610365e-03,6.292187348656e+05,6.292187387322e+05,-3.866544808261e-03
3.587831722749e-03,6.293175804096e+05,6.293175842758e+05,-3.866241080686e-03
3.587265014216e-03,6.294164257754e+05,6.294164296413e+05,-3.865924081765e-03
3.586698484681e-03,6.295152709630e+05,6.295152748286e+05,-3.865598468110e-03
3.586132134060e-03,6.296141159725e+05,6.296141198378e+05,-3.865261911415e-03
3.585565962267e-03,6.297129608038e+05,6.297129646688e+05,-3.864916739985e-03
3.584999969219e-03,6.298118054570e+05,6.298118093216e+05,-3.864559927024e-03
3.584434154830e-03,6.299106499321e+05,6.299106537963e+05,-3.864195663482e-03
3.583868519015e-03,6.300094942290e+05,6.300094980928e+05,-3.863818477839e-03
3.583303061691e-03,6.301083383477e+05,6.301083422112e+05,-3.863435122184e-03
3.582737782773e-03,6.302071822883e+05,6.302071861514e+05,-3.863038262352e-03
3.582172682177e-03,6.303060260508e+05,6.303060299135e+05,-3.862632438540e-03
3.581607759817e-03,6.304048696352e+05,6.304048734974e+05,-3.862218349241e-03
3.581043015610e-03,6.305037130414e+05,6.305037169031e+05,-3.861791570671e-03
3.580478449472e-03,6.306025562694e+05,6.306025601308e+05,-3.861356875859e-03
3.579914061318e-03,6.307013993193e+05,6.307014031802e+05,-3.860911936499e-03
3.579349851064e-03,6.308002421911e+05,6.308002460516e+05,-3.860456519760e-03
3.578785818626e-03,6.308990848848e+05,6.308990887448e+05,-3.859991440549e-03
3.578221963920e-03,6.309979274003e+05,6.309979312598e+05,-3.859516466036e-03
3.577658286862e-03,6.310967697377e+05,6.310967735967e+05,-3.859032411128e-03
3.577094787368e-03,6.311956118970e+05,6.311956157555e+05,-3.858536249027e-03
3.576531465354e-03,6.312944538781e+05,6.312944577362e+05,-3.858032054268e-03
3.575968320737e-03,6.313932956811e+05,6.313932995387e+05,-3.857517265715e-03
3.575405353432e-03,6.314921373060e+05,6.314921411630e+05,-3.856992116198e-03
3.574842563356e-03,6.315909787528e+05,6.315909826093e+05,-3.856458351947e-03
3.574279950425e-03,6.316898200214e+05,6.316898238774e+05,-3.855912713334e-03
3.573717514555e-03,6.317886611120e+05,6.317886649673e+05,-3.855358692817e-03
3.573155255664e-03,6.318875020244e+05,6.318875058792e+05,-3.854793729261e-03
3.572593173667e-03,6.319863427587e+05,6.319863466129e+05,-3.854220616631e-03
3.572031268481e-03,6.320851833148e+05,6.320851871685e+05,-3.853636328131e-03
3.571469540022e-03,6.321840236929e+05,6.321840275459e+05,-3.853040630929e-03
3.570907988208e-03,6.322828638928e+05,6.322828677453e+05,-3.852436668240e-03
3.570346612954e-03,6.323817039147e+05,6.323817077665e+05,-3.851822461002e-03
3.569785414178e-03,6.324805437584e+05,6.324805476096e+05,-3.851198591292e-03
3.569224391796e-03,6.325793834240e+05,6.325793872746e+05,-3.850564593449e-03
3.568663545726e-03,6.326782229115e+05,6.326782267614e+05,-3.849920351058e-03
3.568102875884e-03,6.327770622209e+05,6.327770660702e+05,-3.849266911857e-03
3.567542382187e-03,6.328759013522e+05,6.328759052008e+05,-3.848602180369e-03
3.566982064552e-03,6.329747403054e+05,6.329747441533e+05,-3.847930114716e-03
3.566421922896e-03,6.330735790804e+05,6.330735829277e+05,-3.847245709039e-03
3.565861957136e-03,6.331724176774e+05,6.331724215240e+05,-3.846551291645e-03
3.565302167190e-03,6.332712560963e+05,6.332712599421e+05,-3.845848492347e-03
3.564742552974e-03,6.333700943371e+05,6.333700981822e+05,-3.845135564916e-03
3.564183114407e-03,6.334689323998e+05,6.334689362442e+05,-3.844411694445e-03
3.563623851404e-03,6.335677702843e+05,6.335677741280e+05,-3.843678976409e-03
3.563064763885e-03,6.336666079908e+05,6.336666118338e+05,-3.842934384011e-03
3.562505851765e-03,6.337654455192e+05,6.337654493614e+05,-3.842180594802e-03
3.561947114962e-03,6.338642828695e+05,6.338642867110e+05,-3.841418423690e-03
3.561388553395e-03,6.339631200418e+05,6.339631238824e+05,-3.840646124445e-03
3.560830166980e-03,6.340619570359e+05,6.340619608757e+05,-3.839862882160e-03
3.560271955636e-03,6.341607938519e+05,6.341607976910e+05,-3.839069278911e-03
3.559713919279e-03,6.342596304899e+05,6.342596343281e+05,-3.838266246021e-03
3.559156057828e-03,6.343584669497e+05,6.343584707872e+05,-3.837453317828e-03
3.558598371200e-03,6.344573032315e+05,6.344573070681e+05,-3.836631891318e-03
3.558040859314e-03,6.345561393352e+05,6.345561431710e+05,-3.835799056105e-03
3.557483522086e-03,6.346549752608e+05,6.346549790958e+05,-3.834955394268e-03
3.556926359436e-03,6.347538110084e+05,6.347538148425e+05,-3.834104165435e-03
3.556369371281e-03,6.348526465778e+05,6.348526504111e+05,-3.833241644315e-03
3.555812557539e-03,6.349514819692e+05,6.349514858016e+05,-3.832370159216e-03
3.555255918128e-03,6.350503171825e+05,6.350503210140e+05,-3.831487963907e-03
3.554699452966e-03,6.351491522177e+05,6.351491560483e+05,-3.830596222542e-03
3.554143161972e-03,6.352479870749e+05,6.352479909046e+05,-3.829694353044e-03
3.553587045063e-03,6.353468217540e+05,6.353468255827e+05,-3.828781889752e-03
3.553031102159e-03,6.354456562550e+05,6.354456600828e+05,-3.827860578895e-03
3.552475333177e-03,6.355444905779e+05,6.355444944048e+05,-3.826928907074e-03
3.551919738036e-03,6.356433247228e+05,6.356433285488e+05,-3.825986757874e-03
3.551364316654e-03,6.357421586896e+05,6.357421625146e+05,-3.825034946203e-03
3.550809068949e-03,6.358409924783e+05,6.358409963024e+05,-3.824074869044e-03
3.550253994841e-03,6.359398260890e+05,6.359398299121e+05,-3.823104081675e-03
3.549699094248e-03,6.360386595216e+05,6.360386633437e+05,-3.822122933343e-03
3.549144367089e-03,6.361374927762e+05,6.361374965973e+05,-3.821130609140e-03
3.548589813281e-03,6.362363258527e+05,6.362363296728e+05,-3.820130601525e-03
3.548035432745e-03,6.363351587511e+05,6.363351625702e+05,-3.819120000117e-03
3.547481225398e-03,6.364339914715e+05,6.364339952896e+05,-3.818099503405e-03
3.546927191160e-03,6.365328240138e+05,6.365328278309e+05,-3.817069111392e-03
3.546373329950e-03,6.366316563781e+05,6.366316601941e+05,-3.816027776338e-03
3.545819641686e-03,6.367304885643e+05,6.367304923792e+05,-3.814977710135e-03
3.545266126288e-03,6.368293205724e+05,6.368293243863e+05,-3.813917981461e-03
3.544712783674e-03,6.369281524025e+05,6.369281562154e+05,-3.812846727669e-03
3.544159613764e-03,6.370269840546e+05,6.370269878664e+05,-3.811768256128e-03
3.543606616477e-03,6.371258155286e+05,6.371258193393e+05,-3.810677328147e-03
3.543053791732e-03,6.372246468246e+05,6.372246506342e+05,-3.809576970525e-03
3.542501139448e-03,6.373234779425e+05,6.373234817510e+05,-3.808468231000e-03
3.541948659545e-03,6.374223088824e+05,6.374223126897e+05,-3.807348664850e-03
3.541396351941e-03,6.375211396442e+05,6.375211434504e+05,-3.806218970567e-03
3.540844216558e-03,6.376199702280e+05,6.376199740331e+05,-3.805080079474e-03
3.540292253313e-03,6.377188006338e+05,6.377188044377e+05,-3.803929663263e-03
3.539740462126e-03,6.378176308615e+05,6.378176346642e+05,-3.802772611380e-03
3.539188842917e-03,6.379164609111e+05,6.379164647127e+05,-3.801603335887e-03
3.538637395606e-03,6.380152907828e+05,6.380152945832e+05,-3.800423350185e-03
3.538086120112e-03,6.381141204764e+05,6.381141242756e+05,-3.799235681072e-03
3.537535016355e-03,6.382129499920e+05,6.382129537900e+05,-3.798037185334e-03
3.536984084255e-03,6.383117793295e+05,6.383117831263e+05,-3.796828561462e-03
3.536433323731e-03,6.384106084890e+05,6.384106122846e+05,-3.795611439273e-03
3.535882734703e-03,6.385094374705e+05,6.385094412649e+05,-3.794382442720e-03
3.535332317092e-03,6.386082662739e+05,6.386082700671e+05,-3.793146577664e-03
3.534782070817e-03,6.387070948994e+05,6.387070986913e+05,-3.791897674091e-03
3.534231995798e-03,6.388059233468e+05,6.388059271374e+05,-3.790640155785e-03
3.533682091956e-03,6.389047516161e+05,6.389047554055e+05,-3.789372742176e-03
3.533132359210e-03,6.390035797075e+05,6.390035834956e+05,-3.788094851188e-03
3.532582797480e-03,6.391024076208e+05,6.391024114076e+05,-3.786807646975e-03
3.532033406687e-03,6.392012353562e+05,6.392012391417e+05,-3.785511711612e-03
3.531484186752e-03,6.393000629134e+05,6.393000666977e+05,-3.784205298871e-03
3.530935137593e-03,6.393988902927e+05,6.393988940756e+05,-3.782888525166e-03
3.530386259133e-03,6.394977174940e+05,6.394977212755e+05,-3.781561856158e-03
3.529837551290e-03,6.395965445172e+05,6.395965482975e+05,-3.780226456001e-03
3.529289013986e-03,6.396953713625e+05,6.396953751414e+05,-3.778880112804e-03
3.528740647141e-03,6.397941980297e+05,6.397942018072e+05,-3.777524107136e-03
3.528192450676e-03,6.398930245189e+05,6.398930282951e+05,-3.776158089750e-03
3.527644424511e-03,6.399918508301e+05,6.399918546049e+05,-3.774781944230e-03
3.527096568567e-03,6.400906769633e+05,6.400906807367e+05,-3.773396834731e-03
3.526548882764e-03,6.401895029185e+05,6.401895066905e+05,-3.772003925405e-03
3.526001367024e-03,6.402883286957e+05,6.402883324663e+05,-3.770598443225e-03
3.525454021267e-03,6.403871542949e+05,6.403871580640e+05,-3.769182483666e-03
3.524906845414e-03,6.404859797160e+05,6.404859834838e+05,-3.767757443711e-03
3.524359839385e-03,6.405848049592e+05,6.405848087255e+05,-3.766324254684e-03
3.523813003103e-03,6.406836300244e+05,6.406836337893e+05,-3.764879424125e-03
3.523266336488e-03,6.407824549116e+05,6.407824586750e+05,-3.763426560909e-03
3.522719839460e-03,6.408812796208e+05,6.408812833827e+05,-3.761962521821e-03
3.522173511942e-03,6.409801041519e+05,6.409801079124e+05,-3.760487656109e-03
3.521627353853e-03,6.410789285051e+05,6.410789322641e+05,-3.759005805477e-03
3.521081365116e-03,6.411777526803e+05,6.411777564379e+05,-3.757512080483e-03
3.520535545652e-03,6.412765766775e+05,6.412765804336e+05,-3.756008925848e-03
3.519989895381e-03,6.413754004968e+05,6.413754042513e+05,-3.754496108741e-03
3.519444414226e-03,6.414742241380e+05,6.414742278910e+05,-3.752974444069e-03
3.518899102107e-03,6.415730476012e+05,6.415730513527e+05,-3.751442185603e-03
3.518353958947e-03,6.416718708865e+05,6.416718746364e+05,-3.749899915420e-03
3.517808984665e-03,6.417706939938e+05,6.417706977421e+05,-3.748347167857e-03
3.517264179185e-03,6.418695169230e+05,6.418695206698e+05,-3.746786969714e-03
3.516719542428e-03,6.419683396744e+05,6.419683434196e+05,-3.745214198716e-03
3.516175074315e-03,6.420671622477e+05,6.420671659913e+05,-3.743634209968e-03
3.515630774768e-03,6.421659846430e+05,6.421659883851e+05,-3.742043627426e-03
3.515086643708e-03,6.422648068604e+05,6.422648106008e+05,-3.740443265997e-03
3.514542681058e-03,6.423636288998e+05,6.423636326386e+05,-3.738833474927e-03
3.513998886740e-03,6.424624507612e+05,6.424624544984e+05,-3.737212158740e-03
3.513455260674e-03,6.425612724446e+05,6.425612761802e+05,-3.735582926311e-03
3.512911802784e-03,6.426600939501e+05,6.426600976840e+05,-3.733943332918e-03
3.512368512991e-03,6.427589152776e+05,6.427589190099e+05,-3.732293494977e-03
3.511825391217e-03,6.428577364271e+05,6.428577401577e+05,-3.730633878149e-03
3.511282437384e-03,6.429565573987e+05,6.429565611276e+05,-3.728966461495e-03
3.510739651414e-03,6.430553781923e+05,6.430553819195e+05,-3.727286355570e-03
3.510197033230e-03,6.431541988079e+05,6.431542025335e+05,-3.725598682649e-03
3.509654582754e-03,6.432530192455e+05,6.432530229694e+05,-3.723901580088e-03
3.509112299907e-03,6.433518395052e+05,6.433518432274e+05,-3.722192952409e-03
3.508570184613e-03,6.434506595870e+05,6.434506633074e+05,-3.720474895090e-03
3.508028236793e-03,6.435494794907e+05,6.435494832095e+05,-3.718747873791e-03
3.507486456371e-03,6.436482992165e+05,6.436483029336e+05,-3.717010025866e-03
3.506944843267e-03,6.437471187644e+05,6.437471224797e+05,-3.715264028870e-03
3.506403397406e-03,6.438459381343e+05,6.438459418478e+05,-3.713507787324e-03
3.505862118709e-03,6.439447573262e+05,6.439447610380e+05,-3.711741883308e-03
3.505321007100e-03,6.440435763402e+05,6.440435800502e+05,-3.709966666065e-03
3.504780062500e-03,6.441423951763e+05,6.441423988844e+05,-3.708181437105e-03
3.504239284833e-03,6.442412138343e+05,6.442412175407e+05,-3.706386080012e-03
3.503698674020e-03,6.443400323145e+05,6.443400360191e+05,-3.704582341015e-03
3.503158229986e-03,6.444388506167e+05,6.444388543194e+05,-3.702766145580e-03
3.502617952653e-03,6.445376687409e+05,6.445376724418e+05,-3.700942848809e-03
3.502077841943e-03,6.446364866872e+05,6.446364903863e+05,-3.699109423906e-03
3.501537897780e-03,6.447353044555e+05,6.447353081528e+05,-3.697265870869e-03
3.500998120086e-03,6.448341220460e+05,6.448341257414e+05,-3.695410792716e-03
3.500458508785e-03,6.449329394584e+05,6.449329431520e+05,-3.693548729643e-03
3.499919063800e-03,6.450317566929e+05,6.450317603846e+05,-3.691676422022e-03
3.499379785054e-03,6.451305737495e+05,6.451305774393e+05,-3.689793869853e-03
3.498840672470e-03,6.452293906282e+05,6.452293943161e+05,-3.687903168611e-03
3.498301725970e-03,6.453282073289e+05,6.453282110149e+05,-3.686001989990e-03
3.497762945480e-03,6.454270238516e+05,6.454270275357e+05,-3.684088937007e-03
3.497224330921e-03,6.455258401965e+05,6.455258438786e+05,-3.682168549858e-03
3.496685882217e-03,6.456246563634e+05,6.456246600436e+05,-3.680238267407e-03
3.496147599292e-03,6.457234723524e+05,6.457234760307e+05,-3.678298671730e-03
3.495609482069e-03,6.458222881634e+05,6.458222918398e+05,-3.676348133013e-03
3.495071530471e-03,6.459211037965e+05,6.459211074709e+05,-3.674389794469e-03
3.494533744422e-03,6.460199192517e+05,6.460199229241e+05,-3.672419232316e-03
3.493996123846e-03,6.461187345290e+05,6.461187381994e+05,-3.670442383736e-03
3.493458668666e-03,6.462175496283e+05,6.462175532968e+05,-3.668452380225e-03
3.492921378807e-03,6.463163645497e+05,6.463163682162e+05,-3.666455042548e-03
3.492384254190e-03,6.464151792932e+05,6.464151829577e+05,-3.664448158816e-03
3.491847294742e-03,6.465139938588e+05,6.465139975212e+05,-3.662429866381e-03
3.491310500384e-03,6.466128082465e+05,6.466128119069e+05,-3.660403424874e-03
3.490773871042e-03,6.467116224562e+05,6.467116261146e+05,-3.658367902972e-03
3.490237406639e-03,6.468104364880e+05,6.468104401443e+05,-3.656322602183e-03
3.489701107099e-03,6.469092503419e+05,6.469092539962e+05,-3.654266591184e-03
3.489164972346e-03,6.470080640179e+05,6.470080676701e+05,-3.652201732621e-03
3.488629002304e-03,6.471068775160e+05,6.471068811661e+05,-3.650125465356e-03
3.488093196898e-03,6.472056908362e+05,6.472056944842e+05,-3.648041398264e-03
3.487557556050e-03,6.473045039784e+05,6.473045076244e+05,-3.645947086625e-03
3.487022079687e-03,6.474033169428e+05,6.474033205866e+05,-3.643844509497e-03
3.486486767731e-03,6.475021297292e+05,6.475021333709e+05,-3.641731687821e-03
3.485951620107e-03,6.476009423377e+05,6.476009459774e+05,-3.639610018581e-03
3.485416636740e-03,6.476997547684e+05,6.476997584059e+05,-3.637476591393e-03
3.484881817554e-03,6.477985670211e+05,6.477985706564e+05,-3.635334782302e-03
3.484347162473e-03,6.478973790959e+05,6.478973827291e+05,-3.633184242062e-03
3.483812671422e-03,6.479961909929e+05,6.479961946239e+05,-3.631022875197e-03
3.483278344325e-03,6.480950027119e+05,6.480950063408e+05,-3.628853010014e-03
3.482744181107e-03,6.481938142530e+05,6.481938178797e+05,-3.626673482358e-03
3.482210181693e-03,6.482926256163e+05,6.482926292407e+05,-3.624483128078e-03
3.481676346006e-03,6.483914368016e+05,6.483914404239e+05,-3.622284159064e-03
3.481142673973e-03,6.484902478091e+05,6.484902514291e+05,-3.620075993240e-03
3.480609165517e-03,6.485890586386e+05,6.485890622565e+05,-3.617858397774e-03
3.480075820564e-03,6.486878692903e+05,6.486878729059e+05,-3.615629742853e-03
3.479542639038e-03,6.487866797640e+05,6.487866833774e+05,-3.613393637352e-03
3.479009620864e-03,6.488854900599e+05,6.488854936711e+05,-3.611146355979e-03
3.478476765967e-03,6.489843001779e+05,6.489843037868e+05,-3.608891624026e-03
3.477944074273e-03,6.490831101180e+05,6.490831137247e+05,-3.606624552049e-03
3.477411545705e-03,6.491819198803e+05,6.491819234846e+05,-3.604349796660e-03
3.476879180190e-03,6.492807294646e+05,6.492807330667e+05,-3.602066426538e-03
3.476346977652e-03,6.493795388711e+05,6.493795424709e+05,-3.599771764129e-03
3.475814938017e-03,6.494783480997e+05,6.494783516971e+05,-3.597467322834e-03
3.475283061209e-03,6.495771571504e+05,6.495771607455e+05,-3.595155314542e-03
3.474751347154e-03,6.496759660232e+05,6.496759696160e+05,-3.592832712457e-03
3.474219795778e-03,6.497747747182e+05,6.497747783087e+05,-3.590500447899e-03
3.473688407005e-03,6.498735832352e+05,6.498735868234e+05,-3.588158520870e-03
3.473157180762e-03,6.499723915744e+05,6.499723951602e+05,-3.585809259675e-03
3.472626116972e-03,6.500711997358e+05,6.500712033192e+05,-3.583447425626e-03
3.472095215563e-03,6.501700077192e+05,6.501700113003e+05,-3.581078024581e-03
3.471564476460e-03,6.502688155248e+05,6.502688191035e+05,-3.578698262572e-03
3.471033899587e-03,6.503676231525e+05,6.503676267289e+05,-3.576311282814e-03
3.470503484872e-03,6.504664306024e+05,6.504664341763e+05,-3.573911613785e-03
3.469973232238e-03,6.505652378744e+05,6.505652414459e+05,-3.571503679268e-03
3.469443141613e-03,6.506640449685e+05,6.506640485376e+05,-3.569086897187e-03
3.468913212922e-03,6.507628518848e+05,6.507628554514e+05,-3.566661151126e-03
3.468383446090e-03,6.508616586232e+05,6.508616621874e+05,-3.564224694856e-03
3.467853841044e-03,6.509604651837e+05,6.509604687455e+05,-3.561780671589e-03
3.467324397710e-03,6.510592715664e+05,6.510592751257e+05,-3.559326287359e-03
3.466795116013e-03,6.511580777712e+05,6.511580813281e+05,-3.556861076504e-03
3.466265995879e-03,6.512568837982e+05,6.512568873526e+05,-3.554387600161e-03
3.465737037235e-03,6.513556896473e+05,6.513556931992e+05,-3.551905858330e-03
3.465208240006e-03,6.514544953186e+05,6.514544988680e+05,-3.549412707798e-03
3.464679604119e-03,6.515533008120e+05,6.515533043589e+05,-3.546911408193e-03
3.464151129500e-03,6.516521061276e+05,6.516521096720e+05,-3.544401377439e-03
3.463622816074e-03,6.517509112653e+05,6.517509148072e+05,-3.541879937984e-03
3.463094663769e-03,6.518497162251e+05,6.518497197645e+05,-3.539350233041e-03
3.462566672511e-03,6.519485210072e+05,6.519485245440e+05,-3.536811214872e-03
3.462038842226e-03,6.520473256113e+05,6.520473291456e+05,-3.534262650646e-03
3.461511172840e-03,6.521461300377e+05,6.521461335694e+05,-3.531703725457e-03
3.460983664279e-03,6.522449342861e+05,6.522449378153e+05,-3.529137698933e-03
3.460456316471e-03,6.523437383568e+05,6.523437418833e+05,-3.526559798047e-03
3.459929129342e-03,6.524425422496e+05,6.524425457736e+05,-3.523975377902e-03
3.459402102818e-03,6.525413459646e+05,6.525413494859e+05,-3.521380713210e-03
3.458875236826e-03,6.526401495017e+05,6.526401530205e+05,-3.518776153214e-03
3.458348531293e-03,6.527389528610e+05,6.527389563771e+05,-3.516160650179e-03
3.457821986145e-03,6.528377560424e+05,6.528377595560e+05,-3.513539675623e-03
3.457295601309e-03,6.529365590461e+05,6.529365625570e+05,-3.510906011797e-03
3.456769376712e-03,6.530353618718e+05,6.530353653801e+05,-3.508264664561e-03
3.456243312281e-03,6.531341645198e+05,6.531341680254e+05,-3.505614353344e-03
3.455717407943e-03,6.532329669899e+05,6.532329704929e+05,-3.502952749841e-03
3.455191663624e-03,6.533317692822e+05,6.533317727825e+05,-3.500282997265e-03
3.454666079252e-03,6.534305713967e+05,6.534305748943e+05,-3.497604280710e-03
3.454140654753e-03,6.535293733334e+05,6.535293768283e+05,-3.494916600175e-03
3.453615390055e-03,6.536281750922e+05,6.536281785844e+05,-3.492219606414e-03
3.453090285084e-03,6.537269766732e+05,6.537269801627e+05,-3.489512600936e-03
3.452565339769e-03,6.538257780764e+05,6.538257815632e+05,-3.486795816571e-03
3.452040554036e-03,6.539245793018e+05,6.539245827858e+05,-3.484070301056e-03
3.451515927812e-03,6.540233803493e+05,6.540233838307e+05,-3.481336869299e-03
3.450991461024e-03,6.541221812190e+05,6.541221846976e+05,-3.478593425825e-03
3.450467153601e-03,6.542209819110e+05,6.542209853868e+05,-3.475839854218e-03
3.449943005469e-03,6.543197824251e+05,6.543197858981e+05,-3.473078133538e-03
3.449419016555e-03,6.544185827614e+05,6.544185862317e+05,-3.470307681710e-03
3.448895186788e-03,6.545173829198e+05,6.545173863874e+05,-3.467526403256e-03
3.448371516095e-03,6.546161829005e+05,6.546161863652e+05,-3.464735113084e-03
3.447848004403e-03,6.547149827034e+05,6.547149861653e+05,-3.461936837994e-03
3.447324651639e-03,6.548137823284e+05,6.548137857875e+05,-3.459129598923e-03
3.446801457733e-03,6.549125817756e+05,6.549125852320e+05,-3.456312580965e-03
3.446278422610e-03,6.550113810451e+05,6.550113844986e+05,-3.453485202044e-03
3.445755546199e-03,6.551101801367e+05,6.551101835874e+05,-3.450649441220e-03
3.445232828428e-03,6.552089790506e+05,6.552089824984e+05,-3.447803785093e-03
3.444710269225e-03,6.553077777866e+05,6.553077812315e+05,-3.444948466495e-03
3.444187868517e-03,6.554065763448e+05,6.554065797869e+05,-3.442087327130e-03
3.443665626232e-03,6.555053747252e+05,6.555053781645e+05,-3.439214429818e-03
3.443143542298e-03,6.556041729279e+05,6.556041763642e+05,-3.436333034188e-03
3.442621616644e-03,6.557029709527e+05,6.557029743862e+05,-3.433441510424e-03
3.442099849197e-03,6.558017687998e+05,6.558017722303e+05,-3.430540789850e-03
3.441578239885e-03,6.559005664690e+05,6.559005698967e+05,-3.427632385865e-03
3.441056788636e-03,6.559993639605e+05,6.559993673852e+05,-3.424714785069e-03
3.440535495379e-03,6.560981612742e+05,6.560981646959e+05,-3.421786474064e-03
3.440014360042e-03,6.561969584100e+05,6.561969618289e+05,-3.418850712478e-03
3.439493382553e-03,6.562957553681e+05,6.562957587840e+05,-3.415905637667e-03
3.438972562841e-03,6.563945521485e+05,6.563945555614e+05,-3.412950085476e-03
3.438451900833e-03,6.564933487510e+05,6.564933521610e+05,-3.409986966290e-03
3.437931396458e-03,6.565921451757e+05,6.565921485827e+05,-3.407013136894e-03
3.437411049644e-03,6.566909414227e+05,6.566909448267e+05,-3.404030343518e-03
3.436890860321e-03,6.567897374919e+05,6.567897408929e+05,-3.401040798053e-03
3.436370828416e-03,6.568885333833e+05,6.568885367813e+05,-3.398039145395e-03
3.435850953858e-03,6.569873290969e+05,6.569873324919e+05,-3.395031555556e-03
3.435331236575e-03,6.570861246327e+05,6.570861280247e+05,-3.392013837583e-03
3.434811676497e-03,6.571849199908e+05,6.571849233798e+05,-3.388984710909e-03
3.434292273552e-03,6.572837151711e+05,6.572837185570e+05,-3.385949996300e-03
3.433773027669e-03,6.573825101736e+05,6.573825135565e+05,-3.382903756574e-03
3.433253938776e-03,6.574813049984e+05,6.574813083782e+05,-3.379849484190e-03
3.432735006802e-03,6.575800996453e+05,6.575801030221e+05,-3.376786597073e-03
3.432216231676e-03,6.576788941145e+05,6.576788974883e+05,-3.373713348992e-03
3.431697613327e-03,6.577776884060e+05,6.577776917766e+05,-3.370631486177e-03
3.431179151685e-03,6.578764825197e+05,6.578764858872e+05,-3.367542056367e-03
3.430660846677e-03,6.579752764556e+05,6.579752798200e+05,-3.364441567101e-03
3.430142698233e-03,6.580740702137e+05,6.580740735751e+05,-3.361334558576e-03
3.429624706282e-03,6.581728637941e+05,6.581728671523e+05,-3.358216024935e-03
3.429106870753e-03,6.582716571967e+05,6.582716605518e+05,-3.355089807883e-03
3.428589191576e-03,6.583704504216e+05,6.583704537736e+05,-3.351952880621e-03
3.428071668679e-03,6.584692434687e+05,6.584692468175e+05,-3.348810132593e-03
3.427554301992e-03,6.585680363381e+05,6.585680396837e+05,-3.345656557940e-03
3.427037091444e-03,6.586668290297e+05,6.586668323722e+05,-3.342494368553e-03
3.426520036964e-03,6.587656215435e+05,6.587656248828e+05,-3.339322400279e-03
3.426003138482e-03,6.588644138796e+05,6.588644172158e+05,-3.336141351610e-03
3.425486395928e-03,6.589632060380e+05,6.589632093709e+05,-3.332952735946e-03
3.424969809229e-03,6.590619980185e+05,6.590620013483e+05,-3.329754224978e-03
3.424453378317e-03,6.591607898214e+05,6.591607931479e+05,-3.326547332108e-03
3.423937103121e-03,6.592595814465e+05,6.592595847698e+05,-3.323332173750e-03
3.423420983569e-03,6.593583728938e+05,6.593583762139e+05,-3.320107120089e-03
3.422905019593e-03,6.594571641634e+05,6.594571674803e+05,-3.316872869618e-03
3.422389211121e-03,6.595559552553e+05,6.595559585689e+05,-3.313630237244e-03
3.421873558083e-03,6.596547461694e+05,6.596547494798e+05,-3.310379455797e-03
3.421358060410e-03,6.597535369058e+05,6.597535402129e+05,-3.307118779048e-03
3.420842718030e-03,6.598523274644e+05,6.598523307683e+05,-3.303849371150e-03
3.420327530873e-03,6.599511178453e+05,6.599511211459e+05,-3.300571814179e-03
3.419812498871e-03,6.600499080485e+05,6.600499113458e+05,-3.297284594737e-03
3.419297621951e-03,6.601486980739e+05,6.601487013679e+05,-3.293988062069e-03
3.418782900045e-03,6.602474879216e+05,6.602474912123e+05,-3.290682798252e-03
3.418268333082e-03,6.603462775916e+05,6.603462808790e+05,-3.287369851023e-03
3.417753920993e-03,6.604450670838e+05,6.604450703679e+05,-3.284046542831e-03
3.417239663707e-03,6.605438563983e+05,6.605438596790e+05,-3.280716133304e-03
3.416725561155e-03,6.606426455351e+05,6.606426488125e+05,-3.277375712059e-03
3.416211613267e-03,6.607414344941e+05,6.607414377682e+05,-3.274026792496e-03
3.415697819973e-03,6.608402232755e+05,6.608402265461e+05,-3.270669025369e-03
3.415184181203e-03,6.609390118791e+05,6.609390151464e+05,-3.267302410677e-03
3.414670696888e-03,6.610378003049e+05,6.610378035689e+05,-3.263926948421e-03
3.414157366957e-03,6.611365885531e+05,6.611365918136e+05,-3.260542405769e-03
3.413644191342e-03,6.612353766235e+05,6.612353798807e+05,-3.257150761783e-03
3.413131169973e-03,6.613341645162e+05,6.613341677700e+05,-3.253748640418e-03
3.412618302780e-03,6.614329522312e+05,6.614329554816e+05,-3.250339766964e-03
3.412105589694e-03,6.615317397685e+05,6.615317430154e+05,-3.246919484809e-03
3.411593030644e-03,6.616305271281e+05,6.616305303716e+05,-3.243492334150e-03
3.411080625563e-03,6.617293143099e+05,6.617293175500e+05,-3.240055753849e-03
3.410568374381e-03,6.618281013141e+05,6.618281045507e+05,-3.236608696170e-03
3.410056277027e-03,6.619268881405e+05,6.619268913736e+05,-3.233154537156e-03
3.409544333433e-03,6.620256747892e+05,6.620256780189e+05,-3.229692461900e-03
3.409032543530e-03,6.621244612602e+05,6.621244644864e+05,-3.226221655495e-03
3.408520907249e-03,6.622232475535e+05,6.622232507763e+05,-3.222740837373e-03
3.408009424520e-03,6.623220336691e+05,6.623220368884e+05,-3.219251637347e-03
3.407498095274e-03,6.624208196070e+05,6.624208228228e+05,-3.215754521079e-03
3.406986919442e-03,6.625196053672e+05,6.625196085794e+05,-3.212248790078e-03
3.406475896955e-03,6.626183909497e+05,6.626183941584e+05,-3.208733396605e-03
3.405965027744e-03,6.627171763545e+05,6.627171795597e+05,-3.205210319720e-03
3.405454311741e-03,6.628159615816e+05,6.628159647832e+05,-3.201677580364e-03
3.404943748876e-03,6.629147466309e+05,6.629147498291e+05,-3.198137274012e-03
3.404433339080e-03,6.630135315026e+05,6.630135346972e+05,-3.194586955942e-03
3.403923082284e-03,6.631123161966e+05,6.631123193877e+05,-3.191029536538e-03
3.403412978421e-03,6.632111007129e+05,6.632111039004e+05,-3.187462221831e-03
3.402903027420e-03,6.633098850516e+05,6.633098882355e+05,-3.183886641636e-03
3.402393229213e-03,6.634086692125e+05,6.634086723928e+05,-3.180303378031e-03
3.401883583733e-03,6.635074531957e+05,6.635074563724e+05,-3.176711150445e-03
3.401374090909e-03,6.636062370013e+05,6.636062401744e+05,-3.173109260388e-03
3.400864750674e-03,6.637050206291e+05,6.637050237986e+05,-3.169500618242e-03
3.400355562959e-03,6.638038040793e+05,6.638038072452e+05,-3.165880334564e-03
3.399846527695e-03,6.639025873518e+05,6.639025905140e+05,-3.162253880873e-03
3.399337644814e-03,6.640013704466e+05,6.640013736052e+05,-3.158619161695e-03
3.398828914247e-03,6.641001533637e+05,6.641001565187e+05,-3.154974663630e-03
3.398320335927e-03,6.641989361032e+05,6.641989392545e+05,-3.151321900077e-03
3.397811909785e-03,6.642977186649e+05,6.642977218126e+05,-3.147660754621e-03
3.397303635752e-03,6.643965010490e+05,6.643965041930e+05,-3.143991809338e-03
3.396795513760e-03,6.644952832554e+05,6.644952863957e+05,-3.140312270261e-03
3.396287543742e-03,6.645940652842e+05,6.645940684208e+05,-3.136625862680e-03
3.395779725628e-03,6.646928471352e+05,6.646928502682e+05,-3.132931073196e-03
3.395272059351e-03,6.647916288086e+05,6.647916319379e+05,-3.129228018224e-03
3.394764544843e-03,6.648904103044e+05,6.648904134299e+05,-3.125515417196e-03
3.394257182036e-03,6.649891916224e+05,6.649891947442e+05,-3.121794899926e-03
3.393749970861e-03,6.650879727628e+05,6.650879758809e+05,-3.118065535091e-03
3.393242911251e-03,6.651867537255e+05,6.651867568398e+05,-3.114327555522e-03
3.392736003137e-03,6.652855345106e+05,6.652855376211e+05,-3.110581077635e-03
3.392229246453e-03,6.653843151180e+05,6.653843182248e+05,-3.106826567091e-03
3.391722641129e-03,6.654830955477e+05,6.654830986507e+05,-3.103065304458e-03
3.391216187099e-03,6.655818757997e+05,6.655818788990e+05,-3.099292633124e-03
3.390709884294e-03,6.656806558742e+05,6.656806589697e+05,-3.095512976870e-03
3.390203732647e-03,6.657794357709e+05,6.657794388626e+05,-3.091726335697e-03
3.389697732090e-03,6.658782154900e+05,6.658782185779e+05,-3.087928867899e-03
3.389191882555e-03,6.659769950314e+05,6.659769981155e+05,-3.084124298766e-03
3.388686183975e-03,6.660757743952e+05,6.660757774755e+05,-3.080310998484e-03
3.388180636282e-03,6.661745535813e+05,6.661745566578e+05,-3.076488617808e-03
3.387675239409e-03,6.662733325898e+05,6.662733356625e+05,-3.072657622397e-03
3.387169993289e-03,6.663721114206e+05,6.663721144894e+05,-3.068819758482e-03
3.386664897853e-03,6.664708900738e+05,6.664708931388e+05,-3.064972814173e-03
3.386159953034e-03,6.665696685493e+05,6.665696716104e+05,-3.061118652113e-03
3.385655158766e-03,6.666684468472e+05,6.666684499045e+05,-3.057254827581e-03
3.385150514980e-03,6.667672249674e+05,6.667672280208e+05,-3.053381456994e-03
3.384646021610e-03,6.668660029100e+05,6.668660059595e+05,-3.049502032809e-03
3.384141678587e-03,6.669647806750e+05,6.669647837206e+05,-3.045613877475e-03
3.383637485846e-03,6.670635582623e+05,6.670635613040e+05,-3.041717689484e-03
3.383133443319e-03,6.671623356720e+05,6.671623387098e+05,-3.037812304683e-03
3.382629550938e-03,6.672611129040e+05,6.672611159379e+05,-3.033897955902e-03
3.382125808637e-03,6.673598899584e+05,6.673598929883e+05,-3.029976156540e-03
3.381622216349e-03,6.674586668351e+05,6.674586698612e+05,-3.026045858860e-03
3.381118774006e-03,6.675574435343e+05,6.675574465564e+05,-3.022108343430e-03
3.380615481542e-03,6.676562200557e+05,6.676562230739e+05,-3.018161049113e-03
3.380112338890e-03,6.677549963996e+05,6.677549994138e+05,-3.014208050445e-03
3.379609345982e-03,6.678537725658e+05,6.678537755761e+05,-3.010244923644e-03
3.379106502753e-03,6.679525485544e+05,6.679525515607e+05,-3.006271901540e-03
3.378603809134e-03,6.680513243654e+05,6.680513273677e+05,-3.002293058671e-03
3.378101265060e-03,6.681500999987e+05,6.681501029970e+05,-2.998306765221e-03
3.377598870464e-03,6.682488754545e+05,6.682488784488e+05,-2.994309877977e-03
3.377096625279e-03,6.683476507325e+05,6.683476537229e+05,-2.990306820720e-03
3.376594529438e-03,6.684464258330e+05,6.684464288193e+05,-2.986294100992e-03
3.376092582875e-03,6.685452007559e+05,6.685452037381e+05,-2.982274047099e-03
3.375590785523e-03,6.686439755011e+05,6.686439784793e+05,-2.978243981488e-03
3.375089137316e-03,6.687427500687e+05,6.687427530429e+05,-2.974209259264e-03
3.374587638187e-03,6.688415244587e+05,6.688415274289e+05,-2.970164176077e-03
3.374086288070e-03,6.689402986711e+05,6.689403016372e+05,-2.966111293063e-03
3.373585086898e-03,6.690390727059e+05,6.690390756679e+05,-2.962049562484e-03
3.373084034606e-03,6.691378465630e+05,6.691378495210e+05,-2.957981079817e-03
3.372583131126e-03,6.692366202426e+05,6.692366231965e+05,-2.953903283924e-03
3.372082376392e-03,6.693353937445e+05,6.693353966943e+05,-2.949818852358e-03
3.371581770338e-03,6.694341670688e+05,6.694341700145e+05,-2.945724641904e-03
3.371081312899e-03,6.695329402155e+05,6.695329431571e+05,-2.941622864455e-03
3.370581004007e-03,6.696317131846e+05,6.696317161221e+05,-2.937514684163e-03
3.370080843597e-03,6.697304859761e+05,6.697304889095e+05,-2.933396492153e-03
3.369580831602e-03,6.698292585900e+05,6.698292615193e+05,-2.929270965979e-03
3.369080967957e-03,6.699280310263e+05,6.699280339515e+05,-2.925136126578e-03
3.368581252596e-03,6.700268032850e+05,6.700268062060e+05,-2.920994185843e-03
3.368081685452e-03,6.701255753661e+05,6.701255782830e+05,-2.916844678111e-03
3.367582266459e-03,6.702243472696e+05,6.702243501823e+05,-2.912687486969e-03
3.367082995552e-03,6.703231189955e+05,6.703231219041e+05,-2.908521099016e-03
3.366583872665e-03,6.704218905438e+05,6.704218934482e+05,-2.904347144067e-03
3.366084897732e-03,6.705206619146e+05,6.705206648147e+05,-2.900166320615e-03
3.365586070688e-03,6.706194331077e+05,6.706194360036e+05,-2.895976300351e-03
3.365087391465e-03,6.707182041232e+05,6.707182070150e+05,-2.891778131016e-03
3.364588860000e-03,6.708169749611e+05,6.708169778487e+05,-2.887572045438e-03
3.364090476226e-03,6.709157456215e+05,6.709157485049e+05,-2.883359440602e-03
3.363592240077e-03,6.710145161043e+05,6.710145189834e+05,-2.879137871787e-03
3.363094151488e-03,6.711132864094e+05,6.711132892843e+05,-2.874906873330e-03
3.362596210394e-03,6.712120565370e+05,6.712120594077e+05,-2.870669122785e-03
3.362098416728e-03,6.713108264870e+05,6.713108293535e+05,-2.866424270906e-03
3.361600770426e-03,6.714095962595e+05,6.714095991216e+05,-2.862170338631e-03
3.361103271422e-03,6.715083658543e+05,6.715083687122e+05,-2.857909537852e-03
3.360605919651e-03,6.716071352716e+05,6.716071381252e+05,-2.853641286492e-03
3.360108715047e-03,6.717059045113e+05,6.717059073606e+05,-2.849365002476e-03
3.359611657544e-03,6.718046735734e+05,6.718046764185e+05,-2.845078939572e-03
3.359114747079e-03,6.719034424579e+05,6.719034452987e+05,-2.840787172318e-03
3.358617983585e-03,6.720022111649e+05,6.720022140014e+05,-2.836484927684e-03
3.358121366997e-03,6.721009796943e+05,6.721009825264e+05,-2.832178026438e-03
3.357624897250e-03,6.721997480461e+05,6.721997508739e+05,-2.827861462720e-03
3.357128574279e-03,6.722985162203e+05,6.722985190439e+05,-2.823537332006e-03
3.356632398020e-03,6.723972842170e+05,6.723972870362e+05,-2.819205750711e-03
3.356136368405e-03,6.724960520361e+05,6.724960548510e+05,-2.814865787514e-03
3.355640485372e-03,6.725948196777e+05,6.725948224882e+05,-2.810518955812e-03
3.355144748855e-03,6.726935871417e+05,6.726935899478e+05,-2.806164091453e-03
3.354649158789e-03,6.727923544281e+05,6.727923572299e+05,-2.801801194437e-03
3.354153715109e-03,6.728911215369e+05,6.728911243344e+05,-2.797430381179e-03
3.353658417750e-03,6.729898884682e+05,6.729898912613e+05,-2.793050720356e-03
3.353163266647e-03,6.730886552220e+05,6.730886580106e+05,-2.788665937260e-03
3.352668261736e-03,6.731874217981e+05,6.731874245824e+05,-2.784271491691e-03
3.352173402952e-03,6.732861881968e+05,6.732861909766e+05,-2.779869944789e-03
3.351678690230e-03,6.733849544178e+05,6.733849571933e+05,-2.775461645797e-03
3.351184123506e-03,6.734837204613e+05,6.734837232324e+05,-2.771043218672e-03
3.350689702715e-03,6.735824863273e+05,6.735824890939e+05,-2.766619785689e-03
3.350195427792e-03,6.736812520157e+05,6.736812547779e+05,-2.762187039480e-03
3.349701298673e-03,6.737800175266e+05,6.737800202843e+05,-2.757746027783e-03
3.349207315293e-03,6.738787828599e+05,6.738787856132e+05,-2.753299078904e-03
3.348713477588e-03,6.739775480157e+05,6.739775507645e+05,-2.748844446614e-03
3.348219785493e-03,6.740763129939e+05,6.740763157383e+05,-2.744382130913e-03
3.347726238945e-03,6.741750777946e+05,6.741750805345e+05,-2.739911782555e-03
3.347232837878e-03,6.742738424177e+05,6.742738451531e+05,-2.735432470217e-03
3.346739582228e-03,6.743726068633e+05,6.743726095942e+05,-2.730945823714e-03
3.346246471932e-03,6.744713711313e+05,6.744713738578e+05,-2.726454520598e-03
3.345753506924e-03,6.745701352218e+05,6.745701379438e+05,-2.721952972934e-03
3.345260687141e-03,6.746688991348e+05,6.746689018523e+05,-2.717444091104e-03
3.344768012518e-03,6.747676628702e+05,6.747676655832e+05,-2.712927875109e-03
3.344275482992e-03,6.748664264281e+05,6.748664291365e+05,-2.708403859288e-03
3.343783098498e-03,6.749651898085e+05,6.749651925124e+05,-2.703873906285e-03
3.343290858972e-03,6.750639530113e+05,6.750639557107e+05,-2.699335454963e-03
3.342798764351e-03,6.751627160367e+05,6.751627187314e+05,-2.694787690416e-03
3.342306814570e-03,6.752614788844e+05,6.752614815747e+05,-2.690234454349e-03
3.341815009564e-03,6.753602415547e+05,6.753602442403e+05,-2.685673069209e-03
3.341323349272e-03,6.754590040474e+05,6.754590067285e+05,-2.681104582734e-03
3.340831833628e-03,6.755577663626e+05,6.755577690391e+05,-2.676527947187e-03
3.340340462568e-03,6.756565285003e+05,6.756565311722e+05,-2.671946422197e-03
3.339849236029e-03,6.757552904604e+05,6.757552931278e+05,-2.667354186997e-03
3.339358153948e-03,6.758540522430e+05,6.758540549058e+05,-2.662754966877e-03
3.338867216260e-03,6.759528138481e+05,6.759528165063e+05,-2.658150624484e-03
3.338376422902e-03,6.760515752757e+05,6.760515779293e+05,-2.653536270373e-03
3.337885773810e-03,6.761503365258e+05,6.761503391747e+05,-2.648916328326e-03
3.337395268920e-03,6.762490975983e+05,6.762491002426e+05,-2.644287771545e-03
3.336904908169e-03,6.763478584934e+05,6.763478611330e+05,-2.639652346261e-03
3.336414691494e-03,6.764466192109e+05,6.764466218459e+05,-2.635008422658e-03
3.335924618831e-03,6.765453797509e+05,6.765453823813e+05,-2.630357630551e-03
3.335434690116e-03,6.766441401134e+05,6.766441427391e+05,-2.625701599754e-03
3.334944905286e-03,6.767429002984e+05,6.767429029194e+05,-2.621036604978e-03
3.334455264278e-03,6.768416603059e+05,6.768416629222e+05,-2.616363810375e-03
3.333965767029e-03,6.769404201359e+05,6.769404227475e+05,-2.611683914438e-03
3.333476413474e-03,6.770391797883e+05,6.770391823953e+05,-2.606996800750e-03
3.332987203552e-03,6.771379392633e+05,6.771379418656e+05,-2.602302003652e-03
3.332498137197e-03,6.772366985608e+05,6.772367011584e+05,-2.597600338049e-03
3.332009214349e-03,6.773354576807e+05,6.773354602736e+05,-2.592892036773e-03
3.331520434942e-03,6.774342166232e+05,6.774342192114e+05,-2.588174771518e-03
3.331031798915e-03,6.775329753881e+05,6.775329779716e+05,-2.583451685496e-03
3.330543306203e-03,6.776317339756e+05,6.776317365543e+05,-2.578720450401e-03
3.330054956745e-03,6.777304923856e+05,6.777304949596e+05,-2.573982463218e-03
3.329566750476e-03,6.778292506181e+05,6.778292531873e+05,-2.569237723947e-03
3.329078687335e-03,6.779280086730e+05,6.779280112375e+05,-2.564486465417e-03
3.328590767258e-03,6.780267665505e+05,6.780267691103e+05,-2.559726592153e-03
3.328102990182e-03,6.781255242505e+05,6.781255268055e+05,-2.554959966801e-03
3.327615356044e-03,6.782242817730e+05,6.782242843232e+05,-2.550184144638e-03
3.327127864782e-03,6.783230391181e+05,6.783230416635e+05,-2.545403665863e-03
3.326640516332e-03,6.784217962856e+05,6.784217988262e+05,-2.540615736507e-03
3.326153310633e-03,6.785205532756e+05,6.785205558115e+05,-2.535820356570e-03
3.325666247620e-03,6.786193100882e+05,6.786193126192e+05,-2.531018806621e-03
3.325179327233e-03,6.787180667233e+05,6.787180692495e+05,-2.526207477786e-03
3.324692549407e-03,6.788168231809e+05,6.788168257023e+05,-2.521392889321e-03
3.324205914081e-03,6.789155794610e+05,6.789155819776e+05,-2.516566426493e-03
3.323719421191e-03,6.790143355637e+05,6.790143380754e+05,-2.511735539883e-03
3.323233070676e-03,6.791130914888e+05,6.791130939957e+05,-2.506898832507e-03
3.322746862473e-03,6.792118472365e+05,6.792118497386e+05,-2.502052346244e-03
3.322260796518e-03,6.793106028067e+05,6.793106053039e+05,-2.497201669030e-03
3.321774872751e-03,6.794093581995e+05,6.794093606918e+05,-2.492341329344e-03
3.321289091109e-03,6.795081134147e+05,6.795081159022e+05,-2.487475750968e-03
3.320803451528e-03,6.796068684525e+05,6.796068709351e+05,-2.482602489181e-03
3.320317953947e-03,6.797056233129e+05,6.797056257906e+05,-2.477720845491e-03
3.319832598304e-03,6.798043779957e+05,6.798043804686e+05,-2.472833963111e-03
3.319347384537e-03,6.799031325011e+05,6.799031349691e+05,-2.467941259965e-03
3.318862312582e-03,6.800018868291e+05,6.800018892921e+05,-2.463038312271e-03
3.318377382379e-03,6.801006409795e+05,6.801006434376e+05,-2.458129776642e-03
3.317892593864e-03,6.801993949525e+05,6.801993974057e+05,-2.453215071000e-03
3.317407946976e-03,6.802981487481e+05,6.802981511964e+05,-2.448292332701e-03
3.316923441653e-03,6.803969023661e+05,6.803969048095e+05,-2.443363890052e-03
3.316439077833e-03,6.804956558068e+05,6.804956582452e+05,-2.438428346068e-03
3.315954855453e-03,6.805944090699e+05,6.805944115034e+05,-2.433484303765e-03
3.315470774453e-03,6.806931621557e+05,6.806931645842e+05,-2.428535837680e-03
3.314986834769e-03,6.807919150639e+05,6.807919174875e+05,-2.423576894216e-03
3.314503036340e-03,6.808906677947e+05,6.808906702133e+05,-2.418614923954e-03
3.314019379104e-03,6.809894203481e+05,6.809894227617e+05,-2.413644338958e-03
3.313535863000e-03,6.810881727240e+05,6.810881751326e+05,-2.408666070551e-03
3.313052487965e-03,6.811869249224e+05,6.811869273261e+05,-2.403681981377e-03
3.312569253938e-03,6.812856769434e+05,6.812856793421e+05,-2.398690674454e-03
3.312086160858e-03,6.813844287870e+05,6.813844311807e+05,-2.393692964688e-03
3.311603208661e-03,6.814831804531e+05,6.814831828418e+05,-2.388687920757e-03
3.311120397288e-03,6.815819319418e+05,6.815819343254e+05,-2.383677987382e-03
3.310637726676e-03,6.816806832530e+05,6.816806856317e+05,-2.378659439273e-03
3.310155196764e-03,6.817794343868e+05,6.817794367604e+05,-2.373634255491e-03
3.309672807491e-03,6.818781853431e+05,6.818781877117e+05,-2.368601271883e-03
3.309190558794e-03,6.819769361220e+05,6.819769384856e+05,-2.363564097323e-03
3.308708450612e-03,6.820756867235e+05,6.820756890820e+05,-2.358517842367e-03
3.308226482884e-03,6.821744371475e+05,6.821744395010e+05,-2.353467629291e-03
3.307744655549e-03,6.822731873942e+05,6.822731897426e+05,-2.348408219405e-03
3.307262968545e-03,6.823719374633e+05,6.823719398067e+05,-2.343341358937e-03
3.306781421811e-03,6.824706873551e+05,6.824706896933e+05,-2.338270074688e-03
3.306300015286e-03,6.825694370694e+05,6.825694394026e+05,-2.333191107027e-03
3.305818748908e-03,6.826681866062e+05,6.826681889343e+05,-2.328105503693e-03
3.305337622617e-03,6.827669359657e+05,6.827669382887e+05,-2.323014778085e-03
3.304856636350e-03,6.828656851477e+05,6.828656874656e+05,-2.317914622836e-03
3.304375790048e-03,6.829644341523e+05,6.829644364651e+05,-2.312811207958e-03
3.303895083649e-03,6.830631829795e+05,6.830631852872e+05,-2.307698363438e-03
3.303414517091e-03,6.831619316292e+05,6.831619339318e+05,-2.302580163814e-03
3.302934090314e-03,6.832606801016e+05,6.832606823990e+05,-2.297453931533e-03
3.302453803257e-03,6.833594283965e+05,6.833594306888e+05,-2.292324323207e-03
3.301973655859e-03,6.834581765140e+05,6.834581788012e+05,-2.287185401656e-03
3.301493648059e-03,6.835569244541e+05,6.835569267361e+05,-2.282040775754e-03
3.301013779797e-03,6.836556722167e+05,6.836556744936e+05,-2.276889281347e-03
3.300534051010e-03,6.837544198020e+05,6.837544220737e+05,-2.271730103530e-03
3.300054461639e-03,6.838531672098e+05,6.838531694764e+05,-2.266566618346e-03
3.299575011623e-03,6.839519144402e+05,6.839519167016e+05,-2.261394867674e-03
3.299095700901e-03,6.840506614933e+05,6.840506637495e+05,-2.256217878312e-03
3.298616529412e-03,6.841494083689e+05,6.841494106199e+05,-2.251035650261e-03
3.298137497096e-03,6.842481550671e+05,6.842481573129e+05,-2.245843526907e-03
3.297658603891e-03,6.843469015878e+05,6.843469038285e+05,-2.240647329018e-03
3.297179849739e-03,6.844456479312e+05,6.844456501667e+05,-2.235443447717e-03
3.296701234577e-03,6.845443940972e+05,6.845443963275e+05,-2.230234909803e-03
3.296222758345e-03,6.846431400858e+05,6.846431423108e+05,-2.225018804893e-03
3.295744420984e-03,6.847418858970e+05,6.847418881168e+05,-2.219796995632e-03
3.295266222432e-03,6.848406315308e+05,6.848406337453e+05,-2.214568434283e-03
3.294788162629e-03,6.849393769871e+05,6.849393791965e+05,-2.209332538769e-03
3.294310241514e-03,6.850381222661e+05,6.850381244702e+05,-2.204091055319e-03
3.293832459028e-03,6.851368673677e+05,6.851368695666e+05,-2.198842936195e-03
3.293354815110e-03,6.852356122919e+05,6.852356144855e+05,-2.193588647060e-03
3.292877309700e-03,6.853343570387e+05,6.853343592271e+05,-2.188327955082e-03
3.292399942737e-03,6.854331016081e+05,6.854331037912e+05,-2.183061907999e-03
3.291922714161e-03,6.855318460002e+05,6.855318481779e+05,-2.177788643166e-03
3.291445623913e-03,6.856305902148e+05,6.856305923873e+05,-2.172509324737e-03
3.290968671932e-03,6.857293342520e+05,6.857293364193e+05,-2.167223370634e-03
3.290491858157e-03,6.858280781119e+05,6.858280802738e+05,-2.161929500289e-03
3.290015182529e-03,6.859268217944e+05,6.859268239510e+05,-2.156633068807e-03
3.289538644988e-03,6.860255652995e+05,6.860255674508e+05,-2.151327906176e-03
3.289062245474e-03,6.861243086272e+05,6.861243107732e+05,-2.146017388441e-03
3.288585983927e-03,6.862230517775e+05,6.862230539182e+05,-2.140700118616e-03
3.288109860287e-03,6.863217947505e+05,6.863217968858e+05,-2.135376213118e-03
3.287633874493e-03,6.864205375460e+05,6.864205396761e+05,-2.130048349500e-03
3.287158026487e-03,6.865192801642e+05,6.865192822890e+05,-2.124712569639e-03
3.286682316208e-03,6.866180226051e+05,6.866180247244e+05,-2.119370852597e-03
3.286206743597e-03,6.867167648685e+05,6.867167669825e+05,-2.114024013281e-03
3.285731308594e-03,6.868155069546e+05,6.868155090633e+05,-2.108668442816e-03
3.285256011138e-03,6.869142488633e+05,6.869142509666e+05,-2.103309496306e-03
3.284780851172e-03,6.870129905946e+05,6.870129926926e+05,-2.097941585816e-03
3.284305828633e-03,6.871117321486e+05,6.871117342412e+05,-2.092571230605e-03
3.283830943464e-03,6.872104735252e+05,6.872104756124e+05,-2.087192144245e-03
3.283356195605e-03,6.873092147244e+05,6.873092168062e+05,-2.081807819195e-03
3.282881584996e-03,6.874079557463e+05,6.874079578227e+05,-2.076417207718e-03
3.282407111577e-03,6.875066965908e+05,6.875066986618e+05,-2.071019611321e-03
3.281932775289e-03,6.876054372580e+05,6.876054393236e+05,-2.065617707558e-03
3.281458576073e-03,6.877041777477e+05,6.877041798079e+05,-2.060209983028e-03
3.280984513869e-03,6.878029180602e+05,6.878029201150e+05,-2.054795972072e-03
3.280510588618e-03,6.879016581952e+05,6.879016602446e+05,-2.049374161288e-03
3.280036800260e-03,6.880003981529e+05,6.880004001969e+05,-2.043949440122e-03
3.279563148736e-03,6.880991379333e+05,6.880991399718e+05,-2.038515056483e-03
3.279089633988e-03,6.881978775363e+05,6.881978795694e+05,-2.033076598309e-03
3.278616255955e-03,6.882966169619e+05,6.882966189896e+05,-2.027632319368e-03
3.278143014579e-03,6.883953562102e+05,6.883953582324e+05,-2.022182568908e-03
3.277669909799e-03,6.884940952812e+05,6.884940972979e+05,-2.016726764850e-03
3.277196941558e-03,6.885928341748e+05,6.885928361861e+05,-2.011264092289e-03
3.276724109797e-03,6.886915728911e+05,6.886915748968e+05,-2.005794551224e-03
3.276251414455e-03,6.887903114300e+05,6.887903134303e+05,-2.000322332606e-03
3.275778855474e-03,6.888890497915e+05,6.888890517864e+05,-1.994841964915e-03
3.275306432795e-03,6.889877879757e+05,6.889877899651e+05,-1.989356707782e-03
3.274834146359e-03,6.890865259826e+05,6.890865279665e+05,-1.983864698559e-03
3.274361996107e-03,6.891852638122e+05,6.891852657905e+05,-1.978367101401e-03
3.273889981981e-03,6.892840014644e+05,6.892840034372e+05,-1.972865429707e-03
3.273418103920e-03,6.893827389392e+05,6.893827409066e+05,-1.967355143279e-03
3.272946361868e-03,6.894814762368e+05,6.894814781986e+05,-1.961842062883e-03
3.272474755764e-03,6.895802133569e+05,6.895802153133e+05,-1.956321066245e-03
3.272003285550e-03,6.896789502998e+05,6.896789522506e+05,-1.950795529410e-03
3.271531951167e-03,6.897776870653e+05,6.897776890106e+05,-1.945263007656e-03
3.271060752557e-03,6.898764236535e+05,6.898764255932e+05,-1.939725363627e-03
3.270589689660e-03,6.899751600644e+05,6.899751619986e+05,-1.934181549586e-03
3.270118762419e-03,6.900738962979e+05,6.900738982266e+05,-1.928632264026e-03
3.269647970775e-03,6.901726323541e+05,6.901726342772e+05,-1.923077856191e-03
3.269177314668e-03,6.902713682330e+05,6.902713701505e+05,-1.917518558912e-03
3.268706794041e-03,6.903701039346e+05,6.903701058465e+05,-1.911951811053e-03
3.268236408836e-03,6.904688394588e+05,6.904688413652e+05,-1.906381570734e-03
3.267766158993e-03,6.905675748057e+05,6.905675767065e+05,-1.900802133605e-03
3.267296044454e-03,6.906663099753e+05,6.906663118705e+05,-1.895221415907e-03
3.266826065161e-03,6.907650449676e+05,6.907650468572e+05,-1.889633247629e-03
3.266356221056e-03,6.908637797826e+05,6.908637816666e+05,-1.884037046693e-03
3.265886512079e-03,6.909625144202e+05,6.909625162986e+05,-1.878438284621e-03
3.265416938174e-03,6.910612488805e+05,6.910612507534e+05,-1.872833468951e-03
3.264947499281e-03,6.911599831636e+05,6.911599850308e+05,-1.867221551947e-03
3.264478195343e-03,6.912587172693e+05,6.912587191309e+05,-1.861606026068e-03
3.264009026301e-03,6.913574511977e+05,6.913574530536e+05,-1.855984213762e-03
3.263539992097e-03,6.914561849487e+05,6.914561867991e+05,-1.850355649367e-03
3.263071092672e-03,6.915549185225e+05,6.915549203672e+05,-1.844724989496e-03
3.262602327970e-03,6.916536519190e+05,6.916536537581e+05,-1.839085831307e-03
3.262133697932e-03,6.917523851381e+05,6.917523869716e+05,-1.833441550843e-03
3.261665202499e-03,6.918511181800e+05,6.918511200078e+05,-1.827794010751e-03
3.261196841614e-03,6.919498510446e+05,6.919498528667e+05,-1.822138554417e-03
3.260728615219e-03,6.920485837318e+05,6.920485855483e+05,-1.816478790715e-03
3.260260523256e-03,6.921473162418e+05,6.921473180526e+05,-1.810813322663e-03
3.259792565667e-03,6.922460485744e+05,6.922460503796e+05,-1.805142615922e-03
3.259324742394e-03,6.923447807298e+05,6.923447825293e+05,-1.799465389922e-03
3.258857053379e-03,6.924435127079e+05,6.924435145016e+05,-1.793784671463e-03
3.258389498565e-03,6.925422445086e+05,6.925422462967e+05,-1.788096851669e-03
3.257922077894e-03,6.926409761321e+05,6.926409779145e+05,-1.782404957339e-03
3.257454791308e-03,6.927397075783e+05,6.927397093550e+05,-1.776706892997e-03
3.256987638749e-03,6.928384388472e+05,6.928384406182e+05,-1.771005103365e-03
3.256520620161e-03,6.929371699388e+05,6.929371717041e+05,-1.765296095982e-03
3.256053735484e-03,6.930359008531e+05,6.930359026127e+05,-1.759583014064e-03
3.255586984662e-03,6.931346315901e+05,6.931346333440e+05,-1.753863412887e-03
3.255120367637e-03,6.932333621499e+05,6.932333638980e+05,-1.748140784912e-03
3.254653884351e-03,6.933320925323e+05,6.933320942747e+05,-1.742410706356e-03
3.254187534747e-03,6.934308227375e+05,6.934308244742e+05,-1.736675854772e-03
3.253721318768e-03,6.935295527654e+05,6.935295544963e+05,-1.730936462991e-03
3.253255236356e-03,6.936282826160e+05,6.936282843412e+05,-1.725193113089e-03
3.252789287453e-03,6.937270122894e+05,6.937270140088e+05,-1.719442661852e-03
3.252323472003e-03,6.938257417854e+05,6.938257434991e+05,-1.713686040603e-03
3.251857789948e-03,6.939244711042e+05,6.939244728121e+05,-1.707927091047e-03
3.251392241231e-03,6.940232002457e+05,6.940232019479e+05,-1.702161505818e-03
3.250926825794e-03,6.941219292100e+05,6.941219309063e+05,-1.696389517747e-03
3.250461543581e-03,6.942206579969e+05,6.942206596875e+05,-1.690614619292e-03
3.249996394533e-03,6.943193866066e+05,6.943193882915e+05,-1.684832968749e-03
3.249531378595e-03,6.944181150390e+05,6.944181167181e+05,-1.679049455561e-03
3.249066495708e-03,6.945168432942e+05,6.945168449675e+05,-1.673258957453e-03
3.248601745816e-03,6.946155713721e+05,6.946155730396e+05,-1.667461823672e-03
3.248137128862e-03,6.947142992727e+05,6.947143009344e+05,-1.661660149693e-03
3.247672644788e-03,6.948130269961e+05,6.948130286520e+05,-1.655855448917e-03
3.247208293537e-03,6.949117545422e+05,6.949117561922e+05,-1.650042831898e-03
3.246744075054e-03,6.950104819110e+05,6.950104835553e+05,-1.644227420911e-03
3.246279989280e-03,6.951092091026e+05,6.951092107410e+05,-1.638406421989e-03
3.245816036158e-03,6.952079361169e+05,6.952079377495e+05,-1.632581348531e-03
3.245352215633e-03,6.953066629540e+05,6.953066645808e+05,-1.626749406569e-03
3.244888527647e-03,6.954053896138e+05,6.954053912347e+05,-1.620913739316e-03
3.244424972143e-03,6.955041160964e+05,6.955041177114e+05,-1.615073415451e-03
3.243961549064e-03,6.956028424017e+05,6.956028440109e+05,-1.609227154404e-03
3.243498258355e-03,6.957015685297e+05,6.957015701331e+05,-1.603376469575e-03
3.243035099957e-03,6.958002944805e+05,6.958002960781e+05,-1.597522175871e-03
3.242572073815e-03,6.958990202541e+05,6.958990218457e+05,-1.591661944985e-03
3.242109179872e-03,6.959977458504e+05,6.959977474362e+05,-1.585796009749e-03
3.241646418070e-03,6.960964712694e+05,6.960964728494e+05,-1.579925767146e-03
3.241183788354e-03,6.961951965113e+05,6.961951980853e+05,-1.574052148499e-03
3.240721290668e-03,6.962939215758e+05,6.962939231440e+05,-1.568171777762e-03
3.240258924954e-03,6.963926464632e+05,6.963926480254e+05,-1.562287914567e-03
3.239796691155e-03,6.964913711732e+05,6.964913727296e+05,-1.556399278343e-03
3.239334589217e-03,6.965900957061e+05,6.965900972566e+05,-1.550505403429e-03
3.238872619082e-03,6.966888200617e+05,6.966888216063e+05,-1.544607104734e-03
3.238410780693e-03,6.967875442401e+05,6.967875457788e+05,-1.538702985272e-03
3.237949073995e-03,6.968862682412e+05,6.968862697740e+05,-1.532794907689e-03
3.237487498931e-03,6.969849920651e+05,6.969849935920e+05,-1.526883104816e-03
3.237026055445e-03,6.970837157118e+05,6.970837172327e+05,-1.520964899100e-03
3.236564743480e-03,6.971824391812e+05,6.971824406963e+05,-1.515042968094e-03
3.236103562981e-03,6.972811624734e+05,6.972811639825e+05,-1.509114867076e-03
3.235642513891e-03,6.973798855884e+05,6.973798870916e+05,-1.503184670582e-03
3.235181596154e-03,6.974786085262e+05,6.974786100234e+05,-1.497247605585e-03
3.234720809714e-03,6.975773312867e+05,6.975773327780e+05,-1.491307513788e-03
3.234260154514e-03,6.976760538700e+05,6.976760553554e+05,-1.485363463871e-03
3.233799630500e-03,6.977747762761e+05,6.977747777555e+05,-1.479412312619e-03
3.233339237614e-03,6.978734985049e+05,6.978734999784e+05,-1.473459880799e-03
3.232878975801e-03,6.979722205566e+05,6.979722220241e+05,-1.467500696890e-03
3.232418845004e-03,6.980709424310e+05,6.980709438925e+05,-1.461536972784e-03
3.231958845169e-03,6.981696641282e+05,6.981696655837e+05,-1.455570338294e-03
3.231498976238e-03,6.982683856482e+05,6.982683870978e+05,-1.449595321901e-03
3.231039238156e-03,6.983671069909e+05,6.983671084345e+05,-1.443619374186e-03
3.230579630868e-03,6.984658281565e+05,6.984658295941e+05,-1.437639002688e-03
3.230120154317e-03,6.985645491448e+05,6.985645505765e+05,-1.431651995517e-03
3.229660808447e-03,6.986632699559e+05,6.986632713816e+05,-1.425662077963e-03
3.229201593203e-03,6.987619905899e+05,6.987619920095e+05,-1.419667503797e-03
3.228742508530e-03,6.988607110466e+05,6.988607124602e+05,-1.413667807356e-03
3.228283554371e-03,6.989594313261e+05,6.989594327337e+05,-1.407665549777e-03
3.227824730671e-03,6.990581514284e+05,6.990581528300e+05,-1.401656656526e-03
3.227366037374e-03,6.991568713535e+05,6.991568727491e+05,-1.395645202138e-03
3.226907474425e-03,6.992555911013e+05,6.992555924910e+05,-1.389629440382e-03
3.226449041767e-03,6.993543106720e+05,6.993543120556e+05,-1.383606926538e-03
3.225990739347e-03,6.994530300655e+05,6.994530314431e+05,-1.377582666464e-03
3.225532567107e-03,6.995517492818e+05,6.995517506534e+05,-1.371553982608e-03
3.225074524993e-03,6.996504683209e+05,6.996504696864e+05,-1.365518895909e-03
3.224616612949e-03,6.997491871828e+05,6.997491885423e+05,-1.359480782412e-03
3.224158830920e-03,6.998479058675e+05,6.998479072209e+05,-1.353439642116e-03
3.223701178850e-03,6.999466243750e+05,6.999466257224e+05,-1.347391866148e-03
3.223243656685e-03,7.000453427053e+05,7.000453440466e+05,-1.341341994703e-03
3.222786264368e-03,7.001440608584e+05,7.001440621937e+05,-1.335286302492e-03
3.222329001844e-03,7.002427788343e+05,7.002427801636e+05,-1.329228980467e-03
3.221871869059e-03,7.003414966331e+05,7.003414979563e+05,-1.323164207861e-03
3.221414865957e-03,7.004402142546e+05,7.004402155717e+05,-1.317096292041e-03
3.220957992483e-03,7.005389316990e+05,7.005389330100e+05,-1.311024068855e-03
3.220501248582e-03,7.006376489662e+05,7.006376502711e+05,-1.304949866608e-03
3.220044634198e-03,7.007363660562e+05,7.007363673551e+05,-1.298870192841e-03
3.219588149277e-03,7.008350829690e+05,7.008350842618e+05,-1.292784814723e-03
3.219131793763e-03,7.009337997047e+05,7.009338009914e+05,-1.286697341129e-03
3.218675567602e-03,7.010325162631e+05,7.010325175437e+05,-1.280605560169e-03
3.218219470738e-03,7.011312326444e+05,7.011312339189e+05,-1.274510170333e-03
3.217763503117e-03,7.012299488485e+05,7.012299501169e+05,-1.268409076147e-03
3.217307664683e-03,7.013286648754e+05,7.013286661377e+05,-1.262304955162e-03
3.216851955382e-03,7.014273807252e+05,7.014273819814e+05,-1.256195479073e-03
3.216396375159e-03,7.015260963978e+05,7.015260976479e+05,-1.250083791092e-03
3.215940923959e-03,7.016248118932e+05,7.016248131372e+05,-1.243967912160e-03
3.215485601727e-03,7.017235272114e+05,7.017235284493e+05,-1.237848540768e-03
3.215030408409e-03,7.018222423525e+05,7.018222435842e+05,-1.231724629179e-03
3.214575343949e-03,7.019209573164e+05,7.019209585420e+05,-1.225596526638e-03
3.214120408293e-03,7.020196721032e+05,7.020196733226e+05,-1.219464815222e-03
3.213665601387e-03,7.021183867127e+05,7.021183879261e+05,-1.213327283040e-03
3.213210923175e-03,7.022171011452e+05,7.022171023523e+05,-1.207188703120e-03
3.212756373603e-03,7.023158154004e+05,7.023158166015e+05,-1.201046165079e-03
3.212301952617e-03,7.024145294785e+05,7.024145306734e+05,-1.194897689857e-03
3.211847660161e-03,7.025132433794e+05,7.025132445682e+05,-1.188747002743e-03
3.211393496182e-03,7.026119571032e+05,7.026119582858e+05,-1.182590494864e-03
3.210939460625e-03,7.027106706498e+05,7.027106718263e+05,-1.176432124339e-03
3.210485553435e-03,7.028093840193e+05,7.028093851896e+05,-1.170270843431e-03
3.210031774558e-03,7.029080972116e+05,7.029080983757e+05,-1.164104207419e-03
3.209578123940e-03,7.030068102268e+05,7.030068113847e+05,-1.157932681963e-03
3.209124601526e-03,7.031055230648e+05,7.031055242166e+05,-1.151759410277e-03
3.208671207262e-03,7.032042357257e+05,7.032042368712e+05,-1.145581714809e-03
3.208217941093e-03,7.033029482094e+05,7.033029493488e+05,-1.139401923865e-03
3.207764802966e-03,7.034016605159e+05,7.034016616491e+05,-1.133215846494e-03
3.207311792826e-03,7.035003726453e+05,7.035003737724e+05,-1.127027557231e-03
3.206858910618e-03,7.035990845976e+05,7.035990857185e+05,-1.120834378526e-03
3.206406156290e-03,7.036977963728e+05,7.036977974874e+05,-1.114638173021e-03
3.205953529785e-03,7.037965079708e+05,7.037965090792e+05,-1.108439173549e-03
3.205501031052e-03,7.038952193916e+05,7.038952204938e+05,-1.102235633880e-03
3.205048660034e-03,7.039939306353e+05,7.039939317313e+05,-1.096029183827e-03
3.204596416678e-03,7.040926417019e+05,7.040926427917e+05,-1.089818193577e-03
3.204144300931e-03,7.041913525913e+05,7.041913536749e+05,-1.083604991436e-03
3.203692312738e-03,7.042900633036e+05,7.042900643810e+05,-1.077388995327e-03
3.203240452045e-03,7.043887738388e+05,7.043887749100e+05,-1.071168109775e-03
3.202788718798e-03,7.044874841968e+05,7.044874852618e+05,-1.064941403456e-03
3.202337112944e-03,7.045861943778e+05,7.045861954365e+05,-1.058715162799e-03
3.201885634428e-03,7.046849043815e+05,7.046849054340e+05,-1.052483450621e-03
3.201434283197e-03,7.047836142082e+05,7.047836152544e+05,-1.046248245984e-03
3.200983059197e-03,7.048823238577e+05,7.048823248977e+05,-1.040009316057e-03
3.200531962373e-03,7.049810333301e+05,7.049810343639e+05,-1.033767941408e-03
3.200080992673e-03,7.050797426254e+05,7.050797436529e+05,-1.027523539960e-03
3.199630150042e-03,7.051784517435e+05,7.051784527648e+05,-1.021275762469e-03
3.199179434427e-03,7.052771606846e+05,7.052771616996e+05,-1.015023794025e-03
3.198728845775e-03,7.053758694485e+05,7.053758704572e+05,-1.008767285384e-03
3.198278384030e-03,7.054745780353e+05,7.054745790378e+05,-1.002508681267e-03
3.197828049141e-03,7.055732864449e+05,7.055732874412e+05,-9.962458861992e-04
3.197377841053e-03,7.056719946775e+05,7.056719956675e+05,-9.899809956551e-04
3.196927759713e-03,7.057707027329e+05,7.057707037167e+05,-9.837129618973e-04
3.196477805067e-03,7.058694106113e+05,7.058694115887e+05,-9.774421341717e-04
3.196027977062e-03,7.059681183125e+05,7.059681192837e+05,-9.711657185107e-04
3.195578275644e-03,7.060668258366e+05,7.060668268015e+05,-9.648883715272e-04
3.195128700760e-03,7.061655331836e+05,7.061655341422e+05,-9.586062515154e-04
3.194679252356e-03,7.062642403535e+05,7.062642413058e+05,-9.523221524432e-04
3.194229930380e-03,7.063629473463e+05,7.063629482923e+05,-9.460336295888e-04
3.193780734777e-03,7.064616541620e+05,7.064616551017e+05,-9.397417306900e-04
3.193331665495e-03,7.065603608005e+05,7.065603617340e+05,-9.334476199001e-04
3.192882722480e-03,7.066590672620e+05,7.066590681892e+05,-9.271501330659e-04
3.192433905679e-03,7.067577735464e+05,7.067577744672e+05,-9.208513656631e-04
3.191985215039e-03,7.068564796537e+05,7.068564805682e+05,-9.145466610789e-04
3.191536650506e-03,7.069551855838e+05,7.069551864921e+05,-9.082411415875e-04
3.191088212028e-03,7.070538913369e+05,7.070538922389e+05,-9.019304998219e-04
3.190639899550e-03,7.071525969129e+05,7.071525978085e+05,-8.956167148426e-04
3.190191713021e-03,7.072513023118e+05,7.072513032011e+05,-8.893018821254e-04
3.189743652388e-03,7.073500075336e+05,7.073500084166e+05,-8.829823927954e-04
3.189295717596e-03,7.074487125783e+05,7.074487134549e+05,-8.766617393121e-04
3.188847908593e-03,7.075474174459e+05,7.075474183162e+05,-8.703359635547e-04
3.188400225326e-03,7.076461221364e+05,7.076461230004e+05,-8.640075102448e-04
3.187952667743e-03,7.077448266499e+05,7.077448275075e+05,-8.576771942899e-04
3.187505235789e-03,7.078435309862e+05,7.078435318376e+05,-8.513442007825e-04
3.187057929413e-03,7.079422351455e+05,7.079422359905e+05,-8.450049208477e-04
3.186610748562e-03,7.080409391277e+05,7.080409399663e+05,-8.386654080823e-04
3.186163693182e-03,7.081396429328e+05,7.081396437651e+05,-8.323233341798e-04
3.185716763221e-03,7.082383465608e+05,7.082383473867e+05,-8.259782334790e-04
3.185269958626e-03,7.083370500117e+05,7.083370508313e+05,-8.196292910725e-04
3.184823279344e-03,7.084357532856e+05,7.084357540988e+05,-8.132796501741e-04
3.184376725322e-03,7.085344563823e+05,7.085344571893e+05,-8.069250034168e-04
3.183930296509e-03,7.086331593021e+05,7.086331601026e+05,-8.005686104298e-04
3.183483992851e-03,7.087318620447e+05,7.087318628389e+05,-7.942080264911e-04
3.183037814296e-03,7.088305646102e+05,7.088305653981e+05,-7.878477917984e-04
3.182591760790e-03,7.089292669987e+05,7.089292677802e+05,-7.814813870937e-04
3.182145832282e-03,7.090279692102e+05,7.090279699853e+05,-7.751141674817e-04
3.181700028720e-03,7.091266712445e+05,7.091266720132e+05,-7.687429897487e-04
3.181254350049e-03,7.092253731018e+05,7.092253738642e+05,-7.623687852174e-04
3.180808796218e-03,7.093240747820e+05,7.093240755380e+05,-7.559931837022e-04
3.180363367175e-03,7.094227762851e+05,7.094227770348e+05,-7.496146718040e-04
3.179918062868e-03,7.095214776112e+05,7.095214783545e+05,-7.432353449985e-04
3.179472883242e-03,7.096201787603e+05,7.096201794971e+05,-7.368511287495e-04
3.179027828247e-03,7.097188797322e+05,7.097188804627e+05,-7.304635364562e-04
3.178582897831e-03,7.098175805271e+05,7.098175812512e+05,-7.240750128403e-04
3.178138091940e-03,7.099162811450e+05,7.099162818627e+05,-7.176813669503e-04
3.177693410522e-03,7.100149815858e+05,7.100149822971e+05,-7.112877210602e-04
3.177248853525e-03,7.101136818495e+05,7.101136825544e+05,-7.048918632790e-04
3.176804420898e-03,7.102123819362e+05,7.102123826347e+05,-6.984914653003e-04
3.176360112587e-03,7.103110818458e+05,7.103110825379e+05,-6.920908344910e-04
3.175915928541e-03,7.104097815784e+05,7.104097822641e+05,-6.856863619760e-04
3.175471868708e-03,7.105084811339e+05,7.105084818132e+05,-6.792792119086e-04
3.175027933035e-03,7.106071805124e+05,7.106071811853e+05,-6.728692678735e-04
3.174584121471e-03,7.107058797138e+05,7.107058803803e+05,-6.664571119472e-04
3.174140433962e-03,7.108045787382e+05,7.108045793982e+05,-6.600448396057e-04
3.173696870458e-03,7.109032775855e+05,7.109032782392e+05,-6.536263972521e-04
3.173253430907e-03,7.110019762558e+05,7.110019769030e+05,-6.472087698057e-04
3.172810115256e-03,7.111006747491e+05,7.111006753899e+05,-6.407860200852e-04
3.172366923453e-03,7.111993730653e+05,7.111993736997e+05,-6.343618733808e-04
3.171923855447e-03,7.112980712045e+05,7.112980718324e+05,-6.279364461079e-04
3.171480911186e-03,7.113967691666e+05,7.113967697881e+05,-6.215076427907e-04
3.171038090617e-03,7.114954669517e+05,7.114954675668e+05,-6.150772096589e-04
3.170595393690e-03,7.115941645598e+05,7.115941651684e+05,-6.086453795433e-04
3.170152820352e-03,7.116928619908e+05,7.116928625930e+05,-6.022081943229e-04
3.169710370551e-03,7.117915592448e+05,7.117915598406e+05,-5.957720568404e-04
3.169268044237e-03,7.118902563218e+05,7.118902569111e+05,-5.893325433135e-04
3.168825841356e-03,7.119889532217e+05,7.119889538046e+05,-5.828884895891e-04
3.168383761858e-03,7.120876499446e+05,7.120876505211e+05,-5.764452507719e-04
3.167941805691e-03,7.121863464905e+05,7.121863470605e+05,-5.699988687411e-04
3.167499972803e-03,7.122850428593e+05,7.122850434229e+05,-5.635498091578e-04
3.167058263143e-03,7.123837390512e+05,7.123837396083e+05,-5.571014480665e-04
3.166616676659e-03,7.124824350660e+05,7.124824356166e+05,-5.506464513019e-04
3.166175213300e-03,7.125811309038e+05,7.125811314480e+05,-5.441929679364e-04
3.165733873014e-03,7.126798265645e+05,7.126798271023e+05,-5.377347115427e-04
3.165292655749e-03,7.127785220483e+05,7.127785225795e+05,-5.312749417499e-04
3.164851561455e-03,7.128772173550e+05,7.128772178798e+05,-5.248145898804e-04
3.164410590079e-03,7.129759124847e+05,7.129759130031e+05,-5.183508619666e-04
3.163969741571e-03,7.130746074374e+05,7.130746079493e+05,-5.118853878230e-04
3.163529015880e-03,7.131733022131e+05,7.131733027185e+05,-5.054187495261e-04
3.163088412953e-03,7.132719968117e+05,7.132719973107e+05,-4.989487351850e-04
3.162647932739e-03,7.133706912334e+05,7.133706917259e+05,-4.924788372591e-04
3.162207575188e-03,7.134693854781e+05,7.134693859641e+05,-4.860049812123e-04
3.161767340248e-03,7.135680795457e+05,7.135680800252e+05,-4.795290296897e-04
3.161327227867e-03,7.136667734363e+05,7.136667739094e+05,-4.730528453365e-04
3.160887237996e-03,7.137654671500e+05,7.137654676165e+05,-4.665737506002e-04
3.160447370582e-03,7.138641606866e+05,7.138641611467e+05,-4.600916290656e-04
3.160007625574e-03,7.139628540462e+05,7.139628544998e+05,-4.536107880995e-04
3.159568002922e-03,7.140615472288e+05,7.140615476759e+05,-4.471242427826e-04
3.159128502573e-03,7.141602402344e+05,7.141602406751e+05,-4.406380467117e-04
3.158689124478e-03,7.142589330631e+05,7.142589334972e+05,-4.341505700722e-04
3.158249868586e-03,7.143576257147e+05,7.143576261423e+05,-4.276612307876e-04
3.157810734844e-03,7.144563181893e+05,7.144563186105e+05,-4.211683990434e-04
3.157371723203e-03,7.145550104869e+05,7.145550109016e+05,-4.146758001298e-04
3.156932833611e-03,7.146537026076e+05,7.146537030157e+05,-4.081800580025e-04
3.156494066018e-03,7.147523945512e+05,7.147523949529e+05,-4.016822203994e-04
3.156055420372e-03,7.148510863179e+05,7.148510867130e+05,-3.951839171350e-04
3.155616896624e-03,7.149497779075e+05,7.149497782962e+05,-3.886830527335e-04
3.155178494721e-03,7.150484693202e+05,7.150484697024e+05,-3.821799764410e-04
3.154740214613e-03,7.151471605559e+05,7.151471609316e+05,-3.756767837331e-04
3.154302056250e-03,7.152458516146e+05,7.152458519838e+05,-3.691713791341e-04
3.153864019581e-03,7.153445424963e+05,7.153445428590e+05,-3.626659745350e-04
3.153426104554e-03,7.154432332010e+05,7.154432335572e+05,-3.561562625691e-04
3.152988311120e-03,7.155419237288e+05,7.155419240784e+05,-3.496445715427e-04
3.152550639228e-03,7.156406140796e+05,7.156406144227e+05,-3.431328805164e-04
3.152113088827e-03,7.157393042534e+05,7.157393045900e+05,-3.366215387359e-04
3.151675659867e-03,7.158379942502e+05,7.158379945803e+05,-3.301048418507e-04
3.151238352296e-03,7.159366840700e+05,7.159366843936e+05,-3.235894255340e-04
3.150801166065e-03,7.160353737129e+05,7.160353740300e+05,-3.170720301569e-04
3.150364101124e-03,7.161340631788e+05,7.161340634893e+05,-3.105538198724e-04
3.149927157420e-03,7.162327524677e+05,7.162327527717e+05,-3.040316514671e-04
3.149490334905e-03,7.163314415796e+05,7.163314418771e+05,-2.975078532472e-04
3.149053633527e-03,7.164301305146e+05,7.164301308056e+05,-2.909856848419e-04
3.148617053237e-03,7.165288192726e+05,7.165288195571e+05,-2.844608388841e-04
3.148180593984e-03,7.166275078537e+05,7.166275081316e+05,-2.779341302812e-04
3.147744255717e-03,7.167261962578e+05,7.167261965292e+05,-2.714047441259e-04
3.147308038387e-03,7.168248844849e+05,7.168248847497e+05,-2.648765221238e-04
3.146871941943e-03,7.169235725350e+05,7.169235727934e+05,-2.583476016298e-04
3.146435966334e-03,7.170222604082e+05,7.170222606600e+05,-2.518158871680e-04
3.146000111511e-03,7.171209481044e+05,7.171209483497e+05,-2.452819608152e-04
3.145564377424e-03,7.172196356237e+05,7.172196358625e+05,-2.387478016317e-04
3.145128764022e-03,7.173183229660e+05,7.173183231982e+05,-2.322124782950e-04
3.144693271254e-03,7.174170101314e+05,7.174170103571e+05,-2.256749430671e-04
3.144257899072e-03,7.175156971198e+05,7.175156973389e+05,-2.191357780248e-04
3.143822647425e-03,7.176143839313e+05,7.176143841438e+05,-2.125970786437e-04
3.143387516263e-03,7.177130705658e+05,7.177130707718e+05,-2.060558181256e-04
3.142952505536e-03,7.178117570233e+05,7.178117572228e+05,-1.995140919462e-04
3.142517615193e-03,7.179104433039e+05,7.179104434969e+05,-1.929713180289e-04
3.142082845185e-03,7.180091294075e+05,7.180091295940e+05,-1.864285441115e-04
3.141648195463e-03,7.181078153343e+05,7.181078155141e+05,-1.798832090572e-04
3.141213665975e-03,7.182065010840e+05,7.182065012574e+05,-1.733382232487e-04
3.140779256673e-03,7.183051866568e+05,7.183051868236e+05,-1.667904434726e-04
3.140344967506e-03,7.184038720527e+05,7.184038722129e+05,-1.602425472811e-04
3.139910798424e-03,7.185025572716e+05,7.185025574253e+05,-1.536929048598e-04
3.139476749378e-03,7.186012423136e+05,7.186012424608e+05,-1.471413997933e-04
3.139042820318e-03,7.186999271787e+05,7.186999273193e+05,-1.405907096341e-04
3.138609011194e-03,7.187986118668e+05,7.187986120008e+05,-1.340386224911e-04
3.138175321957e-03,7.188972963780e+05,7.188972965055e+05,-1.274859532714e-04
3.137741752556e-03,7.189959807122e+05,7.189959808332e+05,-1.209328183904e-04
3.137308302942e-03,7.190946648695e+05,7.190946649839e+05,-1.143772387877e-04
3.136874973066e-03,7.191933488499e+05,7.191933489577e+05,-1.078202622011e-04
3.136441762878e-03,7.192920326534e+05,7.192920327546e+05,-1.012649154291e-04
3.136008672328e-03,7.193907162799e+05,7.193907163746e+05,-9.470491204411e-05
3.135575701367e-03,7.194893997295e+05,7.194893998176e+05,-8.814665488899e-05
3.135142849945e-03,7.195880830021e+05,7.195880830837e+05,-8.158804848790e-05
3.134710118012e-03,7.196867660979e+05,7.196867661729e+05,-7.502746302634e-05
3.134277505520e-03,7.197854490167e+05,7.197854490852e+05,-6.846582982689e-05
3.133845012419e-03,7.198841317586e+05,7.198841318205e+05,-6.190454587340e-05
3.133412638659e-03,7.199828143236e+05,7.199828143789e+05,-5.534174852073e-05
3.132980384191e-03,7.200814967116e+05,7.200814967604e+05,-4.877930041403e-05
3.132548248966e-03,7.201801789228e+05,7.201801789650e+05,-4.221324343234e-05
3.132116232933e-03,7.202788609570e+05,7.202788609926e+05,-3.564869984984e-05
3.131684336045e-03,7.203775428143e+05,7.203775428434e+05,-2.908369060606e-05
3.131252558252e-03,7.204762244947e+05,7.204762245172e+05,-2.251740079373e-05
3.130820899504e-03,7.205749059982e+05,7.205749060141e+05,-1.595157664269e-05
3.130389359752e-03,7.206735873247e+05,7.206735873341e+05,-9.385403245687e-06
3.129957938947e-03,7.207722684744e+05,7.207722684772e+05,-2.815388143063e-06
3.129526637040e-03,7.208709494471e+05,7.208709494434e+05,3.752997145057e-06
3.129095453982e-03,7.209696302430e+05,7.209696302326e+05,1.032103318721e-05
3.128664389723e-03,7.210683108619e+05,7.210683108450e+05,1.689081545919e-05
3.128233444215e-03,7.211669913039e+05,7.211669912804e+05,2.346257679164e-05
3.127802617408e-03,7.212656715690e+05,7.212656715390e+05,3.003282472491e-05
3.127371909254e-03,7.213643516572e+05,7.213643516206e+05,3.660423681140e-05
3.126941319703e-03,7.214630315686e+05,7.214630315254e+05,4.317506682128e-05
3.126510848706e-03,7.215617113030e+05,7.215617112532e+05,4.974880721420e-05
3.126080496215e-03,7.216603908605e+05,7.216603908042e+05,5.632068496197e-05
3.125650262180e-03,7.217590702411e+05,7.217590701782e+05,6.289465818554e-05
3.125220146553e-03,7.218577494449e+05,7.218577493754e+05,6.946746725589e-05
3.124790149285e-03,7.219564284717e+05,7.219564283957e+05,7.604039274156e-05
3.124360270326e-03,7.220551073216e+05,7.220551072390e+05,8.261553011835e-05
3.123930509629e-03,7.221537859947e+05,7.221537859055e+05,8.918985258788e-05
3.123500867143e-03,7.222524644909e+05,7.222524643951e+05,9.576557204127e-05
3.123071342822e-03,7.223511428101e+05,7.223511427078e+05,1.023391960189e-04
3.122641936615e-03,7.224498209525e+05,7.224498208436e+05,1.089160796255e-04
3.122212648474e-03,7.225484989180e+05,7.225484988025e+05,1.154921483248e-04
3.121783478351e-03,7.226471767066e+05,7.226471765846e+05,1.220662379637e-04
3.121354426196e-03,7.227458543183e+05,7.227458541897e+05,1.286428887397e-04
3.120925491961e-03,7.228445317532e+05,7.228445316180e+05,1.352198887616e-04
3.120496675598e-03,7.229432090112e+05,7.229432088694e+05,1.417960738763e-04
3.120067977057e-03,7.230418860922e+05,7.230418859439e+05,1.483738888055e-04
3.119639396291e-03,7.231405629965e+05,7.231405628415e+05,1.549505395815e-04
3.119210933251e-03,7.232392397238e+05,7.232392395623e+05,1.615288201720e-04
3.118782587888e-03,7.233379162742e+05,7.233379161061e+05,1.681037247181e-04
3.118354360154e-03,7.234365926478e+05,7.234365924731e+05,1.746814232320e-04
3.117926250000e-03,7.235352688445e+05,7.235352686633e+05,1.812604023144e-04
3.117498257378e-03,7.236339448644e+05,7.236339446765e+05,1.878360053524e-04
3.117070382240e-03,7.237326207073e+05,7.237326205129e+05,1.944142859429e-04
3.116642624537e-03,7.238312963734e+05,7.238312961725e+05,2.009931486100e-04
3.116214984221e-03,7.239299718627e+05,7.239299716551e+05,2.075709635392e-04
3.115787461243e-03,7.240286471750e+05,7.240286469609e+05,2.141483128071e-04
3.115360055556e-03,7.241273223105e+05,7.241273220898e+05,2.207241486758e-04
3.114932767110e-03,7.242259972692e+05,7.242259970419e+05,2.273040590808e-04
3.114505595858e-03,7.243246720510e+05,7.243246718171e+05,2.338794292882e-04
3.114078541752e-03,7.244233466559e+05,7.244233464154e+05,2.404565457255e-04
3.113651604744e-03,7.245220210839e+05,7.245220208369e+05,2.470337785780e-04
3.113224784784e-03,7.246206953351e+05,7.246206950815e+05,2.536122919992e-04
3.112798081826e-03,7.247193694095e+05,7.247193691493e+05,2.601890591905e-04
3.112371495820e-03,7.248180433070e+05,7.248180430402e+05,2.667659427971e-04
3.111945026720e-03,7.249167170276e+05,7.249167167543e+05,2.733424771577e-04
3.111518674476e-03,7.250153905714e+05,7.250153902915e+05,2.799201756716e-04
3.111092439041e-03,7.251140639383e+05,7.251140636518e+05,2.864955458790e-04
3.110666320367e-03,7.252127371284e+05,7.252127368353e+05,2.930699847639e-04
3.110240318406e-03,7.253114101416e+05,7.253114098420e+05,2.996472176164e-04
3.109814433110e-03,7.254100829780e+05,7.254100826718e+05,3.062215400860e-04
3.109388664430e-03,7.255087556375e+05,7.255087553247e+05,3.127976087853e-04
3.108963012320e-03,7.256074281202e+05,7.256074278009e+05,3.193720476702e-04
3.108537476731e-03,7.257061004261e+05,7.257061001001e+05,3.259459044784e-04
3.108112057616e-03,7.258047725551e+05,7.258047722226e+05,3.325188299641e-04
3.107686754926e-03,7.259034445073e+05,7.259034441682e+05,3.390947822481e-04
3.107261568614e-03,7.260021162826e+05,7.260021159369e+05,3.456679405645e-04
3.106836498632e-03,7.261007878811e+05,7.261007875288e+05,3.522397018969e-04
3.106411544932e-03,7.261994593027e+05,7.261994589439e+05,3.588114632294e-04
3.105986707467e-03,7.262981305476e+05,7.262981301822e+05,3.653852036223e-04
3.105561986189e-03,7.263968016155e+05,7.263968012436e+05,3.719561500475e-04
3.105137381050e-03,7.264954725067e+05,7.264954721282e+05,3.785267472267e-04
3.104712892003e-03,7.265941432210e+05,7.265941428359e+05,3.850968787447e-04
3.104288518999e-03,7.266928137585e+05,7.266928133668e+05,3.916671266779e-04
3.103864261993e-03,7.267914841192e+05,7.267914837209e+05,3.982366761193e-04
3.103440120935e-03,7.268901543030e+05,7.268901538982e+05,4.048056434840e-04
3.103016095778e-03,7.269888243100e+05,7.269888238987e+05,4.113737959415e-04
3.102592186475e-03,7.270874941402e+05,7.270874937223e+05,4.179421812296e-04
3.102168392979e-03,7.271861637936e+05,7.271861633691e+05,4.245094023645e-04
3.101744715242e-03,7.272848332701e+05,7.272848328390e+05,4.310755757615e-04
3.101321153216e-03,7.273835025698e+05,7.273835021322e+05,4.376398865134e-04
3.100897706854e-03,7.274821716928e+05,7.274821712485e+05,4.442067584023e-04
3.100474376109e-03,7.275808406388e+05,7.275808401881e+05,4.507693229243e-04
3.100051160934e-03,7.276795094081e+05,7.276795089508e+05,4.573342157528e-04
3.099628061280e-03,7.277781780006e+05,7.277781775367e+05,4.638982936740e-04
3.099205077102e-03,7.278768464162e+05,7.278768459457e+05,4.704593447968e-04
3.098782208350e-03,7.279755146550e+05,7.279755141780e+05,4.770203959197e-04
3.098359454980e-03,7.280741827171e+05,7.280741822335e+05,4.835823783651e-04
3.097936816942e-03,7.281728506023e+05,7.281728501121e+05,4.901394713670e-04
3.097514294190e-03,7.282715183107e+05,7.282715178140e+05,4.966992419213e-04
3.097091886677e-03,7.283701858423e+05,7.283701853390e+05,5.032581975684e-04
3.096669594355e-03,7.284688531970e+05,7.284688526872e+05,5.098156398162e-04
3.096247417178e-03,7.285675203750e+05,7.285675198587e+05,5.163694731891e-04
3.095825355098e-03,7.286661873762e+05,7.286661868533e+05,5.229265661910e-04
3.095403408069e-03,7.287648542006e+05,7.287648536711e+05,5.294798174873e-04
3.094981576043e-03,7.288635208482e+05,7.288635203121e+05,5.360348150134e-04
3.094559858973e-03,7.289621873189e+05,7.289621867764e+05,5.425855051726e-04
3.094138256812e-03,7.290608536129e+05,7.290608530638e+05,5.491385236382e-04
3.093716769514e-03,7.291595197301e+05,7.291595191744e+05,5.556886317208e-04
3.093295397031e-03,7.292581856705e+05,7.292581851083e+05,5.622372264042e-04
3.092874139316e-03,7.293568514341e+05,7.293568508653e+05,5.687869852409e-04
3.092452996324e-03,7.294555170209e+05,7.294555164456e+05,5.753334844485e-04
3.092031968005e-03,7.295541824309e+05,7.295541818491e+05,5.818804493174e-04
3.091611054315e-03,7.296528476642e+05,7.296528470757e+05,5.884228739887e-04
3.091190255206e-03,7.297515127206e+05,7.297515121256e+05,5.949687911198e-04
3.090769570631e-03,7.298501776002e+05,7.298501769987e+05,6.015095859766e-04
3.090349000544e-03,7.299488423031e+05,7.299488416951e+05,6.080521270633e-04
3.089928544898e-03,7.300475068292e+05,7.300475062146e+05,6.145923398435e-04
3.089508203646e-03,7.301461711785e+05,7.301461705574e+05,6.211311556399e-04
3.089087976741e-03,7.302448353510e+05,7.302448347233e+05,6.276692729443e-04
3.088667864137e-03,7.303434993468e+05,7.303434987125e+05,6.342077394947e-04
3.088247865787e-03,7.304421631657e+05,7.304421625250e+05,6.407430628315e-04
3.087827981645e-03,7.305408268079e+05,7.305408261606e+05,6.472758250311e-04
3.087408211664e-03,7.306394902733e+05,7.306394896195e+05,6.538092857227e-04
3.086988555797e-03,7.307381535619e+05,7.307381529016e+05,6.603400688618e-04
3.086569013998e-03,7.308368166738e+05,7.308368160069e+05,6.668703863397e-04
3.086149586221e-03,7.309354796089e+05,7.309354789355e+05,6.733980262652e-04
3.085730272418e-03,7.310341423672e+05,7.310341416873e+05,6.799264810979e-04
3.085311072544e-03,7.311328049487e+05,7.311328042623e+05,6.864516763017e-04
3.084891986553e-03,7.312314673535e+05,7.312314666605e+05,6.929776864126e-04
3.084473014396e-03,7.313301295815e+05,7.313301288820e+05,6.995004368946e-04
3.084054156029e-03,7.314287916328e+05,7.314287909268e+05,7.060210919008e-04
3.083635411405e-03,7.315274535073e+05,7.315274527947e+05,7.125406991690e-04
3.083216780478e-03,7.316261152050e+05,7.316261144859e+05,7.190603064373e-04
3.082798263201e-03,7.317247767260e+05,7.317247760004e+05,7.255773525685e-04
3.082379859528e-03,7.318234380701e+05,7.318234373381e+05,7.320933509618e-04
3.081961569412e-03,7.319220992376e+05,7.319220984990e+05,7.386051584035e-04
3.081543392809e-03,7.320207602283e+05,7.320207594832e+05,7.451177807525e-04
3.081125329670e-03,7.321194210422e+05,7.321194202906e+05,7.516297046095e-04
3.080707379951e-03,7.322180816794e+05,7.322180809212e+05,7.581394165754e-04
3.080289543605e-03,7.323167421398e+05,7.323167413752e+05,7.646447047591e-04
3.079871820586e-03,7.324154024235e+05,7.324154016523e+05,7.711516227573e-04
3.079454210847e-03,7.325140625304e+05,7.325140617527e+05,7.776569109410e-04
3.079036714344e-03,7.326127224606e+05,7.326127216764e+05,7.841594051570e-04
3.078619331029e-03,7.327113822140e+05,7.327113814233e+05,7.906585233286e-04
3.078202060857e-03,7.328100417907e+05,7.328100409935e+05,7.971579907462e-04
3.077784903781e-03,7.329087011906e+05,7.329087003869e+05,8.036548970267e-04
3.077367859756e-03,7.330073604138e+05,7.330073596036e+05,8.101506391540e-04
3.076950928736e-03,7.331060194602e+05,7.331060186436e+05,8.166431216523e-04
3.076534110675e-03,7.332046783299e+05,7.332046775068e+05,8.231349056587e-04
3.076117405526e-03,7.333033370229e+05,7.333033361933e+05,8.296259911731e-04
3.075700813245e-03,7.334019955391e+05,7.334019947030e+05,8.361131185666e-04
3.075284333785e-03,7.335006538786e+05,7.335006530360e+05,8.425996638834e-04
3.074867967100e-03,7.335993120414e+05,7.335993111923e+05,8.490846958011e-04
3.074451713145e-03,7.336979700274e+05,7.336979691718e+05,8.555650711060e-04
3.074035571873e-03,7.337966278367e+05,7.337966269746e+05,8.620467269793e-04
3.073619543240e-03,7.338952854692e+05,7.338952846007e+05,8.685240754858e-04
3.073203627199e-03,7.339939429250e+05,7.339939420500e+05,8.750015404075e-04
3.072787823705e-03,7.340926002041e+05,7.340925993227e+05,8.814749307930e-04
3.072372132711e-03,7.341912573065e+05,7.341912564186e+05,8.879482047632e-04
3.071956554173e-03,7.342899142321e+05,7.342899133377e+05,8.944197325036e-04
3.071541088044e-03,7.343885709811e+05,7.343885700802e+05,9.008867200464e-04
3.071125734280e-03,7.344872275533e+05,7.344872266459e+05,9.073531255126e-04
3.070710492834e-03,7.345858839487e+05,7.345858830349e+05,9.138152236119e-04
3.070295363661e-03,7.346845401675e+05,7.346845392472e+05,9.202774381265e-04
3.069880346715e-03,7.347831962095e+05,7.347831952828e+05,9.267391869798e-04
3.069465441952e-03,7.348818520748e+05,7.348818511416e+05,9.331949986517e-04
3.069050649324e-03,7.349805077634e+05,7.349805068238e+05,9.396502282470e-04
3.068635968788e-03,7.350791632753e+05,7.350791623292e+05,9.461041772738e-04
3.068221400297e-03,7.351778186105e+05,7.351778176579e+05,9.525566129014e-04
3.067806943807e-03,7.352764737689e+05,7.352764728099e+05,9.590034605935e-04
3.067392599271e-03,7.353751287506e+05,7.353751277852e+05,9.654492605478e-04
3.066978366644e-03,7.354737835557e+05,7.354737825838e+05,9.718954097480e-04
3.066564245882e-03,7.355724381840e+05,7.355724372057e+05,9.783370187506e-04
3.066150236938e-03,7.356710926356e+05,7.356710916508e+05,9.847754845396e-04
3.065736339768e-03,7.357697469105e+05,7.357697459193e+05,9.912139503285e-04
3.065322554326e-03,7.358684010087e+05,7.358684000111e+05,9.976481087506e-04
3.064908880567e-03,7.359670549302e+05,7.359670539262e+05,1.004080171697e-03
3.064495318446e-03,7.360657086750e+05,7.360657076645e+05,1.010509673506e-03
3.064081867917e-03,7.361643622431e+05,7.361643612262e+05,1.016938360408e-03
3.063668528936e-03,7.362630156345e+05,7.362630146112e+05,1.023362972774e-03
3.063255301457e-03,7.363616688492e+05,7.363616678194e+05,1.029785722494e-03
3.062842185435e-03,7.364603218872e+05,7.364603208510e+05,1.036206725985e-03
3.062429180825e-03,7.365589747485e+05,7.365589737059e+05,1.042623422109e-03
3.062016287583e-03,7.366576274332e+05,7.366576263841e+05,1.049038954079e-03
3.061603505662e-03,7.367562799411e+05,7.367562788856e+05,1.055451459251e-03
3.061190835018e-03,7.368549322723e+05,7.368549312105e+05,1.061862916686e-03
3.060778275606e-03,7.369535844269e+05,7.369535833586e+05,1.068269717507e-03
3.060365827382e-03,7.370522364047e+05,7.370522353300e+05,1.074673607945e-03
3.059953490299e-03,7.371508882059e+05,7.371508871248e+05,1.081076450646e-03
3.059541264314e-03,7.372495398304e+05,7.372495387429e+05,1.087476615794e-03
3.059129149380e-03,7.373481912781e+05,7.373481901843e+05,1.093873172067e-03
3.058717145455e-03,7.374468425493e+05,7.374468414490e+05,1.100268331356e-03
3.058305252491e-03,7.375454936437e+05,7.375454925370e+05,1.106659881771e-03
3.057893470446e-03,7.376441445614e+05,7.376441434484e+05,1.113047241233e-03
3.057481799273e-03,7.377427953025e+05,7.377427941831e+05,1.119433087297e-03
3.057070238929e-03,7.378414458669e+05,7.378414447411e+05,1.125816721469e-03
3.056658789367e-03,7.379400962546e+05,7.379400951224e+05,1.132197212428e-03
3.056247450545e-03,7.380387464657e+05,7.380387453271e+05,1.138574210927e-03
3.055836222417e-03,7.381373965000e+05,7.381373953551e+05,1.144950860180e-03
3.055425104937e-03,7.382360463577e+05,7.382360452064e+05,1.151321572252e-03
3.055014098063e-03,7.383346960387e+05,7.383346948811e+05,1.157689723186e-03
3.054603201748e-03,7.384333455431e+05,7.384333443790e+05,1.164058223367e-03
3.054192415949e-03,7.385319948708e+05,7.385319937004e+05,1.170419622213e-03
3.053781740621e-03,7.386306440218e+05,7.386306428450e+05,1.176780788228e-03
3.053371175719e-03,7.387292929961e+05,7.387292918130e+05,1.183138694614e-03
3.052960721199e-03,7.388279417938e+05,7.388279406043e+05,1.189493457787e-03
3.052550377016e-03,7.389265904149e+05,7.389265892190e+05,1.195844379254e-03
3.052140143126e-03,7.390252388592e+05,7.390252376570e+05,1.202191575430e-03
3.051730019484e-03,7.391238871269e+05,7.391238859184e+05,1.208538422361e-03
3.051320006046e-03,7.392225352180e+05,7.392225340031e+05,1.214880379848e-03
3.050910102767e-03,7.393211831324e+05,7.393211819111e+05,1.221219776198e-03
3.050500309604e-03,7.394198308701e+05,7.394198296425e+05,1.227555912919e-03
3.050090626511e-03,7.395184784312e+05,7.395184771973e+05,1.233889139257e-03
3.049681053444e-03,7.396171258156e+05,7.396171245754e+05,1.240218640305e-03
3.049271590360e-03,7.397157730234e+05,7.397157717768e+05,1.246546511538e-03
3.048862237213e-03,7.398144200545e+05,7.398144188016e+05,1.252869260497e-03
3.048452993960e-03,7.399130669089e+05,7.399130656497e+05,1.259188866243e-03
3.048043860556e-03,7.400117135868e+05,7.400117123212e+05,1.265506842174e-03
3.047634836957e-03,7.401103600879e+05,7.401103588161e+05,1.271820510738e-03
3.047225923118e-03,7.402090064125e+05,7.402090051343e+05,1.278132083826e-03
3.046817118997e-03,7.403076525603e+05,7.403076512759e+05,1.284438418224e-03
3.046408424547e-03,7.404062985316e+05,7.404062972408e+05,1.290741842240e-03
3.045999839726e-03,7.405049443262e+05,7.405049430291e+05,1.297042937949e-03
3.045591364490e-03,7.406035899441e+05,7.406035886408e+05,1.303341123275e-03
3.045182998793e-03,7.407022353855e+05,7.407022340758e+05,1.309634419158e-03
3.044774742593e-03,7.408008806501e+05,7.408008793342e+05,1.315925503150e-03
3.044366595844e-03,7.408995257382e+05,7.408995244160e+05,1.322212279774e-03
3.043958558504e-03,7.409981706496e+05,7.409981693211e+05,1.328496960923e-03
3.043550630528e-03,7.410968153844e+05,7.410968140496e+05,1.334777683951e-03
3.043142811872e-03,7.411954599425e+05,7.411954586015e+05,1.341054914519e-03
3.042735102492e-03,7.412941043240e+05,7.412941029767e+05,1.347327721305e-03
3.042327502344e-03,7.413927485289e+05,7.413927471753e+05,1.353597501293e-03
3.041920011385e-03,7.414913925572e+05,7.414913911973e+05,1.359863672405e-03
3.041512629570e-03,7.415900364088e+05,7.415900350427e+05,1.366128213704e-03
3.041105356856e-03,7.416886800838e+05,7.416886787114e+05,1.372387865558e-03
3.040698193199e-03,7.417873235822e+05,7.417873222035e+05,1.378641580231e-03
3.040291138554e-03,7.418859669039e+05,7.418859655190e+05,1.384895876981e-03
3.039884192879e-03,7.419846100491e+05,7.419846086579e+05,1.391143305227e-03
3.039477356130e-03,7.420832530176e+05,7.420832516202e+05,1.397388637997e-03
3.039070628262e-03,7.421818958095e+05,7.421818944059e+05,1.403629430570e-03
3.038664009232e-03,7.422805384248e+05,7.422805370149e+05,1.409866381437e-03
3.038257498997e-03,7.423791808634e+05,7.423791794473e+05,1.416102983057e-03
3.037851097512e-03,7.424778231255e+05,7.424778217032e+05,1.422331552021e-03
3.037444804735e-03,7.425764652109e+05,7.425764637824e+05,1.428558607586e-03
3.037038620620e-03,7.426751071198e+05,7.426751056850e+05,1.434781472199e-03
3.036632545126e-03,7.427737488520e+05,7.427737474110e+05,1.440999214537e-03
3.036226578209e-03,7.428723904076e+05,7.428723889604e+05,1.447215676308e-03
3.035820719824e-03,7.429710317866e+05,7.429710303331e+05,1.453425618820e-03
3.035414969928e-03,7.430696729890e+05,7.430696715293e+05,1.459634746425e-03
3.035009328478e-03,7.431683140147e+05,7.431683125489e+05,1.465836074203e-03
3.034603795430e-03,7.432669548639e+05,7.432669533919e+05,1.472036587074e-03
3.034198370741e-03,7.433655955365e+05,7.433655940583e+05,1.478231744841e-03
3.033793054368e-03,7.434642360325e+05,7.434642345481e+05,1.484423410147e-03
3.033387846267e-03,7.435628763519e+05,7.435628748612e+05,1.490611582994e-03
3.032982746394e-03,7.436615164946e+05,7.436615149978e+05,1.496795448475e-03
3.032577754707e-03,7.437601564608e+05,7.437601549578e+05,1.502974540927e-03
3.032172871162e-03,7.438587962504e+05,7.438587947412e+05,1.509152119979e-03
3.031768095715e-03,7.439574358634e+05,7.439574343481e+05,1.515324460343e-03
3.031363428324e-03,7.440560752998e+05,7.440560737783e+05,1.521489815786e-03
3.030958868944e-03,7.441547145596e+05,7.441547130319e+05,1.527655171230e-03
3.030554417534e-03,7.442533536428e+05,7.442533521090e+05,1.533815637231e-03
3.030150074049e-03,7.443519925494e+05,7.443519910095e+05,1.539970980957e-03
3.029745838447e-03,7.444506312795e+05,7.444506297334e+05,1.546120969579e-03
3.029341710684e-03,7.445492698329e+05,7.445492682807e+05,1.552267465740e-03
3.028937690718e-03,7.446479082098e+05,7.446479066514e+05,1.558410353027e-03
3.028533778504e-03,7.447465464101e+05,7.447465448455e+05,1.564551144838e-03
3.028129974000e-03,7.448451844338e+05,7.448451828631e+05,1.570685184561e-03
3.027726277163e-03,7.449438222809e+05,7.449438207041e+05,1.576814684086e-03
3.027322687950e-03,7.450424599514e+05,7.450424583685e+05,1.582942088135e-03
3.026919206317e-03,7.451410974454e+05,7.451410958563e+05,1.589062856510e-03
3.026515832223e-03,7.452397347628e+05,7.452397331676e+05,1.595180248842e-03
3.026112565623e-03,7.453383719036e+05,7.453383703023e+05,1.601295312867e-03
3.025709406475e-03,7.454370088678e+05,7.454370072604e+05,1.607403275557e-03
3.025306354736e-03,7.455356456555e+05,7.455356440420e+05,1.613508677110e-03
3.024903410362e-03,7.456342822666e+05,7.456342806470e+05,1.619607792236e-03
3.024500573312e-03,7.457329187011e+05,7.457329170754e+05,1.625703065656e-03
3.024097843542e-03,7.458315549590e+05,7.458315533273e+05,1.631794148125e-03
3.023695221009e-03,7.459301910404e+05,7.459301894025e+05,1.637883018702e-03
3.023292705671e-03,7.460288269452e+05,7.460288253013e+05,1.643965952098e-03
3.022890297484e-03,7.461274626735e+05,7.461274610235e+05,1.650042133406e-03
3.022487996407e-03,7.462260982252e+05,7.462260965691e+05,1.656117266975e-03
3.022085802395e-03,7.463247336003e+05,7.463247319381e+05,1.662185182795e-03
3.021683715407e-03,7.464233687989e+05,7.464233671306e+05,1.668248907663e-03
3.021281735400e-03,7.465220038209e+05,7.465220021466e+05,1.674309722148e-03
3.020879862330e-03,7.466206386663e+05,7.466206369860e+05,1.680365763605e-03
3.020478096156e-03,7.467192733352e+05,7.467192716488e+05,1.686414587311e-03
3.020076436835e-03,7.468179078276e+05,7.468179061351e+05,1.692462828942e-03
3.019674884324e-03,7.469165421433e+05,7.469165404448e+05,1.698501990177e-03
3.019273438580e-03,7.470151762826e+05,7.470151745780e+05,1.704538706690e-03
3.018872099561e-03,7.471138102452e+05,7.471138085347e+05,1.710570417345e-03
3.018470867225e-03,7.472124440314e+05,7.472124423148e+05,1.716598984785e-03
3.018069741528e-03,7.473110776409e+05,7.473110759183e+05,1.722621615045e-03
3.017668722429e-03,7.474097110740e+05,7.474097093453e+05,1.728638773784e-03
3.017267809884e-03,7.475083443305e+05,7.475083425958e+05,1.734653022140e-03
3.016867003852e-03,7.476069774104e+05,7.476069756697e+05,1.740659587085e-03
3.016466304290e-03,7.477056103138e+05,7.477056085671e+05,1.746664987877e-03
3.016065711155e-03,7.478042430406e+05,7.478042412880e+05,1.752663403749e-03
3.015665224406e-03,7.479028755910e+05,7.479028738323e+05,1.758656348102e-03
3.015264843999e-03,7.480015079647e+05,7.480015062001e+05,1.764645567164e-03
3.014864569892e-03,7.481001401620e+05,7.481001383913e+05,1.770629431121e-03
3.014464402044e-03,7.481987721827e+05,7.481987704061e+05,1.776609802619e-03
3.014064340411e-03,7.482974040268e+05,7.482974022442e+05,1.782582257874e-03
3.013664384952e-03,7.483960356945e+05,7.483960339059e+05,1.788552501239e-03
3.013264535624e-03,7.484946671855e+05,7.484946653910e+05,1.794515643269e-03
3.012864792385e-03,7.485932985001e+05,7.485932966996e+05,1.800475991331e-03
3.012465155193e-03,7.486919296381e+05,7.486919278317e+05,1.806430867873e-03
3.012065624005e-03,7.487905605997e+05,7.487905587873e+05,1.812377595343e-03
3.011666198780e-03,7.488891913846e+05,7.488891895663e+05,1.818322343752e-03
3.011266879475e-03,7.489878219931e+05,7.489878201688e+05,1.824262086302e-03
3.010867666048e-03,7.490864524250e+05,7.490864505948e+05,1.830196357332e-03
3.010468558457e-03,7.491850826804e+05,7.491850808443e+05,1.836125040427e-03
3.010069556660e-03,7.492837127593e+05,7.492837109173e+05,1.842049066909e-03
3.009670660615e-03,7.493823426617e+05,7.493823408137e+05,1.847966806963e-03
3.009271870280e-03,7.494809723875e+05,7.494809705336e+05,1.853880588897e-03
3.008873185612e-03,7.495796019368e+05,7.495796000770e+05,1.859788084403e-03
3.008474606570e-03,7.496782313096e+05,7.496782294440e+05,1.865692553110e-03
3.008076133113e-03,7.497768605059e+05,7.497768586343e+05,1.871589105576e-03
3.007677765197e-03,7.498754895257e+05,7.498754876482e+05,1.877481699921e-03
3.007279502781e-03,7.499741183690e+05,7.499741164856e+05,1.883369404823e-03
3.006881345823e-03,7.500727470357e+05,7.500727451465e+05,1.889251638204e-03
3.006483294281e-03,7.501713755260e+05,7.501713736309e+05,1.895126886666e-03
3.006085348114e-03,7.502700038397e+05,7.502700019387e+05,1.900999341160e-03
3.005687507279e-03,7.503686319770e+05,7.503686300701e+05,1.906863762997e-03
3.005289771735e-03,7.504672599377e+05,7.504672580250e+05,1.912726787850e-03
3.004892141440e-03,7.505658877219e+05,7.505658858033e+05,1.918579917401e-03
3.004494616351e-03,7.506645153296e+05,7.506645134052e+05,1.924430602230e-03
3.004097196429e-03,7.507631427608e+05,7.507631408306e+05,1.930273603648e-03
3.003699881629e-03,7.508617700155e+05,7.508617680794e+05,1.936112646945e-03
3.003302671912e-03,7.509603970938e+05,7.509603951518e+05,1.941946218722e-03
3.002905567235e-03,7.510590239955e+05,7.510590220477e+05,1.947773154825e-03
3.002508567557e-03,7.511576507207e+05,7.511576487671e+05,1.953596947715e-03
3.002111672835e-03,7.512562772694e+05,7.512562753100e+05,1.959414221346e-03
3.001714883029e-03,7.513549036417e+05,7.513549016764e+05,1.965223811567e-03
3.001318198097e-03,7.514535298374e+05,7.514535278664e+05,1.971029909328e-03
3.000921617997e-03,7.515521558567e+05,7.515521538798e+05,1.976830302738e-03
3.000525142687e-03,7.516507816994e+05,7.516507797168e+05,1.982624875382e-03
3.000128772127e-03,7.517494073657e+05,7.517494053773e+05,1.988413976505e-03
2.999732506274e-03,7.518480328555e+05,7.518480308613e+05,1.994195161387e-03
2.999336345087e-03,7.519466581688e+05,7.519466561688e+05,1.999972504564e-03
2.998940288525e-03,7.520452833056e+05,7.520452812998e+05,2.005743212067e-03
2.998544336546e-03,7.521439082659e+05,7.521439062544e+05,2.011510892771e-03
2.998148489109e-03,7.522425330498e+05,7.522425310325e+05,2.017270191573e-03
2.997752746172e-03,7.523411576571e+05,7.523411556341e+05,2.023024018854e-03
2.997357107694e-03,7.524397820880e+05,7.524397800593e+05,2.028773422353e-03
2.996961573634e-03,7.525384063424e+05,7.525384043079e+05,2.034514909610e-03
2.996566143950e-03,7.526370304204e+05,7.526370283801e+05,2.040252671577e-03
2.996170818602e-03,7.527356543218e+05,7.527356522759e+05,2.045982051641e-03
2.995775597547e-03,7.528342780468e+05,7.528342759951e+05,2.051709569059e-03
2.995380480744e-03,7.529329015953e+05,7.529328995379e+05,2.057428122498e-03
2.994985468152e-03,7.530315249674e+05,7.530315229043e+05,2.063141786493e-03
2.994590559731e-03,7.531301481630e+05,7.531301460941e+05,2.068848349154e-03
2.994195755438e-03,7.532287711821e+05,7.532287691075e+05,2.074548625387e-03
2.993801055233e-03,7.533273940247e+05,7.533273919445e+05,2.080243895762e-03
2.993406459075e-03,7.534260166909e+05,7.534260146050e+05,2.085933694616e-03
2.993011966921e-03,7.535246391806e+05,7.535246370890e+05,2.091616857797e-03
2.992617578732e-03,7.536232614939e+05,7.536232593966e+05,2.097296528518e-03
2.992223294466e-03,7.537218836306e+05,7.537218815277e+05,2.102966303937e-03
2.991829114082e-03,7.538205055910e+05,7.538205034823e+05,2.108632703312e-03
2.991435037540e-03,7.539191273748e+05,7.539191252606e+05,2.114289905876e-03
2.991041064797e-03,7.540177489823e+05,7.540177468623e+05,2.119943266734e-03
2.990647195812e-03,7.541163704132e+05,7.541163682876e+05,2.125589526258e-03
2.990253430546e-03,7.542149916677e+05,7.542149895365e+05,2.131231129169e-03
2.989859768957e-03,7.543136127458e+05,7.543136106089e+05,2.136866794899e-03
2.989466211004e-03,7.544122336474e+05,7.544122315049e+05,2.142493263818e-03
2.989072756646e-03,7.545108543725e+05,7.545108522244e+05,2.148117637262e-03
2.988679405843e-03,7.546094749212e+05,7.546094727675e+05,2.153731416911e-03
2.988286158553e-03,7.547080952934e+05,7.547080931341e+05,2.159341354854e-03
2.987893014735e-03,7.548067154892e+05,7.548067133243e+05,2.164944075048e-03
2.987499974349e-03,7.549053355086e+05,7.549053333381e+05,2.170540275984e-03
2.987107037354e-03,7.550039553515e+05,7.550039531754e+05,2.176134032197e-03
2.986714203709e-03,7.551025750180e+05,7.551025728363e+05,2.181715681218e-03
2.986321473373e-03,7.552011945080e+05,7.552011923207e+05,2.187295351177e-03
2.985928846306e-03,7.552998138216e+05,7.552998116287e+05,2.192867221311e-03
2.985536322466e-03,7.553984329587e+05,7.553984307603e+05,2.198432222940e-03
2.985143901814e-03,7.554970519194e+05,7.554970497155e+05,2.203990239650e-03
2.984751584308e-03,7.555956707037e+05,7.555956684942e+05,2.209543716162e-03
2.984359369908e-03,7.556942893116e+05,7.556942870965e+05,2.215089742094e-03
2.983967258573e-03,7.557929077430e+05,7.557929055223e+05,2.220628666691e-03
2.983575250263e-03,7.558915259979e+05,7.558915237718e+05,2.226159325801e-03
2.983183344936e-03,7.559901440765e+05,7.559901418448e+05,2.231685793959e-03
2.982791542553e-03,7.560887619786e+05,7.560887597414e+05,2.237205859274e-03
2.982399843073e-03,7.561873797043e+05,7.561873774616e+05,2.242719521746e-03
2.982008246455e-03,7.562859972536e+05,7.562859950053e+05,2.248226082884e-03
2.981616752659e-03,7.563846146264e+05,7.563846123727e+05,2.253726474009e-03
2.981225361643e-03,7.564832318228e+05,7.564832295636e+05,2.259220113046e-03
2.980834073369e-03,7.565818488428e+05,7.565818465781e+05,2.264706534334e-03
2.980442887795e-03,7.566804656864e+05,7.566804634162e+05,2.270186785609e-03
2.980051804881e-03,7.567790823535e+05,7.567790800779e+05,2.275659586303e-03
2.979660824587e-03,7.568776988443e+05,7.568776965631e+05,2.281124936417e-03
2.979269946871e-03,7.569763151586e+05,7.569763128720e+05,2.286585397087e-03
2.978879171695e-03,7.570749312965e+05,7.570749290044e+05,2.292039454915e-03
2.978488499016e-03,7.571735472579e+05,7.571735449605e+05,2.297484432347e-03
2.978097928796e-03,7.572721630430e+05,7.572721607401e+05,2.302924054675e-03
2.977707460994e-03,7.573707786517e+05,7.573707763433e+05,2.308358089067e-03
2.977317095569e-03,7.574693940839e+05,7.574693917701e+05,2.313784323633e-03
2.976926832481e-03,7.575680093398e+05,7.575680070206e+05,2.319202176295e-03
2.976536671691e-03,7.576666244192e+05,7.576666220946e+05,2.324613276869e-03
2.976146613157e-03,7.577652393222e+05,7.577652369922e+05,2.330019720830e-03
2.975756656840e-03,7.578638540488e+05,7.578638517134e+05,2.335417550057e-03
2.975366802699e-03,7.579624685991e+05,7.579624662583e+05,2.340809907764e-03
2.974977050694e-03,7.580610829729e+05,7.580610806267e+05,2.346193185076e-03
2.974587400786e-03,7.581596971703e+05,7.581596948187e+05,2.351570175961e-03
2.974197852933e-03,7.582583111913e+05,7.582583088344e+05,2.356941578910e-03
2.973808407097e-03,7.583569250359e+05,7.583569226736e+05,2.362306229770e-03
2.973419063236e-03,7.584555387041e+05,7.584555363365e+05,2.367661800236e-03
2.973029821312e-03,7.585541521960e+05,7.585541498230e+05,2.373011200689e-03
2.972640681283e-03,7.586527655114e+05,7.586527631330e+05,2.378352452070e-03
2.972251643110e-03,7.587513786504e+05,7.587513762667e+05,2.383688581176e-03
2.971862706752e-03,7.588499916131e+05,7.588499892241e+05,2.389017026871e-03
2.971473872171e-03,7.589486043993e+05,7.589486020050e+05,2.394335926510e-03
2.971085139325e-03,7.590472170092e+05,7.590472146095e+05,2.399650518782e-03
2.970696508175e-03,7.591458294427e+05,7.591458270377e+05,2.404958358966e-03
2.970307978682e-03,7.592444416998e+05,7.592444392895e+05,2.410255954601e-03
2.969919550804e-03,7.593430537805e+05,7.593430513649e+05,2.415550523438e-03
2.969531224503e-03,7.594416656848e+05,7.594416632640e+05,2.420835080557e-03
2.969142999739e-03,7.595402774127e+05,7.595402749866e+05,2.426111605018e-03
2.968754876471e-03,7.596388889643e+05,7.596388865329e+05,2.431382890791e-03
2.968366854660e-03,7.597375003395e+05,7.597374979028e+05,2.436644630507e-03
2.967978934266e-03,7.598361115383e+05,7.598361090964e+05,2.441900549456e-03
2.967591115249e-03,7.599347225607e+05,7.599347201136e+05,2.447149017826e-03
2.967203397570e-03,7.600333334068e+05,7.600333309544e+05,2.452390734106e-03
2.966815781189e-03,7.601319440764e+05,7.601319416188e+05,2.457622089423e-03
2.966428266066e-03,7.602305545697e+05,7.602305521069e+05,2.462850185111e-03
2.966040852161e-03,7.603291648867e+05,7.603291624186e+05,2.468068501912e-03
2.965653539436e-03,7.604277750272e+05,7.604277725540e+05,2.473278786056e-03
2.965266327850e-03,7.605263849914e+05,7.605263825130e+05,2.478484879248e-03
2.964879217363e-03,7.606249947793e+05,7.606249922956e+05,2.483679563738e-03
2.964492207936e-03,7.607236043907e+05,7.607236019019e+05,2.488869125955e-03
2.964105299530e-03,7.608222138258e+05,7.608222113318e+05,2.494051819667e-03
2.963718492105e-03,7.609208230846e+05,7.609208205853e+05,2.499224850908e-03
2.963331785621e-03,7.610194321669e+05,7.610194296625e+05,2.504392177798e-03
2.962945180039e-03,7.611180410729e+05,7.611180385634e+05,2.509550307877e-03
2.962558675320e-03,7.612166498026e+05,7.612166472879e+05,2.514700056054e-03
2.962172271423e-03,7.613152583559e+05,7.613152558360e+05,2.519844565541e-03
2.961785968310e-03,7.614138667328e+05,7.614138642078e+05,2.524980111048e-03
2.961399765941e-03,7.615124749334e+05,7.615124724033e+05,2.530108322389e-03
2.961013664276e-03,7.616110829576e+05,7.616110804224e+05,2.535229083151e-03
2.960627663277e-03,7.617096908055e+05,7.617096882652e+05,2.540342626162e-03
2.960241762904e-03,7.618082984770e+05,7.618082959316e+05,2.545447903685e-03
2.959855963117e-03,7.619069059722e+05,7.619069034217e+05,2.550543053076e-03
2.959470263878e-03,7.620055132910e+05,7.620055107354e+05,2.555633313023e-03
2.959084665147e-03,7.621041204335e+05,7.621041178728e+05,2.560715773143e-03
2.958699166884e-03,7.622027273996e+05,7.622027248339e+05,2.565788337961e-03
2.958313769050e-03,7.623013341894e+05,7.623013316186e+05,2.570855314843e-03
2.957928471607e-03,7.623999408029e+05,7.623999382270e+05,2.575913909823e-03
2.957543274515e-03,7.624985472400e+05,7.624985446590e+05,2.580964937806e-03
2.957158177734e-03,7.625971535007e+05,7.625971509147e+05,2.586005604826e-03
2.956773181226e-03,7.626957595852e+05,7.626957569941e+05,2.591041382402e-03
2.956388284952e-03,7.627943654932e+05,7.627943628972e+05,2.596066799015e-03
2.956003488872e-03,7.628929712250e+05,7.628929686239e+05,2.601086278446e-03
2.955618792946e-03,7.629915767804e+05,7.629915741743e+05,2.606097375974e-03
2.955234197137e-03,7.630901821595e+05,7.630901795484e+05,2.611101255752e-03
2.954849701405e-03,7.631887873622e+05,7.631887847461e+05,2.616095473059e-03
2.954465305711e-03,7.632873923887e+05,7.632873897676e+05,2.621082472615e-03
2.954081010016e-03,7.633859972387e+05,7.633859946127e+05,2.626061323099e-03
2.953696814280e-03,7.634846019125e+05,7.634845992815e+05,2.631031791680e-03
2.953312718466e-03,7.635832064099e+05,7.635832037739e+05,2.635994344018e-03
2.952928722533e-03,7.636818107310e+05,7.636818080901e+05,2.640948281623e-03
2.952544826443e-03,7.637804148758e+05,7.637804122299e+05,2.645896398462e-03
2.952161030157e-03,7.638790188443e+05,7.638790161934e+05,2.650835085660e-03
2.951777333637e-03,7.639776226364e+05,7.639776199807e+05,2.655763528310e-03
2.951393736842e-03,7.640762262522e+05,7.640762235916e+05,2.660684054717e-03
2.951010239735e-03,7.641748296917e+05,7.641748270261e+05,2.665599575266e-03
2.950626842276e-03,7.642734329549e+05,7.642734302844e+05,2.670504385605e-03
2.950243544427e-03,7.643720360418e+05,7.643720333664e+05,2.675400581211e-03
2.949860346149e-03,7.644706389523e+05,7.644706362720e+05,2.680290141143e-03
2.949477247403e-03,7.645692416866e+05,7.645692390014e+05,2.685171784833e-03
2.949094248150e-03,7.646678442445e+05,7.646678415544e+05,2.690043416806e-03
2.948711348351e-03,7.647664466261e+05,7.647664439312e+05,2.694908529520e-03
2.948328547968e-03,7.648650488314e+05,7.648650461316e+05,2.699762466364e-03
2.947945846963e-03,7.649636508604e+05,7.649636481558e+05,2.704611513764e-03
2.947563245295e-03,7.650622527131e+05,7.650622500036e+05,2.709448919632e-03
2.947180742928e-03,7.651608543895e+05,7.651608516752e+05,2.714280737564e-03
2.946798339821e-03,7.652594558895e+05,7.652594531704e+05,2.719101496041e-03
2.946416035937e-03,7.653580572133e+05,7.653580544894e+05,2.723916200921e-03
2.946033831236e-03,7.654566583608e+05,7.654566556321e+05,2.728721941821e-03
2.945651725681e-03,7.655552593320e+05,7.655552565985e+05,2.733516739681e-03
2.945269719232e-03,7.656538601268e+05,7.656538573885e+05,2.738307695836e-03
2.944887811852e-03,7.657524607454e+05,7.657524580023e+05,2.743086661212e-03
2.944506003501e-03,7.658510611877e+05,7.658510584399e+05,2.747857011855e-03
2.944124294141e-03,7.659496614537e+05,7.659496587011e+05,2.752618514933e-03
2.943742683733e-03,7.660482615434e+05,7.660482587860e+05,2.757374430075e-03
2.943361172239e-03,7.661468614568e+05,7.661468586947e+05,2.762118936516e-03
2.942979759622e-03,7.662454611939e+05,7.662454584270e+05,2.766855293885e-03
2.942598445841e-03,7.663440607547e+05,7.663440579831e+05,2.771583851427e-03
2.942217230859e-03,7.664426601393e+05,7.664426573630e+05,2.776304492727e-03
2.941836114637e-03,7.665412593475e+05,7.665412565665e+05,2.781013841741e-03
2.941455097138e-03,7.666398583795e+05,7.666398555937e+05,2.785717835650e-03
2.941074178322e-03,7.667384572351e+05,7.667384544447e+05,2.790410420857e-03
2.940693358151e-03,7.668370559145e+05,7.668370531194e+05,2.795095555484e-03
2.940312636587e-03,7.669356544177e+05,7.669356516179e+05,2.799771144055e-03
2.939932013592e-03,7.670342527445e+05,7.670342499400e+05,2.804437070154e-03
2.939551489128e-03,7.671328508950e+05,7.671328480859e+05,2.809096011333e-03
2.939171063155e-03,7.672314488693e+05,7.672314460556e+05,2.813746104948e-03
2.938790735637e-03,7.673300466673e+05,7.673300438489e+05,2.818388049491e-03
2.938410506534e-03,7.674286442890e+05,7.674286414660e+05,2.823017886840e-03
2.938030375809e-03,7.675272417345e+05,7.675272389069e+05,2.827642369084e-03
2.937650343423e-03,7.676258390037e+05,7.676258361714e+05,2.832254627720e-03
2.937270409338e-03,7.677244360966e+05,7.677244332597e+05,2.836861414835e-03
2.936890573516e-03,7.678230330132e+05,7.678230301718e+05,2.841456560418e-03
2.936510835919e-03,7.679216297536e+05,7.679216269076e+05,2.846044953912e-03
2.936131196509e-03,7.680202263177e+05,7.680202234671e+05,2.850621938705e-03
2.935751655248e-03,7.681188227056e+05,7.681188198504e+05,2.855192404240e-03
2.935372212098e-03,7.682174189171e+05,7.682174160574e+05,2.859752043150e-03
2.934992867020e-03,7.683160149525e+05,7.683160120882e+05,2.864303067327e-03
2.934613619977e-03,7.684146108115e+05,7.684146079427e+05,2.868845011108e-03
2.934234470930e-03,7.685132064943e+05,7.685132036209e+05,2.873378456570e-03
2.933855419842e-03,7.686118020008e+05,7.686117991229e+05,2.877903752960e-03
2.933476466675e-03,7.687103973311e+05,7.687103944487e+05,2.882418688387e-03
2.933097611391e-03,7.688089924851e+05,7.688089895982e+05,2.886922797188e-03
2.932718853951e-03,7.689075874629e+05,7.689075845715e+05,2.891421550885e-03
2.932340194319e-03,7.690061822644e+05,7.690061793685e+05,2.895909594372e-03
2.931961632455e-03,7.691047768897e+05,7.691047739893e+05,2.900386345573e-03
2.931583168323e-03,7.692033713387e+05,7.692033684339e+05,2.904854714870e-03
2.931204801884e-03,7.693019656115e+05,7.693019627022e+05,2.909316448495e-03
2.930826533101e-03,7.694005597080e+05,7.694005567942e+05,2.913764910772e-03
2.930448361935e-03,7.694991536283e+05,7.694991507101e+05,2.918206271715e-03
2.930070288350e-03,7.695977473723e+05,7.695977444497e+05,2.922639600001e-03
2.929692312306e-03,7.696963409401e+05,7.696963380130e+05,2.927062218077e-03
2.929314433768e-03,7.697949343316e+05,7.697949314001e+05,2.931474708021e-03
2.928936652695e-03,7.698935275469e+05,7.698935246110e+05,2.935879514553e-03
2.928558969052e-03,7.699921205860e+05,7.699921176457e+05,2.940273960121e-03
2.928181382800e-03,7.700907134488e+05,7.700907105041e+05,2.944659092464e-03
2.927803893902e-03,7.701893061354e+05,7.701893031863e+05,2.949035726488e-03
2.927426502320e-03,7.702878986457e+05,7.702878956923e+05,2.953403629363e-03
2.927049208017e-03,7.703864909798e+05,7.703864880221e+05,2.957760705613e-03
2.926672010954e-03,7.704850831377e+05,7.704850801756e+05,2.962107886560e-03
2.926294911094e-03,7.705836751194e+05,7.705836721529e+05,2.966445870697e-03
2.925917908400e-03,7.706822669248e+05,7.706822639540e+05,2.970775705762e-03
2.925541002834e-03,7.707808585540e+05,7.707808555789e+05,2.975094597787e-03
2.925164194359e-03,7.708794500070e+05,7.708794470276e+05,2.979404060170e-03
2.924787482936e-03,7.709780412837e+05,7.709780383000e+05,2.983703278005e-03
2.924410868529e-03,7.710766323842e+05,7.710766293962e+05,2.987995510921e-03
2.924034351101e-03,7.711752233085e+05,7.711752203162e+05,2.992274938151e-03
2.923657930613e-03,7.712738140566e+05,7.712738110600e+05,2.996546449140e-03
2.923281607028e-03,7.713724046284e+05,7.713724016276e+05,3.000807482749e-03
2.922905380309e-03,7.714709950240e+05,7.714709920190e+05,3.005060018040e-03
2.922529250418e-03,7.715695852434e+05,7.715695822341e+05,3.009302308783e-03
2.922153217319e-03,7.716681752866e+05,7.716681722731e+05,3.013535751961e-03
2.921777280973e-03,7.717667651536e+05,7.717667621359e+05,3.017759532668e-03
2.921401441343e-03,7.718653548444e+05,7.718653518224e+05,3.021972137503e-03
2.921025698392e-03,7.719639443589e+05,7.719639413328e+05,3.026174730621e-03
2.920650052083e-03,7.720625336973e+05,7.720625306669e+05,3.030368126929e-03
2.920274502379e-03,7.721611228594e+05,7.721611198248e+05,3.034553839825e-03
2.919899049241e-03,7.722597118453e+05,7.722597088066e+05,3.038727096282e-03
2.919523692634e-03,7.723583006550e+05,7.723582976121e+05,3.042890923098e-03
2.919148432519e-03,7.724568892885e+05,7.724568862415e+05,3.047046484426e-03
2.918773268860e-03,7.725554777458e+05,7.725554746946e+05,3.051189472899e-03
2.918398201619e-03,7.726540660269e+05,7.726540629716e+05,3.055325709283e-03
2.918023230759e-03,7.727526541318e+05,7.727526510724e+05,3.059451468289e-03
2.917648356244e-03,7.728512420605e+05,7.728512389970e+05,3.063567099161e-03
2.917273578035e-03,7.729498298130e+05,7.729498267453e+05,3.067670390010e-03
2.916898896096e-03,7.730484173893e+05,7.730484143176e+05,3.071766579524e-03
2.916524310389e-03,7.731470047894e+05,7.731470017136e+05,3.075850894675e-03
2.916149820878e-03,7.732455920133e+05,7.732455889334e+05,3.079925314523e-03
2.915775427526e-03,7.733441790610e+05,7.733441759770e+05,3.083991585299e-03
2.915401130295e-03,7.734427659326e+05,7.734427628445e+05,3.088046913035e-03
2.915026929149e-03,7.735413526279e+05,7.735413495358e+05,3.092091996223e-03
2.914652824050e-03,7.736399391470e+05,7.736399360509e+05,3.096126951277e-03
2.914278814962e-03,7.737385254900e+05,7.737385223898e+05,3.100150497630e-03
2.913904901848e-03,7.738371116567e+05,7.738371085526e+05,3.104165312834e-03
2.913531084670e-03,7.739356976473e+05,7.739356945391e+05,3.108171047643e-03
2.913157363391e-03,7.740342834617e+05,7.740342803495e+05,3.112164791673e-03
2.912783737976e-03,7.741328690999e+05,7.741328659838e+05,3.116148873232e-03
2.912410208387e-03,7.742314545619e+05,7.742314514418e+05,3.120125853457e-03
2.912036774586e-03,7.743300398478e+05,7.743300367237e+05,3.124089445919e-03
2.911663436538e-03,7.744286249575e+05,7.744286218294e+05,3.128042211756e-03
2.911290194206e-03,7.745272098910e+05,7.745272067590e+05,3.131985664368e-03
2.910917047552e-03,7.746257946483e+05,7.746257915123e+05,3.135919105262e-03
2.910543996540e-03,7.747243792294e+05,7.747243760896e+05,3.139842534438e-03
2.910171041133e-03,7.748229636344e+05,7.748229604906e+05,3.143754904158e-03
2.909798181294e-03,7.749215478632e+05,7.749215447155e+05,3.147657727823e-03
2.909425416987e-03,7.750201319158e+05,7.750201287642e+05,3.151548793539e-03
2.909052748175e-03,7.751187157922e+05,7.751187126368e+05,3.155431244522e-03
2.908680174821e-03,7.752172994925e+05,7.752172963332e+05,3.159304033034e-03
2.908307696888e-03,7.753158830166e+05,7.753158798535e+05,3.163165529259e-03
2.907935314341e-03,7.754144663646e+05,7.754144631976e+05,3.167015383951e-03
2.907563027141e-03,7.755130495364e+05,7.755130463655e+05,3.170855576172e-03
2.907190835253e-03,7.756116325320e+05,7.756116293573e+05,3.174685873091e-03
2.906818738641e-03,7.757102153515e+05,7.757102121730e+05,3.178505692631e-03
2.906446737266e-03,7.758087979948e+05,7.758087948125e+05,3.182311891578e-03
2.906074831094e-03,7.759073804619e+05,7.759073772758e+05,3.186111804098e-03
2.905703020087e-03,7.760059627529e+05,7.760059595630e+05,3.189899260178e-03
2.905331304209e-03,7.761045448677e+05,7.761045416740e+05,3.193677985109e-03
2.904959683423e-03,7.762031268064e+05,7.762031236090e+05,3.197443787940e-03
2.904588157693e-03,7.763017085689e+05,7.763017053677e+05,3.201200626791e-03
2.904216726982e-03,7.764002901553e+05,7.764002869503e+05,3.204947104678e-03
2.903845391254e-03,7.764988715655e+05,7.764988683568e+05,3.208682057448e-03
2.903474150473e-03,7.765974527996e+05,7.765974495872e+05,3.212404320948e-03
2.903103004602e-03,7.766960338575e+05,7.766960306414e+05,3.216118435375e-03
2.902731953604e-03,7.767946147393e+05,7.767946115194e+05,3.219821141101e-03
2.902360997444e-03,7.768931954449e+05,7.768931922214e+05,3.223515697755e-03
2.901990136085e-03,7.769917759744e+05,7.769917727472e+05,3.227194771171e-03
2.901619369490e-03,7.770903563277e+05,7.770903530968e+05,3.230869304389e-03
2.901248697624e-03,7.771889365049e+05,7.771889332704e+05,3.234526724555e-03
2.900878120450e-03,7.772875165060e+05,7.772875132678e+05,3.238177625462e-03
2.900507637931e-03,7.773860963309e+05,7.773860930891e+05,3.241815604270e-03
2.900137250032e-03,7.774846759797e+05,7.774846727342e+05,3.245443222113e-03
2.899766956716e-03,7.775832554523e+05,7.775832522033e+05,3.249063389376e-03
2.899396757947e-03,7.776818347488e+05,7.776818314962e+05,3.252669237554e-03
2.899026653689e-03,7.777804138692e+05,7.777804106129e+05,3.256264375523e-03
2.898656643906e-03,7.778789928135e+05,7.778789895536e+05,3.259847988375e-03
2.898286728560e-03,7.779775715816e+05,7.779775683181e+05,3.263421938755e-03
2.897916907618e-03,7.780761501736e+05,7.780761469066e+05,3.266984713264e-03
2.897547181041e-03,7.781747285894e+05,7.781747253189e+05,3.270536777563e-03
2.897177548794e-03,7.782733068291e+05,7.782733035551e+05,3.274079295807e-03
2.896808010842e-03,7.783718848928e+05,7.783718816151e+05,3.277610172518e-03
2.896438567147e-03,7.784704627802e+05,7.784704594991e+05,3.281129407696e-03
2.896069217674e-03,7.785690404916e+05,7.785690372070e+05,3.284635837190e-03
2.895699962387e-03,7.786676180268e+05,7.786676147387e+05,3.288133535534e-03
2.895330801249e-03,7.787661953859e+05,7.787661920943e+05,3.291618544608e-03
2.894961734226e-03,7.788647725689e+05,7.788647692739e+05,3.295094822533e-03
2.894592761280e-03,7.789633495758e+05,7.789633462773e+05,3.298558411188e-03
2.894223882375e-03,7.790619264066e+05,7.790619231046e+05,3.302011988126e-03
2.893855097477e-03,7.791605030612e+05,7.791604997558e+05,3.305453457870e-03
2.893486406549e-03,7.792590795398e+05,7.792590762309e+05,3.308883635327e-03
2.893117809554e-03,7.793576558422e+05,7.793576525299e+05,3.312304383144e-03
2.892749306458e-03,7.794562319685e+05,7.794562286528e+05,3.315714187920e-03
2.892380897224e-03,7.795548079187e+05,7.795548045996e+05,3.319111419842e-03
2.892012581816e-03,7.796533836928e+05,7.796533803703e+05,3.322498057969e-03
2.891644360199e-03,7.797519592908e+05,7.797519559650e+05,3.325870609842e-03
2.891276232336e-03,7.798505347127e+05,7.798505313835e+05,3.329235129058e-03
2.890908198192e-03,7.799491099585e+05,7.799491066259e+05,3.332586842589e-03
2.890540257732e-03,7.800476850282e+05,7.800476816922e+05,3.335929824971e-03
2.890172410919e-03,7.801462599218e+05,7.801462565825e+05,3.339260234497e-03
2.889804657717e-03,7.802448346392e+05,7.802448312967e+05,3.342579817399e-03
2.889436998092e-03,7.803434091806e+05,7.803434058347e+05,3.345885314047e-03
2.889069432006e-03,7.804419835459e+05,7.804419801967e+05,3.349183010869e-03
2.888701959425e-03,7.805405577351e+05,7.805405543826e+05,3.352466272190e-03
2.888334580313e-03,7.806391317482e+05,7.806391283924e+05,3.355741384439e-03
2.887967294634e-03,7.807377055852e+05,7.807377022262e+05,3.359001711942e-03
2.887600102352e-03,7.808362792461e+05,7.808362758838e+05,3.362252144143e-03
2.887233003432e-03,7.809348527309e+05,7.809348493654e+05,3.365491167642e-03
2.886865997839e-03,7.810334260396e+05,7.810334226709e+05,3.368719015270e-03
2.886499085536e-03,7.811319991723e+05,7.811319958003e+05,3.371936501935e-03
2.886132266489e-03,7.812305721288e+05,7.812305687537e+05,3.375140717253e-03
2.885765540661e-03,7.813291449093e+05,7.813291415310e+05,3.378336201422e-03
2.885398908017e-03,7.814277175137e+05,7.814277141322e+05,3.381517133676e-03
2.885032368521e-03,7.815262899420e+05,7.815262865573e+05,3.384687355720e-03
2.884665922139e-03,7.816248621942e+05,7.816248588064e+05,3.387848031707e-03
2.884299568834e-03,7.817234342704e+05,7.817234308794e+05,3.390994737856e-03
2.883933308571e-03,7.818220061704e+05,7.818220027763e+05,3.394130268134e-03
2.883567141315e-03,7.819205778944e+05,7.819205744972e+05,3.397254506126e-03
2.883201067031e-03,7.820191494423e+05,7.820191460420e+05,3.400365705602e-03
2.882835085682e-03,7.821177208142e+05,7.821177174107e+05,3.403466660529e-03
2.882469197233e-03,7.822162920099e+05,7.822162886034e+05,3.406556905247e-03
2.882103401650e-03,7.823148630296e+05,7.823148596200e+05,3.409636206925e-03
2.881737698896e-03,7.824134338733e+05,7.824134304606e+05,3.412702004425e-03
2.881372088937e-03,7.825120045408e+05,7.825120011251e+05,3.415755927563e-03
2.881006571737e-03,7.826105750323e+05,7.826105716135e+05,3.418798441999e-03
2.880641147260e-03,7.827091453477e+05,7.827091419259e+05,3.421828034334e-03
2.880275815472e-03,7.828077154871e+05,7.828077120622e+05,3.424849011935e-03
2.879910576338e-03,7.829062854504e+05,7.829062820225e+05,3.427854855545e-03
2.879545429821e-03,7.830048552376e+05,7.830048518068e+05,3.430850803852e-03
2.879180375887e-03,7.831034248488e+05,7.831034214150e+05,3.433834179305e-03
2.878815414501e-03,7.832019942839e+05,7.832019908471e+05,3.436806029640e-03
2.878450545627e-03,7.833005635429e+05,7.833005601032e+05,3.439769498073e-03
2.878085769231e-03,7.833991326259e+05,7.833991291832e+05,3.442716668360e-03
2.877721085276e-03,7.834977015329e+05,7.834976980872e+05,3.445653361268e-03
2.877356493729e-03,7.835962702638e+05,7.835962668152e+05,3.448578063399e-03
2.876991994553e-03,7.836948388186e+05,7.836948353671e+05,3.451489377767e-03
2.876627587714e-03,7.837934071974e+05,7.837934037430e+05,3.454390214756e-03
2.876263273176e-03,7.838919754001e+05,7.838919719428e+05,3.457279992290e-03
2.875899050905e-03,7.839905434268e+05,7.839905399666e+05,3.460158361122e-03
2.875534920866e-03,7.840891112774e+05,7.840891078144e+05,3.463022294454e-03
2.875170883023e-03,7.841876789520e+05,7.841876754862e+05,3.465877147391e-03
2.874806937342e-03,7.842862464506e+05,7.842862429819e+05,3.468715935014e-03
2.874443083787e-03,7.843848137731e+05,7.843848103015e+05,3.471545525827e-03
2.874079322323e-03,7.844833809195e+05,7.844833774452e+05,3.474363009445e-03
2.873715652917e-03,7.845819478900e+05,7.845819444128e+05,3.477167570964e-03
2.873352075531e-03,7.846805146843e+05,7.846805112044e+05,3.479961771518e-03
2.872988590133e-03,7.847790813027e+05,7.847790778199e+05,3.482742817141e-03
2.872625196686e-03,7.848776477450e+05,7.848776442595e+05,3.485510242172e-03
2.872261895156e-03,7.849762140113e+05,7.849762105230e+05,3.488267189823e-03
2.871898685508e-03,7.850747801015e+05,7.850747766105e+05,3.491013194434e-03
2.871535567708e-03,7.851733460157e+05,7.851733425220e+05,3.493743832223e-03
2.871172541719e-03,7.852719117539e+05,7.852719082574e+05,3.496464341879e-03
2.870809607509e-03,7.853704773160e+05,7.853704738168e+05,3.499173210002e-03
2.870446765040e-03,7.854690427021e+05,7.854690392003e+05,3.501867642626e-03
2.870084014280e-03,7.855676079122e+05,7.855676044077e+05,3.504553460516e-03
2.869721355193e-03,7.856661729463e+05,7.856661694391e+05,3.507225192152e-03
2.869358787745e-03,7.857647378043e+05,7.857647342944e+05,3.509884118102e-03
2.868996311900e-03,7.858633024863e+05,7.858632989738e+05,3.512530471198e-03
2.868633927624e-03,7.859618669923e+05,7.859618634772e+05,3.515165997669e-03
2.868271634883e-03,7.860604313223e+05,7.860604278045e+05,3.517789649777e-03
2.867909433641e-03,7.861589954763e+05,7.861589919559e+05,3.520397585817e-03
2.867547323864e-03,7.862575594542e+05,7.862575559312e+05,3.522997489199e-03
2.867185305517e-03,7.863561232561e+05,7.863561197305e+05,3.525581443682e-03
2.866823378566e-03,7.864546868820e+05,7.864546833539e+05,3.528155386448e-03
2.866461542976e-03,7.865532503319e+05,7.865532468012e+05,3.530713729560e-03
2.866099798713e-03,7.866518136058e+05,7.866518100725e+05,3.533263690770e-03
2.865738145741e-03,7.867503767036e+05,7.867503731678e+05,3.535798401572e-03
2.865376584027e-03,7.868489396255e+05,7.868489360872e+05,3.538323100656e-03
2.865015113536e-03,7.869475023714e+05,7.869474988305e+05,3.540835576132e-03
2.864653734233e-03,7.870460649412e+05,7.870460613979e+05,3.543333499692e-03
2.864292446084e-03,7.871446273350e+05,7.871446237892e+05,3.545817802660e-03
2.863931249054e-03,7.872431895529e+05,7.872431860046e+05,3.548291628249e-03
2.863570143109e-03,7.873417515947e+05,7.873417480439e+05,3.550754394382e-03
2.863209128215e-03,7.874403134605e+05,7.874403099073e+05,3.553204121999e-03
2.862848204336e-03,7.875388751503e+05,7.875388715947e+05,3.555639763363e-03
2.862487371439e-03,7.876374366642e+05,7.876374331061e+05,3.558061434887e-03
2.862126629490e-03,7.877359980020e+05,7.877359944415e+05,3.560472512618e-03
2.861765978453e-03,7.878345591638e+05,7.878345556010e+05,3.562871948816e-03
2.861405418294e-03,7.879331201497e+05,7.879331165844e+05,3.565259510651e-03
2.861044948980e-03,7.880316809595e+05,7.880316773919e+05,3.567630890757e-03
2.860684570475e-03,7.881302415934e+05,7.881302380234e+05,3.569991211407e-03
2.860324282746e-03,7.882288020512e+05,7.882287984789e+05,3.572338726372e-03
2.859964085757e-03,7.883273623331e+05,7.883273587584e+05,3.574674832635e-03
2.859603979476e-03,7.884259224390e+05,7.884259188620e+05,3.576997085474e-03
2.859243963868e-03,7.885244823689e+05,7.885244787896e+05,3.579308278859e-03
2.858884038897e-03,7.886230421228e+05,7.886230385412e+05,3.581604221836e-03
2.858524204531e-03,7.887216017007e+05,7.887215981168e+05,3.583888988942e-03
2.858164460735e-03,7.888201611027e+05,7.888201575165e+05,3.586160950363e-03
2.857804807475e-03,7.889187203286e+05,7.889187167402e+05,3.588420455344e-03
2.857445244716e-03,7.890172793786e+05,7.890172757879e+05,3.590666339733e-03
2.857085772424e-03,7.891158382526e+05,7.891158346597e+05,3.592898603529e-03
2.856726390566e-03,7.892143969506e+05,7.892143933555e+05,3.595121903345e-03
2.856367099107e-03,7.893129554727e+05,7.893129518754e+05,3.597327857278e-03
2.856007898013e-03,7.894115138188e+05,7.894115102192e+05,3.599524265155e-03
2.855648787250e-03,7.895100719889e+05,7.895100683872e+05,3.601705073379e-03
2.855289766784e-03,7.896086299830e+05,7.896086263791e+05,3.603875171393e-03
2.854930836581e-03,7.897071878012e+05,7.897071841951e+05,3.606031765230e-03
2.854571996606e-03,7.898057454434e+05,7.898057418352e+05,3.608173225075e-03
2.854213246827e-03,7.899043029096e+05,7.899042992993e+05,3.610304556787e-03
2.853854587208e-03,7.900028601998e+05,7.900028565874e+05,3.612422849983e-03
2.853496017716e-03,7.901014173141e+05,7.901014136996e+05,3.614527289756e-03
2.853137538317e-03,7.901999742525e+05,7.901999706358e+05,3.616619622335e-03
2.852779148976e-03,7.902985310148e+05,7.902985273961e+05,3.618699149229e-03
2.852420849661e-03,7.903970876012e+05,7.903970839805e+05,3.620764240623e-03
2.852062640337e-03,7.904956440117e+05,7.904956403888e+05,3.622817806900e-03
2.851704520969e-03,7.905942002461e+05,7.905941966213e+05,3.624857054092e-03
2.851346491525e-03,7.906927563047e+05,7.906927526778e+05,3.626883146353e-03
2.850988551971e-03,7.907913121872e+05,7.907913085583e+05,3.628899110481e-03
2.850630702272e-03,7.908898678939e+05,7.908898642630e+05,3.630898892879e-03
2.850272942395e-03,7.909884234245e+05,7.909884197916e+05,3.632886917330e-03
2.849915272305e-03,7.910869787792e+05,7.910869751444e+05,3.634859807789e-03
2.849557691970e-03,7.911855339580e+05,7.911855303212e+05,3.636822919361e-03
2.849200201355e-03,7.912840889608e+05,7.912840853220e+05,3.638770314865e-03
2.848842800426e-03,7.913826437877e+05,7.913826401470e+05,3.640704322606e-03
2.848485489151e-03,7.914811984386e+05,7.914811947960e+05,3.642626455985e-03
2.848128267494e-03,7.915797529136e+05,7.915797492690e+05,3.644537180662e-03
2.847771135423e-03,7.916783072126e+05,7.916783035662e+05,3.646432305686e-03
2.847414092904e-03,7.917768613357e+05,7.917768576874e+05,3.648313810118e-03
2.847057139902e-03,7.918754152828e+05,7.918754116326e+05,3.650183905847e-03
2.846700276385e-03,7.919739690540e+05,7.919739654020e+05,3.652040031739e-03
2.846343502319e-03,7.920725226493e+05,7.920725189954e+05,3.653883817606e-03
2.845986817669e-03,7.921710760686e+05,7.921710724129e+05,3.655711305328e-03
2.845630222403e-03,7.922696293120e+05,7.922696256545e+05,3.657529246993e-03
2.845273716487e-03,7.923681823795e+05,7.923681787201e+05,3.659332287498e-03
2.844917299887e-03,7.924667352710e+05,7.924667316099e+05,3.661120310426e-03
2.844560972570e-03,7.925652879866e+05,7.925652843237e+05,3.662897506729e-03
2.844204734502e-03,7.926638405263e+05,7.926638368616e+05,3.664659801871e-03
2.843848585650e-03,7.927623928900e+05,7.927623892236e+05,3.666410455480e-03
2.843492525980e-03,7.928609450778e+05,7.928609414097e+05,3.668147255667e-03
2.843136555458e-03,7.929594970897e+05,7.929594934198e+05,3.669869969599e-03
2.842780674052e-03,7.930580489256e+05,7.930580452541e+05,3.671578248031e-03
2.842424881727e-03,7.931566005857e+05,7.931565969124e+05,3.673275816254e-03
2.842069178451e-03,7.932551520698e+05,7.932551483948e+05,3.674958483316e-03
2.841713564189e-03,7.933537033780e+05,7.933536997013e+05,3.676626947708e-03
2.841358038909e-03,7.934522545102e+05,7.934522508320e+05,3.678281325847e-03
2.841002602577e-03,7.935508054666e+05,7.935508017867e+05,3.679924178869e-03
2.840647255159e-03,7.936493562470e+05,7.936493525655e+05,3.681553178467e-03
2.840291996623e-03,7.937479068515e+05,7.937479031684e+05,3.683169255964e-03
2.839936826935e-03,7.938464572802e+05,7.938464535954e+05,3.684771014377e-03
2.839581746062e-03,7.939450075328e+05,7.939450038465e+05,3.686358220875e-03
2.839226753969e-03,7.940435576096e+05,7.940435539217e+05,3.687936579809e-03
2.838871850625e-03,7.941421075105e+05,7.941421038210e+05,3.689496661536e-03
2.838517035996e-03,7.942406572355e+05,7.942406535444e+05,3.691044053994e-03
2.838162310047e-03,7.943392067845e+05,7.943392030919e+05,3.692579106428e-03
2.837807672748e-03,7.944377561577e+05,7.944377524636e+05,3.694098908454e-03
2.837453124063e-03,7.945363053549e+05,7.945363016593e+05,3.695606254041e-03
2.837098663960e-03,7.946348543762e+05,7.946348506791e+05,3.697097767144e-03
2.836744292406e-03,7.947334032217e+05,7.947333995231e+05,3.698577405885e-03
2.836390009367e-03,7.948319518912e+05,7.948319481912e+05,3.700044238940e-03
2.836035814810e-03,7.949305003849e+05,7.949304966834e+05,3.701498149894e-03
2.835681708703e-03,7.950290487026e+05,7.950290449997e+05,3.702937159687e-03
2.835327691011e-03,7.951275968444e+05,7.951275931401e+05,3.704363130964e-03
2.834973761703e-03,7.952261448104e+05,7.952261411046e+05,3.705774084665e-03
2.834619920744e-03,7.953246926004e+05,7.953246888933e+05,3.707169438712e-03
2.834266168102e-03,7.954232402146e+05,7.954232365060e+05,3.708553384058e-03
2.833912503743e-03,7.955217876529e+05,7.955217839429e+05,3.709925804287e-03
2.833558927636e-03,7.956203349152e+05,7.956203312040e+05,3.711280645803e-03
2.833205439746e-03,7.957188820017e+05,7.957188782891e+05,3.712624660693e-03
2.832852040040e-03,7.958174289123e+05,7.958174251984e+05,3.713952377439e-03
2.832498728486e-03,7.959159756470e+05,7.959159719318e+05,3.715269383974e-03
2.832145505051e-03,7.960145222059e+05,7.960145184893e+05,3.716568346135e-03
2.831792369701e-03,7.961130685888e+05,7.961130648710e+05,3.717858111486e-03
2.831439322404e-03,7.962116147959e+05,7.962116110768e+05,3.719130530953e-03
2.831086363126e-03,7.963101608271e+05,7.963101571067e+05,3.720390726812e-03
2.830733491836e-03,7.964087066824e+05,7.964087029608e+05,3.721636370756e-03
2.830380708499e-03,7.965072523618e+05,7.965072486389e+05,3.722868394107e-03
2.830028013084e-03,7.966057978654e+05,7.966057941413e+05,3.724087146111e-03
2.829675405557e-03,7.967043431930e+05,7.967043394678e+05,3.725291928276e-03
2.829322885885e-03,7.968028883448e+05,7.968028846184e+05,3.726482740603e-03
2.828970454036e-03,7.969014333208e+05,7.969014295931e+05,3.727656789124e-03
2.828618109976e-03,7.969999781208e+05,7.969999743920e+05,3.728822222911e-03
2.828265853674e-03,7.970985227450e+05,7.970985190151e+05,3.729968098924e-03
2.827913685095e-03,7.971970671933e+05,7.971970634622e+05,3.731105593033e-03
2.827561604208e-03,7.972956114658e+05,7.972956077336e+05,3.732225974090e-03
2.827209610980e-03,7.973941555624e+05,7.973941518291e+05,3.733331919648e-03
2.826857705377e-03,7.974926994831e+05,7.974926957487e+05,3.734424477443e-03
2.826505887368e-03,7.975912432280e+05,7.975912394925e+05,3.735503763892e-03
2.826154156919e-03,7.976897867970e+05,7.976897830604e+05,3.736566053703e-03
2.825802513998e-03,7.977883301901e+05,7.977883264525e+05,3.737617516890e-03
2.825450958572e-03,7.978868734074e+05,7.978868696687e+05,3.738652798347e-03
2.825099490608e-03,7.979854164488e+05,7.979854127091e+05,3.739675506949e-03
2.824748110075e-03,7.980839593144e+05,7.980839555737e+05,3.740685759112e-03
2.824396816938e-03,7.981825020041e+05,7.981824982624e+05,3.741678665392e-03
2.824045611166e-03,7.982810445179e+05,7.982810407753e+05,3.742659697309e-03
2.823694492727e-03,7.983795868559e+05,7.983795831123e+05,3.743623616174e-03
2.823343461586e-03,7.984781290181e+05,7.984781252735e+05,3.744578105398e-03
2.822992517713e-03,7.985766710044e+05,7.985766672589e+05,3.745512687601e-03
2.822641661074e-03,7.986752128149e+05,7.986752090684e+05,3.746436326765e-03
2.822290891637e-03,7.987737544495e+05,7.987737507021e+05,3.747345879674e-03
2.821940209369e-03,7.988722959082e+05,7.988722921600e+05,3.748242743313e-03
2.821589614238e-03,7.989708371911e+05,7.989708334420e+05,3.749122144654e-03
2.821239106211e-03,7.990693782982e+05,7.990693745482e+05,3.749989671633e-03
2.820888685256e-03,7.991679192295e+05,7.991679154786e+05,3.750842879526e-03
2.820538351341e-03,7.992664599849e+05,7.992664562332e+05,3.751680371352e-03
2.820188104433e-03,7.993650005644e+05,7.993649968119e+05,3.752504242584e-03
2.819837944500e-03,7.994635409681e+05,7.994635372148e+05,3.753315308131e-03
2.819487871508e-03,7.995620811960e+05,7.995620774419e+05,3.754109842703e-03
2.819137885427e-03,7.996606212480e+05,7.996606174932e+05,3.754891222343e-03
2.818787986223e-03,7.997591611243e+05,7.997591573686e+05,3.755658050068e-03
2.818438173864e-03,7.998577008246e+05,7.998576970682e+05,3.756410325877e-03
2.818088448319e-03,7.999562403492e+05,7.999562365920e+05,3.757149213925e-03
2.817738809553e-03,8.000547796979e+05,8.000547759400e+05,3.757872735150e-03
2.817389257536e-03,8.001533188708e+05,8.001533151122e+05,3.758582985029e-03
2.817039792235e-03,8.002518578679e+05,8.002518541086e+05,3.759278217331e-03
2.816690413618e-03,8.003503966891e+05,8.003503929291e+05,3.759958432056e-03
2.816341121652e-03,8.004489353345e+05,8.004489315739e+05,3.760626073927e-03
2.815991916305e-03,8.005474738041e+05,8.005474700428e+05,3.761276369914e-03
2.815642797545e-03,8.006460120979e+05,8.006460083360e+05,3.761914209463e-03
2.815293765340e-03,8.007445502158e+05,8.007445464533e+05,3.762535750866e-03
2.814944819658e-03,8.008430881580e+05,8.008430843948e+05,3.763146814890e-03
2.814595960466e-03,8.009416259243e+05,8.009416221605e+05,3.763740649447e-03
2.814247187732e-03,8.010401635148e+05,8.010401597505e+05,3.764319815673e-03
2.813898501425e-03,8.011387009295e+05,8.011386971646e+05,3.764885012060e-03
2.813549901511e-03,8.012372381683e+05,8.012372344029e+05,3.765437519178e-03
2.813201387960e-03,8.013357752314e+05,8.013357714654e+05,3.765974077396e-03
2.812852960738e-03,8.014343121186e+05,8.014343083521e+05,3.766494803131e-03
2.812504619814e-03,8.015328488301e+05,8.015328450631e+05,3.767001908273e-03
2.812156365156e-03,8.016313853657e+05,8.016313815982e+05,3.767496556975e-03
2.811808196731e-03,8.017299217255e+05,8.017299179576e+05,3.767973626964e-03
2.811460114509e-03,8.018284579095e+05,8.018284541411e+05,3.768437425606e-03
2.811112118455e-03,8.019269939178e+05,8.019269901489e+05,3.768885391764e-03
2.810764208540e-03,8.020255297502e+05,8.020255259809e+05,3.769320319407e-03
2.810416384730e-03,8.021240654068e+05,8.021240616370e+05,3.769740113057e-03
2.810068646993e-03,8.022226008876e+05,8.022225971174e+05,3.770147101022e-03
2.809720995299e-03,8.023211361926e+05,8.023211324221e+05,3.770536277443e-03
2.809373429614e-03,8.024196713218e+05,8.024196675509e+05,3.770913579501e-03
2.809025949907e-03,8.025182062752e+05,8.025182025040e+05,3.771274234168e-03
2.808678556146e-03,8.026167410529e+05,8.026167372812e+05,3.771623480134e-03
2.808331248300e-03,8.027152756547e+05,8.027152718827e+05,3.771955030970e-03
2.807984026335e-03,8.028138100807e+05,8.028138063085e+05,3.772272146307e-03
2.807636890221e-03,8.029123443310e+05,8.029123405584e+05,3.772576223128e-03
2.807289839926e-03,8.030108784054e+05,8.030108746326e+05,3.772863070481e-03
2.806942875417e-03,8.031094123041e+05,8.031094085310e+05,3.773136762902e-03
2.806595996663e-03,8.032079460270e+05,8.032079422536e+05,3.773395903409e-03
2.806249203633e-03,8.033064795741e+05,8.033064758005e+05,3.773640375584e-03
2.805902496294e-03,8.034050129454e+05,8.034050091715e+05,3.773869946599e-03
2.805555874614e-03,8.035035461410e+05,8.035035423669e+05,3.774084732868e-03
2.805209338562e-03,8.036020791607e+05,8.036020753864e+05,3.774283803068e-03
2.804862888107e-03,8.037006120047e+05,8.037006082302e+05,3.774470649660e-03
2.804516523216e-03,8.037991446729e+05,8.037991408982e+05,3.774640266784e-03
2.804170243857e-03,8.038976771653e+05,8.038976733905e+05,3.774796728976e-03
2.803824050000e-03,8.039962094819e+05,8.039962057070e+05,3.774936427362e-03
2.803477941612e-03,8.040947416228e+05,8.040947378477e+05,3.775063669309e-03
2.803131918662e-03,8.041932735879e+05,8.041932698127e+05,3.775174380280e-03
2.802785981118e-03,8.042918053772e+05,8.042918016019e+05,3.775269142352e-03
2.802440128949e-03,8.043903369908e+05,8.043903332154e+05,3.775352844968e-03
2.802094362122e-03,8.044888684286e+05,8.044888646531e+05,3.775419085287e-03
2.801748680607e-03,8.045873996906e+05,8.045873959151e+05,3.775470424443e-03
2.801403084372e-03,8.046859307768e+05,8.046859270013e+05,3.775506629609e-03
2.801057573384e-03,8.047844616873e+05,8.047844579118e+05,3.775528748520e-03
2.800712147614e-03,8.048829924220e+05,8.048829886465e+05,3.775535500608e-03
2.800366807028e-03,8.049815229810e+05,8.049815192055e+05,3.775529330596e-03
2.800021551597e-03,8.050800533642e+05,8.050800495887e+05,3.775507444516e-03
2.799676381287e-03,8.051785835716e+05,8.051785797962e+05,3.775467863306e-03
2.799331296068e-03,8.052771136033e+05,8.052771098279e+05,3.775415825658e-03
2.798986295908e-03,8.053756434592e+05,8.053756396839e+05,3.775349934585e-03
2.798641380776e-03,8.054741731394e+05,8.054741693641e+05,3.775266464800e-03
2.798296550641e-03,8.055727026438e+05,8.055726988686e+05,3.775168675929e-03
2.797951805470e-03,8.056712319725e+05,8.056712281974e+05,3.775055985898e-03
2.797607145233e-03,8.057697611254e+05,8.057697573504e+05,3.774930839427e-03
2.797262569898e-03,8.058682901025e+05,8.058682863278e+05,3.774787066504e-03
2.796918079433e-03,8.059668189039e+05,8.059668151293e+05,3.774630255066e-03
2.796573673809e-03,8.060653475296e+05,8.060653437552e+05,3.774455864914e-03
2.796229352992e-03,8.061638759795e+05,8.061638722053e+05,3.774269134738e-03
2.795885116952e-03,8.062624042537e+05,8.062624004796e+05,3.774066222832e-03
2.795540965657e-03,8.063609323521e+05,8.063609285783e+05,3.773850388825e-03
2.795196899077e-03,8.064594602748e+05,8.064594565012e+05,3.773616976105e-03
2.794852917179e-03,8.065579880218e+05,8.065579842484e+05,3.773369127885e-03
2.794509019934e-03,8.066565155930e+05,8.066565118199e+05,3.773105912842e-03
2.794165207308e-03,8.067550429884e+05,8.067550392156e+05,3.772830124944e-03
2.793821479272e-03,8.068535702082e+05,8.068535664356e+05,3.772536059842e-03
2.793477835793e-03,8.069520972522e+05,8.069520934799e+05,3.772230469622e-03
2.793134276842e-03,8.070506241204e+05,8.070506203485e+05,3.771907649934e-03
2.792790802386e-03,8.071491508130e+05,8.071491470414e+05,3.771569929086e-03
2.792447412394e-03,8.072476773298e+05,8.072476735585e+05,3.771215444431e-03
2.792104106835e-03,8.073462036708e+05,8.073461999000e+05,3.770845243707e-03
2.791760885679e-03,8.074447298362e+05,8.074447260657e+05,3.770462586544e-03
2.791417748894e-03,8.075432558258e+05,8.075432520557e+05,3.770063398406e-03
2.791074696448e-03,8.076417816397e+05,8.076417778700e+05,3.769649774767e-03
2.790731728312e-03,8.077403072778e+05,8.077403035086e+05,3.769220318645e-03
2.790388844453e-03,8.078388327403e+05,8.078388289715e+05,3.768779453821e-03
2.790046044840e-03,8.079373580270e+05,8.079373542587e+05,3.768317750655e-03
2.789703329444e-03,8.080358831380e+05,8.080358793701e+05,3.767845104448e-03
2.789360698231e-03,8.081344080732e+05,8.081344043059e+05,3.767353831790e-03
2.789018151173e-03,8.082329328328e+05,8.082329290660e+05,3.766850568354e-03
2.788675688237e-03,8.083314574167e+05,8.083314536503e+05,3.766329260543e-03
2.788333309392e-03,8.084299818248e+05,8.084299780590e+05,3.765791771002e-03
2.787991014608e-03,8.085285060572e+05,8.085285022919e+05,3.765244036913e-03
2.787648803854e-03,8.086270301139e+05,8.086270263492e+05,3.764677443542e-03
2.787306677099e-03,8.087255539949e+05,8.087255502308e+05,3.764093969949e-03
2.786964634311e-03,8.088240777002e+05,8.088240739367e+05,3.763499087654e-03
2.786622675460e-03,8.089226012297e+05,8.089225974668e+05,3.762886626646e-03
2.786280800515e-03,8.090211245836e+05,8.090211208213e+05,3.762259730138e-03
2.785939009446e-03,8.091196477618e+05,8.091196440001e+05,3.761616651900e-03
2.785597302220e-03,8.092181707642e+05,8.092181670033e+05,3.760959720239e-03
2.785255678808e-03,8.093166935910e+05,8.093166898307e+05,3.760288702324e-03
2.784914139178e-03,8.094152162420e+05,8.094152124824e+05,3.759599872865e-03
2.784572683301e-03,8.095137387174e+05,8.095137349585e+05,3.758896258660e-03
2.784231311144e-03,8.096122610170e+05,8.096122572588e+05,3.758175880648e-03
2.783890022677e-03,8.097107831410e+05,8.097107793835e+05,3.757443162613e-03
2.783548817870e-03,8.098093050892e+05,8.098093013325e+05,3.756693331525e-03
2.783207696691e-03,8.099078268618e+05,8.099078231059e+05,3.755928599276e-03
2.782866659110e-03,8.100063484586e+05,8.100063447035e+05,3.755146986805e-03
2.782525705097e-03,8.101048698798e+05,8.101048661255e+05,3.754351055250e-03
2.782184834620e-03,8.102033911253e+05,8.102033873718e+05,3.753538243473e-03
2.781844047648e-03,8.103019121951e+05,8.103019084424e+05,3.752713790163e-03
2.781503344152e-03,8.104004330892e+05,8.104004293373e+05,3.751872573048e-03
2.781162724100e-03,8.104989538076e+05,8.104989500566e+05,3.751015639864e-03
2.780822187462e-03,8.105974743504e+05,8.105974706002e+05,3.750142408535e-03
2.780481734207e-03,8.106959947174e+05,8.106959909682e+05,3.749253810383e-03
2.780141364304e-03,8.107945149088e+05,8.107945111604e+05,3.748350543901e-03
2.779801077723e-03,8.108930349245e+05,8.108930311770e+05,3.747431444936e-03
2.779460874434e-03,8.109915547645e+05,8.109915510180e+05,3.746494418010e-03
2.779120754405e-03,8.110900744288e+05,8.110900706832e+05,3.745547030121e-03
2.778780717607e-03,8.111885939174e+05,8.111885901729e+05,3.744579153135e-03
2.778440764008e-03,8.112871132304e+05,8.112871094868e+05,3.743599285372e-03
2.778100893578e-03,8.113856323677e+05,8.113856286251e+05,3.742602071725e-03
2.777761106287e-03,8.114841513293e+05,8.114841475877e+05,3.741590073332e-03
2.777421402103e-03,8.115826701153e+05,8.115826663747e+05,3.740562591702e-03
2.777081780998e-03,8.116811887256e+05,8.116811849860e+05,3.739520325325e-03
2.776742242939e-03,8.117797071602e+05,8.117797034217e+05,3.738461062312e-03
2.776402787897e-03,8.118782254191e+05,8.118782216817e+05,3.737388062291e-03
2.776063415842e-03,8.119767435024e+05,8.119767397661e+05,3.736297250725e-03
2.775724126742e-03,8.120752614100e+05,8.120752576748e+05,3.735193749890e-03
2.775384920567e-03,8.121737791420e+05,8.121737754079e+05,3.734073019587e-03
2.775045797287e-03,8.122722966982e+05,8.122722929653e+05,3.732936573215e-03
2.774706756872e-03,8.123708140789e+05,8.123708103471e+05,3.731785807759e-03
2.774367799291e-03,8.124693312838e+05,8.124693275532e+05,3.730616881512e-03
2.774028924514e-03,8.125678483131e+05,8.125678445837e+05,3.729433752596e-03
2.773690132511e-03,8.126663651668e+05,8.126663614385e+05,3.728235373273e-03
2.773351423251e-03,8.127648818448e+05,8.127648781177e+05,3.727021627128e-03
2.773012796703e-03,8.128633983471e+05,8.128633946213e+05,3.725793445483e-03
2.772674252838e-03,8.129619146738e+05,8.129619109492e+05,3.724547103047e-03
2.772335791626e-03,8.130604308248e+05,8.130604271015e+05,3.723287954926e-03
2.771997413036e-03,8.131589468002e+05,8.131589430782e+05,3.722010995261e-03
2.771659117037e-03,8.132574625999e+05,8.132574588792e+05,3.720719600096e-03
2.771320903600e-03,8.133559782240e+05,8.133559745046e+05,3.719412139617e-03
2.770982772694e-03,8.134544936724e+05,8.134544899544e+05,3.718088148162e-03
2.770644724289e-03,8.135530089452e+05,8.135530052285e+05,3.716746927239e-03
2.770306758356e-03,8.136515240424e+05,8.136515203270e+05,3.715395578183e-03
2.769968874863e-03,8.137500389639e+05,8.137500352499e+05,3.714023972861e-03
2.769631073780e-03,8.138485537097e+05,8.138485499971e+05,3.712638048455e-03
2.769293355079e-03,8.139470682800e+05,8.139470645687e+05,3.711236757226e-03
2.768955718727e-03,8.140455826746e+05,8.140455789647e+05,3.709819051437e-03
2.768618164696e-03,8.141440968935e+05,8.141440931851e+05,3.708385513164e-03
2.768280692955e-03,8.142426109368e+05,8.142426072299e+05,3.706938819960e-03
2.767943303473e-03,8.143411248045e+05,8.143411210990e+05,3.705473151058e-03
2.767605996222e-03,8.144396384965e+05,8.144396347925e+05,3.703994560055e-03
2.767268771171e-03,8.145381520130e+05,8.145381483105e+05,3.702497575432e-03
2.766931628289e-03,8.146366653537e+05,8.146366616527e+05,3.700985223986e-03
2.766594567548e-03,8.147351785189e+05,8.147351748194e+05,3.699458437040e-03
2.766257588916e-03,8.148336915084e+05,8.148336878105e+05,3.697918262333e-03
2.765920692364e-03,8.149322043223e+05,8.149322006260e+05,3.696357132867e-03
2.765583877862e-03,8.150307169606e+05,8.150307132658e+05,3.694785875268e-03
2.765247145379e-03,8.151292294232e+05,8.151292257300e+05,3.693194477819e-03
2.764910494887e-03,8.152277417103e+05,8.152277380187e+05,3.691588528454e-03
2.764573926354e-03,8.153262538217e+05,8.153262501317e+05,3.689967095852e-03
2.764237439752e-03,8.154247657575e+05,8.154247620691e+05,3.688328550197e-03
2.763901035049e-03,8.155232775176e+05,8.155232738309e+05,3.686677664518e-03
2.763564712217e-03,8.156217891022e+05,8.156217854172e+05,3.685006289743e-03
2.763228471225e-03,8.157203005111e+05,8.157202968278e+05,3.683323273435e-03
2.762892312044e-03,8.158188117444e+05,8.158188080628e+05,3.681624075398e-03
2.762556234643e-03,8.159173228021e+05,8.159173191222e+05,3.679907880723e-03
2.762220238993e-03,8.160158336842e+05,8.160158300061e+05,3.678176319227e-03
2.761884325064e-03,8.161143443907e+05,8.161143407143e+05,3.676426247694e-03
2.761548492826e-03,8.162128549216e+05,8.162128512469e+05,3.674665582366e-03
2.761212742249e-03,8.163113652769e+05,8.163113616040e+05,3.672885475680e-03
2.760877073304e-03,8.164098754565e+05,8.164098717855e+05,3.671091166325e-03
2.760541485961e-03,8.165083854606e+05,8.165083817913e+05,3.669279045425e-03
2.760205980190e-03,8.166068952891e+05,8.166068916216e+05,3.667452954687e-03
2.759870555961e-03,8.167054049419e+05,8.167054012763e+05,3.665611031465e-03
2.759535213244e-03,8.168039144192e+05,8.168039107554e+05,3.663752460852e-03
2.759199952011e-03,8.169024237208e+05,8.169024200589e+05,3.661877242848e-03
2.758864772230e-03,8.170009328469e+05,8.170009291869e+05,3.659987589344e-03
2.758529673873e-03,8.170994417973e+05,8.170994381392e+05,3.658082801849e-03
2.758194656910e-03,8.171979505722e+05,8.171979469160e+05,3.656159969978e-03
2.757859721311e-03,8.172964591715e+05,8.172964555172e+05,3.654220723547e-03
2.757524867047e-03,8.173949675951e+05,8.173949639429e+05,3.652269137092e-03
2.757190094088e-03,8.174934758432e+05,8.174934721929e+05,3.650298458524e-03
2.756855402404e-03,8.175919839157e+05,8.175919802674e+05,3.648316720501e-03
2.756520791965e-03,8.176904918126e+05,8.176904881663e+05,3.646312630735e-03
2.756186262743e-03,8.177889995339e+05,8.177889958896e+05,3.644297365099e-03
2.755851814707e-03,8.178875070797e+05,8.178875034374e+05,3.642263356596e-03
2.755517447828e-03,8.179860144498e+05,8.179860108096e+05,3.640217473730e-03
2.755183162077e-03,8.180845216444e+05,8.180845180062e+05,3.638150985353e-03
2.754848957424e-03,8.181830286634e+05,8.181830250273e+05,3.636070759967e-03
2.754514833839e-03,8.182815355068e+05,8.182815318728e+05,3.633975167759e-03
2.754180791293e-03,8.183800421746e+05,8.183800385427e+05,3.631864092313e-03
2.753846829756e-03,8.184785486668e+05,8.184785450371e+05,3.629734041169e-03
2.753512949200e-03,8.185770549835e+05,8.185770513559e+05,3.627592464909e-03
2.753179149594e-03,8.186755611246e+05,8.186755574992e+05,3.625431330875e-03
2.752845430909e-03,8.187740670901e+05,8.187740634669e+05,3.623255295679e-03
2.752511793116e-03,8.188725728801e+05,8.188725692590e+05,3.621064824983e-03
2.752178236185e-03,8.189710784944e+05,8.189710748756e+05,3.618856659159e-03
2.751844760087e-03,8.190695839332e+05,8.190695803166e+05,3.616632893682e-03
2.751511364793e-03,8.191680891965e+05,8.191680855821e+05,3.614393644966e-03
2.751178050273e-03,8.192665942841e+05,8.192665906720e+05,3.612137399614e-03
2.750844816497e-03,8.193650991962e+05,8.193650955864e+05,3.609865438193e-03
2.750511663437e-03,8.194636039328e+05,8.194636003252e+05,3.607578109950e-03
2.750178591063e-03,8.195621084938e+05,8.195621048885e+05,3.605275531299e-03
2.749845599346e-03,8.196606128792e+05,8.196606092762e+05,3.602957469411e-03
2.749512688257e-03,8.197591170890e+05,8.197591134884e+05,3.600622876547e-03
2.749179857765e-03,8.198576211233e+05,8.198576175250e+05,3.598269890063e-03
2.748847107843e-03,8.199561249820e+05,8.199561213861e+05,3.595905262046e-03
2.748514438461e-03,8.200546286652e+05,8.200546250717e+05,3.593521425501e-03
2.748181849589e-03,8.201531321728e+05,8.201531285817e+05,3.591122571379e-03
2.747849341198e-03,8.202516355049e+05,8.202516319162e+05,3.588706138544e-03
2.747516913259e-03,8.203501386614e+05,8.203501350752e+05,3.586274804547e-03
2.747184565743e-03,8.204486416424e+05,8.204486380586e+05,3.583830781281e-03
2.746852298621e-03,8.205471444478e+05,8.205471408665e+05,3.581366967410e-03
2.746520111864e-03,8.206456470777e+05,8.206456434988e+05,3.578888834454e-03
2.746188005441e-03,8.207441495320e+05,8.207441459556e+05,3.576392424293e-03
2.745855979325e-03,8.208426518108e+05,8.208426482369e+05,3.573881112970e-03
2.745524033486e-03,8.209411539140e+05,8.209411503427e+05,3.571356064640e-03
2.745192167896e-03,8.210396558417e+05,8.210396522729e+05,3.568812040612e-03
2.744860382524e-03,8.211381575939e+05,8.211381540276e+05,3.566255210899e-03
2.744528677341e-03,8.212366591705e+05,8.212366556068e+05,3.563679871149e-03
2.744197052320e-03,8.213351605715e+05,8.213351570104e+05,3.561089513823e-03
2.743865507430e-03,8.214336617971e+05,8.214336582386e+05,3.558482858352e-03
2.743534042643e-03,8.215321628470e+05,8.215321592912e+05,3.555859904736e-03
2.743202657930e-03,8.216306637215e+05,8.216306601683e+05,3.553220420144e-03
2.742871353261e-03,8.217291644204e+05,8.217291608699e+05,3.550566500053e-03
2.742540128608e-03,8.218276649438e+05,8.218276613959e+05,3.547897213139e-03
2.742208983941e-03,8.219261652917e+05,8.219261617465e+05,3.545210580342e-03
2.741877919232e-03,8.220246654640e+05,8.220246619215e+05,3.542506252415e-03
2.741546934452e-03,8.221231654608e+05,8.221231619210e+05,3.539789584465e-03
2.741216029572e-03,8.222216652821e+05,8.222216617450e+05,3.537052078173e-03
2.740885204562e-03,8.223201649279e+05,8.223201613935e+05,3.534301649779e-03
2.740554459394e-03,8.224186643981e+05,8.224186608665e+05,3.531535388902e-03
2.740223794040e-03,8.225171636928e+05,8.225171601640e+05,3.528750734404e-03
2.739893208469e-03,8.226156628120e+05,8.226156592860e+05,3.525953390636e-03
2.739562702654e-03,8.227141617556e+05,8.227141582325e+05,3.523139166646e-03
2.739232276565e-03,8.228126605238e+05,8.228126570035e+05,3.520309226587e-03
2.738901930174e-03,8.229111591164e+05,8.229111555989e+05,3.517461125739e-03
2.738571663451e-03,8.230096575335e+05,8.230096540189e+05,3.514598356560e-03
2.738241476368e-03,8.231081557751e+05,8.231081522634e+05,3.511720919050e-03
2.737911368897e-03,8.232066538412e+05,8.232066503324e+05,3.508826717734e-03
2.737581341008e-03,8.233051517318e+05,8.233051482258e+05,3.505912842229e-03
2.737251392672e-03,8.234036494468e+05,8.234036459438e+05,3.502987790853e-03
2.736921523861e-03,8.235021469864e+05,8.235021434863e+05,3.500044113025e-03
2.736591734546e-03,8.236006443504e+05,8.236006408533e+05,3.497085068375e-03
2.736262024699e-03,8.236991415389e+05,8.236991380448e+05,3.494109259918e-03
2.735932394290e-03,8.237976385520e+05,8.237976350609e+05,3.491118317470e-03
2.735602843291e-03,8.238961353895e+05,8.238961319014e+05,3.488111426122e-03
2.735273371673e-03,8.239946320515e+05,8.239946285664e+05,3.485088935122e-03
2.734943979408e-03,8.240931285380e+05,8.240931250560e+05,3.482048166916e-03
2.734614666466e-03,8.241916248491e+05,8.241916213701e+05,3.478992730379e-03
2.734285432820e-03,8.242901209846e+05,8.242901175087e+05,3.475923673250e-03
2.733956278440e-03,8.243886169446e+05,8.243886134718e+05,3.472835524008e-03
2.733627203298e-03,8.244871127291e+05,8.244871092594e+05,3.469733404927e-03
2.733298207366e-03,8.245856083382e+05,8.245856048716e+05,3.466613474302e-03
2.732969290614e-03,8.246841037717e+05,8.246841003083e+05,3.463478526101e-03
2.732640453014e-03,8.247825990298e+05,8.247825955695e+05,3.460326348431e-03
2.732311694538e-03,8.248810941123e+05,8.248810906552e+05,3.457159036770e-03
2.731983015157e-03,8.249795890194e+05,8.249795855654e+05,3.453974029981e-03
2.731654414842e-03,8.250780837510e+05,8.250780803002e+05,3.450774005614e-03
2.731325893566e-03,8.251765783071e+05,8.251765748595e+05,3.447558730841e-03
2.730997451299e-03,8.252750726877e+05,8.252750692434e+05,3.444327972829e-03
2.730669088012e-03,8.253735668928e+05,8.253735634517e+05,3.441078704782e-03
2.730340803679e-03,8.254720609225e+05,8.254720574847e+05,3.437816398218e-03
2.730012598269e-03,8.255705547766e+05,8.255705513421e+05,3.434535698034e-03
2.729684471755e-03,8.256690484553e+05,8.256690450241e+05,3.431241493672e-03
2.729356424108e-03,8.257675419585e+05,8.257675385306e+05,3.427929477766e-03
2.729028455299e-03,8.258660352863e+05,8.258660318617e+05,3.424601396546e-03
2.728700565301e-03,8.259645284385e+05,8.259645250173e+05,3.421255736612e-03
2.728372754085e-03,8.260630214153e+05,8.260630179974e+05,3.417895059101e-03
2.728045021622e-03,8.261615142166e+05,8.261615108021e+05,3.414519713260e-03
2.727717367884e-03,8.262600068424e+05,8.262600034313e+05,3.411128884181e-03
2.727389792843e-03,8.263584992928e+05,8.263584958851e+05,3.407719777897e-03
2.727062296470e-03,8.264569915677e+05,8.264569881634e+05,3.404295654036e-03
2.726734878737e-03,8.265554836671e+05,8.265554802663e+05,3.400854882784e-03
2.726407539616e-03,8.266539755911e+05,8.266539721937e+05,3.397400723770e-03
2.726080279078e-03,8.267524673396e+05,8.267524639456e+05,3.393926657736e-03
2.725753097096e-03,8.268509589126e+05,8.268509555222e+05,3.390437690541e-03
2.725425993640e-03,8.269494503102e+05,8.269494469232e+05,3.386935801245e-03
2.725098968683e-03,8.270479415323e+05,8.270479381489e+05,3.383415518329e-03
2.724772022196e-03,8.271464325789e+05,8.271464291990e+05,3.379877540283e-03
2.724445154151e-03,8.272449234501e+05,8.272449200738e+05,3.376324661076e-03
2.724118364520e-03,8.273434141458e+05,8.273434107731e+05,3.372755600139e-03
2.723791653274e-03,8.274419046661e+05,8.274419012970e+05,3.369172685780e-03
2.723465020386e-03,8.275403950109e+05,8.275403916454e+05,3.365572192706e-03
2.723138465827e-03,8.276388851803e+05,8.276388818184e+05,3.361954586580e-03
2.722811989570e-03,8.277373751742e+05,8.277373718159e+05,3.358323476277e-03
2.722485591585e-03,8.278358649927e+05,8.278358616380e+05,3.354673041031e-03
2.722159271845e-03,8.279343546357e+05,8.279343512847e+05,3.351008752361e-03
2.721833030321e-03,8.280328441033e+05,8.280328407560e+05,3.347328747623e-03
2.721506866986e-03,8.281313333954e+05,8.281313300518e+05,3.343631397001e-03
2.721180781812e-03,8.282298225121e+05,8.282298191722e+05,3.339919843711e-03
2.720854774769e-03,8.283283114533e+05,8.283283081172e+05,3.336190362461e-03
2.720528845831e-03,8.284268002191e+05,8.284267968867e+05,3.332445747219e-03
2.720202994969e-03,8.285252888095e+05,8.285252854808e+05,3.328684368171e-03
2.719877222156e-03,8.286237772244e+05,8.286237738995e+05,3.324907389469e-03
2.719551527362e-03,8.287222654639e+05,8.287222621428e+05,3.321113530546e-03
2.719225910560e-03,8.288207535279e+05,8.288207502106e+05,3.317304188386e-03
2.718900371723e-03,8.289192414165e+05,8.289192381031e+05,3.313479945064e-03
2.718574910821e-03,8.290177291297e+05,8.290177258201e+05,3.309638705105e-03
2.718249527828e-03,8.291162166674e+05,8.291162133617e+05,3.305783611722e-03
2.717924222714e-03,8.292147040298e+05,8.292147007278e+05,3.301911521703e-03
2.717598995453e-03,8.293131912166e+05,8.293131879186e+05,3.298020223156e-03
2.717273846016e-03,8.294116782281e+05,8.294116749340e+05,3.294115653262e-03
2.716948774375e-03,8.295101650641e+05,8.295101617739e+05,3.290194668807e-03
2.716623780502e-03,8.296086517247e+05,8.296086484384e+05,3.286258317530e-03
2.716298864370e-03,8.297071382099e+05,8.297071349276e+05,3.282305900939e-03
2.715974025951e-03,8.298056245196e+05,8.298056212413e+05,3.278338117525e-03
2.715649265216e-03,8.299041106539e+05,8.299041073796e+05,3.274352173321e-03
2.715324582138e-03,8.300025966128e+05,8.300025933425e+05,3.270350862294e-03
2.714999976689e-03,8.301010823963e+05,8.301010791300e+05,3.266334300861e-03
2.714675448841e-03,8.301995680044e+05,8.301995647421e+05,3.262301324867e-03
2.714350998566e-03,8.302980534371e+05,8.302980501788e+05,3.258252516389e-03
2.714026625837e-03,8.303965386943e+05,8.303965354401e+05,3.254190203734e-03
2.713702330625e-03,8.304950237761e+05,8.304950205260e+05,3.250107867643e-03
2.713378112903e-03,8.305935086825e+05,8.305935054365e+05,3.246010397561e-03
2.713053972644e-03,8.306919934135e+05,8.306919901716e+05,3.241900005378e-03
2.712729909818e-03,8.307904779691e+05,8.307904747313e+05,3.237771335989e-03
2.712405924400e-03,8.308889623493e+05,8.308889591157e+05,3.233628580347e-03
2.712082016360e-03,8.309874465541e+05,8.309874433246e+05,3.229466499761e-03
2.711758185672e-03,8.310859305834e+05,8.310859273581e+05,3.225290100090e-03
2.711434432307e-03,8.311844144374e+05,8.311844112163e+05,3.221098915674e-03
2.711110756237e-03,8.312828981160e+05,8.312828948991e+05,3.216892131604e-03
2.710787157436e-03,8.313813816191e+05,8.313813784064e+05,3.212666488253e-03
2.710463635875e-03,8.314798649469e+05,8.314798617384e+05,3.208425594494e-03
2.710140191527e-03,8.315783480992e+05,8.315783448951e+05,3.204171196558e-03
2.709816824365e-03,8.316768310762e+05,8.316768278763e+05,3.199897473678e-03
2.709493534359e-03,8.317753138777e+05,8.317753106821e+05,3.195611410774e-03
2.709170321484e-03,8.318737965039e+05,8.318737933126e+05,3.191309166141e-03
2.708847185711e-03,8.319722789547e+05,8.319722757677e+05,3.186989459209e-03
2.708524127013e-03,8.320707612301e+05,8.320707580474e+05,3.182652173564e-03
2.708201145361e-03,8.321692433301e+05,8.321692401518e+05,3.178302664310e-03
2.707878240730e-03,8.322677252547e+05,8.322677220807e+05,3.173934412189e-03
2.707555413090e-03,8.323662070039e+05,8.323662038343e+05,3.169551840983e-03
2.707232662415e-03,8.324646885777e+05,8.324646854126e+05,3.165153088048e-03
2.706909988677e-03,8.325631699762e+05,8.325631668154e+05,3.160738851875e-03
2.706587391848e-03,8.326616511992e+05,8.326616480429e+05,3.156307851896e-03
2.706264871902e-03,8.327601322469e+05,8.327601290950e+05,3.151860088110e-03
2.705942428810e-03,8.328586131192e+05,8.328586099718e+05,3.147397655994e-03
2.705620062545e-03,8.329570938161e+05,8.329570906732e+05,3.142918576486e-03
2.705297773079e-03,8.330555743376e+05,8.330555711992e+05,3.138424013741e-03
2.704975560386e-03,8.331540546838e+05,8.331540515499e+05,3.133916528895e-03
2.704653424437e-03,8.332525348546e+05,8.332525317252e+05,3.129390766844e-03
2.704331365206e-03,8.333510148500e+05,8.333510117251e+05,3.124847891741e-03
2.704009382665e-03,8.334494946700e+05,8.334494915497e+05,3.120290231891e-03
2.703687476786e-03,8.335479743147e+05,8.335479711989e+05,3.115716041066e-03
2.703365647542e-03,8.336464537839e+05,8.336464506728e+05,3.111128928140e-03
2.703043894906e-03,8.337449330779e+05,8.337449299713e+05,3.106522024609e-03
2.702722218850e-03,8.338434121964e+05,8.338434090945e+05,3.101902548224e-03
2.702400619348e-03,8.339418911396e+05,8.339418880423e+05,3.097266191617e-03
2.702079096371e-03,8.340403699074e+05,8.340403668148e+05,3.092614351772e-03
2.701757649893e-03,8.341388484999e+05,8.341388454119e+05,3.087944933213e-03
2.701436279886e-03,8.342373269170e+05,8.342373238337e+05,3.083262126893e-03
2.701114986323e-03,8.343358051587e+05,8.343358020801e+05,3.078561509028e-03
2.700793769176e-03,8.344342832251e+05,8.344342801512e+05,3.073845757172e-03
2.700472628419e-03,8.345327611161e+05,8.345327580470e+05,3.069115919061e-03
2.700151564023e-03,8.346312388317e+05,8.346312357674e+05,3.064367338084e-03
2.699830575963e-03,8.347297163720e+05,8.347297133124e+05,3.059605951421e-03
2.699509664210e-03,8.348281937370e+05,8.348281906822e+05,3.054826287553e-03
2.699188828738e-03,8.349266709266e+05,8.349266678765e+05,3.050033701584e-03
2.698868069519e-03,8.350251479408e+05,8.350251448956e+05,3.045223536901e-03
2.698547386526e-03,8.351236247797e+05,8.351236217393e+05,3.040395444259e-03
2.698226779731e-03,8.352221014432e+05,8.352220984077e+05,3.035557339899e-03
2.697906249109e-03,8.353205779314e+05,8.353205749007e+05,3.030697698705e-03
2.697585794631e-03,8.354190542443e+05,8.354190512184e+05,3.025825135410e-03
2.697265416271e-03,8.355175303818e+05,8.355175273608e+05,3.020936273970e-03
2.696945114001e-03,8.356160063439e+05,8.356160033279e+05,3.016031580046e-03
2.696624887794e-03,8.357144821307e+05,8.357144791196e+05,3.011112334207e-03
2.696304737623e-03,8.358129577422e+05,8.358129547360e+05,3.006175975315e-03
2.695984663462e-03,8.359114331783e+05,8.359114301771e+05,3.001226577908e-03
2.695664665282e-03,8.360099084391e+05,8.360099054429e+05,2.996258670464e-03
2.695344743057e-03,8.361083835246e+05,8.361083805333e+05,2.991274348460e-03
2.695024896760e-03,8.362068584347e+05,8.362068554484e+05,2.986276638694e-03
2.694705126364e-03,8.363053331695e+05,8.363053301882e+05,2.981263794936e-03
2.694385431842e-03,8.364038077289e+05,8.364038047527e+05,2.976234769449e-03
2.694065813167e-03,8.365022821131e+05,8.365022791419e+05,2.971188980155e-03
2.693746270312e-03,8.366007563218e+05,8.366007533557e+05,2.966127009131e-03
2.693426803250e-03,8.366992303553e+05,8.366992273943e+05,2.961052814499e-03
2.693107411953e-03,8.367977042134e+05,8.367977012575e+05,2.955959178507e-03
2.692788096396e-03,8.368961778962e+05,8.368961749454e+05,2.950851107016e-03
2.692468856550e-03,8.369946514037e+05,8.369946484580e+05,2.945728367195e-03
2.692149692390e-03,8.370931247359e+05,8.370931217953e+05,2.940590376966e-03
2.691830603888e-03,8.371915978927e+05,8.371915949573e+05,2.935435855761e-03
2.691511591017e-03,8.372900708742e+05,8.372900679440e+05,2.930265385658e-03
2.691192653750e-03,8.373885436804e+05,8.373885407554e+05,2.925077802502e-03
2.690873792062e-03,8.374870163113e+05,8.374870133914e+05,2.919877762906e-03
2.690555005923e-03,8.375854887669e+05,8.375854858522e+05,2.914661657996e-03
2.690236295309e-03,8.376839610471e+05,8.376839581377e+05,2.909430302680e-03
2.689917660192e-03,8.377824331520e+05,8.377824302479e+05,2.904180553742e-03
2.689599100545e-03,8.378809050817e+05,8.378809021827e+05,2.898920327425e-03
2.689280616341e-03,8.379793768360e+05,8.379793739423e+05,2.893639495596e-03
2.688962207554e-03,8.380778484150e+05,8.380778455266e+05,2.888344810344e-03
2.688643874156e-03,8.381763198186e+05,8.381763169356e+05,2.883034525439e-03
2.688325616122e-03,8.382747910470e+05,8.382747881693e+05,2.877710619941e-03
2.688007433424e-03,8.383732621001e+05,8.383732592277e+05,2.872367971577e-03
2.687689326035e-03,8.384717329779e+05,8.384717301108e+05,2.867012633942e-03
2.687371293930e-03,8.385702036803e+05,8.385702008187e+05,2.861641230993e-03
2.687053337080e-03,8.386686742075e+05,8.386686713512e+05,2.856254577637e-03
2.686735455460e-03,8.387671445593e+05,8.387671417085e+05,2.850851509720e-03
2.686417649042e-03,8.388656147359e+05,8.388656118905e+05,2.845432143658e-03
2.686099917800e-03,8.389640847372e+05,8.389640818972e+05,2.840001368895e-03
2.685782261708e-03,8.390625545631e+05,8.390625517286e+05,2.834550570697e-03
2.685464680738e-03,8.391610242138e+05,8.391610213847e+05,2.829087432474e-03
2.685147174864e-03,8.392594936892e+05,8.392594908656e+05,2.823607297614e-03
2.684829744060e-03,8.393579629893e+05,8.393579601711e+05,2.818112960085e-03
2.684512388298e-03,8.394564321140e+05,8.394564293014e+05,2.812601858750e-03
2.684195107552e-03,8.395549010635e+05,8.395548982565e+05,2.807077951729e-03
2.683877901796e-03,8.396533698378e+05,8.396533670362e+05,2.801537048072e-03
2.683560771003e-03,8.397518384367e+05,8.397518356407e+05,2.795978914946e-03
2.683243715146e-03,8.398503068603e+05,8.398503040699e+05,2.790407161228e-03
2.682926734200e-03,8.399487751087e+05,8.399487723239e+05,2.784821786918e-03
2.682609828136e-03,8.400472431817e+05,8.400472404025e+05,2.779216971248e-03
2.682292996929e-03,8.401457110795e+05,8.401457083059e+05,2.773598884232e-03
2.681976240553e-03,8.402441788020e+05,8.402441760341e+05,2.767967176624e-03
2.681659558980e-03,8.403426463493e+05,8.403426435870e+05,2.762319985777e-03
2.681342952184e-03,8.404411137212e+05,8.404411109646e+05,2.756656147540e-03
2.681026420139e-03,8.405395809179e+05,8.405395781669e+05,2.750977175310e-03
2.680709962819e-03,8.406380479393e+05,8.406380451940e+05,2.745283767581e-03
2.680393580196e-03,8.407365147854e+05,8.407365120459e+05,2.739574410953e-03
2.680077272245e-03,8.408349814563e+05,8.408349787224e+05,2.733848174103e-03
2.679761038938e-03,8.409334479519e+05,8.409334452238e+05,2.728108200245e-03
2.679444880250e-03,8.410319142722e+05,8.410319115498e+05,2.722354605794e-03
2.679128796154e-03,8.411303804172e+05,8.411303777006e+05,2.716583898291e-03
2.678812786624e-03,8.412288463870e+05,8.412288436762e+05,2.710797823966e-03
2.678496851633e-03,8.413273121815e+05,8.413273094765e+05,2.704998594709e-03
2.678180991156e-03,8.414257778007e+05,8.414257751016e+05,2.699183067307e-03
2.677865205164e-03,8.415242432447e+05,8.415242405514e+05,2.693349495530e-03
2.677549493634e-03,8.416227085134e+05,8.416227058259e+05,2.687506959774e-03
2.677233856537e-03,8.417211736069e+05,8.417211709253e+05,2.681643352844e-03
2.676918293847e-03,8.418196385251e+05,8.418196358493e+05,2.675767987967e-03
2.676602805539e-03,8.419181032680e+05,8.419181005982e+05,2.669877838343e-03
2.676287391586e-03,8.420165678357e+05,8.420165651718e+05,2.663969760761e-03
2.675972051962e-03,8.421150322282e+05,8.421150295701e+05,2.658047364093e-03
2.675656786640e-03,8.422134964453e+05,8.422134937932e+05,2.652112161741e-03
2.675341595594e-03,8.423119604873e+05,8.423119578411e+05,2.646161708981e-03
2.675026478799e-03,8.424104243539e+05,8.424104217137e+05,2.640194841661e-03
2.674711436227e-03,8.425088880454e+05,8.425088854112e+05,2.634212258272e-03
2.674396467852e-03,8.426073515615e+05,8.426073489333e+05,2.628217102028e-03
2.674081573649e-03,8.427058149025e+05,8.427058122803e+05,2.622205181979e-03
2.673766753591e-03,8.428042780682e+05,8.428042754520e+05,2.616177662276e-03
2.673452007652e-03,8.429027410586e+05,8.429027384485e+05,2.610136405565e-03
2.673137335805e-03,8.430012038738e+05,8.430012012697e+05,2.604077570140e-03
2.672822738025e-03,8.430996665137e+05,8.430996639157e+05,2.598006161861e-03
2.672508214286e-03,8.431981289785e+05,8.431981263865e+05,2.591920201667e-03
2.672193764561e-03,8.432965912679e+05,8.432965886821e+05,2.585820388049e-03
2.671879388824e-03,8.433950533822e+05,8.433950508025e+05,2.579703228548e-03
2.671565087049e-03,8.434935153212e+05,8.434935127476e+05,2.573570236564e-03
2.671250859210e-03,8.435919770849e+05,8.435919745175e+05,2.567425603047e-03
2.670936705280e-03,8.436904386735e+05,8.436904361122e+05,2.561264671385e-03
2.670622625235e-03,8.437889000868e+05,8.437888975317e+05,2.555087441579e-03
2.670308619048e-03,8.438873613248e+05,8.438873587759e+05,2.548897289671e-03
2.669994686692e-03,8.439858223877e+05,8.439858198450e+05,2.542692353018e-03
2.669680828142e-03,8.440842832753e+05,8.440842807388e+05,2.536470885389e-03
2.669367043371e-03,8.441827439877e+05,8.441827414574e+05,2.530234516598e-03
2.669053332354e-03,8.442812045248e+05,8.442812020008e+05,2.523985574953e-03
2.668739695065e-03,8.443796648868e+05,8.443796623690e+05,2.517720451578e-03
2.668426131477e-03,8.444781250735e+05,8.444781225620e+05,2.511440077797e-03
2.668112641565e-03,8.445765850850e+05,8.445765825798e+05,2.505147131160e-03
2.667799225302e-03,8.446750449212e+05,8.446750424224e+05,2.498838002793e-03
2.667485882664e-03,8.447735045823e+05,8.447735020898e+05,2.492514904588e-03
2.667172613623e-03,8.448719640681e+05,8.448719615819e+05,2.486174809746e-03
2.666859418154e-03,8.449704233787e+05,8.449704208989e+05,2.479821327142e-03
2.666546296231e-03,8.450688825141e+05,8.450688800407e+05,2.473454689607e-03
2.666233247828e-03,8.451673414743e+05,8.451673390073e+05,2.467070822604e-03
2.665920272919e-03,8.452658002593e+05,8.452657977986e+05,2.460675546899e-03
2.665607371479e-03,8.453642588691e+05,8.453642564148e+05,2.454260364175e-03
2.665294543481e-03,8.454627173036e+05,8.454627148558e+05,2.447834121995e-03
2.664981788899e-03,8.455611755630e+05,8.455611731216e+05,2.441394492052e-03
2.664669107709e-03,8.456596336471e+05,8.456596312122e+05,2.434937166981e-03
2.664356499883e-03,8.457580915561e+05,8.457580891276e+05,2.428466104902e-03
2.664043965396e-03,8.458565492898e+05,8.458565468678e+05,2.421981422231e-03
2.663731504222e-03,8.459550068483e+05,8.459550044328e+05,2.415483584628e-03
2.663419116336e-03,8.460534642317e+05,8.460534618227e+05,2.408967120573e-03
2.663106801712e-03,8.461519214398e+05,8.461519190373e+05,2.402440761216e-03
2.662794560324e-03,8.462503784727e+05,8.462503760768e+05,2.395896241069e-03
2.662482392145e-03,8.463488353305e+05,8.463488329411e+05,2.389339497313e-03
2.662170297152e-03,8.464472920130e+05,8.464472896302e+05,2.382765989751e-03
2.661858275316e-03,8.465457485203e+05,8.465457461442e+05,2.376181539148e-03
2.661546326614e-03,8.466442048525e+05,8.466442024829e+05,2.369579975493e-03
2.661234451019e-03,8.467426610094e+05,8.467426586465e+05,2.362963743508e-03
2.660922648506e-03,8.468411169912e+05,8.468411146349e+05,2.356333425269e-03
2.660610919049e-03,8.469395727978e+05,8.469395704481e+05,2.349688438699e-03
2.660299262622e-03,8.470380284292e+05,8.470380260861e+05,2.343031694181e-03
2.659987679199e-03,8.471364838854e+05,8.471364815490e+05,2.336356556043e-03
2.659676168755e-03,8.472349391664e+05,8.472349368367e+05,2.329670009203e-03
2.659364731265e-03,8.473333942722e+05,8.473333919493e+05,2.322969725356e-03
2.659053366702e-03,8.474318492029e+05,8.474318468866e+05,2.316252561286e-03
2.658742075041e-03,8.475303039584e+05,8.475303016488e+05,2.309522009455e-03
2.658430856257e-03,8.476287585387e+05,8.476287562359e+05,2.302777138539e-03
2.658119710323e-03,8.477272129438e+05,8.477272106477e+05,2.296017948538e-03
2.657808637215e-03,8.478256671737e+05,8.478256648845e+05,2.289244788699e-03
2.657497636906e-03,8.479241212285e+05,8.479241189460e+05,2.282456960529e-03
2.657186709372e-03,8.480225751081e+05,8.480225728324e+05,2.275658072904e-03
2.656875854586e-03,8.481210288125e+05,8.481210265436e+05,2.268842305057e-03
2.656565072523e-03,8.482194823417e+05,8.482194800797e+05,2.262010355480e-03
2.656254363158e-03,8.483179356958e+05,8.483179334406e+05,2.255166182294e-03
2.655943726465e-03,8.484163888747e+05,8.484163866264e+05,2.248308621347e-03
2.655633162418e-03,8.485148418784e+05,8.485148396370e+05,2.241436857730e-03
2.655322670993e-03,8.486132947070e+05,8.486132924724e+05,2.234549145214e-03
2.655012252163e-03,8.487117473604e+05,8.487117451327e+05,2.227649209090e-03
2.654701905903e-03,8.488101998386e+05,8.488101976179e+05,2.220733906142e-03
2.654391632188e-03,8.489086521417e+05,8.489086499279e+05,2.213806612417e-03
2.654081430992e-03,8.490071042696e+05,8.490071020628e+05,2.206862787716e-03
2.653771302290e-03,8.491055562224e+05,8.491055540225e+05,2.199904294685e-03
2.653461246057e-03,8.492040080000e+05,8.492040058070e+05,2.192934509367e-03
2.653151262266e-03,8.493024596024e+05,8.493024574165e+05,2.185949357226e-03
2.652841350894e-03,8.494009110297e+05,8.494009088508e+05,2.178951632231e-03
2.652531511913e-03,8.494993622818e+05,8.494993601099e+05,2.171937725507e-03
2.652221745300e-03,8.495978133588e+05,8.495978111939e+05,2.164910896681e-03
2.651912051028e-03,8.496962642606e+05,8.496962621028e+05,2.157871844247e-03
2.651602429072e-03,8.497947149873e+05,8.497947128365e+05,2.150815678760e-03
2.651292879407e-03,8.498931655388e+05,8.498931633951e+05,2.143748453818e-03
2.650983402008e-03,8.499916159152e+05,8.499916137786e+05,2.136663999408e-03
2.650673996849e-03,8.500900661165e+05,8.500900639869e+05,2.129569533281e-03
2.650364663905e-03,8.501885161426e+05,8.501885140201e+05,2.122459118254e-03
2.650055403151e-03,8.502869659935e+05,8.502869638782e+05,2.115333685651e-03
2.649746214561e-03,8.503854156693e+05,8.503854135611e+05,2.108198823407e-03
2.649437098110e-03,8.504838651700e+05,8.504838630689e+05,2.101048128679e-03
2.649128053773e-03,8.505823144955e+05,8.505823124016e+05,2.093879622407e-03
2.648819081526e-03,8.506807636459e+05,8.506807615592e+05,2.086702152155e-03
2.648510181341e-03,8.507792126211e+05,8.507792105416e+05,2.079511410557e-03
2.648201353195e-03,8.508776614212e+05,8.508776593489e+05,2.072303206660e-03
2.647892597062e-03,8.509761100462e+05,8.509761079811e+05,2.065084641799e-03
2.647583912917e-03,8.510745584961e+05,8.510745564382e+05,2.057849196717e-03
2.647275300734e-03,8.511730067708e+05,8.511730047202e+05,2.050603507087e-03
2.646966760490e-03,8.512714548704e+05,8.512714528270e+05,2.043342450634e-03
2.646658292157e-03,8.513699027948e+05,8.513699007588e+05,2.036068122834e-03
2.646349895712e-03,8.514683505442e+05,8.514683485154e+05,2.028781338595e-03
2.646041571129e-03,8.515667981184e+05,8.515667960969e+05,2.021480235271e-03
2.645733318383e-03,8.516652455174e+05,8.516652435033e+05,2.014164580032e-03
2.645425137449e-03,8.517636927414e+05,8.517636907346e+05,2.006835304201e-03
2.645117028302e-03,8.518621397902e+05,8.518621377907e+05,1.999493921176e-03
2.644808990917e-03,8.519605866640e+05,8.519605846718e+05,1.992136822082e-03
2.644501025268e-03,8.520590333625e+05,8.520590313778e+05,1.984769478440e-03
2.644193131331e-03,8.521574798860e+05,8.521574779086e+05,1.977385021746e-03
2.643885309080e-03,8.522559262344e+05,8.522559242644e+05,1.969991484657e-03
2.643577558491e-03,8.523543724076e+05,8.523543704451e+05,1.962579088286e-03
2.643269879539e-03,8.524528184058e+05,8.524528164506e+05,1.955159823410e-03
2.642962272198e-03,8.525512642288e+05,8.525512622811e+05,1.947722164914e-03
2.642654736444e-03,8.526497098767e+05,8.526497079364e+05,1.940272981301e-03
2.642347272251e-03,8.527481553495e+05,8.527481534167e+05,1.932810992002e-03
2.642039879595e-03,8.528466006472e+05,8.528465987218e+05,1.925334916450e-03
2.641732558451e-03,8.529450457698e+05,8.529450438519e+05,1.917844405398e-03
2.641425308793e-03,8.530434907172e+05,8.530434888069e+05,1.910342485644e-03
2.641118130597e-03,8.531419354896e+05,8.531419335868e+05,1.902827061713e-03
2.640811023837e-03,8.532403800869e+05,8.532403781916e+05,1.895299414173e-03
2.640503988490e-03,8.533388245090e+05,8.533388226213e+05,1.887756516226e-03
2.640197024529e-03,8.534372687561e+05,8.534372668759e+05,1.880201394670e-03
2.639890131931e-03,8.535357128281e+05,8.535357109554e+05,1.872632186860e-03
2.639583310669e-03,8.536341567250e+05,8.536341548599e+05,1.865053316578e-03
2.639276560721e-03,8.537326004467e+05,8.537325985893e+05,1.857456983998e-03
2.638969882059e-03,8.538310439934e+05,8.538310421436e+05,1.849850290455e-03
2.638663274660e-03,8.539294873650e+05,8.539294855228e+05,1.842229627073e-03
2.638356738499e-03,8.540279305615e+05,8.540279287269e+05,1.834595925175e-03
2.638050273551e-03,8.541263735829e+05,8.541263717559e+05,1.826947554946e-03
2.637743879791e-03,8.542248164292e+05,8.542248146099e+05,1.819289871491e-03
2.637437557194e-03,8.543232591004e+05,8.543232572888e+05,1.811618451029e-03
2.637131305736e-03,8.544217015966e+05,8.544216997926e+05,1.803931780159e-03
2.636825125392e-03,8.545201439176e+05,8.545201421214e+05,1.796234399080e-03
2.636519016137e-03,8.546185860636e+05,8.546185842751e+05,1.788521651179e-03
2.636212977945e-03,8.547170280345e+05,8.547170262537e+05,1.780797261745e-03
2.635907010794e-03,8.548154698303e+05,8.548154680572e+05,1.773060765117e-03
2.635601114657e-03,8.549139114510e+05,8.549139096857e+05,1.765310531482e-03
2.635295289510e-03,8.550123528966e+05,8.550123511391e+05,1.757550053298e-03
2.634989535329e-03,8.551107941672e+05,8.551107924174e+05,1.749772462063e-03
2.634683852088e-03,8.552092352627e+05,8.552092335207e+05,1.741986488923e-03
2.634378239763e-03,8.553076761831e+05,8.553076744489e+05,1.734185731038e-03
2.634072698330e-03,8.554061169285e+05,8.554061152021e+05,1.726370421238e-03
2.633767227763e-03,8.555045574987e+05,8.555045557802e+05,1.718545565382e-03
2.633461828038e-03,8.556029978939e+05,8.556029961832e+05,1.710705109872e-03
2.633156499130e-03,8.557014381140e+05,8.557014364112e+05,1.702853362076e-03
2.632851241016e-03,8.557998781591e+05,8.557998764641e+05,1.694989739917e-03
2.632546053669e-03,8.558983180291e+05,8.558983163420e+05,1.687113079242e-03
2.632240937065e-03,8.559967577240e+05,8.559967560448e+05,1.679226174019e-03
2.631935891181e-03,8.560951972439e+05,8.560951955726e+05,1.671323785558e-03
2.631630915991e-03,8.561936365887e+05,8.561936349253e+05,1.663409406319e-03
2.631326011470e-03,8.562920757584e+05,8.562920741030e+05,1.655482570641e-03
2.631021177595e-03,8.563905147531e+05,8.563905131056e+05,1.647545257583e-03
2.630716414340e-03,8.564889535728e+05,8.564889519332e+05,1.639591879211e-03
2.630411721682e-03,8.565873922173e+05,8.565873905857e+05,1.631627557799e-03
2.630107099595e-03,8.566858306868e+05,8.566858290632e+05,1.623652176932e-03
2.629802548055e-03,8.567842689813e+05,8.567842673656e+05,1.615661429241e-03
2.629498067037e-03,8.568827071007e+05,8.568827054930e+05,1.607663929462e-03
2.629193656518e-03,8.569811450450e+05,8.569811434454e+05,1.599648734555e-03
2.628889316472e-03,8.570795828143e+05,8.570795812227e+05,1.591622596607e-03
2.628585046875e-03,8.571780204086e+05,8.571780188250e+05,1.583585981280e-03
2.628280847703e-03,8.572764578278e+05,8.572764562522e+05,1.575535512529e-03
2.627976718931e-03,8.573748950719e+05,8.573748935045e+05,1.567472354509e-03
2.627672660535e-03,8.574733321410e+05,8.574733305816e+05,1.559399650432e-03
2.627368672490e-03,8.575717690351e+05,8.575717674838e+05,1.551313325763e-03
2.627064754772e-03,8.576702057541e+05,8.576702042109e+05,1.543212682009e-03
2.626760907356e-03,8.577686422981e+05,8.577686407630e+05,1.535101910122e-03
2.626457130219e-03,8.578670786671e+05,8.578670771401e+05,1.526979031041e-03
2.626153423335e-03,8.579655148610e+05,8.579655133421e+05,1.518843928352e-03
2.625849786681e-03,8.580639508798e+05,8.580639493691e+05,1.510698231868e-03
2.625546220231e-03,8.581623867237e+05,8.581623852211e+05,1.502538914792e-03
2.625242723963e-03,8.582608223925e+05,8.582608208981e+05,1.494369935244e-03
2.624939297850e-03,8.583592578862e+05,8.583592564000e+05,1.486186170951e-03
2.624635941870e-03,8.584576932050e+05,8.584576917270e+05,1.477990881540e-03
2.624332655997e-03,8.585561283487e+05,8.585561268789e+05,1.469785347581e-03
2.624029440208e-03,8.586545633173e+05,8.586545618558e+05,1.461565378122e-03
2.623726294478e-03,8.587529981110e+05,8.587529966576e+05,1.453336095437e-03
2.623423218782e-03,8.588514327296e+05,8.588514312845e+05,1.445094705559e-03
2.623120213098e-03,8.589498671732e+05,8.589498657364e+05,1.436838530935e-03
2.622817277399e-03,8.590483014418e+05,8.590483000132e+05,1.428574905731e-03
2.622514411663e-03,8.591467355353e+05,8.591467341150e+05,1.420297892764e-03
2.622211615864e-03,8.592451694538e+05,8.592451680418e+05,1.412008889019e-03
2.621908889979e-03,8.593436031973e+05,8.593436017936e+05,1.403706963174e-03
2.621606233984e-03,8.594420367658e+05,8.594420353704e+05,1.395395258442e-03
2.621303647853e-03,8.595404701593e+05,8.595404687722e+05,1.387072610669e-03
2.621001131564e-03,8.596389033778e+05,8.596389019990e+05,1.378734828904e-03
2.620698685091e-03,8.597373364212e+05,8.597373350508e+05,1.370388432406e-03
2.620396308411e-03,8.598357692896e+05,8.598357679276e+05,1.362028298900e-03
2.620094001500e-03,8.599342019830e+05,8.599342006294e+05,1.353659899905e-03
2.619791764333e-03,8.600326345015e+05,8.600326331562e+05,1.345278113149e-03
2.619489596886e-03,8.601310668449e+05,8.601310655080e+05,1.336884568445e-03
2.619187499135e-03,8.602294990132e+05,8.602294976848e+05,1.328481128439e-03
2.618885471056e-03,8.603279310066e+05,8.603279296866e+05,1.320064184256e-03
2.618583512625e-03,8.604263628250e+05,8.604263615134e+05,1.311638508923e-03
2.618281623818e-03,8.605247944684e+05,8.605247931652e+05,1.303200260736e-03
2.617979804611e-03,8.606232259368e+05,8.606232246420e+05,1.294749206863e-03
2.617678054979e-03,8.607216572301e+05,8.607216559438e+05,1.286287442781e-03
2.617376374899e-03,8.608200883485e+05,8.608200870707e+05,1.277816714719e-03
2.617074764347e-03,8.609185192919e+05,8.609185180226e+05,1.269331900403e-03
2.616773223298e-03,8.610169500603e+05,8.610169487994e+05,1.260836841539e-03
2.616471751728e-03,8.611153806536e+05,8.611153794013e+05,1.252333051525e-03
2.616170349614e-03,8.612138110720e+05,8.612138098282e+05,1.243815873750e-03
2.615869016932e-03,8.613122413154e+05,8.613122400801e+05,1.235287170857e-03
2.615567753657e-03,8.614106713838e+05,8.614106701571e+05,1.226748572662e-03
2.615266559765e-03,8.615091012773e+05,8.615091000591e+05,1.218197401613e-03
2.614965435233e-03,8.616075309957e+05,8.616075297860e+05,1.209638197906e-03
2.614664380037e-03,8.617059605391e+05,8.617059593381e+05,1.201065839268e-03
2.614363394152e-03,8.618043899076e+05,8.618043887151e+05,1.192482537590e-03
2.614062477555e-03,8.619028191010e+05,8.619028179172e+05,1.183889689855e-03
2.613761630222e-03,8.620012481195e+05,8.620012469442e+05,1.175284269266e-03
2.613460852129e-03,8.620996769630e+05,8.620996757964e+05,1.166667789221e-03
2.613160143252e-03,8.621981056316e+05,8.621981044735e+05,1.158042927273e-03
2.612859503566e-03,8.622965341251e+05,8.622965329757e+05,1.149405958131e-03
2.612558933050e-03,8.623949624437e+05,8.623949613029e+05,1.140757696703e-03
2.612258431677e-03,8.624933905872e+05,8.624933894552e+05,1.132099190727e-03
2.611957999425e-03,8.625918185559e+05,8.625918174324e+05,1.123430905864e-03
2.611657636270e-03,8.626902463495e+05,8.626902452348e+05,1.114750164561e-03
2.611357342187e-03,8.627886739682e+05,8.627886728621e+05,1.106058713049e-03
2.611057117153e-03,8.628871014119e+05,8.628871003145e+05,1.097358181141e-03
2.610756961145e-03,8.629855286806e+05,8.629855275919e+05,1.088645658456e-03
2.610456874138e-03,8.630839557744e+05,8.630839546944e+05,1.079923938960e-03
2.610156856108e-03,8.631823826931e+05,8.631823816220e+05,1.071189763024e-03
2.609856907033e-03,8.632808094370e+05,8.632808083745e+05,1.062448951416e-03
2.609557026887e-03,8.633792360058e+05,8.633792349521e+05,1.053693471476e-03
2.609257215648e-03,8.634776623997e+05,8.634776613548e+05,1.044929842465e-03
2.608957473291e-03,8.635760886187e+05,8.635760875825e+05,1.036154571921e-03
2.608657799793e-03,8.636745146626e+05,8.636745136353e+05,1.027371617965e-03
2.608358195130e-03,8.637729405317e+05,8.637729395131e+05,1.018573530018e-03
2.608058659279e-03,8.638713662257e+05,8.638713652159e+05,1.009769155644e-03
2.607759192215e-03,8.639697917448e+05,8.639697907439e+05,1.000954885967e-03
2.607459793915e-03,8.640682170890e+05,8.640682160968e+05,9.921282762662e-04
2.607160464355e-03,8.641666422582e+05,8.641666412749e+05,9.832923533395e-04
2.606861203512e-03,8.642650672524e+05,8.642650662779e+05,9.744473500177e-04
2.606562011362e-03,8.643634920717e+05,8.643634911061e+05,9.655896574259e-04
2.606262887882e-03,8.644619167160e+05,8.644619157593e+05,9.567239321768e-04
2.605963833046e-03,8.645603411854e+05,8.645603402376e+05,9.478471474722e-04
2.605664846833e-03,8.646587654799e+05,8.646587645409e+05,9.389617480338e-04
2.605365929219e-03,8.647571895994e+05,8.647571886693e+05,9.300657548010e-04
2.605067080179e-03,8.648556135439e+05,8.648556126228e+05,9.211585856974e-04
2.604768299690e-03,8.649540373135e+05,8.649540364013e+05,9.122421033680e-04
2.604469587729e-03,8.650524609082e+05,8.650524600049e+05,9.033178212121e-04
2.604170944272e-03,8.651508843279e+05,8.651508834335e+05,8.943822467700e-04
2.603872369296e-03,8.652493075727e+05,8.652493066873e+05,8.854338666424e-04
2.603573862777e-03,8.653477306426e+05,8.653477297661e+05,8.764805970713e-04
2.603275424691e-03,8.654461535375e+05,8.654461526700e+05,8.675142889842e-04
2.602977055014e-03,8.655445762575e+05,8.655445753989e+05,8.585404139012e-04
2.602678753724e-03,8.656429988025e+05,8.656429979530e+05,8.495541987941e-04
2.602380520798e-03,8.657414211726e+05,8.657414203321e+05,8.405591361225e-04
2.602082356210e-03,8.658398433678e+05,8.658398425363e+05,8.315568557009e-04
2.601784259938e-03,8.659382653881e+05,8.659382645655e+05,8.225445635617e-04
2.601486231959e-03,8.660366872334e+05,8.660366864199e+05,8.135201642290e-04
2.601188272248e-03,8.661351089038e+05,8.661351080993e+05,8.044888963923e-04
2.600890380783e-03,8.662335303993e+05,8.662335296038e+05,7.954481989145e-04
2.600592557540e-03,8.663319517198e+05,8.663319509334e+05,7.863937644288e-04
2.600294802496e-03,8.664303728655e+05,8.664303720881e+05,7.773344404995e-04
2.599997115627e-03,8.665287938362e+05,8.665287930679e+05,7.682654540986e-04
2.599699496909e-03,8.666272146320e+05,8.666272138728e+05,7.591854082420e-04
2.599401946320e-03,8.667256352528e+05,8.667256345027e+05,7.500976789743e-04
2.599104463836e-03,8.668240556988e+05,8.668240549578e+05,7.409994723275e-04
2.598807049434e-03,8.669224759698e+05,8.669224752379e+05,7.318906718865e-04
2.598509703089e-03,8.670208960659e+05,8.670208953432e+05,7.227750029415e-04
2.598212424780e-03,8.671193159872e+05,8.671193152735e+05,7.136500207707e-04
2.597915214482e-03,8.672177357334e+05,8.672177350289e+05,7.045160746202e-04
2.597618072172e-03,8.673161553048e+05,8.673161546095e+05,6.953717675060e-04
2.597320997827e-03,8.674145747013e+05,8.674145740151e+05,6.862200098112e-04
2.597023991424e-03,8.675129939229e+05,8.675129932458e+05,6.770585896447e-04
2.596727052938e-03,8.676114129695e+05,8.676114123016e+05,6.678900681436e-04
2.596430182348e-03,8.677098318413e+05,8.677098311826e+05,6.587080424652e-04
2.596133379630e-03,8.678082505381e+05,8.678082498886e+05,6.495217094198e-04
2.595836644759e-03,8.679066690601e+05,8.679066684198e+05,6.403235020116e-04
2.595539977714e-03,8.680050874071e+05,8.680050867760e+05,6.311195902526e-04
2.595243378471e-03,8.681035055793e+05,8.681035049574e+05,6.219033384696e-04
2.594946847006e-03,8.682019235765e+05,8.682019229639e+05,6.126805674285e-04
2.594650383297e-03,8.683003413989e+05,8.683003407955e+05,6.034462712705e-04
2.594353987320e-03,8.683987590464e+05,8.683987584521e+05,5.942065035924e-04
2.594057659052e-03,8.684971765189e+05,8.684971759340e+05,5.849582375959e-04
2.593761398470e-03,8.685955938166e+05,8.685955932409e+05,5.757005419582e-04
2.593465205550e-03,8.686940109394e+05,8.686940103729e+05,5.664360942319e-04
2.593169080269e-03,8.687924278873e+05,8.687924273301e+05,5.571601213887e-04
2.592873022605e-03,8.688908446603e+05,8.688908441124e+05,5.478755338117e-04
2.592577032534e-03,8.689892612584e+05,8.689892607198e+05,5.385857075453e-04
2.592281110033e-03,8.690876776816e+05,8.690876771523e+05,5.292840069160e-04
2.591985255079e-03,8.691860939299e+05,8.691860934099e+05,5.199760198593e-04
2.591689467648e-03,8.692845100034e+05,8.692845094927e+05,5.106609314680e-04
2.591393747718e-03,8.693829259020e+05,8.693829254006e+05,5.013346672058e-04
2.591098095265e-03,8.694813416256e+05,8.694813411336e+05,4.920002538711e-04
2.590802510267e-03,8.695797571745e+05,8.695797566918e+05,4.826593212783e-04
2.590506992700e-03,8.696781725484e+05,8.696781720751e+05,4.733109381050e-04
2.590211542541e-03,8.697765877474e+05,8.697765872835e+05,4.639518447220e-04
2.589916159767e-03,8.698750027716e+05,8.698750023170e+05,4.545857664198e-04
2.589620844356e-03,8.699734176209e+05,8.699734171757e+05,4.452129360288e-04
2.589325596283e-03,8.700718322954e+05,8.700718318595e+05,4.358318401501e-04
2.589030415527e-03,8.701702467949e+05,8.701702463685e+05,4.264417802915e-04
2.588735302063e-03,8.702686611196e+05,8.702686607026e+05,4.170441534370e-04
2.588440255870e-03,8.703670752694e+05,8.703670748618e+05,4.076363984495e-04
2.588145276923e-03,8.704654892444e+05,8.704654888462e+05,3.982257330790e-04
2.587850365201e-03,8.705639030445e+05,8.705639026557e+05,3.888042410836e-04
2.587555520679e-03,8.706623166697e+05,8.706623162903e+05,3.793751820922e-04
2.587260743336e-03,8.707607301201e+05,8.707607297501e+05,3.699375083670e-04
2.586966033147e-03,8.708591433956e+05,8.708591430351e+05,3.604927333072e-04
2.586671390091e-03,8.709575564962e+05,8.709575561452e+05,3.510430688038e-04
2.586376814144e-03,8.710559694220e+05,8.710559690804e+05,3.415810642764e-04
2.586082305284e-03,8.711543821729e+05,8.711543818408e+05,3.321135882288e-04
2.585787863486e-03,8.712527947490e+05,8.712527944263e+05,3.226409899071e-04
2.585493488730e-03,8.713512071502e+05,8.713512068370e+05,3.131596604362e-04
2.585199180990e-03,8.714496193765e+05,8.714496190729e+05,3.036682028323e-04
2.584904940246e-03,8.715480314280e+05,8.715480311339e+05,2.941740676761e-04
2.584610766473e-03,8.716464433047e+05,8.716464430200e+05,2.846688730642e-04
2.584316659650e-03,8.717448550065e+05,8.717448547313e+05,2.751565771177e-04
2.584022619752e-03,8.718432665334e+05,8.718432662678e+05,2.656388096511e-04
2.583728646758e-03,8.719416778855e+05,8.719416776294e+05,2.561133587733e-04
2.583434740644e-03,8.720400890628e+05,8.720400888162e+05,2.465801080689e-04
2.583140901388e-03,8.721385000652e+05,8.721384998282e+05,2.370383590460e-04
2.582847128966e-03,8.722369108928e+05,8.722369106653e+05,2.274923026562e-04
2.582553423357e-03,8.723353215455e+05,8.723353213276e+05,2.179370494559e-04
2.582259784537e-03,8.724337320234e+05,8.724337318150e+05,2.083776053041e-04
2.581966212483e-03,8.725321423265e+05,8.725321421276e+05,1.988103613257e-04
2.581672707173e-03,8.726305524547e+05,8.726305522654e+05,1.892343861982e-04
2.581379268584e-03,8.727289624080e+05,8.727289622284e+05,1.796527067199e-04
2.581085896693e-03,8.728273721866e+05,8.728273720165e+05,1.700647408143e-04
2.580792591477e-03,8.729257817903e+05,8.729257816298e+05,1.604667631909e-04
2.580499352914e-03,8.730241912191e+05,8.730241910683e+05,1.508655259386e-04
2.580206180982e-03,8.731226004732e+05,8.731226003319e+05,1.412553247064e-04
2.579913075656e-03,8.732210095524e+05,8.732210094208e+05,1.316420966759e-04
2.579620036915e-03,8.733194184568e+05,8.733194183348e+05,1.220195554197e-04
2.579327064736e-03,8.734178271863e+05,8.734178270739e+05,1.123879337683e-04
2.579034159096e-03,8.735162357411e+05,8.735162356383e+05,1.027544494718e-04
2.578741319973e-03,8.736146441210e+05,8.736146440279e+05,9.311269968748e-05
2.578448547343e-03,8.737130523260e+05,8.737130522426e+05,8.346384856850e-05
2.578155841185e-03,8.738114603563e+05,8.738114602825e+05,7.380999159068e-05
2.577863201476e-03,8.739098682117e+05,8.739098681476e+05,6.415089592338e-05
2.577570628192e-03,8.740082758924e+05,8.740082758379e+05,5.448085721582e-05
2.577278121312e-03,8.741066833982e+05,8.741066833534e+05,4.481023643166e-05
2.576985680812e-03,8.742050907292e+05,8.742050906940e+05,3.513018600643e-05
2.576693306671e-03,8.743034978853e+05,8.743034978599e+05,2.544198650867e-05
2.576400998866e-03,8.744019048667e+05,8.744019048509e+05,1.575099304318e-05
2.576108757373e-03,8.745003116732e+05,8.745003116672e+05,6.054178811610e-06
2.575816582171e-03,8.745987183050e+05,8.745987183086e+05,-3.649736754596e-06
2.575524473237e-03,8.746971247619e+05,8.746971247752e+05,-1.336191780865e-05
2.575232430548e-03,8.747955310440e+05,8.747955310671e+05,-2.307712566108e-05
2.574940454082e-03,8.748939371513e+05,8.748939371841e+05,-3.279955126345e-05
2.574648543816e-03,8.749923430838e+05,8.749923431263e+05,-4.252744838595e-05
2.574356699728e-03,8.750907488415e+05,8.750907488938e+05,-5.226081702858e-05
2.574064921795e-03,8.751891544244e+05,8.751891544864e+05,-6.199884228408e-05
2.573773209995e-03,8.752875598325e+05,8.752875599042e+05,-7.174303755164e-05
2.573481564306e-03,8.753859650658e+05,8.753859651473e+05,-8.149375207722e-05
2.573189984704e-03,8.754843701243e+05,8.754843702155e+05,-9.125180076808e-05
2.572898471168e-03,8.755827750080e+05,8.755827751090e+05,-1.010117121041e-04
2.572607023675e-03,8.756811797169e+05,8.756811798277e+05,-1.107801217586e-04
2.572315642202e-03,8.757795842510e+05,8.757795843715e+05,-1.205549342558e-04
2.572024326727e-03,8.758779886103e+05,8.758779887406e+05,-1.303297467530e-04
2.571733077228e-03,8.759763927948e+05,8.759763929349e+05,-1.401131739840e-04
2.571441893682e-03,8.760747968045e+05,8.760747969545e+05,-1.499055651948e-04
2.571150776067e-03,8.761732006395e+05,8.761732007992e+05,-1.596979564056e-04
2.570859724360e-03,8.762716042996e+05,8.762716044691e+05,-1.694951206446e-04
2.570568738540e-03,8.763700077850e+05,8.763700079643e+05,-1.793011324480e-04
2.570277818583e-03,8.764684110956e+05,8.764684112847e+05,-1.891106367111e-04
2.569986964468e-03,8.765668142314e+05,8.765668144303e+05,-1.989256124943e-04
2.569696176171e-03,8.766652171924e+05,8.766652174011e+05,-2.087460597977e-04
2.569405453671e-03,8.767636199786e+05,8.767636201972e+05,-2.185706980526e-04
2.569114796946e-03,8.768620225901e+05,8.768620228185e+05,-2.284010406584e-04
2.568824205972e-03,8.769604250267e+05,8.769604252650e+05,-2.382372040302e-04
2.568533680728e-03,8.770588272886e+05,8.770588275367e+05,-2.480754628778e-04
2.568243221192e-03,8.771572293758e+05,8.771572296337e+05,-2.579200081527e-04
2.567952827341e-03,8.772556312881e+05,8.772556315559e+05,-2.677678130567e-04
2.567662499152e-03,8.773540330257e+05,8.773540333033e+05,-2.776224864647e-04
2.567372236604e-03,8.774524345885e+05,8.774524348760e+05,-2.874820493162e-04
2.567082039674e-03,8.775508359765e+05,8.775508362738e+05,-2.973424270749e-04
2.566791908341e-03,8.776492371898e+05,8.776492374970e+05,-3.072101389989e-04
2.566501842581e-03,8.777476382283e+05,8.777476385453e+05,-3.170835552737e-04
2.566211842373e-03,8.778460390920e+05,8.778460394189e+05,-3.269596491009e-04
2.565921907694e-03,8.779444397809e+05,8.779444401178e+05,-3.368386533111e-04
2.565632038522e-03,8.780428402951e+05,8.780428406419e+05,-3.467255737633e-04
2.565342234836e-03,8.781412406346e+05,8.781412409912e+05,-3.566149389371e-04
2.565052496612e-03,8.782396407992e+05,8.782396411657e+05,-3.665094263852e-04
2.564762823828e-03,8.783380407891e+05,8.783380411655e+05,-3.764056600630e-04
2.564473216463e-03,8.784364406043e+05,8.784364409906e+05,-3.863108577207e-04
2.564183674495e-03,8.785348402447e+05,8.785348406409e+05,-3.962148912251e-04
2.563894197900e-03,8.786332397103e+05,8.786332401165e+05,-4.061271902174e-04
2.563604786658e-03,8.787316390012e+05,8.787316394173e+05,-4.160391399637e-04
2.563315440745e-03,8.788300381173e+05,8.788300385433e+05,-4.259588895366e-04
2.563026160140e-03,8.789284370587e+05,8.789284374946e+05,-4.358806181699e-04
2.562736944821e-03,8.790268358254e+05,8.790268362712e+05,-4.458073526621e-04
2.562447794765e-03,8.791252344172e+05,8.791252348730e+05,-4.557378124446e-04
2.562158709950e-03,8.792236328344e+05,8.792236333000e+05,-4.656703677028e-04
2.561869690355e-03,8.793220310768e+05,8.793220315524e+05,-4.756068810821e-04
2.561580735958e-03,8.794204291444e+05,8.794204296299e+05,-4.855482839048e-04
2.561291846735e-03,8.795188270373e+05,8.795188275328e+05,-4.954950418323e-04
2.561003022666e-03,8.796172247555e+05,8.796172252609e+05,-5.054424982518e-04
2.560714263728e-03,8.797156222989e+05,8.797156228143e+05,-5.153927486390e-04
2.560425569899e-03,8.798140196675e+05,8.798140201929e+05,-5.253494018689e-04
2.560136941157e-03,8.799124168615e+05,8.799124173968e+05,-5.353055894375e-04
2.559848377480e-03,8.800108138807e+05,8.800108144259e+05,-5.452672485262e-04
2.559559878846e-03,8.801092107251e+05,8.801092112804e+05,-5.552312359214e-04
2.559271445233e-03,8.802076073949e+05,8.802076079601e+05,-5.651987157762e-04
2.558983076620e-03,8.803060038899e+05,8.803060044650e+05,-5.751710850745e-04
2.558694772983e-03,8.804044002101e+05,8.804044007953e+05,-5.851452006027e-04
2.558406534302e-03,8.805027963557e+05,8.805027969508e+05,-5.951239727437e-04
2.558118360554e-03,8.806011923265e+05,8.806011929316e+05,-6.051044911146e-04
2.557830251718e-03,8.806995881225e+05,8.806995887376e+05,-6.150865228847e-04
2.557542207770e-03,8.807979837439e+05,8.807979843690e+05,-6.250735605136e-04
2.557254228690e-03,8.808963791905e+05,8.808963798256e+05,-6.350640906021e-04
2.556966314456e-03,8.809947744624e+05,8.809947751075e+05,-6.450565997511e-04
2.556678465046e-03,8.810931695596e+05,8.810931702147e+05,-6.550514372066e-04
2.556390680437e-03,8.811915644821e+05,8.811915651471e+05,-6.650483701378e-04
2.556102960608e-03,8.812899592298e+05,8.812899599049e+05,-6.750458851457e-04
2.555815305537e-03,8.813883538028e+05,8.813883544879e+05,-6.850498029962e-04
2.555527715202e-03,8.814867482011e+05,8.814867488962e+05,-6.950558163226e-04
2.555240189581e-03,8.815851424247e+05,8.815851431298e+05,-7.050627609715e-04
2.554952728653e-03,8.816835364736e+05,8.816835371887e+05,-7.150744786486e-04
2.554665332396e-03,8.817819303478e+05,8.817819310728e+05,-7.250854978338e-04
2.554378000787e-03,8.818803240472e+05,8.818803247823e+05,-7.351016392931e-04
2.554090733806e-03,8.819787175720e+05,8.819787183171e+05,-7.451170822605e-04
2.553803531429e-03,8.820771109220e+05,8.820771116771e+05,-7.551382295787e-04
2.553516393636e-03,8.821755040973e+05,8.821755048625e+05,-7.651579799131e-04
2.553229320405e-03,8.822738970979e+05,8.822738978731e+05,-7.751816883683e-04
2.552942311713e-03,8.823722899238e+05,8.823722907091e+05,-7.852065609768e-04
2.552655367540e-03,8.824706825751e+05,8.824706833703e+05,-7.952345767990e-04
2.552368487862e-03,8.825690750516e+05,8.825690758568e+05,-8.052630582824e-04
2.552081672660e-03,8.826674673534e+05,8.826674681687e+05,-8.152941009030e-04
2.551794921910e-03,8.827658594805e+05,8.827658603058e+05,-8.253284031525e-04
2.551508235592e-03,8.828642514329e+05,8.828642522683e+05,-8.353611920029e-04
2.551221613682e-03,8.829626432106e+05,8.829626440560e+05,-8.453979389742e-04
2.550935056161e-03,8.830610348136e+05,8.830610356691e+05,-8.554382948205e-04
2.550648563005e-03,8.831594262420e+05,8.831594271074e+05,-8.654758566990e-04
2.550362134194e-03,8.832578174956e+05,8.832578183711e+05,-8.755170274526e-04
2.550075769706e-03,8.833562085745e+05,8.833562094601e+05,-8.855579653755e-04
2.549789469518e-03,8.834545994788e+05,8.834546003744e+05,-8.956026285887e-04
2.549503233610e-03,8.835529902083e+05,8.835529911140e+05,-9.056484559551e-04
2.549217061960e-03,8.836513807632e+05,8.836513816789e+05,-9.156939340755e-04
2.548930954545e-03,8.837497711434e+05,8.837497720692e+05,-9.257450001314e-04
2.548644911346e-03,8.838481613489e+05,8.838481622847e+05,-9.357908274978e-04
2.548358932338e-03,8.839465513797e+05,8.839465523256e+05,-9.458423592150e-04
2.548073017503e-03,8.840449412359e+05,8.840449421918e+05,-9.558950550854e-04
2.547787166816e-03,8.841433309173e+05,8.841433318833e+05,-9.659460047260e-04
2.547501380258e-03,8.842417204241e+05,8.842417214001e+05,-9.759993990883e-04
2.547215657806e-03,8.843401097562e+05,8.843401107423e+05,-9.860531426966e-04
2.546929999439e-03,8.844384989136e+05,8.844384999098e+05,-9.961082832888e-04
2.546644405136e-03,8.845368878964e+05,8.845368889026e+05,-1.006162376143e-03
2.546358874874e-03,8.846352767045e+05,8.846352777207e+05,-1.016221009195e-03
2.546073408632e-03,8.847336653379e+05,8.847336663642e+05,-1.026274287142e-03
2.545788006389e-03,8.848320537966e+05,8.848320548329e+05,-1.036332570948e-03
2.545502668124e-03,8.849304420807e+05,8.849304431271e+05,-1.046390505508e-03
2.545217393814e-03,8.850288301901e+05,8.850288312465e+05,-1.056449604221e-03
2.544932183438e-03,8.851272181248e+05,8.851272191913e+05,-1.066508702934e-03
2.544647036975e-03,8.852256058849e+05,8.852256069614e+05,-1.076567452401e-03
2.544361954403e-03,8.853239934703e+05,8.853239945569e+05,-1.086626318283e-03
2.544076935701e-03,8.854223808810e+05,8.854223819777e+05,-1.096687978134e-03
2.543791980847e-03,8.855207681171e+05,8.855207692238e+05,-1.106748124585e-03
2.543507089820e-03,8.856191551785e+05,8.856191562953e+05,-1.116806757636e-03
2.543222262598e-03,8.857175420653e+05,8.857175431921e+05,-1.126867718995e-03
2.542937499160e-03,8.858159287773e+05,8.858159299143e+05,-1.136925653554e-03
2.542652799485e-03,8.859143153148e+05,8.859143164618e+05,-1.146985916421e-03
2.542368163551e-03,8.860127016776e+05,8.860127028346e+05,-1.157045713626e-03
2.542083591336e-03,8.861110878657e+05,8.861110890328e+05,-1.167105045170e-03
2.541799082820e-03,8.862094738792e+05,8.862094750564e+05,-1.177164842375e-03
2.541514637981e-03,8.863078597180e+05,8.863078609052e+05,-1.187223824672e-03
2.541230256798e-03,8.864062453822e+05,8.864062465795e+05,-1.197283272631e-03
2.540945939248e-03,8.865046308717e+05,8.865046320791e+05,-1.207342254929e-03
2.540661685312e-03,8.866030161866e+05,8.866030174040e+05,-1.217397162691e-03
2.540377494966e-03,8.867014013269e+05,8.867014025543e+05,-1.227456028573e-03
2.540093368191e-03,8.867997862925e+05,8.867997875300e+05,-1.237511401996e-03
2.539809304965e-03,8.868981710834e+05,8.868981723310e+05,-1.247568987310e-03
2.539525305267e-03,8.869965556997e+05,8.869965569573e+05,-1.257622498088e-03
2.539241369074e-03,8.870949401414e+05,8.870949414091e+05,-1.267676358111e-03
2.538957496367e-03,8.871933244084e+05,8.871933256862e+05,-1.277729053982e-03
2.538673687123e-03,8.872917085008e+05,8.872917097886e+05,-1.287781167775e-03
2.538389941321e-03,8.873900924186e+05,8.873900937164e+05,-1.297835260630e-03
2.538106258941e-03,8.874884761617e+05,8.874884774696e+05,-1.307886093855e-03
2.537822639960e-03,8.875868597302e+05,8.875868610481e+05,-1.317934365943e-03
2.537539084358e-03,8.876852431241e+05,8.876852444520e+05,-1.327981241047e-03
2.537255592113e-03,8.877836263433e+05,8.877836276813e+05,-1.338029047474e-03
2.536972163204e-03,8.878820093879e+05,8.878820107360e+05,-1.348073943518e-03
2.536688797610e-03,8.879803922579e+05,8.879803936160e+05,-1.358116627671e-03
2.536405495309e-03,8.880787749532e+05,8.880787763214e+05,-1.368158613332e-03
2.536122256281e-03,8.881771574739e+05,8.881771588521e+05,-1.378199318424e-03
2.535839080505e-03,8.882755398200e+05,8.882755412083e+05,-1.388239907101e-03
2.535555967958e-03,8.883739219915e+05,8.883739233898e+05,-1.398278283887e-03
2.535272918620e-03,8.884723039883e+05,8.884723053967e+05,-1.408312469721e-03
2.534989932470e-03,8.885706858106e+05,8.885706872289e+05,-1.418347936124e-03
2.534707009487e-03,8.886690674582e+05,8.886690688866e+05,-1.428378862329e-03
2.534424149648e-03,8.887674489312e+05,8.887674503696e+05,-1.438408857211e-03
2.534141352935e-03,8.888658302296e+05,8.888658316780e+05,-1.448439667001e-03
2.533858619324e-03,8.889642113533e+05,8.889642128118e+05,-1.458464656025e-03
2.533575948795e-03,8.890625923025e+05,8.890625937710e+05,-1.468489877880e-03
2.533293341327e-03,8.891609730770e+05,8.891609745555e+05,-1.478513819166e-03
2.533010796899e-03,8.892593536769e+05,8.892593551655e+05,-1.488531474024e-03
2.532728315490e-03,8.893577341023e+05,8.893577356008e+05,-1.498549710959e-03
2.532445897078e-03,8.894561143530e+05,8.894561158615e+05,-1.508564455435e-03
2.532163541643e-03,8.895544944291e+05,8.895544959477e+05,-1.518577220850e-03
2.531881249164e-03,8.896528743306e+05,8.896528758592e+05,-1.528587541543e-03
2.531599019619e-03,8.897512540575e+05,8.897512555961e+05,-1.538595999591e-03
2.531316852987e-03,8.898496336098e+05,8.898496351584e+05,-1.548601198010e-03
2.531034749248e-03,8.899480129875e+05,8.899480145461e+05,-1.558604999445e-03
2.530752708380e-03,8.900463921906e+05,8.900463937592e+05,-1.568604609929e-03
2.530470730362e-03,8.901447712191e+05,8.901447727977e+05,-1.578598166816e-03
2.530188815174e-03,8.902431500730e+05,8.902431516616e+05,-1.588592422195e-03
2.529906962794e-03,8.903415287523e+05,8.903415303509e+05,-1.598582835868e-03
2.529625173201e-03,8.904399072570e+05,8.904399088656e+05,-1.608571619727e-03
2.529343446375e-03,8.905382855871e+05,8.905382872057e+05,-1.618559006602e-03
2.529061782294e-03,8.906366637426e+05,8.906366653712e+05,-1.628537778743e-03
2.528780180938e-03,8.907350417236e+05,8.907350433621e+05,-1.638518995605e-03
2.528498642285e-03,8.908334195299e+05,8.908334211784e+05,-1.648491830565e-03
2.528217166314e-03,8.909317971617e+05,8.909317988201e+05,-1.658463268541e-03
2.527935753005e-03,8.910301746188e+05,8.910301762873e+05,-1.668433425948e-03
2.527654402337e-03,8.911285519014e+05,8.911285535798e+05,-1.678396365605e-03
2.527373114289e-03,8.912269290094e+05,8.912269306978e+05,-1.688359654509e-03
2.527091888839e-03,8.913253059428e+05,8.913253076412e+05,-1.698317122646e-03
2.526810725968e-03,8.914236827017e+05,8.914236844100e+05,-1.708268537186e-03
2.526529625654e-03,8.915220592859e+05,8.915220610042e+05,-1.718217739835e-03
2.526248587875e-03,8.916204356956e+05,8.916204374238e+05,-1.728164381348e-03
2.525967612613e-03,8.917188119307e+05,8.917188136688e+05,-1.738107879646e-03
2.525686699844e-03,8.918171879913e+05,8.918171897393e+05,-1.748044043779e-03
2.525405849550e-03,8.919155638772e+05,8.919155656352e+05,-1.757979509421e-03
2.525125061708e-03,8.920139395886e+05,8.920139413565e+05,-1.767911249772e-03
2.524844336298e-03,8.921123151254e+05,8.921123169032e+05,-1.777836121619e-03
2.524563673299e-03,8.922106904877e+05,8.922106922754e+05,-1.787758548744e-03
2.524283072691e-03,8.923090656753e+05,8.923090674730e+05,-1.797672710381e-03
2.524002534452e-03,8.924074406884e+05,8.924074424960e+05,-1.807587337680e-03
2.523722058562e-03,8.925058155270e+05,8.925058173445e+05,-1.817495794967e-03
2.523441645000e-03,8.926041901909e+05,8.926041920183e+05,-1.827398082241e-03
2.523161293745e-03,8.927025646804e+05,8.927025665177e+05,-1.837297226302e-03
2.522881004777e-03,8.928009389952e+05,8.928009408424e+05,-1.847190666012e-03
2.522600778074e-03,8.928993131355e+05,8.928993149926e+05,-1.857079216279e-03
2.522320613616e-03,8.929976871012e+05,8.929976889682e+05,-1.866966136731e-03
2.522040511383e-03,8.930960608924e+05,8.930960627692e+05,-1.876843278296e-03
2.521760471352e-03,8.931944345090e+05,8.931944363957e+05,-1.886719837785e-03
2.521480493505e-03,8.932928079511e+05,8.932928098477e+05,-1.896590110846e-03
2.521200577820e-03,8.933911812186e+05,8.933911831250e+05,-1.906452933326e-03
2.520920724276e-03,8.934895543115e+05,8.934895562278e+05,-1.916315173730e-03
2.520640932852e-03,8.935879272299e+05,8.935879291561e+05,-1.926166121848e-03
2.520361203529e-03,8.936862999738e+05,8.936863019098e+05,-1.936016604304e-03
2.520081536285e-03,8.937846725431e+05,8.937846744889e+05,-1.945860334672e-03
2.519801931100e-03,8.938830449378e+05,8.938830468935e+05,-1.955697545782e-03
2.519522387952e-03,8.939814171581e+05,8.939814191236e+05,-1.965530449525e-03
2.519242906822e-03,8.940797892037e+05,8.940797911791e+05,-1.975356950425e-03
2.518963487689e-03,8.941781610748e+05,8.941781630600e+05,-1.985177281313e-03
2.518684130531e-03,8.942765327714e+05,8.942765347664e+05,-1.994991092943e-03
2.518404835329e-03,8.943749042935e+05,8.943749062983e+05,-2.004801062867e-03
2.518125602062e-03,8.944732756410e+05,8.944732776556e+05,-2.014603698626e-03
2.517846430710e-03,8.945716468139e+05,8.945716488383e+05,-2.024402609095e-03
2.517567321250e-03,8.946700178123e+05,8.946700198465e+05,-2.034190460108e-03
2.517288273664e-03,8.947683886362e+05,8.947683906802e+05,-2.043974818662e-03
2.517009287931e-03,8.948667592856e+05,8.948667613394e+05,-2.053755801171e-03
2.516730364029e-03,8.949651297604e+05,8.949651318240e+05,-2.063525840640e-03
2.516451501939e-03,8.950635000607e+05,8.950635021340e+05,-2.073292969726e-03
2.516172701640e-03,8.951618701865e+05,8.951618722695e+05,-2.083050902002e-03
2.515893963111e-03,8.952602401377e+05,8.952602422305e+05,-2.092804526910e-03
2.515615286331e-03,8.953586099144e+05,8.953586120170e+05,-2.102552680299e-03
2.515336671281e-03,8.954569795166e+05,8.954569816289e+05,-2.112289541401e-03
2.515058117940e-03,8.955553489443e+05,8.955553510663e+05,-2.122023608536e-03
2.514779626287e-03,8.956537181974e+05,8.956537203292e+05,-2.131750341505e-03
2.514501196302e-03,8.957520872760e+05,8.957520894175e+05,-2.141467994079e-03
2.514222827964e-03,8.958504561801e+05,8.958504583313e+05,-2.151180873625e-03
2.513944521253e-03,8.959488249097e+05,8.959488270706e+05,-2.160887117498e-03
2.513666276148e-03,8.960471934648e+05,8.960471956353e+05,-2.170584048145e-03
2.513388092629e-03,8.961455618453e+05,8.961455640256e+05,-2.180274343118e-03
2.513109970676e-03,8.962439300513e+05,8.962439322413e+05,-2.189956139773e-03
2.512831910268e-03,8.963422980828e+05,8.963423002825e+05,-2.199631766416e-03
2.512553911384e-03,8.964406659398e+05,8.964406681491e+05,-2.209302037954e-03
2.512275974004e-03,8.965390336223e+05,8.965390358413e+05,-2.218963811174e-03
2.511998098109e-03,8.966374011303e+05,8.966374033589e+05,-2.228613360785e-03
2.511720283676e-03,8.967357684638e+05,8.967357707020e+05,-2.238260116428e-03
2.511442530687e-03,8.968341356227e+05,8.968341378706e+05,-2.247897908092e-03
2.511164839120e-03,8.969325026072e+05,8.969325048647e+05,-2.257527550682e-03
2.510887208955e-03,8.970308694172e+05,8.970308716843e+05,-2.267151372507e-03
2.510609640172e-03,8.971292360526e+05,8.971292383294e+05,-2.276765182614e-03
2.510332132751e-03,8.972276025136e+05,8.972276047999e+05,-2.286369213834e-03
2.510054686671e-03,8.973259688000e+05,8.973259710960e+05,-2.295966609381e-03
2.509777301912e-03,8.974243349120e+05,8.974243372175e+05,-2.305559231900e-03
2.509499978453e-03,8.975227008494e+05,8.975227031646e+05,-2.315138000995e-03
2.509222716274e-03,8.976210666124e+05,8.976210689371e+05,-2.324712462723e-03
2.508945515356e-03,8.977194322008e+05,8.977194345351e+05,-2.334276447073e-03
2.508668375677e-03,8.978177976148e+05,8.978177999587e+05,-2.343831234612e-03
2.508391297217e-03,8.979161628543e+05,8.979161652077e+05,-2.353378105909e-03
2.508114279956e-03,8.980145279193e+05,8.980145302822e+05,-2.362914849073e-03
2.507837323874e-03,8.981128928098e+05,8.981128951822e+05,-2.372448099777e-03
2.507560428950e-03,8.982112575258e+05,8.982112599078e+05,-2.381967613474e-03
2.507283595164e-03,8.983096220673e+05,8.983096244588e+05,-2.391479793005e-03
2.507006822497e-03,8.984079864344e+05,8.984079888353e+05,-2.400982659310e-03
2.506730110927e-03,8.985063506269e+05,8.985063530374e+05,-2.410475164652e-03
2.506453460435e-03,8.986047146450e+05,8.986047170650e+05,-2.419958589599e-03
2.506176871000e-03,8.987030784886e+05,8.987030809180e+05,-2.429433166981e-03
2.505900342602e-03,8.988014421577e+05,8.988014445966e+05,-2.438898198307e-03
2.505623875221e-03,8.988998056523e+05,8.988998081007e+05,-2.448356361128e-03
2.505347468836e-03,8.989981689725e+05,8.989981714303e+05,-2.457803231664e-03
2.505071123428e-03,8.990965321182e+05,8.990965345854e+05,-2.467240905389e-03
2.504794838977e-03,8.991948950894e+05,8.991948975660e+05,-2.476665773429e-03
2.504518615461e-03,8.992932578861e+05,8.992932603722e+05,-2.486085402779e-03
2.504242452861e-03,8.993916205084e+05,8.993916230039e+05,-2.495490713045e-03
2.503966351158e-03,8.994899829562e+05,8.994899854610e+05,-2.504891250283e-03
2.503690310330e-03,8.995883452295e+05,8.995883477438e+05,-2.514278865419e-03
2.503414330357e-03,8.996867073283e+05,8.996867098520e+05,-2.523656468838e-03
2.503138411220e-03,8.997850692527e+05,8.997850717857e+05,-2.533024060540e-03
2.502862552898e-03,8.998834310026e+05,8.998834335450e+05,-2.542380127124e-03
2.502586755372e-03,8.999817925781e+05,8.999817951298e+05,-2.551727113314e-03
2.502311018621e-03,9.000801539791e+05,9.000801565402e+05,-2.561063040048e-03
2.502035342624e-03,9.001785152056e+05,9.001785177760e+05,-2.570391166955e-03
2.501759727363e-03,9.002768762577e+05,9.002768788374e+05,-2.579706488177e-03
2.501484172816e-03,9.003752371353e+05,9.003752397243e+05,-2.589009702206e-03
2.501208678965e-03,9.004735978385e+05,9.004736004368e+05,-2.598302438855e-03
2.500933245788e-03,9.005719583672e+05,9.005719609748e+05,-2.607585978694e-03
2.500657873266e-03,9.006703187214e+05,9.006703213383e+05,-2.616859041154e-03
2.500382561378e-03,9.007686789012e+05,9.007686815273e+05,-2.626119414344e-03
2.500107310106e-03,9.008670389066e+05,9.008670415419e+05,-2.635369542986e-03
2.499832119428e-03,9.009653987375e+05,9.009654013821e+05,-2.644607215188e-03
2.499556989324e-03,9.010637583939e+05,9.010637610478e+05,-2.653837902471e-03
2.499281919775e-03,9.011621178759e+05,9.011621205390e+05,-2.663053572178e-03
2.499006910761e-03,9.012604771835e+05,9.012604798557e+05,-2.672258182429e-03
2.498731962262e-03,9.013588363166e+05,9.013588389980e+05,-2.681451733224e-03
2.498457074257e-03,9.014571952752e+05,9.014571979659e+05,-2.690629567951e-03
2.498182246728e-03,9.015555540595e+05,9.015555567593e+05,-2.699801931158e-03
2.497907479652e-03,9.016539126692e+05,9.016539153782e+05,-2.708959043957e-03
2.497632773012e-03,9.017522711046e+05,9.017522738227e+05,-2.718104282394e-03
2.497358126787e-03,9.018506293655e+05,9.018506320927e+05,-2.727240324020e-03
2.497083540957e-03,9.019489874519e+05,9.019489901883e+05,-2.736361231655e-03
2.496809015501e-03,9.020473453640e+05,9.020473481094e+05,-2.745470497757e-03
2.496534550401e-03,9.021457031016e+05,9.021457058561e+05,-2.754569402896e-03
2.496260145636e-03,9.022440606647e+05,9.022440634284e+05,-2.763656084426e-03
2.495985801187e-03,9.023424180535e+05,9.023424208262e+05,-2.772728097625e-03
2.495711517033e-03,9.024407752678e+05,9.024407780496e+05,-2.781786490232e-03
2.495437293155e-03,9.025391323076e+05,9.025391350985e+05,-2.790835220367e-03
2.495163129532e-03,9.026374891731e+05,9.026374919730e+05,-2.799871494062e-03
2.494889026145e-03,9.027358458641e+05,9.027358486730e+05,-2.808891818859e-03
2.494614982975e-03,9.028342023807e+05,9.028342051986e+05,-2.817901899107e-03
2.494341000000e-03,9.029325587229e+05,9.029325615498e+05,-2.826900803484e-03
2.494067077202e-03,9.030309148906e+05,9.030309177265e+05,-2.835885854438e-03
2.493793214560e-03,9.031292708840e+05,9.031292737288e+05,-2.844853559509e-03
2.493519412055e-03,9.032276267029e+05,9.032276295567e+05,-2.853810437955e-03
2.493245669667e-03,9.033259823474e+05,9.033259852101e+05,-2.862756955437e-03
2.492971987377e-03,9.034243378174e+05,9.034243406891e+05,-2.871687174775e-03
2.492698365163e-03,9.035226931131e+05,9.035226959937e+05,-2.880604239181e-03
2.492424803007e-03,9.036210482343e+05,9.036210511238e+05,-2.889509778470e-03
2.492151300889e-03,9.037194031812e+05,9.037194060796e+05,-2.898398786783e-03
2.491877858789e-03,9.038177579536e+05,9.038177608609e+05,-2.907273126766e-03
2.491604476687e-03,9.039161125516e+05,9.039161154677e+05,-2.916137222201e-03
2.491331154563e-03,9.040144669752e+05,9.040144699002e+05,-2.924987464212e-03
2.491057892399e-03,9.041128212244e+05,9.041128241582e+05,-2.933819312602e-03
2.490784690173e-03,9.042111752992e+05,9.042111782418e+05,-2.942642313428e-03
2.490511547867e-03,9.043095291996e+05,9.043095321510e+05,-2.951447968371e-03
2.490238465461e-03,9.044078829256e+05,9.044078858858e+05,-2.960238722153e-03
2.489965442934e-03,9.045062364771e+05,9.045062394462e+05,-2.969017368741e-03
2.489692480267e-03,9.046045898543e+05,9.046045928321e+05,-2.977782860398e-03
2.489419577442e-03,9.047029430571e+05,9.047029460436e+05,-2.986529609188e-03
2.489146734437e-03,9.048012960855e+05,9.048012990808e+05,-2.995263435878e-03
2.488873951233e-03,9.048996489395e+05,9.048996519435e+05,-3.003981895745e-03
2.488601227811e-03,9.049980016191e+05,9.049980046318e+05,-3.012688364834e-03
2.488328564150e-03,9.050963541243e+05,9.050963571456e+05,-3.021378186531e-03
2.488055960232e-03,9.051947064551e+05,9.051947094851e+05,-3.030052874237e-03
2.487783416037e-03,9.052930586115e+05,9.052930616502e+05,-3.038709051907e-03
2.487510931544e-03,9.053914105935e+05,9.053914136409e+05,-3.047355450690e-03
2.487238506735e-03,9.054897624012e+05,9.054897654571e+05,-3.055983805098e-03
2.486966141590e-03,9.055881140344e+05,9.055881170990e+05,-3.064599470235e-03
2.486693836089e-03,9.056864654933e+05,9.056864685665e+05,-3.073195577599e-03
2.486421590212e-03,9.057848167778e+05,9.057848198595e+05,-3.081779810600e-03
2.486149403941e-03,9.058831678878e+05,9.058831709782e+05,-3.090344951488e-03
2.485877277255e-03,9.059815188236e+05,9.059815219225e+05,-3.098895424046e-03
2.485605210135e-03,9.060798695849e+05,9.060798726923e+05,-3.107431693934e-03
2.485333202561e-03,9.061782201719e+05,9.061782232878e+05,-3.115954226814e-03
2.485061254514e-03,9.062765705844e+05,9.062765737089e+05,-3.124456503429e-03
2.484789365974e-03,9.063749208226e+05,9.063749239556e+05,-3.132943063974e-03
2.484517536922e-03,9.064732708865e+05,9.064732740279e+05,-3.141415072605e-03
2.484245767338e-03,9.065716207759e+05,9.065716239258e+05,-3.149869851768e-03
2.483974057202e-03,9.066699704910e+05,9.066699736493e+05,-3.158307634294e-03
2.483702406496e-03,9.067683200317e+05,9.067683231984e+05,-3.166730049998e-03
2.483430815200e-03,9.068666693981e+05,9.068666725732e+05,-3.175134537742e-03
2.483159283293e-03,9.069650185900e+05,9.069650217735e+05,-3.183523891494e-03
2.482887810758e-03,9.070633676076e+05,9.070633707995e+05,-3.191892523319e-03
2.482616397573e-03,9.071617164509e+05,9.071617196511e+05,-3.200248931535e-03
2.482345043721e-03,9.072600651198e+05,9.072600683283e+05,-3.208588692360e-03
2.482073749180e-03,9.073584136143e+05,9.073584168312e+05,-3.216905985028e-03
2.481802513933e-03,9.074567619344e+05,9.074567651596e+05,-3.225212451071e-03
2.481531337959e-03,9.075551100802e+05,9.075551133137e+05,-3.233495866880e-03
2.481260221239e-03,9.076534580516e+05,9.076534612934e+05,-3.241765429266e-03
2.480989163754e-03,9.077518058487e+05,9.077518090987e+05,-3.250017412938e-03
2.480718165483e-03,9.078501534714e+05,9.078501567297e+05,-3.258251817897e-03
2.480447226409e-03,9.079485009198e+05,9.079485041863e+05,-3.266467596404e-03
2.480176346511e-03,9.080468481938e+05,9.080468514685e+05,-3.274664166383e-03
2.479905525770e-03,9.081451952935e+05,9.081451985763e+05,-3.282845485955e-03
2.479634764166e-03,9.082435422188e+05,9.082435455098e+05,-3.291009925306e-03
2.479364061681e-03,9.083418889698e+05,9.083418922689e+05,-3.299154574051e-03
2.479093418295e-03,9.084402355464e+05,9.084402388536e+05,-3.307278268039e-03
2.478822833988e-03,9.085385819486e+05,9.085385852640e+05,-3.315388807096e-03
2.478552308742e-03,9.086369281766e+05,9.086369315000e+05,-3.323476877995e-03
2.478281842536e-03,9.087352742301e+05,9.087352775617e+05,-3.331548767164e-03
2.478011435352e-03,9.088336201094e+05,9.088336234490e+05,-3.339602379128e-03
2.477741087170e-03,9.089319658143e+05,9.089319691619e+05,-3.347634221427e-03
2.477470797971e-03,9.090303113448e+05,9.090303147005e+05,-3.355651395395e-03
2.477200567736e-03,9.091286567010e+05,9.091286600647e+05,-3.363648080267e-03
2.476930396445e-03,9.092270018829e+05,9.092270052545e+05,-3.371624974534e-03
2.476660284079e-03,9.093253468904e+05,9.093253502700e+05,-3.379582427442e-03
2.476390230618e-03,9.094236917236e+05,9.094236951112e+05,-3.387524047866e-03
2.476120236044e-03,9.095220363825e+05,9.095220397780e+05,-3.395443200134e-03
2.475850300338e-03,9.096203808671e+05,9.096203842704e+05,-3.403342096135e-03
2.475580423479e-03,9.097187251773e+05,9.097187285885e+05,-3.411224344745e-03
2.475310605450e-03,9.098170693132e+05,9.098170727322e+05,-3.419086686336e-03
2.475040846229e-03,9.099154132747e+05,9.099154167016e+05,-3.426929586567e-03
2.474771145799e-03,9.100137570619e+05,9.100137604967e+05,-3.434750135057e-03
2.474501504140e-03,9.101121006748e+05,9.101121041174e+05,-3.442554967478e-03
2.474231921233e-03,9.102104441134e+05,9.102104475638e+05,-3.450335119851e-03
2.473962397059e-03,9.103087873777e+05,9.103087908358e+05,-3.458098857664e-03
2.473692931598e-03,9.104071304676e+05,9.104071339335e+05,-3.465838381089e-03
2.473423524831e-03,9.105054733832e+05,9.105054768568e+05,-3.473562188447e-03
2.473154176740e-03,9.106038161245e+05,9.106038196058e+05,-3.481262479909e-03
2.472884887304e-03,9.107021586915e+05,9.107021621805e+05,-3.488943795674e-03
2.472615656505e-03,9.108005010842e+05,9.108005045808e+05,-3.496605437249e-03
2.472346484324e-03,9.108988433025e+05,9.108988468068e+05,-3.504245774820e-03
2.472077370741e-03,9.109971853466e+05,9.109971888584e+05,-3.511866554618e-03
2.471808315738e-03,9.110955272163e+05,9.110955307358e+05,-3.519462188706e-03
2.471539319295e-03,9.111938689117e+05,9.111938724388e+05,-3.527039079927e-03
2.471270381393e-03,9.112922104328e+05,9.112922139674e+05,-3.534595482051e-03
2.471001502013e-03,9.113905517796e+05,9.113905553218e+05,-3.542130696587e-03
2.470732681136e-03,9.114888929521e+05,9.114888965018e+05,-3.549644607119e-03
2.470463918743e-03,9.115872339503e+05,9.115872375074e+05,-3.557137330063e-03
2.470195214814e-03,9.116855747742e+05,9.116855783388e+05,-3.564607468434e-03
2.469926569331e-03,9.117839154238e+05,9.117839189958e+05,-3.572055371478e-03
2.469657982275e-03,9.118822558991e+05,9.118822594785e+05,-3.579484531656e-03
2.469389453626e-03,9.119805962000e+05,9.119805997869e+05,-3.586890175939e-03
2.469120983366e-03,9.120789363267e+05,9.120789399210e+05,-3.594272420742e-03
2.468852571475e-03,9.121772762791e+05,9.121772798807e+05,-3.601634525694e-03
2.468584217935e-03,9.122756160572e+05,9.122756196662e+05,-3.608975326642e-03
2.468315922726e-03,9.123739556610e+05,9.123739592773e+05,-3.616291098297e-03
2.468047685829e-03,9.124722950905e+05,9.124722987141e+05,-3.623585449532e-03
2.467779507226e-03,9.125706343457e+05,9.125706379766e+05,-3.630859660916e-03
2.467511386897e-03,9.126689734266e+05,9.126689770648e+05,-3.638108377345e-03
2.467243324823e-03,9.127673123333e+05,9.127673159786e+05,-3.645333810709e-03
2.466975320986e-03,9.128656510656e+05,9.128656547182e+05,-3.652541083284e-03
2.466707375367e-03,9.129639896237e+05,9.129639932834e+05,-3.659720532596e-03
2.466439487945e-03,9.130623280075e+05,9.130623316744e+05,-3.666881471872e-03
2.466171658703e-03,9.131606662170e+05,9.131606698910e+05,-3.674015984870e-03
2.465903887622e-03,9.132590042522e+05,9.132590079333e+05,-3.681127447635e-03
2.465636174682e-03,9.133573421131e+05,9.133573458013e+05,-3.688217489980e-03
2.465368519865e-03,9.134556797998e+05,9.134556834950e+05,-3.695282270201e-03
2.465100923152e-03,9.135540173121e+05,9.135540210145e+05,-3.702322603203e-03
2.464833384524e-03,9.136523546502e+05,9.136523583596e+05,-3.709341748618e-03
2.464565903961e-03,9.137506918141e+05,9.137506955304e+05,-3.716337610967e-03
2.464298481445e-03,9.138490288036e+05,9.138490325269e+05,-3.723308444023e-03
2.464031116958e-03,9.139473656189e+05,9.139473693491e+05,-3.730256226845e-03
2.463763810479e-03,9.140457022599e+05,9.140457059971e+05,-3.737175255083e-03
2.463496561992e-03,9.141440387266e+05,9.141440424707e+05,-3.744074492715e-03
2.463229371475e-03,9.142423750191e+05,9.142423787700e+05,-3.750950680114e-03
2.462962238911e-03,9.143407111373e+05,9.143407148951e+05,-3.757799393497e-03
2.462695164281e-03,9.144390470812e+05,9.144390508458e+05,-3.764622495510e-03
2.462428147566e-03,9.145373828509e+05,9.145373866223e+05,-3.771423362195e-03
2.462161188747e-03,9.146357184463e+05,9.146357222245e+05,-3.778199665248e-03
2.461894287805e-03,9.147340538674e+05,9.147340576524e+05,-3.784950939007e-03
2.461627444721e-03,9.148323891143e+05,9.148323929060e+05,-3.791676950641e-03
2.461360659478e-03,9.149307241869e+05,9.149307279853e+05,-3.798378515057e-03
2.461093932055e-03,9.150290590853e+05,9.150290628904e+05,-3.805052838288e-03
2.460827262434e-03,9.151273938094e+05,9.151273976211e+05,-3.811705973931e-03
2.460560650596e-03,9.152257283593e+05,9.152257321776e+05,-3.818331286311e-03
2.460294096523e-03,9.153240627349e+05,9.153240665598e+05,-3.824927960522e-03
2.460027600195e-03,9.154223969362e+05,9.154224007677e+05,-3.831504844129e-03
2.459761161594e-03,9.155207309633e+05,9.155207348014e+05,-3.838052041829e-03
2.459494780702e-03,9.156190648162e+05,9.156190686607e+05,-3.844576072879e-03
2.459228457499e-03,9.157173984948e+05,9.157174023458e+05,-3.851069835946e-03
2.458962191966e-03,9.158157319991e+05,9.158157358567e+05,-3.857540548779e-03
2.458695984086e-03,9.159140653292e+05,9.159140691932e+05,-3.863986232318e-03
2.458429833838e-03,9.160123984851e+05,9.160124023555e+05,-3.870404441841e-03
2.458163741206e-03,9.161107314667e+05,9.161107353435e+05,-3.876793780364e-03
2.457897706169e-03,9.162090642741e+05,9.162090681573e+05,-3.883160417899e-03
2.457631728709e-03,9.163073969072e+05,9.163074007967e+05,-3.889499348588e-03
2.457365808808e-03,9.164057293661e+05,9.164057332619e+05,-3.895808826201e-03
2.457099946446e-03,9.165040616508e+05,9.165040655529e+05,-3.902093158104e-03
2.456834141605e-03,9.166023937612e+05,9.166023976696e+05,-3.908350481652e-03
2.456568394267e-03,9.167007256974e+05,9.167007296120e+05,-3.914583241567e-03
2.456302704413e-03,9.167990574594e+05,9.167990613802e+05,-3.920785151422e-03
2.456037072023e-03,9.168973890471e+05,9.168973929741e+05,-3.926961682737e-03
2.455771497080e-03,9.169957204606e+05,9.169957243937e+05,-3.933109692298e-03
2.455505979565e-03,9.170940516999e+05,9.170940556391e+05,-3.939230460674e-03
2.455240519459e-03,9.171923827649e+05,9.171923867102e+05,-3.945325035602e-03
2.454975116744e-03,9.172907136557e+05,9.172907176071e+05,-3.951389458962e-03
2.454709771401e-03,9.173890443723e+05,9.173890483297e+05,-3.957427805290e-03
2.454444483411e-03,9.174873749146e+05,9.174873788781e+05,-3.963436116464e-03
2.454179252756e-03,9.175857052828e+05,9.175857092522e+05,-3.969421260990e-03
2.453914079417e-03,9.176840354767e+05,9.176840394521e+05,-3.975373227149e-03
2.453648963375e-03,9.177823654964e+05,9.177823694777e+05,-3.981296555139e-03
2.453383904613e-03,9.178806953419e+05,9.178806993291e+05,-3.987192525528e-03
2.453118903111e-03,9.179790250131e+05,9.179790290062e+05,-3.993062651716e-03
2.452853958851e-03,9.180773545102e+05,9.180773585091e+05,-3.998899948783e-03
2.452589071814e-03,9.181756838330e+05,9.181756878377e+05,-4.004712449387e-03
2.452324241983e-03,9.182740129816e+05,9.182740169921e+05,-4.010491422378e-03
2.452059469337e-03,9.183723419560e+05,9.183723459723e+05,-4.016242688522e-03
2.451794753859e-03,9.184706707562e+05,9.184706747782e+05,-4.021968343295e-03
2.451530095531e-03,9.185689993822e+05,9.185690034099e+05,-4.027660703287e-03
2.451265494334e-03,9.186673278340e+05,9.186673318673e+05,-4.033326287754e-03
2.451000950248e-03,9.187656561116e+05,9.187656601505e+05,-4.038959508762e-03
2.450736463257e-03,9.188639842149e+05,9.188639882595e+05,-4.044563742355e-03
2.450472033341e-03,9.189623121441e+05,9.189623161942e+05,-4.050138872117e-03
2.450207660481e-03,9.190606398990e+05,9.190606439547e+05,-4.055686993524e-03
2.449943344660e-03,9.191589674798e+05,9.191589715410e+05,-4.061202635057e-03
2.449679085859e-03,9.192572948864e+05,9.192572989530e+05,-4.066686844453e-03
2.449414884060e-03,9.193556221187e+05,9.193556261909e+05,-4.072143230587e-03
2.449150739243e-03,9.194539491769e+05,9.194539532544e+05,-4.077567136846e-03
2.448886651391e-03,9.195522760608e+05,9.195522801438e+05,-4.082961590029e-03
2.448622620485e-03,9.196506027706e+05,9.196506068589e+05,-4.088325425982e-03
2.448358646507e-03,9.197489293062e+05,9.197489333998e+05,-4.093658528291e-03
2.448094729438e-03,9.198472556676e+05,9.198472597665e+05,-4.098956473172e-03
2.447830869261e-03,9.199455818548e+05,9.199455859590e+05,-4.104227409698e-03
2.447567065955e-03,9.200439078678e+05,9.200439119772e+05,-4.109469824471e-03
2.447303319504e-03,9.201422337066e+05,9.201422378213e+05,-4.114676499739e-03
2.447039629889e-03,9.202405593712e+05,9.202405634911e+05,-4.119853489101e-03
2.446775997091e-03,9.203388848617e+05,9.203388889867e+05,-4.125000443310e-03
2.446512421092e-03,9.204372101779e+05,9.204372143081e+05,-4.130112705752e-03
2.446248901874e-03,9.205355353200e+05,9.205355394552e+05,-4.135196097195e-03
2.445985439418e-03,9.206338602879e+05,9.206338644282e+05,-4.140244447626e-03
2.445722033707e-03,9.207321850816e+05,9.207321892269e+05,-4.145266138949e-03
2.445458684721e-03,9.208305097012e+05,9.208305138514e+05,-4.150249529630e-03
2.445195392442e-03,9.209288341466e+05,9.209288383018e+05,-4.155204980634e-03
2.444932156852e-03,9.210271584177e+05,9.210271625779e+05,-4.160127136856e-03
2.444668977933e-03,9.211254825148e+05,9.211254866798e+05,-4.165016929619e-03
2.444405855667e-03,9.212238064376e+05,9.212238106075e+05,-4.169873893261e-03
2.444142790034e-03,9.213221301863e+05,9.213221343610e+05,-4.174696514383e-03
2.443879781018e-03,9.214204537608e+05,9.214204579403e+05,-4.179488983937e-03
2.443616828599e-03,9.215187771611e+05,9.215187813454e+05,-4.184245015495e-03
2.443353932760e-03,9.216171003873e+05,9.216171045762e+05,-4.188971128315e-03
2.443091093481e-03,9.217154234393e+05,9.217154276329e+05,-4.193662316538e-03
2.442828310745e-03,9.218137463171e+05,9.218137505154e+05,-4.198323003948e-03
2.442565584534e-03,9.219120690208e+05,9.219120732237e+05,-4.202947486192e-03
2.442302914830e-03,9.220103915503e+05,9.220103957578e+05,-4.207539604977e-03
2.442040301613e-03,9.221087139056e+05,9.221087181177e+05,-4.212098661810e-03
2.441777744866e-03,9.222070360868e+05,9.222070403034e+05,-4.216622910462e-03
2.441515244571e-03,9.223053580939e+05,9.223053623150e+05,-4.221110488288e-03
2.441252800709e-03,9.224036799267e+05,9.224036841523e+05,-4.225566168316e-03
2.440990413263e-03,9.225020015854e+05,9.225020058154e+05,-4.229989601299e-03
2.440728082214e-03,9.226003230700e+05,9.226003273044e+05,-4.234378109686e-03
2.440465807544e-03,9.226986443804e+05,9.226986486192e+05,-4.238729947247e-03
2.440203589234e-03,9.227969655167e+05,9.227969697597e+05,-4.243048024364e-03
2.439941427267e-03,9.228952864788e+05,9.228952907261e+05,-4.247330129147e-03
2.439679321624e-03,9.229936072668e+05,9.229936115183e+05,-4.251581616700e-03
2.439417272288e-03,9.230919278806e+05,9.230919321364e+05,-4.255794454366e-03
2.439155279240e-03,9.231902483202e+05,9.231902525802e+05,-4.259972483851e-03
2.438893342461e-03,9.232885685858e+05,9.232885728499e+05,-4.264116520062e-03
2.438631461935e-03,9.233868886771e+05,9.233868929454e+05,-4.268224118277e-03
2.438369637642e-03,9.234852085944e+05,9.234852128667e+05,-4.272296559066e-03
2.438107869565e-03,9.235835283375e+05,9.235835326138e+05,-4.276332911104e-03
2.437846157686e-03,9.236818479064e+05,9.236818521868e+05,-4.280335968360e-03
2.437584501986e-03,9.237801673012e+05,9.237801715855e+05,-4.284299560823e-03
2.437322902447e-03,9.238784865219e+05,9.238784908102e+05,-4.288228345104e-03
2.437061359051e-03,9.239768055685e+05,9.239768098606e+05,-4.292123136111e-03
2.436799871781e-03,9.240751244409e+05,9.240751287369e+05,-4.295977763832e-03
2.436538440618e-03,9.241734431392e+05,9.241734474390e+05,-4.299799562432e-03
2.436277065544e-03,9.242717616633e+05,9.242717659669e+05,-4.303586087190e-03
2.436015746541e-03,9.243700800133e+05,9.243700843207e+05,-4.307332565077e-03
2.435754483591e-03,9.244683981892e+05,9.244684025003e+05,-4.311042954214e-03
2.435493276676e-03,9.245667161910e+05,9.245667205057e+05,-4.314716788940e-03
2.435232125777e-03,9.246650340186e+05,9.246650383370e+05,-4.318350227550e-03
2.434971030878e-03,9.247633516722e+05,9.247633559941e+05,-4.321949556470e-03
2.434709991960e-03,9.248616691516e+05,9.248616734771e+05,-4.325513844378e-03
2.434449009004e-03,9.249599864568e+05,9.249599907859e+05,-4.329038551077e-03
2.434188081994e-03,9.250583035880e+05,9.250583079205e+05,-4.332524607889e-03
2.433927210910e-03,9.251566205450e+05,9.251566248810e+05,-4.335973993875e-03
2.433666395735e-03,9.252549373279e+05,9.252549416673e+05,-4.339387407526e-03
2.433405636451e-03,9.253532539367e+05,9.253532582795e+05,-4.342759493738e-03
2.433144933040e-03,9.254515703714e+05,9.254515747175e+05,-4.346092813648e-03
2.432884285485e-03,9.255498866320e+05,9.255498909814e+05,-4.349392722361e-03
2.432623693766e-03,9.256482027184e+05,9.256482070711e+05,-4.352648160420e-03
2.432363157867e-03,9.257465186308e+05,9.257465229866e+05,-4.355871235020e-03
2.432102677768e-03,9.258448343690e+05,9.258448387281e+05,-4.359050537460e-03
2.431842253453e-03,9.259431499331e+05,9.259431542953e+05,-4.362194798887e-03
2.431581884904e-03,9.260414653231e+05,9.260414696884e+05,-4.365297616459e-03
2.431321572101e-03,9.261397805391e+05,9.261397849074e+05,-4.368361784145e-03
2.431061315029e-03,9.262380955809e+05,9.262380999523e+05,-4.371389164589e-03
2.430801113668e-03,9.263364104486e+05,9.263364148230e+05,-4.374373587780e-03
2.430540968001e-03,9.264347251422e+05,9.264347295195e+05,-4.377319943160e-03
2.430280878010e-03,9.265330396617e+05,9.265330440419e+05,-4.380228230730e-03
2.430020843676e-03,9.266313540071e+05,9.266313583902e+05,-4.383095772937e-03
2.429760864983e-03,9.267296681784e+05,9.267296725643e+05,-4.385922686197e-03
2.429500941913e-03,9.268279821756e+05,9.268279865643e+05,-4.388709785417e-03
2.429241074446e-03,9.269262959987e+05,9.269263003902e+05,-4.391459864564e-03
2.428981262567e-03,9.270246096478e+05,9.270246140419e+05,-4.394166870043e-03
2.428721506256e-03,9.271229231227e+05,9.271229275195e+05,-4.396834410727e-03
2.428461805496e-03,9.272212364235e+05,9.272212408230e+05,-4.399458412081e-03
2.428202160269e-03,9.273195495503e+05,9.273195539523e+05,-4.402044345625e-03
2.427942570558e-03,9.274178625030e+05,9.274178669075e+05,-4.404588136822e-03
2.427683036344e-03,9.275161752815e+05,9.275161796886e+05,-4.407093161717e-03
2.427423557610e-03,9.276144878860e+05,9.276144922956e+05,-4.409554298036e-03
2.427164134338e-03,9.277128003164e+05,9.277128047284e+05,-4.411975503899e-03
2.426904766510e-03,9.278111125728e+05,9.278111169871e+05,-4.414354800247e-03
2.426645454108e-03,9.279094246550e+05,9.279094290717e+05,-4.416695912369e-03
2.426386197115e-03,9.280077365632e+05,9.280077409822e+05,-4.418992786668e-03
2.426126995513e-03,9.281060482973e+05,9.281060527185e+05,-4.421246587299e-03
2.425867849284e-03,9.282043598573e+05,9.282043642807e+05,-4.423459293321e-03
2.425608758411e-03,9.283026712432e+05,9.283026756688e+05,-4.425628576428e-03
2.425349722875e-03,9.284009824550e+05,9.284009868828e+05,-4.427758394741e-03
2.425090742659e-03,9.284992934928e+05,9.284992979227e+05,-4.429843975231e-03
2.424831817745e-03,9.285976043565e+05,9.285976087884e+05,-4.431887064129e-03
2.424572948116e-03,9.286959150462e+05,9.286959194801e+05,-4.433889174834e-03
2.424314133753e-03,9.287942255618e+05,9.287942299976e+05,-4.435850074515e-03
2.424055374640e-03,9.288925359033e+05,9.288925403410e+05,-4.437764175236e-03
2.423796670758e-03,9.289908460707e+05,9.289908505103e+05,-4.439636715688e-03
2.423538022089e-03,9.290891560641e+05,9.290891605055e+05,-4.441468743607e-03
2.423279428617e-03,9.291874658834e+05,9.291874703266e+05,-4.443251178600e-03
2.423020890323e-03,9.292857755286e+05,9.292857799736e+05,-4.444994963706e-03
2.422762407190e-03,9.293840849998e+05,9.293840894465e+05,-4.446693812497e-03
2.422503979200e-03,9.294823942969e+05,9.294823987453e+05,-4.448349005543e-03
2.422245606335e-03,9.295807034200e+05,9.295807078700e+05,-4.449961939827e-03
2.421987288578e-03,9.296790123690e+05,9.296790168205e+05,-4.451526445337e-03
2.421729025912e-03,9.297773211440e+05,9.297773255970e+05,-4.453049506992e-03
2.421470818318e-03,9.298756297449e+05,9.298756341994e+05,-4.454528214410e-03
2.421212665778e-03,9.299739381717e+05,9.299739426277e+05,-4.455963615328e-03
2.420954568276e-03,9.300722464245e+05,9.300722508819e+05,-4.457353148609e-03
2.420696525794e-03,9.301705545033e+05,9.301705589620e+05,-4.458699142560e-03
2.420438538314e-03,9.302688624080e+05,9.302688668680e+05,-4.459998104721e-03
2.420180605818e-03,9.303671701386e+05,9.303671745999e+05,-4.461252945475e-03
2.419922728290e-03,9.304654776952e+05,9.304654821577e+05,-4.462463315576e-03
2.419664905711e-03,9.305637850778e+05,9.305637895414e+05,-4.463626188226e-03
2.419407138063e-03,9.306620922863e+05,9.306620967510e+05,-4.464743775316e-03
2.419149425330e-03,9.307603993208e+05,9.307604037866e+05,-4.465816891752e-03
2.418891767494e-03,9.308587061812e+05,9.308587106480e+05,-4.466842976399e-03
2.418634164537e-03,9.309570128676e+05,9.309570173354e+05,-4.467825754546e-03
2.418376616441e-03,9.310553193799e+05,9.310553238487e+05,-4.468762432225e-03
2.418119123190e-03,9.311536257182e+05,9.311536301879e+05,-4.469649749808e-03
2.417861684765e-03,9.312519318825e+05,9.312519363530e+05,-4.470493178815e-03
2.417604301150e-03,9.313502378728e+05,9.313502423441e+05,-4.471289692447e-03
2.417346972326e-03,9.314485436890e+05,9.314485481610e+05,-4.472040687688e-03
2.417089698276e-03,9.315468493312e+05,9.315468538039e+05,-4.472742555663e-03
2.416832478983e-03,9.316451547993e+05,9.316451592727e+05,-4.473399021663e-03
2.416575314429e-03,9.317434600934e+05,9.317434645674e+05,-4.474007058889e-03
2.416318204596e-03,9.318417652135e+05,9.318417696881e+05,-4.474568762816e-03
2.416061149468e-03,9.319400701596e+05,9.319400746347e+05,-4.475082852878e-03
2.415804149027e-03,9.320383749316e+05,9.320383794072e+05,-4.475548048504e-03
2.415547203255e-03,9.321366795297e+05,9.321366840056e+05,-4.475965281017e-03
2.415290312134e-03,9.322349839537e+05,9.322349884300e+05,-4.476339672692e-03
2.415033475649e-03,9.323332882036e+05,9.323332926803e+05,-4.476660396904e-03
2.414776693780e-03,9.324315922796e+05,9.324315967565e+05,-4.476936883293e-03
2.414519966511e-03,9.325298961815e+05,9.325299006587e+05,-4.477160749957e-03
2.414263293824e-03,9.326281999095e+05,9.326282043868e+05,-4.477338632569e-03
2.414006675702e-03,9.327265034634e+05,9.327265079408e+05,-4.477469832636e-03
2.413750112127e-03,9.328248068433e+05,9.328248113208e+05,-4.477548180148e-03
2.413493603082e-03,9.329231100491e+05,9.329231145267e+05,-4.477580543607e-03
2.413237148550e-03,9.330214130810e+05,9.330214175586e+05,-4.477564361878e-03
2.412980748513e-03,9.331197159389e+05,9.331197204164e+05,-4.477497190237e-03
2.412724402953e-03,9.332180186227e+05,9.332180231001e+05,-4.477383685298e-03
2.412468111855e-03,9.333163211326e+05,9.333163256098e+05,-4.477218375541e-03
2.412211875199e-03,9.334146234684e+05,9.334146279454e+05,-4.477001959458e-03
2.411955692969e-03,9.335129256302e+05,9.335129301070e+05,-4.476738744415e-03
2.411699565148e-03,9.336112276181e+05,9.336112320945e+05,-4.476421279833e-03
2.411443491718e-03,9.337095294319e+05,9.337095339080e+05,-4.476056317799e-03
2.411187472662e-03,9.338078310717e+05,9.338078355474e+05,-4.475643043406e-03
2.410931507962e-03,9.339061325376e+05,9.339061370127e+05,-4.475178546272e-03
2.410675597601e-03,9.340044338294e+05,9.340044383040e+05,-4.474662593566e-03
2.410419741562e-03,9.341027349472e+05,9.341027394213e+05,-4.474095301703e-03
2.410163939828e-03,9.342010358911e+05,9.342010403645e+05,-4.473476787098e-03
2.409908192381e-03,9.342993366609e+05,9.342993411337e+05,-4.472809960134e-03
2.409652499204e-03,9.343976372568e+05,9.343976417288e+05,-4.472090164199e-03
2.409396860280e-03,9.344959376786e+05,9.344959421499e+05,-4.471316118725e-03
2.409141275591e-03,9.345942379265e+05,9.345942423970e+05,-4.470493877307e-03
2.408885745121e-03,9.346925380004e+05,9.346925424700e+05,-4.469619248994e-03
2.408630268851e-03,9.347908379003e+05,9.347908423690e+05,-4.468692699447e-03
2.408374846766e-03,9.348891376262e+05,9.348891420939e+05,-4.467717139050e-03
2.408119478846e-03,9.349874371781e+05,9.349874416448e+05,-4.466686048545e-03
2.407864165076e-03,9.350857365561e+05,9.350857410217e+05,-4.465602454729e-03
2.407608905438e-03,9.351840357600e+05,9.351840402245e+05,-4.464471014217e-03
2.407353699915e-03,9.352823347900e+05,9.352823392533e+05,-4.463282530196e-03
2.407098548490e-03,9.353806336460e+05,9.353806381080e+05,-4.462040495127e-03
2.406843451145e-03,9.354789323280e+05,9.354789367888e+05,-4.460749914870e-03
2.406588407863e-03,9.355772308361e+05,9.355772352955e+05,-4.459402756765e-03
2.406333418627e-03,9.356755291701e+05,9.356755336282e+05,-4.458002978936e-03
2.406078483420e-03,9.357738273302e+05,9.357738317868e+05,-4.456552909687e-03
2.405823602225e-03,9.358721253164e+05,9.358721297714e+05,-4.455043585040e-03
2.405568775024e-03,9.359704231285e+05,9.359704275820e+05,-4.453486064449e-03
2.405314001800e-03,9.360687207667e+05,9.360687252186e+05,-4.451870452613e-03
2.405059282537e-03,9.361670182309e+05,9.361670226811e+05,-4.450204083696e-03
2.404804617217e-03,9.362653155212e+05,9.362653199697e+05,-4.448483232409e-03
2.404550005823e-03,9.363636126375e+05,9.363636170842e+05,-4.446705454029e-03
2.404295448338e-03,9.364619095798e+05,9.364619140247e+05,-4.444876220077e-03
2.404040944744e-03,9.365602063482e+05,9.365602107912e+05,-4.442992736585e-03
2.403786495025e-03,9.366585029426e+05,9.366585073836e+05,-4.441052558832e-03
2.403532099164e-03,9.367567993630e+05,9.367568038021e+05,-4.439058015123e-03
2.403277757143e-03,9.368550956095e+05,9.368551000465e+05,-4.437005147338e-03
2.403023468945e-03,9.369533916820e+05,9.369533961169e+05,-4.434903035872e-03
2.402769234554e-03,9.370516875806e+05,9.370516920133e+05,-4.432742251083e-03
2.402515053951e-03,9.371499833052e+05,9.371499877357e+05,-4.430523375049e-03
2.402260927121e-03,9.372482788558e+05,9.372482832841e+05,-4.428254556842e-03
2.402006854045e-03,9.373465742325e+05,9.373465786585e+05,-4.425923689269e-03
2.401752834708e-03,9.374448694353e+05,9.374448738588e+05,-4.423541715369e-03
2.401498869092e-03,9.375431644641e+05,9.375431688852e+05,-4.421099554747e-03
2.401244957179e-03,9.376414593190e+05,9.376414637376e+05,-4.418603261001e-03
2.400991098953e-03,9.377397539999e+05,9.377397584159e+05,-4.416050040163e-03
2.400737294397e-03,9.378380485068e+05,9.378380529203e+05,-4.413442686200e-03
2.400483543494e-03,9.379363428399e+05,9.379363472506e+05,-4.410776426084e-03
2.400229846227e-03,9.380346369989e+05,9.380346414070e+05,-4.408051609062e-03
2.399976202578e-03,9.381329309841e+05,9.381329353893e+05,-4.405271261930e-03
2.399722612532e-03,9.382312247953e+05,9.382312291977e+05,-4.402430960909e-03
2.399469076070e-03,9.383295184325e+05,9.383295228321e+05,-4.399535711855e-03
2.399215593176e-03,9.384278118958e+05,9.384278162924e+05,-4.396580276079e-03
2.398962163832e-03,9.385261051852e+05,9.385261095788e+05,-4.393570008688e-03
2.398708788023e-03,9.386243983007e+05,9.386244026912e+05,-4.390502814204e-03
2.398455465730e-03,9.387226912422e+05,9.387226956296e+05,-4.387372871861e-03
2.398202196938e-03,9.388209840098e+05,9.388209883940e+05,-4.384187399410e-03
2.397948981628e-03,9.389192766034e+05,9.389192809844e+05,-4.380942787975e-03
2.397695819785e-03,9.390175690232e+05,9.390175734008e+05,-4.377639619634e-03
2.397442711390e-03,9.391158612690e+05,9.391158656432e+05,-4.374276730232e-03
2.397189656428e-03,9.392141533408e+05,9.392141577117e+05,-4.370857030153e-03
2.396936654881e-03,9.393124452388e+05,9.393124496062e+05,-4.367375862785e-03
2.396683706733e-03,9.394107369628e+05,9.394107413266e+05,-4.363836604171e-03
2.396430811966e-03,9.395090285129e+05,9.395090328732e+05,-4.360239137895e-03
2.396177970563e-03,9.396073198891e+05,9.396073242457e+05,-4.356579389423e-03
2.395925182509e-03,9.397056110914e+05,9.397056154442e+05,-4.352862481028e-03
2.395672447785e-03,9.398039021197e+05,9.398039064688e+05,-4.349082242697e-03
2.395419766375e-03,9.399021929741e+05,9.399021973194e+05,-4.345245310105e-03
2.395167138262e-03,9.400004836546e+05,9.400004879960e+05,-4.341344116256e-03
2.394914563429e-03,9.400987741612e+05,9.400987784986e+05,-4.337387392297e-03
2.394662041860e-03,9.401970644939e+05,9.401970688273e+05,-4.333366639912e-03
2.394409573537e-03,9.402953546527e+05,9.402953589820e+05,-4.329285467975e-03
2.394157158444e-03,9.403936446375e+05,9.403936489627e+05,-4.325142712332e-03
2.393904796564e-03,9.404919344485e+05,9.404919387694e+05,-4.320937325247e-03
2.393652487879e-03,9.405902240855e+05,9.405902284022e+05,-4.316672333516e-03
2.393400232374e-03,9.406885135487e+05,9.406885178610e+05,-4.312346572988e-03
2.393148030032e-03,9.407868028379e+05,9.407868071459e+05,-4.307960043661e-03
2.392895880834e-03,9.408850919532e+05,9.408850962567e+05,-4.303510417230e-03
2.392643784766e-03,9.409833808947e+05,9.409833851937e+05,-4.298996529542e-03
2.392391741810e-03,9.410816696622e+05,9.410816739566e+05,-4.294425249100e-03
2.392139751949e-03,9.411799582558e+05,9.411799625456e+05,-4.289786331356e-03
2.391887815166e-03,9.412782466755e+05,9.412782509606e+05,-4.285086179152e-03
2.391635931445e-03,9.413765349214e+05,9.413765392017e+05,-4.280324908905e-03
2.391384100769e-03,9.414748229933e+05,9.414748272688e+05,-4.275502404198e-03
2.391132323121e-03,9.415731108913e+05,9.415731151620e+05,-4.270612029359e-03
2.390880598484e-03,9.416713986155e+05,9.416714028812e+05,-4.265662166290e-03
2.390628926842e-03,9.417696861657e+05,9.417696904264e+05,-4.260645364411e-03
2.390377308178e-03,9.418679735421e+05,9.418679777977e+05,-4.255568841472e-03
2.390125742475e-03,9.419662607446e+05,9.419662649950e+05,-4.250427242368e-03
2.389874229717e-03,9.420645477732e+05,9.420645520184e+05,-4.245223128237e-03
2.389622769886e-03,9.421628346279e+05,9.421628388678e+05,-4.239953937940e-03
2.389371362967e-03,9.422611213087e+05,9.422611255433e+05,-4.234617808834e-03
2.389120008942e-03,9.423594078156e+05,9.423594120449e+05,-4.229219746776e-03
2.388868707794e-03,9.424576941487e+05,9.424576983725e+05,-4.223755211569e-03
2.388617459508e-03,9.425559803079e+05,9.425559845261e+05,-4.218229325488e-03
2.388366264066e-03,9.426542662932e+05,9.426542705058e+05,-4.212636849843e-03
2.388115121451e-03,9.427525521046e+05,9.427525563116e+05,-4.206978832372e-03
2.387864031648e-03,9.428508377421e+05,9.428508419434e+05,-4.201252479106e-03
2.387612994638e-03,9.429491232058e+05,9.429491274013e+05,-4.195465240628e-03
2.387362010407e-03,9.430474084956e+05,9.430474126852e+05,-4.189611296169e-03
2.387111078936e-03,9.431456936115e+05,9.431456977952e+05,-4.183691111393e-03
2.386860200210e-03,9.432439785535e+05,9.432439827312e+05,-4.177705617622e-03
2.386609374212e-03,9.433422633217e+05,9.433422674934e+05,-4.171652253717e-03
2.386358600925e-03,9.434405479160e+05,9.434405520816e+05,-4.165531834587e-03
2.386107880332e-03,9.435388323365e+05,9.435388364958e+05,-4.159346921369e-03
2.385857212417e-03,9.436371165830e+05,9.436371207361e+05,-4.153094021603e-03
2.385606597164e-03,9.437354006558e+05,9.437354048025e+05,-4.146776860580e-03
2.385356034555e-03,9.438336845546e+05,9.438336886950e+05,-4.140389151871e-03
2.385105524575e-03,9.439319682796e+05,9.439319724135e+05,-4.133933456615e-03
2.384855067206e-03,9.440302518307e+05,9.440302559581e+05,-4.127414082177e-03
2.384604662432e-03,9.441285352080e+05,9.441285393288e+05,-4.120825207792e-03
2.384354310236e-03,9.442268184114e+05,9.442268225256e+05,-4.114167764783e-03
2.384104010603e-03,9.443251014409e+05,9.443251055484e+05,-4.107443732210e-03
2.383853763514e-03,9.444233842966e+05,9.444233883973e+05,-4.100651480258e-03
2.383603568955e-03,9.445216669785e+05,9.445216710723e+05,-4.093789844774e-03
2.383353426907e-03,9.446199494865e+05,9.446199535733e+05,-4.086862318218e-03
2.383103337356e-03,9.447182318206e+05,9.447182359005e+05,-4.079860751517e-03
2.382853300283e-03,9.448165139809e+05,9.448165180537e+05,-4.072792828083e-03
2.382603315674e-03,9.449147959673e+05,9.449148000330e+05,-4.065658198670e-03
2.382353383510e-03,9.450130777799e+05,9.450130818384e+05,-4.058453370817e-03
2.382103503776e-03,9.451113594187e+05,9.451113634699e+05,-4.051177180372e-03
2.381853676455e-03,9.452096408836e+05,9.452096449274e+05,-4.043834633194e-03
2.381603901531e-03,9.453079221747e+05,9.453079262111e+05,-4.036419210024e-03
2.381354178987e-03,9.454062032919e+05,9.454062073208e+05,-4.028936265968e-03
2.381104508807e-03,9.455044842353e+05,9.455044882566e+05,-4.021379631013e-03
2.380854890974e-03,9.456027650048e+05,9.456027690185e+05,-4.013754427433e-03
2.380605325472e-03,9.457010456005e+05,9.457010496066e+05,-4.006059491076e-03
2.380355812284e-03,9.457993260224e+05,9.457993300207e+05,-3.998293424957e-03
2.380106351394e-03,9.458976062704e+05,9.458976102609e+05,-3.990455763415e-03
2.379856942785e-03,9.459958863446e+05,9.459958903271e+05,-3.982548834756e-03
2.379607586442e-03,9.460941662450e+05,9.460941702195e+05,-3.974571591243e-03
2.379358282347e-03,9.461924459715e+05,9.461924499380e+05,-3.966518677771e-03
2.379109030484e-03,9.462907255242e+05,9.462907294826e+05,-3.958398126997e-03
2.378859830837e-03,9.463890049031e+05,9.463890088533e+05,-3.950203186832e-03
2.378610683389e-03,9.464872841081e+05,9.464872880501e+05,-3.941937000491e-03
2.378361588124e-03,9.465855631394e+05,9.465855670730e+05,-3.933598985896e-03
2.378112545026e-03,9.466838419968e+05,9.466838459220e+05,-3.925186698325e-03
2.377863554078e-03,9.467821206803e+05,9.467821245970e+05,-3.916702931747e-03
2.377614615264e-03,9.468803991901e+05,9.468804030982e+05,-3.908147802576e-03
2.377365728567e-03,9.469786775260e+05,9.469786814256e+05,-3.899520845152e-03
2.377116893971e-03,9.470769556882e+05,9.470769595790e+05,-3.890818334185e-03
2.376868111460e-03,9.471752336765e+05,9.471752375585e+05,-3.882041666657e-03
2.376619381017e-03,9.472735114909e+05,9.472735153641e+05,-3.873194800690e-03
2.376370702626e-03,9.473717891316e+05,9.473717929959e+05,-3.864270169288e-03
2.376122076271e-03,9.474700665985e+05,9.474700704537e+05,-3.855273127556e-03
2.375873501935e-03,9.475683438915e+05,9.475683477377e+05,-3.846204490401e-03
2.375624979603e-03,9.476666210108e+05,9.476666248478e+05,-3.837060532533e-03
2.375376509256e-03,9.477648979562e+05,9.477649017840e+05,-3.827843582258e-03
2.375128090881e-03,9.478631747278e+05,9.478631785463e+05,-3.818547353148e-03
2.374879724459e-03,9.479614513256e+05,9.479614551348e+05,-3.809180343524e-03
2.374631409975e-03,9.480597277496e+05,9.480597315493e+05,-3.799734404311e-03
2.374383147412e-03,9.481580039998e+05,9.481580077900e+05,-3.790218150243e-03
2.374134936755e-03,9.482562800762e+05,9.482562838568e+05,-3.780624945648e-03
2.373886777987e-03,9.483545559788e+05,9.483545597498e+05,-3.770953626372e-03
2.373638671091e-03,9.484528317076e+05,9.484528354688e+05,-3.761207684875e-03
2.373390616052e-03,9.485511072626e+05,9.485511110140e+05,-3.751389100216e-03
2.373142612853e-03,9.486493826438e+05,9.486493863853e+05,-3.741491702385e-03
2.372894661477e-03,9.487476578512e+05,9.487476615827e+05,-3.731517004780e-03
2.372646761910e-03,9.488459328848e+05,9.488459366063e+05,-3.721465240233e-03
2.372398914133e-03,9.489442077447e+05,9.489442114560e+05,-3.711340134032e-03
2.372151118132e-03,9.490424824307e+05,9.490424861318e+05,-3.701137495227e-03
2.371903373890e-03,9.491407569429e+05,9.491407606338e+05,-3.690855577588e-03
2.371655681391e-03,9.492390312814e+05,9.492390349619e+05,-3.680496942252e-03
2.371408040618e-03,9.493373054460e+05,9.493373091161e+05,-3.670060541481e-03
2.371160451556e-03,9.494355794369e+05,9.494355830964e+05,-3.659548587166e-03
2.370912914187e-03,9.495338532540e+05,9.495338569029e+05,-3.648960031569e-03
2.370665428497e-03,9.496321268973e+05,9.496321305356e+05,-3.638288239017e-03
2.370417994468e-03,9.497304003668e+05,9.497304039944e+05,-3.627540660091e-03
2.370170612085e-03,9.498286736626e+05,9.498286772793e+05,-3.616715432145e-03
2.369923281332e-03,9.499269467845e+05,9.499269503903e+05,-3.605814068578e-03
2.369676002191e-03,9.500252197327e+05,9.500252233275e+05,-3.594828303903e-03
2.369428774648e-03,9.501234925071e+05,9.501234960909e+05,-3.583764890209e-03
2.369181598686e-03,9.502217651077e+05,9.502217686804e+05,-3.572624991648e-03
2.368934474288e-03,9.503200375346e+05,9.503200410960e+05,-3.561403253116e-03
2.368687401439e-03,9.504183097877e+05,9.504183133378e+05,-3.550102002919e-03
2.368440380123e-03,9.505165818670e+05,9.505165854057e+05,-3.538721706718e-03
2.368193410323e-03,9.506148537725e+05,9.506148572998e+05,-3.527263994329e-03
2.367946492024e-03,9.507131255043e+05,9.507131290200e+05,-3.515722462907e-03
2.367699625209e-03,9.508113970623e+05,9.508114005664e+05,-3.504100255668e-03
2.367452809861e-03,9.509096684466e+05,9.509096719390e+05,-3.492398536764e-03
2.367206045966e-03,9.510079396570e+05,9.510079431376e+05,-3.480616840534e-03
2.366959333507e-03,9.511062106937e+05,9.511062141625e+05,-3.468756098300e-03
2.366712672468e-03,9.512044815567e+05,9.512044850135e+05,-3.456811769865e-03
2.366466062832e-03,9.513027522459e+05,9.513027556907e+05,-3.444785485044e-03
2.366219504584e-03,9.514010227613e+05,9.514010261940e+05,-3.432675614022e-03
2.365972997708e-03,9.514992931030e+05,9.514992965235e+05,-3.420488443226e-03
2.365726542188e-03,9.515975632709e+05,9.515975666791e+05,-3.408215707168e-03
2.365480138006e-03,9.516958332651e+05,9.516958366609e+05,-3.395861131139e-03
2.365233785149e-03,9.517941030855e+05,9.517941064689e+05,-3.383425879292e-03
2.364987483599e-03,9.518923727321e+05,9.518923761030e+05,-3.370910766535e-03
2.364741233340e-03,9.519906422050e+05,9.519906455633e+05,-3.358309972100e-03
2.364495034357e-03,9.520889115042e+05,9.520889148498e+05,-3.345625707880e-03
2.364248886633e-03,9.521871806296e+05,9.521871839624e+05,-3.332857857458e-03
2.364002790153e-03,9.522854495812e+05,9.522854529012e+05,-3.320007584989e-03
2.363756744900e-03,9.523837183591e+05,9.523837216662e+05,-3.307072794996e-03
2.363510750859e-03,9.524819869633e+05,9.524819902573e+05,-3.294053254649e-03
2.363264808012e-03,9.525802553937e+05,9.525802586747e+05,-3.280950011685e-03
2.363018916346e-03,9.526785236504e+05,9.526785269182e+05,-3.267767489888e-03
2.362773075843e-03,9.527767917333e+05,9.527767949878e+05,-3.254494047724e-03
2.362527286487e-03,9.528750596425e+05,9.528750628837e+05,-3.241139696911e-03
2.362281548263e-03,9.529733273780e+05,9.529733306057e+05,-3.227700013667e-03
2.362035861154e-03,9.530715949397e+05,9.530715981539e+05,-3.214173135348e-03
2.361790225146e-03,9.531698623277e+05,9.531698655283e+05,-3.200564999133e-03
2.361544640220e-03,9.532681295420e+05,9.532681327288e+05,-3.186870599166e-03
2.361299106363e-03,9.533663965825e+05,9.533663997556e+05,-3.173087839969e-03
2.361053623558e-03,9.534646634493e+05,9.534646666085e+05,-3.159221960232e-03
2.360808191788e-03,9.535629301423e+05,9.535629332876e+05,-3.145268885419e-03
2.360562811038e-03,9.536611966617e+05,9.536611997929e+05,-3.131230943836e-03
2.360317481293e-03,9.537594630073e+05,9.537594661244e+05,-3.117104293779e-03
2.360072202536e-03,9.538577291792e+05,9.538577322820e+05,-3.102892194875e-03
2.359826974751e-03,9.539559951773e+05,9.539559982659e+05,-3.088593832217e-03
2.359581797922e-03,9.540542610017e+05,9.540542640759e+05,-3.074205480516e-03
2.359336672034e-03,9.541525266525e+05,9.541525297122e+05,-3.059735172428e-03
2.359091597071e-03,9.542507921294e+05,9.542507951746e+05,-3.045171848498e-03
2.358846573016e-03,9.543490574327e+05,9.543490604632e+05,-3.030524821952e-03
2.358601599855e-03,9.544473225623e+05,9.544473255781e+05,-3.015786176547e-03
2.358356677570e-03,9.545455875181e+05,9.545455905191e+05,-3.000964294188e-03
2.358111806147e-03,9.546438523002e+05,9.546438552863e+05,-2.986049163155e-03
2.357866985569e-03,9.547421169086e+05,9.547421198797e+05,-2.971047884785e-03
2.357622215821e-03,9.548403813433e+05,9.548403842993e+05,-2.955957781523e-03
2.357377496886e-03,9.549386456043e+05,9.549386485451e+05,-2.940779784694e-03
2.357132828749e-03,9.550369096916e+05,9.550369126171e+05,-2.925513195805e-03
2.356888211395e-03,9.551351736052e+05,9.551351765153e+05,-2.910155104473e-03
2.356643644806e-03,9.552334373450e+05,9.552334402397e+05,-2.894710982218e-03
2.356399128969e-03,9.553317009112e+05,9.553317037904e+05,-2.879170235246e-03
2.356154663866e-03,9.554299643036e+05,9.554299671672e+05,-2.863544155844e-03
2.355910249481e-03,9.555282275224e+05,9.555282303702e+05,-2.847827738151e-03
2.355665885800e-03,9.556264905674e+05,9.556264933994e+05,-2.832020749338e-03
2.355421572806e-03,9.557247534388e+05,9.557247562549e+05,-2.816124120727e-03
2.355177310484e-03,9.558230161364e+05,9.558230189366e+05,-2.800134825520e-03
2.354933098818e-03,9.559212786604e+05,9.559212814444e+05,-2.784055075608e-03
2.354688937792e-03,9.560195410106e+05,9.560195437785e+05,-2.767886733636e-03
2.354444827390e-03,9.561178031872e+05,9.561178059388e+05,-2.751623978838e-03
2.354200767596e-03,9.562160651901e+05,9.562160679253e+05,-2.735271234997e-03
2.353956758396e-03,9.563143270192e+05,9.563143297381e+05,-2.718825126067e-03
2.353712799772e-03,9.564125886747e+05,9.564125913770e+05,-2.702285419218e-03
2.353468891710e-03,9.565108501565e+05,9.565108528422e+05,-2.685658168048e-03
2.353225034193e-03,9.566091114646e+05,9.566091141335e+05,-2.668933011591e-03
2.352981227207e-03,9.567073725990e+05,9.567073752511e+05,-2.652117400430e-03
2.352737470734e-03,9.568056335598e+05,9.568056361950e+05,-2.635208773427e-03
2.352493764761e-03,9.569038943468e+05,9.569038969650e+05,-2.618209109642e-03
2.352250109270e-03,9.570021549602e+05,9.570021575613e+05,-2.601113636047e-03
2.352006504246e-03,9.571004153999e+05,9.571004179838e+05,-2.583928639069e-03
2.351762949674e-03,9.571986756659e+05,9.571986782325e+05,-2.566645038314e-03
2.351519445537e-03,9.572969357582e+05,9.572969383075e+05,-2.549267956056e-03
2.351275991821e-03,9.573951956768e+05,9.573951982086e+05,-2.531797974370e-03
2.351032588509e-03,9.574934554218e+05,9.574934579361e+05,-2.514232299291e-03
2.350789235586e-03,9.575917149931e+05,9.575917174897e+05,-2.496572793461e-03
2.350545933037e-03,9.576899743907e+05,9.576899768696e+05,-2.478819224052e-03
2.350302680844e-03,9.577882336147e+05,9.577882360757e+05,-2.460969728418e-03
2.350059478994e-03,9.578864926650e+05,9.578864951080e+05,-2.443028730340e-03
2.349816327470e-03,9.579847515416e+05,9.579847539666e+05,-2.424987382255e-03
2.349573226257e-03,9.580830102445e+05,9.580830126514e+05,-2.406851039268e-03
2.349330175339e-03,9.581812687738e+05,9.581812711624e+05,-2.388619119301e-03
2.349087174700e-03,9.582795271294e+05,9.582795294997e+05,-2.370290923864e-03
2.348844224325e-03,9.583777853114e+05,9.583777876633e+05,-2.351867267862e-03
2.348601324199e-03,9.584760433197e+05,9.584760456530e+05,-2.333345706575e-03
2.348358474305e-03,9.585743011543e+05,9.585743034690e+05,-2.314728568308e-03
2.348115674628e-03,9.586725588153e+05,9.586725611113e+05,-2.296013524756e-03
2.347872925152e-03,9.587708163026e+05,9.587708185798e+05,-2.277199411765e-03
2.347630225863e-03,9.588690736162e+05,9.588690758745e+05,-2.258290071040e-03
2.347387576744e-03,9.589673307562e+05,9.589673329955e+05,-2.239282475784e-03
2.347144977780e-03,9.590655877226e+05,9.590655899428e+05,-2.220180002041e-03
2.346902428955e-03,9.591638445153e+05,9.591638467162e+05,-2.200976829045e-03
2.346659930254e-03,9.592621011343e+05,9.592621033160e+05,-2.181675867178e-03
2.346417481661e-03,9.593603575797e+05,9.593603597420e+05,-2.162272343412e-03
2.346175083161e-03,9.594586138514e+05,9.594586159942e+05,-2.142772544175e-03
2.345932734738e-03,9.595568699495e+05,9.595568720727e+05,-2.123174723238e-03
2.345690436377e-03,9.596551258740e+05,9.596551279774e+05,-2.103478531353e-03
2.345448188062e-03,9.597533816248e+05,9.597533837084e+05,-2.083681989461e-03
2.345205989777e-03,9.598516372019e+05,9.598516392657e+05,-2.063784981146e-03
2.344963841507e-03,9.599498926054e+05,9.599498946492e+05,-2.043786575086e-03
2.344721743238e-03,9.600481478353e+05,9.600481498590e+05,-2.023692009971e-03
2.344479694952e-03,9.601464028915e+05,9.601464048950e+05,-2.003492671065e-03
2.344237696635e-03,9.602446577741e+05,9.602446597573e+05,-1.983196940273e-03
2.343995748271e-03,9.603429124831e+05,9.603429144459e+05,-1.962795155123e-03
2.343753849845e-03,9.604411670184e+05,9.604411689607e+05,-1.942298375070e-03
2.343512001341e-03,9.605394213801e+05,9.605394233018e+05,-1.921697519720e-03
2.343270202745e-03,9.606376755682e+05,9.606376774692e+05,-1.900994917378e-03
2.343028454039e-03,9.607359295826e+05,9.607359314628e+05,-1.880188938230e-03
2.342786755209e-03,9.608341834234e+05,9.608341852827e+05,-1.859282958321e-03
2.342545106240e-03,9.609324370905e+05,9.609324389288e+05,-1.838275580667e-03
2.342303507116e-03,9.610306905841e+05,9.610306924012e+05,-1.817164011300e-03
2.342061957822e-03,9.611289439040e+05,9.611289456999e+05,-1.795950462110e-03
2.341820458342e-03,9.612271970503e+05,9.612271988249e+05,-1.774633303285e-03
2.341579008661e-03,9.613254500229e+05,9.613254517762e+05,-1.753214863129e-03
2.341337608763e-03,9.614237028220e+05,9.614237045537e+05,-1.731692231260e-03
2.341096258633e-03,9.615219554474e+05,9.615219571575e+05,-1.710067386739e-03
2.340854958256e-03,9.616202078992e+05,9.616202095875e+05,-1.688337535597e-03
2.340613707616e-03,9.617184601774e+05,9.617184618439e+05,-1.666503609158e-03
2.340372506698e-03,9.618167122820e+05,9.618167139265e+05,-1.644564908929e-03
2.340131355487e-03,9.619149642129e+05,9.619149658354e+05,-1.622523996048e-03
2.339890253967e-03,9.620132159702e+05,9.620132175706e+05,-1.600374234840e-03
2.339649202122e-03,9.621114675540e+05,9.621114691321e+05,-1.578122377396e-03
2.339408199938e-03,9.622097189641e+05,9.622097205198e+05,-1.555767608806e-03
2.339167247399e-03,9.623079702006e+05,9.623079717339e+05,-1.533302362077e-03
2.338926344490e-03,9.624062212635e+05,9.624062227742e+05,-1.510732225142e-03
2.338685491196e-03,9.625044721528e+05,9.625044736408e+05,-1.488059759140e-03
2.338444687500e-03,9.626027228684e+05,9.626027243337e+05,-1.465279725380e-03
2.338203933388e-03,9.627009734105e+05,9.627009748529e+05,-1.442393404432e-03
2.337963228845e-03,9.627992237790e+05,9.627992251984e+05,-1.419397420250e-03
2.337722573855e-03,9.628974739739e+05,9.628974753702e+05,-1.396300736815e-03
2.337481968403e-03,9.629957239951e+05,9.629957253682e+05,-1.373094157316e-03
2.337241412473e-03,9.630939738428e+05,9.630939751926e+05,-1.349779893644e-03
2.337000906051e-03,9.631922235169e+05,9.631922248432e+05,-1.326354569755e-03
2.336760449120e-03,9.632904730174e+05,9.632904743202e+05,-1.302826683968e-03
2.336520041667e-03,9.633887223443e+05,9.633887236234e+05,-1.279188320041e-03
2.336279683675e-03,9.634869714975e+05,9.634869727530e+05,-1.255443086848e-03
2.336039375129e-03,9.635852204772e+05,9.635852217088e+05,-1.231591450050e-03
2.335799116014e-03,9.636834692833e+05,9.636834704910e+05,-1.207625842653e-03
2.335558906314e-03,9.637817179159e+05,9.637817190994e+05,-1.183556625620e-03
2.335318746015e-03,9.638799663748e+05,9.638799675342e+05,-1.159376930445e-03
2.335078635102e-03,9.639782146601e+05,9.639782157952e+05,-1.135083846748e-03
2.334838573558e-03,9.640764627719e+05,9.640764638826e+05,-1.110683893785e-03
2.334598561369e-03,9.641747107101e+05,9.641747117962e+05,-1.086176955141e-03
2.334358598520e-03,9.642729584746e+05,9.642729595362e+05,-1.061555929482e-03
2.334118684995e-03,9.643712060657e+05,9.643712071025e+05,-1.036827336065e-03
2.333878820779e-03,9.644694534831e+05,9.644694544951e+05,-1.011987333186e-03
2.333639005857e-03,9.645677007269e+05,9.645677017140e+05,-9.870331268758e-04
2.333399240214e-03,9.646659477972e+05,9.646659487592e+05,-9.619714692235e-04
2.333159523834e-03,9.647641946939e+05,9.647641956307e+05,-9.368004975840e-04
2.332919856703e-03,9.648624414170e+05,9.648624423285e+05,-9.115142747760e-04
2.332680238804e-03,9.649606879666e+05,9.649606888527e+05,-8.861167589203e-04
2.332440670124e-03,9.650589343425e+05,9.650589352031e+05,-8.606080664322e-04
2.332201150647e-03,9.651571805449e+05,9.651571813799e+05,-8.349881973118e-04
2.331961680357e-03,9.652554265738e+05,9.652554273830e+05,-8.092535426840e-04
2.331722259240e-03,9.653536724290e+05,9.653536732124e+05,-7.834079442546e-04
2.331482887281e-03,9.654519181107e+05,9.654519188682e+05,-7.574481423944e-04
2.331243564463e-03,9.655501636189e+05,9.655501643502e+05,-7.313775131479e-04
2.331004290773e-03,9.656484089534e+05,9.656484096586e+05,-7.051941938698e-04
2.330765066195e-03,9.657466541144e+05,9.657466547933e+05,-6.788943428546e-04
2.330525890713e-03,9.658448991019e+05,9.658448997543e+05,-6.524786585942e-04
2.330286764314e-03,9.659431439158e+05,9.659431445417e+05,-6.259556394070e-04
2.330047686981e-03,9.660413885561e+05,9.660413891554e+05,-5.993110826239e-04
2.329808658699e-03,9.661396330228e+05,9.661396335954e+05,-5.725553492084e-04
2.329569679454e-03,9.662378773161e+05,9.662378778617e+05,-5.456857616082e-04
2.329330749231e-03,9.663361214357e+05,9.663361219544e+05,-5.186976632103e-04
2.329091868014e-03,9.664343653818e+05,9.664343658734e+05,-4.915957106277e-04
2.328853035788e-03,9.665326091544e+05,9.665326096187e+05,-4.643794381991e-04
2.328614252538e-03,9.666308527534e+05,9.666308531904e+05,-4.370464012027e-04
2.328375518249e-03,9.667290961788e+05,9.667290965884e+05,-4.095990443602e-04
2.328136832906e-03,9.668273394307e+05,9.668273398128e+05,-3.820334095508e-04
2.327898196494e-03,9.669255825091e+05,9.669255828634e+05,-3.543525235727e-04
2.327659608999e-03,9.670238254139e+05,9.670238257404e+05,-3.265502164140e-04
2.327421070404e-03,9.671220681452e+05,9.671220684438e+05,-2.986356848851e-04
2.327182580695e-03,9.672203107029e+05,9.672203109735e+05,-2.706034574658e-04
2.326944139857e-03,9.673185530871e+05,9.673185533295e+05,-2.424500416964e-04
2.326705747874e-03,9.674167952977e+05,9.674167955119e+05,-2.141841687262e-04
2.326467404733e-03,9.675150373348e+05,9.675150375206e+05,-1.857943134382e-04
2.326229110417e-03,9.676132791984e+05,9.676132793557e+05,-1.572914188728e-04
2.325990864912e-03,9.677115208884e+05,9.677115210171e+05,-1.286687329412e-04
2.325752668203e-03,9.678097624049e+05,9.678097625048e+05,-9.992823470384e-05
2.325514520274e-03,9.679080037479e+05,9.679080038189e+05,-7.106421981007e-05
2.325276421112e-03,9.680062449173e+05,9.680062449594e+05,-4.208227619529e-05
2.325038370700e-03,9.681044859132e+05,9.681044859262e+05,-1.298217102885e-05
2.324800369024e-03,9.682027267356e+05,9.682027267194e+05,1.623423304409e-05
2.324562416070e-03,9.683009673844e+05,9.683009673389e+05,4.557636566460e-05
2.324324511821e-03,9.683992078598e+05,9.683992077847e+05,7.503596134484e-05
2.324086656263e-03,9.684974481616e+05,9.684974480569e+05,1.046170946211e-04
2.323848849381e-03,9.685956882898e+05,9.685956881555e+05,1.343209296465e-04
2.323611091160e-03,9.686939282446e+05,9.686939280804e+05,1.641417620704e-04
2.323373381586e-03,9.687921680258e+05,9.687921678317e+05,1.940875081345e-04
2.323135720642e-03,9.688904076335e+05,9.688904074094e+05,2.241516485810e-04
2.322898108315e-03,9.689886470677e+05,9.689886468134e+05,2.543376758695e-04
2.322660544590e-03,9.690868863284e+05,9.690868860437e+05,2.846459392458e-04
2.322423029451e-03,9.691851254155e+05,9.691851251004e+05,3.150786506012e-04
2.322185562883e-03,9.692833643292e+05,9.692833639835e+05,3.456367412582e-04
2.321948144873e-03,9.693816030693e+05,9.693816026930e+05,3.763112472370e-04
2.321710775404e-03,9.694798416359e+05,9.694798412288e+05,4.071102011949e-04
2.321473454462e-03,9.695780800290e+05,9.695780795910e+05,4.380344180390e-04
2.321236182032e-03,9.696763182486e+05,9.696763177795e+05,4.690836649388e-04
2.320998958099e-03,9.697745562947e+05,9.697745557945e+05,5.002528196201e-04
2.320761782649e-03,9.698727941673e+05,9.698727936358e+05,5.315475864336e-04
2.320524655666e-03,9.699710318664e+05,9.699710313034e+05,5.629685474560e-04
2.320287577135e-03,9.700692693920e+05,9.700692687974e+05,5.945133743808e-04
2.320050547043e-03,9.701675067440e+05,9.701675061179e+05,6.261810194701e-04
2.319813565373e-03,9.702657439226e+05,9.702657432646e+05,6.579743931070e-04
2.319576632111e-03,9.703639809277e+05,9.703639802378e+05,6.898929132149e-04
2.319339747243e-03,9.704622177593e+05,9.704622170373e+05,7.219396065921e-04
2.319102910753e-03,9.705604544173e+05,9.705604536632e+05,7.541103987023e-04
2.318866122626e-03,9.706586909019e+05,9.706586901155e+05,7.864072686061e-04
2.318629382848e-03,9.707569272130e+05,9.707569263942e+05,8.188294013962e-04
2.318392691405e-03,9.708551633506e+05,9.708551624992e+05,8.513776119798e-04
2.318156048280e-03,9.709533993147e+05,9.709533984307e+05,8.840583031997e-04
2.317919453460e-03,9.710516351053e+05,9.710516341885e+05,9.168602991849e-04
2.317682906929e-03,9.711498707225e+05,9.711498697727e+05,9.497929131612e-04
2.317446408673e-03,9.712481061661e+05,9.712481051832e+05,9.828514885157e-04
2.317209958678e-03,9.713463414363e+05,9.713463404202e+05,1.016039983369e-03
2.316973556927e-03,9.714445765329e+05,9.714445754836e+05,1.049355254509e-03
2.316737203407e-03,9.715428114561e+05,9.715428103733e+05,1.082797651179e-03
2.316500898103e-03,9.716410462058e+05,9.716410450894e+05,1.116367755458e-03
2.316264640999e-03,9.717392807820e+05,9.717392796320e+05,1.150071853772e-03
2.316028432082e-03,9.718375151848e+05,9.718375140009e+05,1.183903659694e-03
2.315792271337e-03,9.719357494140e+05,9.719357481962e+05,1.217862358317e-03
2.315556158748e-03,9.720339834698e+05,9.720339822179e+05,1.251952489838e-03
2.315320094301e-03,9.721322173522e+05,9.721322160660e+05,1.286172308028e-03
2.315084077982e-03,9.722304510610e+05,9.722304497405e+05,1.320522627793e-03
2.314848109775e-03,9.723286845964e+05,9.723286832414e+05,1.355003798380e-03
2.314612189666e-03,9.724269179583e+05,9.724269165686e+05,1.389618380927e-03
2.314376317640e-03,9.725251511467e+05,9.725251497223e+05,1.424360787496e-03
2.314140493682e-03,9.726233841616e+05,9.726233827024e+05,1.459232182242e-03
2.313904717779e-03,9.727216170031e+05,9.727216155089e+05,1.494239782915e-03
2.313668989914e-03,9.728198496712e+05,9.728198481418e+05,1.529379398562e-03
2.313433310074e-03,9.729180821657e+05,9.729180806011e+05,1.564647536725e-03
2.313197678244e-03,9.730163144868e+05,9.730163128868e+05,1.600049785338e-03
2.312962094409e-03,9.731145466345e+05,9.731145449989e+05,1.635584631003e-03
2.312726558554e-03,9.732127786086e+05,9.732127769374e+05,1.671252190135e-03
2.312491070665e-03,9.733110104094e+05,9.733110087023e+05,1.707053394057e-03
2.312255630727e-03,9.734092420366e+05,9.734092402936e+05,1.742988359183e-03
2.312020238725e-03,9.735074734904e+05,9.735074717114e+05,1.779056852683e-03
2.311784894646e-03,9.736057047708e+05,9.736057029555e+05,1.815257710405e-03
2.311549598473e-03,9.737039358777e+05,9.737039340261e+05,1.851595006883e-03
2.311314350193e-03,9.738021668111e+05,9.738021649230e+05,1.888065598905e-03
2.311079149791e-03,9.739003975711e+05,9.739003956464e+05,1.924673444591e-03
2.310843997253e-03,9.739986281576e+05,9.739986261962e+05,1.961416215636e-03
2.310608892563e-03,9.740968585707e+05,9.740968565724e+05,1.998289953917e-03
2.310373835707e-03,9.741950888104e+05,9.741950867751e+05,2.035304205492e-03
2.310138826671e-03,9.742933188766e+05,9.742933168041e+05,2.072449191473e-03
2.309903865439e-03,9.743915487693e+05,9.743915466596e+05,2.109735156409e-03
2.309668951998e-03,9.744897784887e+05,9.744897763415e+05,2.147155930288e-03
2.309434086333e-03,9.745880080345e+05,9.745880058498e+05,2.184713841416e-03
2.309199268429e-03,9.746862374070e+05,9.746862351846e+05,2.222408540547e-03
2.308964498272e-03,9.747844666060e+05,9.747844643457e+05,2.260238165036e-03
2.308729775846e-03,9.748826956315e+05,9.748826933333e+05,2.298207604326e-03
2.308495101138e-03,9.749809244836e+05,9.749809221473e+05,2.336314995773e-03
2.308260474134e-03,9.750791531623e+05,9.750791507878e+05,2.374561387114e-03
2.308025894817e-03,9.751773816676e+05,9.751773792546e+05,2.412943751551e-03
2.307791363174e-03,9.752756099994e+05,9.752756075479e+05,2.451465581544e-03
2.307556879191e-03,9.753738381578e+05,9.753738356676e+05,2.490127342753e-03
2.307322442853e-03,9.754720661427e+05,9.754720636138e+05,2.528928685933e-03
2.307088054145e-03,9.755702939543e+05,9.755702913864e+05,2.567869029008e-03
2.306853713052e-03,9.756685215924e+05,9.756685189854e+05,2.606946509331e-03
2.306619419561e-03,9.757667490571e+05,9.757667464109e+05,2.646164153703e-03
2.306385173657e-03,9.758649763483e+05,9.758649736628e+05,2.685524290428e-03
2.306150975325e-03,9.759632034661e+05,9.759632007411e+05,2.725025522523e-03
2.305916824551e-03,9.760614304106e+05,9.760614276459e+05,2.764667733572e-03
2.305682721320e-03,9.761596571815e+05,9.761596543771e+05,2.804449177347e-03
2.305448665618e-03,9.762578837791e+05,9.762578809347e+05,2.844369737431e-03
2.305214657430e-03,9.763561102033e+05,9.763561073188e+05,2.884434768930e-03
2.304980696742e-03,9.764543364540e+05,9.764543335294e+05,2.924643456936e-03
2.304746783540e-03,9.765525625313e+05,9.765525595663e+05,2.964992658235e-03
2.304512917808e-03,9.766507884353e+05,9.766507854298e+05,3.005484235473e-03
2.304279099533e-03,9.767490141658e+05,9.767490111196e+05,3.046117955819e-03
2.304045328700e-03,9.768472397228e+05,9.768472366359e+05,3.086896962486e-03
2.303811605295e-03,9.769454651065e+05,9.769454619787e+05,3.127815434709e-03
2.303577929303e-03,9.770436903168e+05,9.770436871479e+05,3.168877214193e-03
2.303344300710e-03,9.771419153537e+05,9.771419121436e+05,3.210088354535e-03
2.303110719501e-03,9.772401402171e+05,9.772401369657e+05,3.251438029110e-03
2.302877185662e-03,9.773383649072e+05,9.773383616142e+05,3.292937646620e-03
2.302643699179e-03,9.774365894238e+05,9.774365860893e+05,3.334578243084e-03
2.302410260036e-03,9.775348137671e+05,9.775348103907e+05,3.376365522854e-03
2.302176868221e-03,9.776330379369e+05,9.776330345186e+05,3.418295294978e-03
2.301943523718e-03,9.777312619334e+05,9.777312584730e+05,3.460373496637e-03
2.301710226513e-03,9.778294857565e+05,9.778294822539e+05,3.502597333863e-03
2.301476976591e-03,9.779277094061e+05,9.779277058612e+05,3.544965060428e-03
2.301243773939e-03,9.780259328824e+05,9.780259292949e+05,3.587483428419e-03
2.301010618541e-03,9.781241561853e+05,9.781241525551e+05,3.630141494796e-03
2.300777510384e-03,9.782223793147e+05,9.782223756418e+05,3.672950901091e-03
2.300544449453e-03,9.783206022708e+05,9.783205985549e+05,3.715909901075e-03
2.300311435734e-03,9.784188250535e+05,9.784188212945e+05,3.759013488889e-03
2.300078469212e-03,9.785170476629e+05,9.785170438606e+05,3.802262945101e-03
2.299845549873e-03,9.786152700988e+05,9.786152662531e+05,3.845665254630e-03
2.299612677704e-03,9.787134923613e+05,9.787134884721e+05,3.889210871421e-03
2.299379852688e-03,9.788117144505e+05,9.788117105176e+05,3.932907944545e-03
2.299147074813e-03,9.789099363663e+05,9.789099323895e+05,3.976753097959e-03
2.298914344063e-03,9.790081581087e+05,9.790081540879e+05,4.020749125630e-03
2.298681660425e-03,9.791063796777e+05,9.791063756128e+05,4.064894863404e-03
2.298449023884e-03,9.792046010733e+05,9.792045969642e+05,4.109188215807e-03
2.298216434426e-03,9.793028222956e+05,9.793028181420e+05,4.153634537943e-03
2.297983892037e-03,9.794010433445e+05,9.794010391463e+05,4.198229871690e-03
2.297751396702e-03,9.794992642200e+05,9.794992599770e+05,4.242974799126e-03
2.297518948407e-03,9.795974849222e+05,9.795974806343e+05,4.287873744033e-03
2.297286547137e-03,9.796957054509e+05,9.796957011180e+05,4.332921351306e-03
2.297054192880e-03,9.797939258063e+05,9.797939214282e+05,4.378119949251e-03
2.296821885619e-03,9.798921459884e+05,9.798921415649e+05,4.423470119946e-03
2.296589625341e-03,9.799903659970e+05,9.799903615280e+05,4.468974540941e-03
2.296357412032e-03,9.800885858323e+05,9.800885813177e+05,4.514632746577e-03
2.296125245678e-03,9.801868054943e+05,9.801868009338e+05,4.560438799672e-03
2.295893126264e-03,9.802850249828e+05,9.802850203764e+05,4.606401082128e-03
2.295661053775e-03,9.803832442980e+05,9.803832396455e+05,4.652516916394e-03
2.295429028199e-03,9.804814634399e+05,9.804814587411e+05,4.698784206994e-03
2.295197049520e-03,9.805796824084e+05,9.805796776632e+05,4.745206795633e-03
2.294965117724e-03,9.806779012035e+05,9.806778964117e+05,4.791781655513e-03
2.294733232798e-03,9.807761198253e+05,9.807761149868e+05,4.838515305892e-03
2.294501394726e-03,9.808743382737e+05,9.808743333883e+05,4.885400645435e-03
2.294269603495e-03,9.809725565488e+05,9.809725516163e+05,4.932439769618e-03
2.294037859091e-03,9.810707746505e+05,9.810707696708e+05,4.979637451470e-03
2.293806161499e-03,9.811689925788e+05,9.811689875518e+05,5.026988917962e-03
2.293574510705e-03,9.812672103338e+05,9.812672052593e+05,5.074496963061e-03
2.293342906695e-03,9.813654279155e+05,9.813654227933e+05,5.122159491293e-03
2.293111349455e-03,9.814636453238e+05,9.814636401538e+05,5.169982090592e-03
2.292879838970e-03,9.815618625588e+05,9.815618573408e+05,5.217958707362e-03
2.292648375227e-03,9.816600796204e+05,9.816600743543e+05,5.266090040095e-03
2.292416958211e-03,9.817582965087e+05,9.817582911943e+05,5.314382025972e-03
2.292185587909e-03,9.818565132236e+05,9.818565078608e+05,5.362833268009e-03
2.291954264305e-03,9.819547297652e+05,9.819547243538e+05,5.411441670731e-03
2.291722987386e-03,9.820529461335e+05,9.820529406733e+05,5.460207816213e-03
2.291491757139e-03,9.821511623284e+05,9.821511568193e+05,5.509129725397e-03
2.291260573547e-03,9.822493783500e+05,9.822493727918e+05,5.558216245845e-03
2.291029436598e-03,9.823475941982e+05,9.823475885908e+05,5.607458529994e-03
2.290798346278e-03,9.824458098732e+05,9.824458042163e+05,5.656858556904e-03
2.290567302572e-03,9.825440253748e+05,9.825440196683e+05,5.706420401111e-03
2.290336305466e-03,9.826422407030e+05,9.826422349469e+05,5.756140337326e-03
2.290105354946e-03,9.827404558579e+05,9.827404500519e+05,5.806023254991e-03
2.289874450998e-03,9.828386708395e+05,9.828386649835e+05,5.856064963154e-03
2.289643593608e-03,9.829368856478e+05,9.829368797415e+05,5.906272795983e-03
2.289412782762e-03,9.830351002827e+05,9.830350943261e+05,5.956638022326e-03
2.289182018446e-03,9.831333147444e+05,9.831333087372e+05,6.007163203321e-03
2.288951300645e-03,9.832315290327e+05,9.832315229748e+05,6.057851715013e-03
2.288720629346e-03,9.833297431476e+05,9.833297370389e+05,6.108700879849e-03
2.288490004534e-03,9.834279570893e+05,9.834279509296e+05,6.159715354443e-03
2.288259426196e-03,9.835261708576e+05,9.835261646467e+05,6.210890715010e-03
2.288028894318e-03,9.836243844526e+05,9.836243781904e+05,6.262230570428e-03
2.287798408885e-03,9.837225978743e+05,9.837225915606e+05,6.313734338619e-03
2.287567969883e-03,9.838208111227e+05,9.838208047573e+05,6.365401437506e-03
2.287337577299e-03,9.839190241978e+05,9.839190177806e+05,6.417230819352e-03
2.287107231118e-03,9.840172370996e+05,9.840172306303e+05,6.469223182648e-03
2.286876931326e-03,9.841154498280e+05,9.841154433066e+05,6.521384580992e-03
2.286646677910e-03,9.842136623831e+05,9.842136558094e+05,6.573710474186e-03
2.286416470855e-03,9.843118747650e+05,9.843118681388e+05,6.626199814491e-03
2.286186310147e-03,9.844100869735e+05,9.844100802946e+05,6.678853416815e-03
2.285956195773e-03,9.845082990087e+05,9.845082922770e+05,6.731673376635e-03
2.285726127717e-03,9.846065108706e+05,9.846065040860e+05,6.784661440179e-03
2.285496105968e-03,9.847047225593e+05,9.847047157214e+05,6.837816908956e-03
2.285266130509e-03,9.848029340746e+05,9.848029271834e+05,6.891136639751e-03
2.285036201328e-03,9.849011454166e+05,9.849011384720e+05,6.944621796720e-03
2.284806318410e-03,9.849993565853e+05,9.849993495870e+05,6.998275755905e-03
2.284576481742e-03,9.850975675807e+05,9.850975605286e+05,7.052099332213e-03
2.284346691310e-03,9.851957784028e+05,9.851957712967e+05,7.106087170541e-03
2.284116947098e-03,9.852939890517e+05,9.852939818914e+05,7.160248467699e-03
2.283887249095e-03,9.853921995272e+05,9.853921923126e+05,7.214574492536e-03
2.283657597285e-03,9.854904098294e+05,9.854904025604e+05,7.269073161297e-03
2.283427991655e-03,9.855886199584e+05,9.855886126346e+05,7.323738769628e-03
2.283198432191e-03,9.856868299140e+05,9.856868225355e+05,7.378572132438e-03
2.282968918878e-03,9.857850396964e+05,9.857850322628e+05,7.433579186909e-03
2.282739451704e-03,9.858832493055e+05,9.858832418167e+05,7.488753064536e-03
2.282510030653e-03,9.859814587413e+05,9.859814511972e+05,7.544099353254e-03
2.282280655713e-03,9.860796680038e+05,9.860796604042e+05,7.599612930790e-03
2.282051326869e-03,9.861778770930e+05,9.861778694377e+05,7.655301014893e-03
2.281822044107e-03,9.862760860090e+05,9.862760782978e+05,7.711158366874e-03
2.281592807414e-03,9.863742947517e+05,9.863742869845e+05,7.767188828439e-03
2.281363616775e-03,9.864725033211e+05,9.864724954977e+05,7.823393680155e-03
2.281134472178e-03,9.865707117172e+05,9.865707038374e+05,7.879767450504e-03
2.280905373607e-03,9.866689199400e+05,9.866689120037e+05,7.936316658743e-03
2.280676321048e-03,9.867671279896e+05,9.867671199966e+05,7.993035600521e-03
2.280447314489e-03,9.868653358659e+05,9.868653278160e+05,8.049932192080e-03
2.280218353916e-03,9.869635435689e+05,9.869635354619e+05,8.106996770948e-03
2.279989439313e-03,9.870617510987e+05,9.870617429344e+05,8.164237951860e-03
2.279760570669e-03,9.871599584551e+05,9.871599502335e+05,8.221654454246e-03
2.279531747967e-03,9.872581656384e+05,9.872581573591e+05,8.279245812446e-03
2.279302971196e-03,9.873563726483e+05,9.873563643113e+05,8.337012142874e-03
2.279074240341e-03,9.874545794850e+05,9.874545710900e+05,8.394949021749e-03
2.278845555388e-03,9.875527861484e+05,9.875527776953e+05,8.453066344373e-03
2.278616916324e-03,9.876509926386e+05,9.876509841272e+05,8.511358639225e-03
2.278388323134e-03,9.877491989555e+05,9.877491903856e+05,8.569826371968e-03
2.278159775805e-03,9.878474050991e+05,9.878473964706e+05,8.628472569399e-03
2.277931274323e-03,9.879456110695e+05,9.879456023822e+05,8.687292109244e-03
2.277702818674e-03,9.880438168666e+05,9.880438081203e+05,8.746287319809e-03
2.277474408845e-03,9.881420224905e+05,9.881420136850e+05,8.805467397906e-03
2.277246044821e-03,9.882402279411e+05,9.882402190763e+05,8.864820702001e-03
2.277017726589e-03,9.883384332184e+05,9.883384242941e+05,8.924349094741e-03
2.276789454135e-03,9.884366383226e+05,9.884366293385e+05,8.984061423689e-03
2.276561227446e-03,9.885348432534e+05,9.885348342095e+05,9.043949423358e-03
2.276333046507e-03,9.886330480110e+05,9.886330389070e+05,9.104018681683e-03
2.276104911305e-03,9.887312525954e+05,9.887312434311e+05,9.164263145067e-03
2.275876821826e-03,9.888294570065e+05,9.888294477818e+05,9.224688634276e-03
2.275648778056e-03,9.889276612444e+05,9.889276519591e+05,9.285296546295e-03
2.275420779982e-03,9.890258653090e+05,9.890258559629e+05,9.346085949801e-03
2.275192827590e-03,9.891240692004e+05,9.891240597933e+05,9.407050907612e-03
2.274964920865e-03,9.892222729185e+05,9.892222634503e+05,9.468199335970e-03
2.274737059796e-03,9.893204764634e+05,9.893204669339e+05,9.529529372230e-03
2.274509244367e-03,9.894186798351e+05,9.894186702441e+05,9.591041482054e-03
2.274281474564e-03,9.895168830335e+05,9.895168733808e+05,9.652735665441e-03
2.274053750375e-03,9.896150860587e+05,9.896150763441e+05,9.714612155221e-03
2.273826071786e-03,9.897132889107e+05,9.897132791340e+05,9.776668157429e-03
2.273598438783e-03,9.898114915894e+05,9.898114817505e+05,9.838910424151e-03
2.273370851351e-03,9.899096940949e+05,9.899096841936e+05,9.901335230097e-03
2.273143309479e-03,9.900078964272e+05,9.900078864632e+05,9.963943623006e-03
2.272915813151e-03,9.901060985862e+05,9.901060885595e+05,1.002673525363e-02
2.272688362354e-03,9.902043005720e+05,9.902042904823e+05,1.008971361443e-02
2.272460957074e-03,9.903025023846e+05,9.903024922317e+05,1.015287113842e-02
2.272233597299e-03,9.904007040240e+05,9.904006938078e+05,1.021621865220e-02
2.272006283013e-03,9.904989054901e+05,9.904988952104e+05,1.027975208126e-02
2.271779014204e-03,9.905971067830e+05,9.905970964396e+05,1.034346560482e-02
2.271551790858e-03,9.906953079027e+05,9.906952974954e+05,1.040736760478e-02
2.271324612961e-03,9.907935088492e+05,9.907934983777e+05,1.047145866323e-02
2.271097480500e-03,9.908917096225e+05,9.908916990867e+05,1.053573272657e-02
