Volume_m3_per_mol,Experimental_Pa,Fitted_Pa,Residual_Pa
1.855373980500e-01,9.997990192359e+03,9.997982273405e+03,7.918953435365e-03
1.837003941089e-01,1.009794979938e+04,1.009794181053e+04,7.988844257852e-03
1.818994098529e-01,1.019790900460e+04,1.019790094604e+04,8.058558658377e-03
1.801333961650e-01,1.029786780803e+04,1.029785967993e+04,8.128096886139e-03
1.784013442788e-01,1.039782620967e+04,1.039781801221e+04,8.197459064831e-03
1.767022838571e-01,1.049778420951e+04,1.049777594287e+04,8.266645521871e-03
1.750352811792e-01,1.059774180758e+04,1.059773347192e+04,8.335656413692e-03
1.733994374299e-01,1.069769900385e+04,1.069769059936e+04,8.404492045884e-03
1.717938870833e-01,1.079765579835e+04,1.079764732520e+04,8.473152491206e-03
1.702177963761e-01,1.089761219107e+04,1.089760364943e+04,8.541638148017e-03
1.686703618636e-01,1.099756818201e+04,1.099755957206e+04,8.609949070888e-03
1.671508090541e-01,1.109752377117e+04,1.109751509309e+04,8.678085616339e-03
1.656583911161e-01,1.119747895857e+04,1.119747021252e+04,8.746047913519e-03
1.641923876549e-01,1.129743374419e+04,1.129742493036e+04,8.813836233458e-03
1.627521035526e-01,1.139738812805e+04,1.139737924660e+04,8.881450839908e-03
1.613368678696e-01,1.149734211014e+04,1.149733316125e+04,8.948891785622e-03
1.599460328017e-01,1.159729569048e+04,1.159728667432e+04,9.016159463499e-03
1.585789726923e-01,1.169724886905e+04,1.169723978579e+04,9.083254048164e-03
1.572350830932e-01,1.179720164586e+04,1.179719249569e+04,9.150175654213e-03
1.559137798739e-01,1.189715402092e+04,1.189714480400e+04,9.216924703651e-03
1.546144983750e-01,1.199710599423e+04,1.199709671073e+04,9.283501198297e-03
1.533366926033e-01,1.209705756579e+04,1.209704821588e+04,9.349905520139e-03
1.520798344672e-01,1.219700873560e+04,1.219699931946e+04,9.416137774679e-03
1.508434130488e-01,1.229695950366e+04,1.229695002146e+04,9.482198238402e-03
1.496269339113e-01,1.239690986999e+04,1.239690032190e+04,9.548087155054e-03
1.484299184400e-01,1.249685983457e+04,1.249685022076e+04,9.613804731998e-03
1.472519032143e-01,1.259680939741e+04,1.259679971806e+04,9.679351163868e-03
1.460924394094e-01,1.269675855852e+04,1.269674881380e+04,9.744726648933e-03
1.449510922266e-01,1.279670731790e+04,1.279669750797e+04,9.809931452764e-03
1.438274403488e-01,1.289665567555e+04,1.289664580058e+04,9.874965688141e-03
1.427210754231e-01,1.299660363147e+04,1.299659369164e+04,9.939829735231e-03
1.416316015649e-01,1.309655118566e+04,1.309654118114e+04,1.000452375774e-02
1.405586348864e-01,1.319649833813e+04,1.319648826908e+04,1.006904789210e-02
1.395018030451e-01,1.329644508888e+04,1.329643495548e+04,1.013340240570e-02
1.384607448134e-01,1.339639143791e+04,1.339638124032e+04,1.019758749862e-02
1.374351096667e-01,1.349633738523e+04,1.349632712362e+04,1.026160350011e-02
1.364245573897e-01,1.359628293083e+04,1.359627260538e+04,1.032545047201e-02
1.354287577007e-01,1.369622807472e+04,1.369621768559e+04,1.038912865079e-02
1.344473898913e-01,1.379617281691e+04,1.379616236427e+04,1.045263829110e-02
1.334801424820e-01,1.389611715738e+04,1.389610664140e+04,1.051597964033e-02
1.325267128929e-01,1.399606109616e+04,1.399605051701e+04,1.057915298770e-02
1.315868071277e-01,1.409600463323e+04,1.409599399107e+04,1.064215839142e-02
1.306601394718e-01,1.419594776861e+04,1.419593706361e+04,1.070499614252e-02
1.297464322028e-01,1.429589050229e+04,1.429587973462e+04,1.076766640654e-02
1.288454153125e-01,1.439583283427e+04,1.439582200410e+04,1.083016938537e-02
1.279568262414e-01,1.449577476457e+04,1.449576387206e+04,1.089250541008e-02
1.270804096233e-01,1.459571629317e+04,1.459570533850e+04,1.095467468986e-02
1.262159170408e-01,1.469565742009e+04,1.469564640341e+04,1.101667713192e-02
1.253631067905e-01,1.479559814533e+04,1.479558706681e+04,1.107851350025e-02
1.245217436577e-01,1.489553846888e+04,1.489552732870e+04,1.114018349654e-02
1.236915987000e-01,1.499547839075e+04,1.499546718907e+04,1.120168767375e-02
1.228724490397e-01,1.509541791095e+04,1.509540664793e+04,1.126302596094e-02
1.220640776645e-01,1.519535702948e+04,1.519534570528e+04,1.132419888563e-02
1.212662732353e-01,1.529529574633e+04,1.529528436112e+04,1.138520644781e-02
1.204788299026e-01,1.539523406151e+04,1.539522261546e+04,1.144604880938e-02
1.197015471290e-01,1.549517197503e+04,1.549516046830e+04,1.150672643962e-02
1.189342295192e-01,1.559510948688e+04,1.559509791964e+04,1.156723937311e-02
1.181766866561e-01,1.569504659707e+04,1.569503496948e+04,1.162758778082e-02
1.174287329430e-01,1.579498330560e+04,1.579497161783e+04,1.168777206840e-02
1.166901874528e-01,1.589491961247e+04,1.589490786468e+04,1.174779223038e-02
1.159608737813e-01,1.599485551769e+04,1.599484371004e+04,1.180764864876e-02
1.152406199068e-01,1.609479102126e+04,1.609477915392e+04,1.186734136718e-02
1.145292580556e-01,1.619472612317e+04,1.619471419630e+04,1.192687077673e-02
1.138266245706e-01,1.629466082344e+04,1.629464883721e+04,1.198623697019e-02
1.131325597866e-01,1.639459512207e+04,1.639458307663e+04,1.204544010034e-02
1.124469079091e-01,1.649452901905e+04,1.649451691457e+04,1.210448077472e-02
1.117695168976e-01,1.659446251439e+04,1.659445035104e+04,1.216335866411e-02
1.111002383533e-01,1.669439560810e+04,1.669438338603e+04,1.222207426690e-02
1.104389274107e-01,1.679432830017e+04,1.679431601954e+04,1.228062771406e-02
1.097854426331e-01,1.689426059061e+04,1.689424825159e+04,1.233901942760e-02
1.091396459118e-01,1.699419247941e+04,1.699418008217e+04,1.239724932384e-02
1.085014023684e-01,1.709412396659e+04,1.709411151128e+04,1.245531770110e-02
1.078705802616e-01,1.719405505215e+04,1.719404253892e+04,1.251322491589e-02
1.072470508960e-01,1.729398573608e+04,1.729397316511e+04,1.257097092093e-02
1.066306885345e-01,1.739391601839e+04,1.739390338984e+04,1.262855612731e-02
1.060213703143e-01,1.749384589908e+04,1.749383321310e+04,1.268598073511e-02
1.054189761648e-01,1.759377537816e+04,1.759376263492e+04,1.274324490078e-02
1.048233887288e-01,1.769370445563e+04,1.769369165528e+04,1.280034882075e-02
1.042344932865e-01,1.779363313148e+04,1.779362027419e+04,1.285729268784e-02
1.036521776816e-01,1.789356140573e+04,1.789354849165e+04,1.291407673125e-02
1.030763322500e-01,1.799348927837e+04,1.799347630767e+04,1.297070138753e-02
1.025068497514e-01,1.809341674940e+04,1.809340372224e+04,1.302716647842e-02
1.019436253022e-01,1.819334381884e+04,1.819333073537e+04,1.308347250961e-02
1.013865563115e-01,1.829327048668e+04,1.829325734706e+04,1.313961935011e-02
1.008355424185e-01,1.839319675292e+04,1.839318355731e+04,1.319560761840e-02
1.002904854324e-01,1.849312261757e+04,1.849310936613e+04,1.325143729264e-02
9.975128927419e-02,1.859304808062e+04,1.859303477352e+04,1.330710869297e-02
9.921785991979e-02,1.869297314209e+04,1.869295977947e+04,1.336262192854e-02
9.869010534574e-02,1.879289780198e+04,1.879288438400e+04,1.341797725036e-02
9.816793547619e-02,1.889282206027e+04,1.889280858710e+04,1.347317483305e-02
9.765126213158e-02,1.899274591699e+04,1.899273238878e+04,1.352821493856e-02
9.713999897906e-02,1.909266937213e+04,1.909265578903e+04,1.358309765055e-02
9.663406148437e-02,1.919259242569e+04,1.919257878787e+04,1.363782336193e-02
9.613336686528e-02,1.929251507768e+04,1.929250138529e+04,1.369239211999e-02
9.563783404639e-02,1.939243732810e+04,1.939242358129e+04,1.374680435401e-02
9.514738361538e-02,1.949235917694e+04,1.949234537588e+04,1.380105992939e-02
9.466193778061e-02,1.959228062422e+04,1.959226676907e+04,1.385515931906e-02
9.418142032995e-02,1.969220166994e+04,1.969218776084e+04,1.390910268310e-02
9.370575659091e-02,1.979212231410e+04,1.979210835121e+04,1.396289016702e-02
9.323487339196e-02,1.989204255669e+04,1.989202854017e+04,1.401652206914e-02
9.276869902500e-02,1.999196239773e+04,1.999194832773e+04,1.406999842948e-02
9.230716320896e-02,2.009188183721e+04,2.009186771390e+04,1.412331952815e-02
9.185019705446e-02,2.019180087515e+04,2.019178669866e+04,1.417648567076e-02
9.139773302956e-02,2.029171951153e+04,2.029170528203e+04,1.422949705375e-02
9.094970492647e-02,2.039163774637e+04,2.039162346401e+04,1.428235377170e-02
9.050604782927e-02,2.049155557966e+04,2.049154124460e+04,1.433505602472e-02
9.006669808252e-02,2.059147301141e+04,2.059145862380e+04,1.438760410747e-02
8.963159326087e-02,2.069139004161e+04,2.069137560162e+04,1.443999832554e-02
8.920067213942e-02,2.079130667029e+04,2.079129217805e+04,1.449223854070e-02
8.877387466507e-02,2.089122289742e+04,2.089120835310e+04,1.454432534229e-02
8.835114192857e-02,2.099113872303e+04,2.099112412677e+04,1.459625859934e-02
8.793241613744e-02,2.109105414710e+04,2.109103949906e+04,1.464803878844e-02
8.751764058962e-02,2.119096916965e+04,2.119095446998e+04,1.469966601508e-02
8.710675964789e-02,2.129088379067e+04,2.129086903953e+04,1.475114033747e-02
8.669971871495e-02,2.139079801017e+04,2.139078320771e+04,1.480246219580e-02
8.629646420930e-02,2.149071182815e+04,2.149069697452e+04,1.485363170286e-02
8.589694354167e-02,2.159062524461e+04,2.159061033996e+04,1.490464907329e-02
8.550110509217e-02,2.169053825956e+04,2.169052330404e+04,1.495551442713e-02
8.510889818807e-02,2.179045087299e+04,2.179043586676e+04,1.500622806634e-02
8.472027308219e-02,2.189036308491e+04,2.189034802812e+04,1.505679016918e-02
8.433518093182e-02,2.199027489533e+04,2.199025978813e+04,1.510720088118e-02
8.395357377828e-02,2.209018630423e+04,2.209017114677e+04,1.515746047153e-02
8.357540452703e-02,2.219009731164e+04,2.219008210407e+04,1.520756903119e-02
8.320062692825e-02,2.229000791755e+04,2.228999266002e+04,1.525752692396e-02
8.282919555804e-02,2.238991812195e+04,2.238990281462e+04,1.530733433901e-02
8.246106580000e-02,2.248982792486e+04,2.248981256787e+04,1.535699142187e-02
8.209619382743e-02,2.258973732628e+04,2.258972191978e+04,1.540649832896e-02
8.173453658590e-02,2.268964632621e+04,2.268963087035e+04,1.545585524946e-02
8.137605177632e-02,2.278955492465e+04,2.278953941958e+04,1.550506257990e-02
8.102069783843e-02,2.288946312160e+04,2.288944756748e+04,1.555412019661e-02
8.066843393478e-02,2.298937091707e+04,2.298935531404e+04,1.560302870712e-02
8.031921993506e-02,2.308927831106e+04,2.308926265927e+04,1.565178794044e-02
7.997301640086e-02,2.318918530357e+04,2.318916960317e+04,1.570039827129e-02
7.962978457082e-02,2.328909189460e+04,2.328907614574e+04,1.574885988884e-02
7.928948634615e-02,2.338899808416e+04,2.338898228698e+04,1.579717305140e-02
7.895208427660e-02,2.348890387224e+04,2.348888802691e+04,1.584533783534e-02
7.861754154661e-02,2.358880925886e+04,2.358879336551e+04,1.589335456083e-02
7.828582196203e-02,2.368871424402e+04,2.368869830279e+04,1.594122324968e-02
7.795688993697e-02,2.378861882770e+04,2.378860283876e+04,1.598894434937e-02
7.763071048117e-02,2.388852300993e+04,2.388850697341e+04,1.603651783444e-02
7.730724918750e-02,2.398842679070e+04,2.398841070675e+04,1.608394406139e-02
7.698647221992e-02,2.408833017001e+04,2.408831403879e+04,1.613122311755e-02
7.666834630165e-02,2.418823314787e+04,2.418821696951e+04,1.617835534125e-02
7.635283870370e-02,2.428813572427e+04,2.428811949893e+04,1.622534085618e-02
7.603991723361e-02,2.438803789923e+04,2.438802162705e+04,1.627217971691e-02
7.572955022449e-02,2.448793967273e+04,2.448792335386e+04,1.631887230542e-02
7.542170652439e-02,2.458784104480e+04,2.458782467938e+04,1.636541879270e-02
7.511635548583e-02,2.468774201542e+04,2.468772560360e+04,1.641181938612e-02
7.481346695565e-02,2.478764258460e+04,2.478762612653e+04,1.645807429668e-02
7.451301126506e-02,2.488754275235e+04,2.488752624816e+04,1.650418355348e-02
7.421495922000e-02,2.498744251866e+04,2.498742596851e+04,1.655014750577e-02
7.391928209163e-02,2.508734188354e+04,2.508732528757e+04,1.659596640820e-02
7.362595160714e-02,2.518724084699e+04,2.518722420534e+04,1.664164040267e-02
7.333493994071e-02,2.528713940901e+04,2.528712272184e+04,1.668716951099e-02
7.304621970472e-02,2.538703756960e+04,2.538702083705e+04,1.673255415517e-02
7.275976394118e-02,2.548693532878e+04,2.548691855098e+04,1.677779451347e-02
7.247554611328e-02,2.558683268653e+04,2.558681586364e+04,1.682289072778e-02
7.219354009728e-02,2.568672964287e+04,2.568671277502e+04,1.686784292906e-02
7.191372017442e-02,2.578662619779e+04,2.578660928513e+04,1.691265141199e-02
7.163606102317e-02,2.588652235129e+04,2.588650539398e+04,1.695731634754e-02
7.136053771154e-02,2.598641810339e+04,2.598640110155e+04,1.700183791036e-02
7.108712568966e-02,2.608631345408e+04,2.608629640787e+04,1.704621633326e-02
7.081580078244e-02,2.618620840337e+04,2.618619131292e+04,1.709045179814e-02
7.054653918251e-02,2.628610295125e+04,2.628608581670e+04,1.713454456694e-02
7.027931744318e-02,2.638599709773e+04,2.638597991924e+04,1.717849467968e-02
7.001411247170e-02,2.648589084281e+04,2.648587362051e+04,1.722230243467e-02
6.975090152256e-02,2.658578418650e+04,2.658576692053e+04,1.726596797744e-02
6.948966219101e-02,2.668567712880e+04,2.668565981930e+04,1.730949155899e-02
6.923037240672e-02,2.678556966970e+04,2.678555231683e+04,1.735287337578e-02
6.897301042751e-02,2.688546180921e+04,2.688544441310e+04,1.739611371158e-02
6.871755483333e-02,2.698535354734e+04,2.698533610813e+04,1.743921252637e-02
6.846398452030e-02,2.708524488409e+04,2.708522740192e+04,1.748217019122e-02
6.821227869485e-02,2.718513581946e+04,2.718511829447e+04,1.752498677524e-02
6.796241686813e-02,2.728502635344e+04,2.728500878578e+04,1.756766264225e-02
6.771437885036e-02,2.738491648605e+04,2.738489887585e+04,1.761019773767e-02
6.746814474545e-02,2.748480621729e+04,2.748478856470e+04,1.765259261447e-02
6.722369494565e-02,2.758469554716e+04,2.758467785231e+04,1.769484711258e-02
6.698101012635e-02,2.768458447565e+04,2.768456673869e+04,1.773696168311e-02
6.674007124101e-02,2.778447300278e+04,2.778445522385e+04,1.777893638427e-02
6.650085951613e-02,2.788436112855e+04,2.788434330778e+04,1.782077135431e-02
6.626335644643e-02,2.798424885296e+04,2.798423099049e+04,1.786246691699e-02
6.602754379004e-02,2.808413617600e+04,2.808411827198e+04,1.790402330153e-02
6.579340356383e-02,2.818402309769e+04,2.818400515225e+04,1.794544055156e-02
6.556091803887e-02,2.828390961803e+04,2.828389163131e+04,1.798671894721e-02
6.533006973592e-02,2.838379573701e+04,2.838377770915e+04,1.802785860491e-02
6.510084142105e-02,2.848368145465e+04,2.848366338579e+04,1.806885985206e-02
6.487321610140e-02,2.858356677094e+04,2.858354866121e+04,1.810972283420e-02
6.464717702091e-02,2.868345168588e+04,2.868343353543e+04,1.815044767864e-02
6.442270765625e-02,2.878333619948e+04,2.878331800845e+04,1.819103456000e-02
6.419979171280e-02,2.888322031175e+04,2.888320208026e+04,1.823148375115e-02
6.397841312069e-02,2.898310402267e+04,2.898308575088e+04,1.827179551401e-02
6.375855603093e-02,2.908298733226e+04,2.908296902029e+04,1.831196983403e-02
6.354020481164e-02,2.918287024052e+04,2.918285188852e+04,1.835200706410e-02
6.332334404437e-02,2.928275274745e+04,2.928273435555e+04,1.839190735700e-02
6.310795852041e-02,2.938263485305e+04,2.938261642138e+04,1.843167081461e-02
6.289403323729e-02,2.948251655733e+04,2.948249808604e+04,1.847129767339e-02
6.268155339527e-02,2.958239786029e+04,2.958237934950e+04,1.851078833715e-02
6.247050439394e-02,2.968227876192e+04,2.968226021178e+04,1.855014271496e-02
6.226087182886e-02,2.978215926224e+04,2.978214067288e+04,1.858936102144e-02
6.205264148829e-02,2.988203936125e+04,2.988202073280e+04,1.862844359493e-02
6.184579935000e-02,2.998191905894e+04,2.998190039155e+04,1.866739066463e-02
6.164033157807e-02,3.008179835532e+04,3.008177964911e+04,1.870620219051e-02
6.143622451987e-02,3.018167725039e+04,3.018165850551e+04,1.874487850728e-02
6.123346470297e-02,3.028155574416e+04,3.028153696074e+04,1.878341979682e-02
6.103203883224e-02,3.038143383662e+04,3.038141501480e+04,1.882182613554e-02
6.083193378689e-02,3.048131152779e+04,3.048129266769e+04,1.886009799273e-02
6.063313661765e-02,3.058118881765e+04,3.058116991942e+04,1.889823527017e-02
6.043563454397e-02,3.068106570622e+04,3.068104676999e+04,1.893623826254e-02
6.023941495130e-02,3.078094219350e+04,3.078092321940e+04,1.897410720994e-02
6.004446538835e-02,3.088081827949e+04,3.088079926765e+04,1.901184217422e-02
5.985077356452e-02,3.098069396419e+04,3.098067491475e+04,1.904944344642e-02
5.965832734727e-02,3.108056924760e+04,3.108055016069e+04,1.908691122662e-02
5.946711475962e-02,3.118044412974e+04,3.118042500549e+04,1.912424571128e-02
5.927712397764e-02,3.128031861059e+04,3.128029944914e+04,1.916144695133e-02
5.908834332803e-02,3.138019269016e+04,3.138017349164e+04,1.919851522689e-02
5.890076128571e-02,3.148006636845e+04,3.148004713300e+04,1.923545080354e-02
5.871436647152e-02,3.157993964548e+04,3.157992037322e+04,1.927225383406e-02
5.852914764984e-02,3.167981252123e+04,3.167979321230e+04,1.930892433302e-02
5.834509372642e-02,3.177968499571e+04,3.177966565025e+04,1.934546268603e-02
5.816219374608e-02,3.187955706893e+04,3.187953768706e+04,1.938186907137e-02
5.798043689063e-02,3.197942874088e+04,3.197940932274e+04,1.941814349266e-02
5.779981247664e-02,3.207930001157e+04,3.207928055729e+04,1.945428645558e-02
5.762030995342e-02,3.217917088101e+04,3.217915139071e+04,1.949029773823e-02
5.744191890093e-02,3.227904134918e+04,3.227902182300e+04,1.952617792267e-02
5.726462902778e-02,3.237891141611e+04,3.237889185418e+04,1.956192696161e-02
5.708843016923e-02,3.247878108178e+04,3.247876148423e+04,1.959754512791e-02
5.691331228528e-02,3.257865034620e+04,3.257863071317e+04,1.963303257435e-02
5.673926545872e-02,3.267851920938e+04,3.267849954099e+04,1.966838943554e-02
5.656627989329e-02,3.277838767131e+04,3.277836796769e+04,1.970361603162e-02
5.639434591185e-02,3.287825573200e+04,3.287823599328e+04,1.973871244263e-02
5.622345395455e-02,3.297812339145e+04,3.297810361777e+04,1.977367888321e-02
5.605359457704e-02,3.307799064966e+04,3.307797084115e+04,1.980851554981e-02
5.588475844880e-02,3.317785750664e+04,3.317783766342e+04,1.984322250064e-02
5.571693635135e-02,3.327772396239e+04,3.327770408459e+04,1.987780028867e-02
5.555011917665e-02,3.337759001691e+04,3.337757010466e+04,1.991224856465e-02
5.538429792537e-02,3.347745567020e+04,3.347743572363e+04,1.994656796887e-02
5.521946370536e-02,3.357732092227e+04,3.357730094151e+04,1.998075847951e-02
5.505560772997e-02,3.367718577311e+04,3.367716575829e+04,2.001482038759e-02
5.489272131657e-02,3.377705022274e+04,3.377703017398e+04,2.004875378771e-02
5.473079588496e-02,3.387691427114e+04,3.387689418859e+04,2.008255891269e-02
5.456982295588e-02,3.397677791834e+04,3.397675780210e+04,2.011623579892e-02
5.440979414956e-02,3.407664116432e+04,3.407662101453e+04,2.014978483203e-02
5.425070118421e-02,3.417650400909e+04,3.417648382588e+04,2.018320612115e-02
5.409253587464e-02,3.427636645265e+04,3.427634623615e+04,2.021649979724e-02
5.393529013081e-02,3.437622849501e+04,3.437620824535e+04,2.024966608587e-02
5.377895595652e-02,3.447609013617e+04,3.447606985346e+04,2.028270519077e-02
5.362352544798e-02,3.457595137612e+04,3.457593106051e+04,2.031561731565e-02
5.346899079251e-02,3.467581221488e+04,3.467579186648e+04,2.034840267879e-02
5.331534426724e-02,3.477567265244e+04,3.477565227138e+04,2.038106128020e-02
5.316257823782e-02,3.487553268881e+04,3.487551227522e+04,2.041359339637e-02
5.301068515714e-02,3.497539232399e+04,3.497537187799e+04,2.044599934743e-02
5.285965756410e-02,3.507525155799e+04,3.507523107971e+04,2.047827922797e-02
5.270948808239e-02,3.517511039079e+04,3.517508988036e+04,2.051043299434e-02
5.256016941926e-02,3.527496882242e+04,3.527494827995e+04,2.054246118496e-02
5.241169436441e-02,3.537482685286e+04,3.537480627849e+04,2.057436374889e-02
5.226405578873e-02,3.547468448212e+04,3.547466387598e+04,2.060614102811e-02
5.211724664326e-02,3.557454171021e+04,3.557452107242e+04,2.063779297168e-02
5.197125995798e-02,3.567439853713e+04,3.567437786781e+04,2.066932006710e-02
5.182608884078e-02,3.577425496287e+04,3.577423426215e+04,2.070072222705e-02
5.168172647632e-02,3.587411098745e+04,3.587409025545e+04,2.073199990264e-02
5.153816612500e-02,3.597396661086e+04,3.597394584771e+04,2.076315296290e-02
5.139540112188e-02,3.607382183311e+04,3.607380103892e+04,2.079418182257e-02
5.125342487569e-02,3.617367665419e+04,3.617365582911e+04,2.082508653984e-02
5.111223086777e-02,3.627353107412e+04,3.627351021825e+04,2.085586734756e-02
5.097181265110e-02,3.637338509289e+04,3.637336420637e+04,2.088652446400e-02
5.083216384932e-02,3.647323871051e+04,3.647321779345e+04,2.091705794737e-02
5.069327815574e-02,3.657309192698e+04,3.657307097951e+04,2.094746809598e-02
5.055514933243e-02,3.667294474229e+04,3.667292376454e+04,2.097775503353e-02
5.041777120924e-02,3.677279715646e+04,3.677277614855e+04,2.100791890553e-02
5.028113768293e-02,3.687264916949e+04,3.687262813153e+04,2.103796009033e-02
5.014524271622e-02,3.697250078138e+04,3.697247971350e+04,2.106787857338e-02
5.001008033693e-02,3.707235199213e+04,3.707233089445e+04,2.109767458751e-02
4.987564463710e-02,3.717220280174e+04,3.717218167439e+04,2.112734828552e-02
4.974192977212e-02,3.727205321021e+04,3.727203205331e+04,2.115689980565e-02
4.960892995989e-02,3.737190321756e+04,3.737188203123e+04,2.118632932252e-02
4.947663948000e-02,3.747175282377e+04,3.747173160813e+04,2.121563729452e-02
4.934505267287e-02,3.757160202886e+04,3.757158078404e+04,2.124482354702e-02
4.921416393899e-02,3.767145083282e+04,3.767142955894e+04,2.127388845111e-02
4.908396773810e-02,3.777129923567e+04,3.777127793283e+04,2.130283210136e-02
4.895445858839e-02,3.787114723739e+04,3.787112590573e+04,2.133165481791e-02
4.882563106579e-02,3.797099483799e+04,3.797097347764e+04,2.136035654257e-02
4.869747980315e-02,3.807084203749e+04,3.807082064855e+04,2.138893766096e-02
4.856999948953e-02,3.817068883586e+04,3.817066741847e+04,2.141739821673e-02
4.844318486945e-02,3.827053523313e+04,3.827051378740e+04,2.144573846454e-02
4.831703074219e-02,3.837038122930e+04,3.837035975534e+04,2.147395852808e-02
4.819153196104e-02,3.847022682435e+04,3.847020532229e+04,2.150205872749e-02
4.806668343264e-02,3.857007201831e+04,3.857005048827e+04,2.153003896092e-02
4.794248011628e-02,3.866991681116e+04,3.866989525326e+04,2.155789973040e-02
4.781891702320e-02,3.876976120292e+04,3.876973961728e+04,2.158564097044e-02
4.769598921594e-02,3.886960519358e+04,3.886958358032e+04,2.161326295754e-02
4.757369180769e-02,3.896944878315e+04,3.896942714239e+04,2.164076597546e-02
4.745201996164e-02,3.906929197163e+04,3.906927030348e+04,2.166814988595e-02
4.733096889031e-02,3.916913475902e+04,3.916911306361e+04,2.169541522017e-02
4.721053385496e-02,3.926897714533e+04,3.926895542277e+04,2.172256197809e-02
4.709071016497e-02,3.936881913055e+04,3.936879738096e+04,2.174959031254e-02
4.697149317722e-02,3.946866071470e+04,3.946863893820e+04,2.177650047088e-02
4.685287829545e-02,3.956850189776e+04,3.956848009447e+04,2.180329251132e-02
4.673486096977e-02,3.966834267975e+04,3.966832084979e+04,2.182996672491e-02
4.661743669598e-02,3.976818306067e+04,3.976816120415e+04,2.185652335902e-02
4.650060101504e-02,3.986802304052e+04,3.986800115755e+04,2.188296237728e-02
4.638434951250e-02,3.996786261929e+04,3.996784071001e+04,2.190928410710e-02
4.626867781796e-02,4.006770179701e+04,4.006767986152e+04,2.193548870855e-02
4.615358160448e-02,4.016754057366e+04,4.016751861208e+04,2.196157631261e-02
4.603905658809e-02,4.026737894924e+04,4.026735696170e+04,2.198754719575e-02
4.592509852723e-02,4.036721692377e+04,4.036719491037e+04,2.201340135798e-02
4.581170322222e-02,4.046705449725e+04,4.046703245811e+04,2.203913904668e-02
4.569886651478e-02,4.056689166967e+04,4.056686960491e+04,2.206476053107e-02
4.558658428747e-02,4.066672844104e+04,4.066670635077e+04,2.209026596393e-02
4.547485246324e-02,4.076656481136e+04,4.076654269571e+04,2.211565541802e-02
4.536366700489e-02,4.086640078064e+04,4.086637863971e+04,2.214092908252e-02
4.525302391463e-02,4.096623634887e+04,4.096621418278e+04,2.216608709568e-02
4.514291923358e-02,4.106607151606e+04,4.106604932493e+04,2.219112977036e-02
4.503334904126e-02,4.116590628221e+04,4.116588406615e+04,2.221605727391e-02
4.492430945521e-02,4.126574064732e+04,4.126571840645e+04,2.224086965725e-02
4.481579663043e-02,4.136557461140e+04,4.136555234584e+04,2.226556725509e-02
4.470780675904e-02,4.146540817445e+04,4.146538588430e+04,2.229014999466e-02
4.460033606971e-02,4.156524133647e+04,4.156521902185e+04,2.231461829797e-02
4.449338082734e-02,4.166507409747e+04,4.166505175849e+04,2.233897221595e-02
4.438693733254e-02,4.176490645744e+04,4.176488409422e+04,2.236321190867e-02
4.428100192124e-02,4.186473841638e+04,4.186471602905e+04,2.238733763079e-02
4.417557096429e-02,4.196456997431e+04,4.196454756296e+04,2.241134946962e-02
4.407064086698e-02,4.206440113122e+04,4.206437869598e+04,2.243524769437e-02
4.396620806872e-02,4.216423188712e+04,4.216420942809e+04,2.245903228322e-02
4.386226904255e-02,4.226406224201e+04,4.226403975930e+04,2.248270363634e-02
4.375882029481e-02,4.236389219588e+04,4.236386968962e+04,2.250626190653e-02
4.365585836471e-02,4.246372174875e+04,4.246369921904e+04,2.252970713744e-02
4.355337982394e-02,4.256355090062e+04,4.256352834758e+04,2.255303951824e-02
4.345138127635e-02,4.266337965148e+04,4.266335707522e+04,2.257625912171e-02
4.334985935748e-02,4.276320800134e+04,4.276318540197e+04,2.259936644987e-02
4.324881073427e-02,4.286303595020e+04,4.286301332784e+04,2.262236134993e-02
4.314823210465e-02,4.296286349808e+04,4.296284085283e+04,2.264524425846e-02
4.304812019722e-02,4.306269064495e+04,4.306266797694e+04,2.266801514634e-02
4.294847177083e-02,4.316251739084e+04,4.316249470017e+04,2.269067420275e-02
4.284928361432e-02,4.326234373574e+04,4.326232102252e+04,2.271322166780e-02
4.275055254608e-02,4.336216967966e+04,4.336214694400e+04,2.273565773066e-02
4.265227541379e-02,4.346199522259e+04,4.346197246461e+04,2.275798238406e-02
4.255444909404e-02,4.356182036454e+04,4.356179758435e+04,2.278019606456e-02
4.245707049199e-02,4.366164510552e+04,4.366162230322e+04,2.280229866301e-02
4.236013654110e-02,4.376146944552e+04,4.376144662123e+04,2.282429071784e-02
4.226364420273e-02,4.386129338454e+04,4.386127053837e+04,2.284617205441e-02
4.216759046591e-02,4.396111692260e+04,4.396109405466e+04,2.286794299289e-02
4.207197234694e-02,4.406094005969e+04,4.406091717008e+04,2.288960366423e-02
4.197678688914e-02,4.416076279581e+04,4.416073988466e+04,2.291115418484e-02
4.188203116253e-02,4.426058513097e+04,4.426056219838e+04,2.293259476573e-02
4.178770226351e-02,4.436040706517e+04,4.436038411124e+04,2.295392576343e-02
4.169379731461e-02,4.446022859841e+04,4.446020562326e+04,2.297514707607e-02
4.160031346413e-02,4.456004973070e+04,4.456002673444e+04,2.299625901651e-02
4.150724788591e-02,4.465987046203e+04,4.465984744477e+04,2.301726162113e-02
4.141459777902e-02,4.475969079241e+04,4.475966775426e+04,2.303815529740e-02
4.132236036748e-02,4.485951072184e+04,4.485948766290e+04,2.305893994344e-02
4.123053290000e-02,4.495933025033e+04,4.495930717071e+04,2.307961587212e-02
4.113911264967e-02,4.505914937787e+04,4.505912627769e+04,2.310018330900e-02
4.104809691372e-02,4.515896810448e+04,4.515894498383e+04,2.312064222497e-02
4.095748301325e-02,4.525878643014e+04,4.525876328915e+04,2.314099288924e-02
4.086726829295e-02,4.535860435487e+04,4.535858119363e+04,2.316123557102e-02
4.077745012088e-02,4.545842187866e+04,4.545839869729e+04,2.318137040857e-02
4.068802588816e-02,4.555823900153e+04,4.555821580013e+04,2.320139750373e-02
4.059899300875e-02,4.565805572346e+04,4.565803250214e+04,2.322131688561e-02
4.051034891921e-02,4.575787204447e+04,4.575784880334e+04,2.324112903443e-02
4.042209107843e-02,4.585768796455e+04,4.585766470372e+04,2.326083385560e-02
4.033421696739e-02,4.595750348371e+04,4.595748020328e+04,2.328043164016e-02
4.024672408894e-02,4.605731860195e+04,4.605729530203e+04,2.329992261366e-02
4.015960996753e-02,4.615713331928e+04,4.615710999997e+04,2.331930671789e-02
4.007287214903e-02,4.625694763569e+04,4.625692429711e+04,2.333858428756e-02
3.998650820043e-02,4.635676155119e+04,4.635673819344e+04,2.335775542451e-02
3.990051570968e-02,4.645657506579e+04,4.645655168896e+04,2.337682040525e-02
3.981489228541e-02,4.655638817947e+04,4.655636478369e+04,2.339577938255e-02
3.972963555675e-02,4.665620089225e+04,4.665617747762e+04,2.341463238554e-02
3.964474317308e-02,4.675601320413e+04,4.675598977075e+04,2.343337966886e-02
3.956021280384e-02,4.685582511511e+04,4.685580166308e+04,2.345202120341e-02
3.947604213830e-02,4.695563662519e+04,4.695561315463e+04,2.347055762220e-02
3.939222888535e-02,4.705544773437e+04,4.705542424539e+04,2.348898863420e-02
3.930877077331e-02,4.715525844267e+04,4.715523493535e+04,2.350731461047e-02
3.922566554968e-02,4.725506875007e+04,4.725504522454e+04,2.352553580567e-02
3.914291098101e-02,4.735487865659e+04,4.735485511294e+04,2.354365210340e-02
3.906050485263e-02,4.745468816222e+04,4.745466460056e+04,2.356166385289e-02
3.897844496849e-02,4.755449726698e+04,4.755447368740e+04,2.357957109052e-02
3.889672915094e-02,4.765430597085e+04,4.765428237347e+04,2.359737419465e-02
3.881535524059e-02,4.775411427384e+04,4.775409065877e+04,2.361507318710e-02
3.873432109603e-02,4.785392217596e+04,4.785389854329e+04,2.363266820612e-02
3.865362459375e-02,4.795372967720e+04,4.795370602704e+04,2.365015963005e-02
3.857326362786e-02,4.805353677758e+04,4.805351311003e+04,2.366754721879e-02
3.849323610996e-02,4.815334347709e+04,4.815331979225e+04,2.368483159808e-02
3.841353996894e-02,4.825314977573e+04,4.825312607371e+04,2.370201265148e-02
3.833417315083e-02,4.835295567351e+04,4.835293195442e+04,2.371909050271e-02
3.825513361856e-02,4.845276117043e+04,4.845273743436e+04,2.373606550827e-02
3.817641935185e-02,4.855256626649e+04,4.855254251355e+04,2.375293762452e-02
3.809802834702e-02,4.865237096169e+04,4.865234719199e+04,2.376970732439e-02
3.801995861680e-02,4.875217525604e+04,4.875215146967e+04,2.378637441143e-02
3.794220819018e-02,4.885197914955e+04,4.885195534661e+04,2.380293920578e-02
3.786477511224e-02,4.895178264220e+04,4.895175882280e+04,2.381940210034e-02
3.778765744399e-02,4.905158573401e+04,4.905156189825e+04,2.383576288412e-02
3.771085326220e-02,4.915138842497e+04,4.915136457295e+04,2.385202172445e-02
3.763436065923e-02,4.925119071510e+04,4.925116684692e+04,2.386817908700e-02
3.755817774291e-02,4.935099260438e+04,4.935096872015e+04,2.388423486991e-02
3.748230263636e-02,4.945079409283e+04,4.945077019264e+04,2.390018934966e-02
3.740673347782e-02,4.955059518045e+04,4.955057126441e+04,2.391604286822e-02
3.733146842052e-02,4.965039586723e+04,4.965037193544e+04,2.393179513456e-02
3.725650563253e-02,4.975019615319e+04,4.975017220574e+04,2.394744665798e-02
3.718184329659e-02,4.984999603832e+04,4.984997207532e+04,2.396299759130e-02
3.710747961000e-02,4.994979552263e+04,4.994977154418e+04,2.397844796360e-02
3.703341278443e-02,5.004959460611e+04,5.004957061231e+04,2.399379794224e-02
3.695964104582e-02,5.014939328878e+04,5.014936927973e+04,2.400904769456e-02
3.688616263419e-02,5.024919157063e+04,5.024916754643e+04,2.402419759164e-02
3.681297580357e-02,5.034898945166e+04,5.034896541242e+04,2.403924744431e-02
3.674007882178e-02,5.044878693189e+04,5.044876287769e+04,2.405419772549e-02
3.666746997036e-02,5.054858401131e+04,5.054855994226e+04,2.406904847157e-02
3.659514754438e-02,5.064838068991e+04,5.064835660611e+04,2.408379978442e-02
3.652310985236e-02,5.074817696772e+04,5.074815286927e+04,2.409845190414e-02
3.645135521611e-02,5.084797284472e+04,5.084794873172e+04,2.411300479434e-02
3.637988197059e-02,5.094776832093e+04,5.094774419347e+04,2.412745889887e-02
3.630868846380e-02,5.104756339633e+04,5.104753925452e+04,2.414181440690e-02
3.623777305664e-02,5.114735807095e+04,5.114733391487e+04,2.415607107105e-02
3.616713412281e-02,5.124715234477e+04,5.124712817454e+04,2.417022948066e-02
3.609677004864e-02,5.134694621780e+04,5.134692203351e+04,2.418428954115e-02
3.602667923301e-02,5.144673969004e+04,5.144671549179e+04,2.419825152174e-02
3.595686008721e-02,5.154653276150e+04,5.154650854939e+04,2.421211552428e-02
3.588731103482e-02,5.164632543218e+04,5.164630120630e+04,2.422588171612e-02
3.581803051158e-02,5.174611770208e+04,5.174609346253e+04,2.423955038103e-02
3.574901696532e-02,5.184590957120e+04,5.184588531807e+04,2.425312149717e-02
3.568026885577e-02,5.194570103954e+04,5.194567677295e+04,2.426659520279e-02
3.561178465451e-02,5.204549210711e+04,5.204546782714e+04,2.427997202903e-02
3.554356284483e-02,5.214528277392e+04,5.214525848067e+04,2.429325166304e-02
3.547560192161e-02,5.224507303995e+04,5.224504873352e+04,2.430643437401e-02
3.540790039122e-02,5.234486290522e+04,5.234483858570e+04,2.431952065672e-02
3.534045677143e-02,5.244465236973e+04,5.244462803722e+04,2.433251018374e-02
3.527326959125e-02,5.254444143348e+04,5.254441708808e+04,2.434540341346e-02
3.520633739089e-02,5.264423009647e+04,5.264420573827e+04,2.435820041137e-02
3.513965872159e-02,5.274401835871e+04,5.274399398780e+04,2.437090136664e-02
3.507323214556e-02,5.284380622019e+04,5.284378183668e+04,2.438350652665e-02
3.500705623585e-02,5.294359368092e+04,5.294356928490e+04,2.439601586229e-02
3.494112957627e-02,5.304338074090e+04,5.304335633247e+04,2.440842954093e-02
3.487545076128e-02,5.314316740014e+04,5.314314297939e+04,2.442074784631e-02
3.481001839587e-02,5.324295365864e+04,5.324292922567e+04,2.443297087302e-02
3.474483109551e-02,5.334273951639e+04,5.334271507129e+04,2.444509879570e-02
3.467988748598e-02,5.344252497341e+04,5.344250051628e+04,2.445713180350e-02
3.461518620336e-02,5.354231002969e+04,5.354228556062e+04,2.446907002741e-02
3.455072589385e-02,5.364209468524e+04,5.364207020432e+04,2.448091365659e-02
3.448650521375e-02,5.374187894005e+04,5.374185444739e+04,2.449266256735e-02
3.442252282931e-02,5.384166279414e+04,5.384163828982e+04,2.450431734906e-02
3.435877741667e-02,5.394144624750e+04,5.394142173163e+04,2.451587798714e-02
3.429526766174e-02,5.404122930014e+04,5.404120477280e+04,2.452734443796e-02
3.423199226015e-02,5.414101195206e+04,5.414098741334e+04,2.453871702892e-02
3.416894991713e-02,5.424079420326e+04,5.424076965326e+04,2.454999600013e-02
3.410613934743e-02,5.434057605374e+04,5.434055149256e+04,2.456118143164e-02
3.404355927523e-02,5.444035750351e+04,5.444033293124e+04,2.457227346167e-02
3.398120843407e-02,5.454013855257e+04,5.454011396930e+04,2.458327205386e-02
3.391908556673e-02,5.463991920092e+04,5.463989460674e+04,2.459417777573e-02
3.385718942518e-02,5.473969944856e+04,5.473967484357e+04,2.460499053268e-02
3.379551877049e-02,5.483947929550e+04,5.483945467979e+04,2.461571040476e-02
3.373407237273e-02,5.493925874174e+04,5.493923411540e+04,2.462633774849e-02
3.367284901089e-02,5.503903778728e+04,5.503901315040e+04,2.463687254931e-02
3.361184747283e-02,5.513881643212e+04,5.513879178480e+04,2.464731502550e-02
3.355106655515e-02,5.523859467627e+04,5.523857001860e+04,2.465766531532e-02
3.349050506318e-02,5.533837251972e+04,5.533834785180e+04,2.466792362975e-02
3.343016181081e-02,5.543814996249e+04,5.543812528440e+04,2.467809001246e-02
3.337003562050e-02,5.553792700457e+04,5.553790231640e+04,2.468816474720e-02
3.331012532316e-02,5.563770364596e+04,5.563767894782e+04,2.469814808137e-02
3.325042975806e-02,5.573747988668e+04,5.573745517864e+04,2.470803972392e-02
3.319094777281e-02,5.583725572671e+04,5.583723100887e+04,2.471784040245e-02
3.313167822321e-02,5.593703116607e+04,5.593700643852e+04,2.472754979681e-02
3.307261997326e-02,5.603680620475e+04,5.603678146758e+04,2.473716825625e-02
3.301377189502e-02,5.613658084276e+04,5.613655609607e+04,2.474669595540e-02
3.295513286856e-02,5.623635508010e+04,5.623633032397e+04,2.475613309798e-02
3.289670178191e-02,5.633612891678e+04,5.633610415130e+04,2.476547965489e-02
3.283847753097e-02,5.643590235278e+04,5.643587757805e+04,2.477473583713e-02
3.278045901943e-02,5.653567538813e+04,5.653565060423e+04,2.478390197211e-02
3.272264515873e-02,5.663544802282e+04,5.663542322984e+04,2.479297808168e-02
3.266503486796e-02,5.673522025685e+04,5.673519545488e+04,2.480196425313e-02
3.260762707381e-02,5.683499209022e+04,5.683496727936e+04,2.481086068292e-02
3.255042071053e-02,5.693476352294e+04,5.693473870327e+04,2.481966744381e-02
3.249341471979e-02,5.703453455501e+04,5.703450972663e+04,2.482838490687e-02
3.243660805070e-02,5.713430518644e+04,5.713428034942e+04,2.483701320307e-02
3.237999965969e-02,5.723407541721e+04,5.723405057166e+04,2.484555231786e-02
3.232358851045e-02,5.733384524735e+04,5.733382039335e+04,2.485400241858e-02
3.226737357391e-02,5.743361467684e+04,5.743358981448e+04,2.486236351251e-02
3.221135382812e-02,5.753338370570e+04,5.753335883506e+04,2.487063626904e-02
3.215552825823e-02,5.763315233392e+04,5.763312745510e+04,2.487882022979e-02
3.209989585640e-02,5.773292056151e+04,5.773289567460e+04,2.488691610779e-02
3.204445562176e-02,5.783268838847e+04,5.783266349355e+04,2.489492363384e-02
3.198920656034e-02,5.793245581480e+04,5.793243091196e+04,2.490284296800e-02
3.193414768503e-02,5.803222284050e+04,5.803219792983e+04,2.491067448136e-02
3.187927801546e-02,5.813198946558e+04,5.813196454717e+04,2.491841814481e-02
3.182459657804e-02,5.823175569004e+04,5.823173076397e+04,2.492607440945e-02
3.177010240582e-02,5.833152151389e+04,5.833149658024e+04,2.493364294060e-02
3.171579453846e-02,5.843128693711e+04,5.843126199599e+04,2.494112433487e-02
3.166167202218e-02,5.853105195972e+04,5.853102701121e+04,2.494851859956e-02
3.160773390971e-02,5.863081658173e+04,5.863079162590e+04,2.495582574920e-02
3.155397926020e-02,5.873058080312e+04,5.873055584007e+04,2.496304607484e-02
3.150040713922e-02,5.883034462390e+04,5.883031965372e+04,2.497017961286e-02
3.144701661864e-02,5.893010804409e+04,5.893008306686e+04,2.497722671978e-02
3.139380677665e-02,5.902987106367e+04,5.902984607948e+04,2.498418706091e-02
3.134077669764e-02,5.912963368265e+04,5.912960869159e+04,2.499106148025e-02
3.128792547218e-02,5.922939590104e+04,5.922937090319e+04,2.499784964311e-02
3.123525219697e-02,5.932915771883e+04,5.932913271428e+04,2.500455192057e-02
3.118275597479e-02,5.942891913603e+04,5.942889412486e+04,2.501116821804e-02
3.113043591443e-02,5.952868015264e+04,5.952865513495e+04,2.501769881201e-02
3.107829113065e-02,5.962844076867e+04,5.962841574453e+04,2.502414407354e-02
3.102632074415e-02,5.972820098411e+04,5.972817595361e+04,2.503050384257e-02
3.097452388147e-02,5.982796079897e+04,5.982793576219e+04,2.503677835193e-02
3.092289967500e-02,5.992772021325e+04,5.992769517028e+04,2.504296782718e-02
3.087144726290e-02,6.002747922695e+04,6.002745417788e+04,2.504907237017e-02
3.082016578904e-02,6.012723784008e+04,6.012721278499e+04,2.505509189359e-02
3.076905440299e-02,6.022699605264e+04,6.022697099161e+04,2.506102710322e-02
3.071811225993e-02,6.032675386463e+04,6.032672879775e+04,2.506687753339e-02
3.066733852066e-02,6.042651127605e+04,6.042648620341e+04,2.507264372980e-02
3.061673235149e-02,6.052626828691e+04,6.052624320858e+04,2.507832554693e-02
3.056629292422e-02,6.062602489720e+04,6.062599981328e+04,2.508392363961e-02
3.051601941612e-02,6.072578110694e+04,6.072575601750e+04,2.508943749126e-02
3.046591100985e-02,6.082553691611e+04,6.082551182125e+04,2.509486775671e-02
3.041596689344e-02,6.092529232474e+04,6.092526722452e+04,2.510021435592e-02
3.036618626023e-02,6.102504733281e+04,6.102502222733e+04,2.510547742713e-02
3.031656830882e-02,6.112480194033e+04,6.112477682967e+04,2.511065723229e-02
3.026711224307e-02,6.122455614730e+04,6.122453103155e+04,2.511575393873e-02
3.021781727199e-02,6.132430995373e+04,6.132428483296e+04,2.512076748826e-02
3.016868260976e-02,6.142406335961e+04,6.142403823391e+04,2.512569808459e-02
3.011970747565e-02,6.152381636496e+04,6.152379123441e+04,2.513054606970e-02
3.007089109400e-02,6.162356896976e+04,6.162354383445e+04,2.513531127624e-02
3.002223269417e-02,6.172332117404e+04,6.172329603404e+04,2.513999426446e-02
2.997373151050e-02,6.182307297778e+04,6.182304783318e+04,2.514459464874e-02
2.992538678226e-02,6.192282438099e+04,6.192279923187e+04,2.514911312028e-02
2.987719775362e-02,6.202257538367e+04,6.202255023012e+04,2.515354934440e-02
2.982916367363e-02,6.212232598582e+04,6.212230082792e+04,2.515790374309e-02
2.978128379615e-02,6.222207618746e+04,6.222205102528e+04,2.516217659286e-02
2.973355737981e-02,6.232182598857e+04,6.232180082220e+04,2.516636770451e-02
2.968598368800e-02,6.242157538916e+04,6.242155021868e+04,2.517047736910e-02
2.963856198882e-02,6.252132438924e+04,6.252129921473e+04,2.517450572486e-02
2.959129155502e-02,6.262107298881e+04,6.262104781035e+04,2.517845283728e-02
2.954417166401e-02,6.272082118786e+04,6.272079600554e+04,2.518231907743e-02
2.949720159777e-02,6.282056898641e+04,6.282054380030e+04,2.518610428524e-02
2.945038064286e-02,6.292031638445e+04,6.292029119464e+04,2.518980891909e-02
2.940370809033e-02,6.302006338198e+04,6.302003818855e+04,2.519343303720e-02
2.935718323576e-02,6.311980997902e+04,6.311978478204e+04,2.519697659591e-02
2.931080537915e-02,6.321955617556e+04,6.321953097512e+04,2.520043976983e-02
2.926457382492e-02,6.331930197160e+04,6.331927676778e+04,2.520382293005e-02
2.921848788189e-02,6.341904736715e+04,6.341902216002e+04,2.520712606201e-02
2.917254686321e-02,6.351879236220e+04,6.351876715185e+04,2.521034912934e-02
2.912675008634e-02,6.361853695677e+04,6.361851174328e+04,2.521349267772e-02
2.908109687304e-02,6.371828115085e+04,6.371825593429e+04,2.521655669261e-02
2.903558654930e-02,6.381802494445e+04,6.381799972491e+04,2.521954118129e-02
2.899021844531e-02,6.391776833756e+04,6.391774311512e+04,2.522244634019e-02
2.894499189548e-02,6.401751133020e+04,6.401748610493e+04,2.522527226392e-02
2.889990623832e-02,6.411725392236e+04,6.411722869434e+04,2.522801937448e-02
2.885496081649e-02,6.421699611405e+04,6.421697088336e+04,2.523068728624e-02
2.881015497671e-02,6.431673790526e+04,6.431671267199e+04,2.523327677773e-02
2.876548806977e-02,6.441647929601e+04,6.441645406022e+04,2.523578743421e-02
2.872095945046e-02,6.451622028629e+04,6.451619504807e+04,2.523821983050e-02
2.867656847759e-02,6.461596087610e+04,6.461593563553e+04,2.524057393748e-02
2.863231451389e-02,6.471570106545e+04,6.471567582260e+04,2.524284965330e-02
2.858819692604e-02,6.481544085435e+04,6.481541560930e+04,2.524504753819e-02
2.854421508462e-02,6.491518024278e+04,6.491515499562e+04,2.524716746120e-02
2.850036836406e-02,6.501491923076e+04,6.501489398155e+04,2.524920966243e-02
2.845665614264e-02,6.511465781829e+04,6.511463256712e+04,2.525117415644e-02
2.841307780245e-02,6.521439600537e+04,6.521437075231e+04,2.525306119787e-02
2.836963272936e-02,6.531413379201e+04,6.531410853714e+04,2.525487112143e-02
2.832632031298e-02,6.541387117819e+04,6.541384592159e+04,2.525660370884e-02
2.828313994665e-02,6.551360816394e+04,6.551358290568e+04,2.525825908378e-02
2.824009102740e-02,6.561334474925e+04,6.561331948941e+04,2.525983795931e-02
2.819717295593e-02,6.571308093411e+04,6.571305567277e+04,2.526133986248e-02
2.815438513657e-02,6.581281671855e+04,6.581279145578e+04,2.526276513527e-02
2.811172697727e-02,6.591255210255e+04,6.591252683843e+04,2.526411377767e-02
2.806919788956e-02,6.601228708612e+04,6.601226182073e+04,2.526538631355e-02
2.802679728852e-02,6.611202166926e+04,6.611199640268e+04,2.526658237912e-02
2.798452459276e-02,6.621175585198e+04,6.621173058428e+04,2.526770265831e-02
2.794237922440e-02,6.631148963427e+04,6.631146436553e+04,2.526874680188e-02
2.790036060902e-02,6.641122301615e+04,6.641119774643e+04,2.526971542102e-02
2.785846817568e-02,6.651095599761e+04,6.651093072700e+04,2.527060812281e-02
2.781670135682e-02,6.661068857865e+04,6.661066330722e+04,2.527142540202e-02
2.777505958832e-02,6.671042075928e+04,6.671039548711e+04,2.527216743329e-02
2.773354230942e-02,6.681015253949e+04,6.681012726666e+04,2.527283379459e-02
2.769214896269e-02,6.690988391930e+04,6.690985864588e+04,2.527342551912e-02
2.765087899404e-02,6.700961489871e+04,6.700958962477e+04,2.527394192293e-02
2.760973185268e-02,6.710934547771e+04,6.710932020333e+04,2.527438402467e-02
2.756870699108e-02,6.720907565631e+04,6.720905038156e+04,2.527475098032e-02
2.752780386499e-02,6.730880543451e+04,6.730878015947e+04,2.527504367754e-02
2.748702193333e-02,6.740853481232e+04,6.740850953706e+04,2.527526157792e-02
2.744636065828e-02,6.750826378973e+04,6.750823851433e+04,2.527540546726e-02
2.740581950517e-02,6.760799236675e+04,6.760796709128e+04,2.527547547652e-02
2.736539794248e-02,6.770772054339e+04,6.770769526792e+04,2.527547118370e-02
2.732509544183e-02,6.780744831964e+04,6.780742304424e+04,2.527539299626e-02
2.728491147794e-02,6.790717569550e+04,6.790715042026e+04,2.527524130710e-02
2.724484552863e-02,6.800690267098e+04,6.800687739597e+04,2.527501594159e-02
2.720489707478e-02,6.810662924609e+04,6.810660397137e+04,2.527471701615e-02
2.716506560029e-02,6.820635542081e+04,6.820633014647e+04,2.527434474905e-02
2.712535059211e-02,6.830608119517e+04,6.830605592127e+04,2.527389944589e-02
2.708575154015e-02,6.840580656915e+04,6.840578129577e+04,2.527338112122e-02
2.704626793732e-02,6.850553154276e+04,6.850550626997e+04,2.527278977504e-02
2.700689927948e-02,6.860525611601e+04,6.860523084388e+04,2.527212581481e-02
2.696764506541e-02,6.870498028889e+04,6.870495501750e+04,2.527138912410e-02
2.692850479681e-02,6.880470406141e+04,6.880467879083e+04,2.527057995030e-02
2.688947797826e-02,6.890442743358e+04,6.890440216388e+04,2.526969846804e-02
2.685056411722e-02,6.900415040538e+04,6.900412513664e+04,2.526874456089e-02
2.681176272399e-02,6.910387297683e+04,6.910384770911e+04,2.526771866542e-02
2.677307331169e-02,6.920359514793e+04,6.920356988131e+04,2.526662099990e-02
2.673449539625e-02,6.930331691868e+04,6.930329165323e+04,2.526545138971e-02
2.669602849640e-02,6.940303828908e+04,6.940301302487e+04,2.526421012590e-02
2.665767213362e-02,6.950275925914e+04,6.950273399625e+04,2.526289731031e-02
2.661942583214e-02,6.960247982886e+04,6.960245456735e+04,2.526151291386e-02
2.658128911891e-02,6.970219999824e+04,6.970217473818e+04,2.526005760592e-02
2.654326152361e-02,6.980191976728e+04,6.980189450875e+04,2.525853074621e-02
2.650534257857e-02,6.990163913598e+04,6.990161387905e+04,2.525693307689e-02
2.646753181883e-02,7.000135810435e+04,7.000133284909e+04,2.525526451063e-02
2.642982878205e-02,7.010107667240e+04,7.010105141887e+04,2.525352536759e-02
2.639223300853e-02,7.020079484011e+04,7.020076958840e+04,2.525171560410e-02
2.635474404119e-02,7.030051260750e+04,7.030048735767e+04,2.524983511830e-02
2.631736142553e-02,7.040022997457e+04,7.040020472669e+04,2.524788440496e-02
2.628008470963e-02,7.049994694132e+04,7.049992169546e+04,2.524586343498e-02
2.624291344413e-02,7.059966350775e+04,7.059963826398e+04,2.524377252848e-02
2.620584718220e-02,7.069937967387e+04,7.069935443225e+04,2.524161171459e-02
2.616888547955e-02,7.079909543967e+04,7.079907020029e+04,2.523938112427e-02
2.613202789437e-02,7.089881080516e+04,7.089878556808e+04,2.523708064109e-02
2.609527398734e-02,7.099852577034e+04,7.099850053563e+04,2.523471071618e-02
2.605862332163e-02,7.109824033522e+04,7.109821510295e+04,2.523227134952e-02
2.602207546283e-02,7.119795449980e+04,7.119792927004e+04,2.522976271575e-02
2.598562997899e-02,7.129766826408e+04,7.129764303689e+04,2.522718512046e-02
2.594928644056e-02,7.139738162805e+04,7.139735640352e+04,2.522453824349e-02
2.591304442039e-02,7.149709459174e+04,7.149706936991e+04,2.522182278335e-02
2.587690349372e-02,7.159680715513e+04,7.159678193609e+04,2.521903821616e-02
2.584086323816e-02,7.169651931822e+04,7.169649410204e+04,2.521618553146e-02
2.580492323366e-02,7.179623108103e+04,7.179620586777e+04,2.521326405986e-02
2.576908306250e-02,7.189594244356e+04,7.189591723328e+04,2.521027420880e-02
2.573334230929e-02,7.199565340580e+04,7.199562819858e+04,2.520721609471e-02
2.569770056094e-02,7.209536396776e+04,7.209533876367e+04,2.520409008139e-02
2.566215740664e-02,7.219507412944e+04,7.219504892855e+04,2.520089603786e-02
2.562671243785e-02,7.229478389085e+04,7.229475869321e+04,2.519763424061e-02
2.559136524828e-02,7.239449325198e+04,7.239446805767e+04,2.519430480606e-02
2.555611543388e-02,7.249420221284e+04,7.249417702193e+04,2.519090766145e-02
2.552096259285e-02,7.259391077343e+04,7.259388558599e+04,2.518744314148e-02
2.548590632555e-02,7.269361893376e+04,7.269359374985e+04,2.518391149351e-02
2.545094623457e-02,7.279332669382e+04,7.279330151351e+04,2.518031239742e-02
2.541608192466e-02,7.289303405362e+04,7.289300887698e+04,2.517664628976e-02
2.538131300274e-02,7.299274101316e+04,7.299271584025e+04,2.517291350523e-02
2.534663907787e-02,7.309244757245e+04,7.309242240334e+04,2.516911391285e-02
2.531205976126e-02,7.319215373148e+04,7.319212856623e+04,2.516524736711e-02
2.527757466621e-02,7.329185949026e+04,7.329183432895e+04,2.516131456650e-02
2.524318340816e-02,7.339156484879e+04,7.339153969148e+04,2.515731549647e-02
2.520888560462e-02,7.349126980708e+04,7.349124465383e+04,2.515325009881e-02
2.517468087517e-02,7.359097436512e+04,7.359094921600e+04,2.514911838807e-02
2.514056884146e-02,7.369067852291e+04,7.369065337799e+04,2.514492082992e-02
2.510654912720e-02,7.379038228047e+04,7.379035713982e+04,2.514065739524e-02
2.507262135811e-02,7.389008563780e+04,7.389006050147e+04,2.513632815680e-02
2.503878516194e-02,7.398978859488e+04,7.398976346295e+04,2.513193344930e-02
2.500504016846e-02,7.408949115174e+04,7.408946602427e+04,2.512747318542e-02
2.497138600942e-02,7.418919330837e+04,7.418916818542e+04,2.512294768530e-02
2.493782231855e-02,7.428889506476e+04,7.428886994641e+04,2.511835683254e-02
2.490434873154e-02,7.438859642094e+04,7.438857130724e+04,2.511370093271e-02
2.487096488606e-02,7.448829737689e+04,7.448827226791e+04,2.510898011678e-02
2.483767042169e-02,7.458799793262e+04,7.458797282843e+04,2.510419429746e-02
2.480446497995e-02,7.468769808814e+04,7.468767298879e+04,2.509934398404e-02
2.477134820427e-02,7.478739784344e+04,7.478737274901e+04,2.509442924929e-02
2.473831974000e-02,7.488709719853e+04,7.488707210908e+04,2.508944968577e-02
2.470537923435e-02,7.498679615340e+04,7.498677106900e+04,2.508440600650e-02
2.467252633644e-02,7.508649470807e+04,7.508646962878e+04,2.507929810963e-02
2.463976069721e-02,7.518619286254e+04,7.518616778841e+04,2.507412628620e-02
2.460708196950e-02,7.528589061680e+04,7.528586554791e+04,2.506889020151e-02
2.457448980795e-02,7.538558797086e+04,7.538556290727e+04,2.506359043764e-02
2.454198386905e-02,7.548528492473e+04,7.548525986650e+04,2.505822712556e-02
2.450956381110e-02,7.558498147840e+04,7.558495642560e+04,2.505280013429e-02
2.447722929420e-02,7.568467763187e+04,7.568465258456e+04,2.504730998771e-02
2.444497998024e-02,7.578437338516e+04,7.578434834340e+04,2.504175635113e-02
2.441281553289e-02,7.588406873826e+04,7.588404370212e+04,2.503613928275e-02
2.438073561761e-02,7.598376369117e+04,7.598373866071e+04,2.503045949561e-02
2.434873990157e-02,7.608345824390e+04,7.608343321918e+04,2.502471674234e-02
2.431682805374e-02,7.618315239645e+04,7.618312737754e+04,2.501891127031e-02
2.428499974476e-02,7.628284614882e+04,7.628282113578e+04,2.501304290490e-02
2.425325464706e-02,7.638253950101e+04,7.638251449390e+04,2.500711215544e-02
2.422159243473e-02,7.648223245304e+04,7.648220745192e+04,2.500111877453e-02
2.419001278357e-02,7.658192500489e+04,7.658190000982e+04,2.499506363529e-02
2.415851537109e-02,7.668161715657e+04,7.668159216762e+04,2.498894608289e-02
2.412709987646e-02,7.678130890809e+04,7.678128392532e+04,2.498276611732e-02
2.409576598052e-02,7.688100025944e+04,7.688097528291e+04,2.497652484453e-02
2.406451336576e-02,7.698069121063e+04,7.698066624041e+04,2.497022153693e-02
2.403334171632e-02,7.708038176166e+04,7.708035679781e+04,2.496385628183e-02
2.400225071798e-02,7.718007191254e+04,7.718004695511e+04,2.495742993779e-02
2.397124005814e-02,7.727976166326e+04,7.727973671232e+04,2.495094184997e-02
2.394030942581e-02,7.737945101384e+04,7.737942606944e+04,2.494439280417e-02
2.390945851160e-02,7.747913996426e+04,7.747911502648e+04,2.493778223288e-02
2.387868700772e-02,7.757882851454e+04,7.757880358343e+04,2.493111095100e-02
2.384799460797e-02,7.767851666467e+04,7.767849174029e+04,2.492437888577e-02
2.381738100770e-02,7.777820441466e+04,7.777817949708e+04,2.491758562974e-02
2.378684590385e-02,7.787789176451e+04,7.787786685378e+04,2.491073204146e-02
2.375638899488e-02,7.797757871423e+04,7.797755381041e+04,2.490381766984e-02
2.372600998082e-02,7.807726526381e+04,7.807724036697e+04,2.489684290776e-02
2.369570856322e-02,7.817695141326e+04,7.817692652345e+04,2.488980804628e-02
2.366548444515e-02,7.827663716258e+04,7.827661227987e+04,2.488271293987e-02
2.363533733121e-02,7.837632251178e+04,7.837629763622e+04,2.487555774860e-02
2.360526692748e-02,7.847600746084e+04,7.847598259250e+04,2.486834260344e-02
2.357527294155e-02,7.857569200979e+04,7.857566714872e+04,2.486106772267e-02
2.354535508249e-02,7.867537615862e+04,7.867535130489e+04,2.485373328091e-02
2.351551306084e-02,7.877505990733e+04,7.877503506099e+04,2.484633920540e-02
2.348574658861e-02,7.887474325593e+04,7.887471841704e+04,2.483888575807e-02
2.345605537927e-02,7.897442620441e+04,7.897440137304e+04,2.483137312811e-02
2.342643914773e-02,7.907410875279e+04,7.907408392899e+04,2.482380114088e-02
2.339689761034e-02,7.917379090105e+04,7.917376608488e+04,2.481617007288e-02
2.336743048489e-02,7.927347264922e+04,7.927344784074e+04,2.480848028790e-02
2.333803749057e-02,7.937315399728e+04,7.937312919654e+04,2.480073124752e-02
2.330871834799e-02,7.947283494524e+04,7.947281015231e+04,2.479292379576e-02
2.327947277917e-02,7.957251549310e+04,7.957249070804e+04,2.478505801992e-02
2.325030050752e-02,7.967219564087e+04,7.967217086373e+04,2.477713365806e-02
2.322120125782e-02,7.977187538854e+04,7.977185061939e+04,2.476915104489e-02
2.319217475625e-02,7.987155473613e+04,7.987152997502e+04,2.476111009310e-02
2.316322073034e-02,7.997123368362e+04,7.997120893061e+04,2.475301123923e-02
2.313433890898e-02,8.007091223104e+04,8.007088748618e+04,2.474485435232e-02
2.310552902242e-02,8.017059037837e+04,8.017056564173e+04,2.473663934506e-02
2.307679080224e-02,8.027026812562e+04,8.027024339725e+04,2.472836707602e-02
2.304812398137e-02,8.036994547279e+04,8.036992075275e+04,2.472003718140e-02
2.301952829404e-02,8.046962241988e+04,8.046959770823e+04,2.471164973394e-02
2.299100347584e-02,8.056929896690e+04,8.056927426370e+04,2.470320463181e-02
2.296254926361e-02,8.066897511386e+04,8.066895041915e+04,2.469470286451e-02
2.293416539555e-02,8.076865086074e+04,8.076862617460e+04,2.468614377722e-02
2.290585161111e-02,8.086832620756e+04,8.086830153003e+04,2.467752741359e-02
2.287760765105e-02,8.096800115431e+04,8.096797648546e+04,2.466885457397e-02
2.284943325739e-02,8.106767570101e+04,8.106765104088e+04,2.466012495279e-02
2.282132817343e-02,8.116734984764e+04,8.116732519631e+04,2.465133841906e-02
2.279329214373e-02,8.126702359422e+04,8.126699895173e+04,2.464249558398e-02
2.276532491411e-02,8.136669694075e+04,8.136667230715e+04,2.463359640387e-02
2.273742623162e-02,8.146636988723e+04,8.146634526259e+04,2.462464102427e-02
2.270959584455e-02,8.156604243365e+04,8.156601781802e+04,2.461562941608e-02
2.268183350245e-02,8.166571458003e+04,8.166568997347e+04,2.460656204494e-02
2.265413895604e-02,8.176538632637e+04,8.176536172893e+04,2.459743872168e-02
2.262651195732e-02,8.186505767267e+04,8.186503308441e+04,2.458825941721e-02
2.259895225944e-02,8.196472861893e+04,8.196470403990e+04,2.457902432070e-02
2.257145961679e-02,8.206439916515e+04,8.206437459541e+04,2.456973379594e-02
2.254403378493e-02,8.216406931133e+04,8.216404475095e+04,2.456038822129e-02
2.251667452063e-02,8.226373905749e+04,8.226371450650e+04,2.455098704377e-02
2.248938158182e-02,8.236340840362e+04,8.236338386209e+04,2.454153065628e-02
2.246215472760e-02,8.246307734972e+04,8.246305281770e+04,2.453201927710e-02
2.243499371826e-02,8.256274589579e+04,8.256272137334e+04,2.452245308086e-02
2.240789831522e-02,8.266241404185e+04,8.266238952902e+04,2.451283186383e-02
2.238086828106e-02,8.276208178788e+04,8.276205728473e+04,2.450315585884e-02
2.235390337952e-02,8.286174913390e+04,8.286172464048e+04,2.449342561886e-02
2.232700337545e-02,8.296141607991e+04,8.296139159627e+04,2.448364075099e-02
2.230016803486e-02,8.306108262590e+04,8.306105815210e+04,2.447380157537e-02
2.227339712485e-02,8.316074877188e+04,8.316072430797e+04,2.446390783007e-02
2.224669041367e-02,8.326041451786e+04,8.326039006390e+04,2.445396053372e-02
2.222004767066e-02,8.336007986383e+04,8.336005541987e+04,2.444395895873e-02
2.219346866627e-02,8.345974480980e+04,8.345972037590e+04,2.443390322151e-02
2.216695317204e-02,8.355940935577e+04,8.355938493197e+04,2.442379410786e-02
2.214050096062e-02,8.365907350174e+04,8.365904908811e+04,2.441363121034e-02
2.211411180572e-02,8.375873724772e+04,8.375871284430e+04,2.440341502370e-02
2.208778548214e-02,8.385840059371e+04,8.385837620056e+04,2.439314538788e-02
2.206152176576e-02,8.395806353970e+04,8.395803915688e+04,2.438282230287e-02
2.203532043349e-02,8.405772608571e+04,8.405770171326e+04,2.437244607427e-02
2.200918126335e-02,8.415738823173e+04,8.415736386972e+04,2.436201671662e-02
2.198310403436e-02,8.425704997777e+04,8.425702562624e+04,2.435153453553e-02
2.195708852663e-02,8.435671132384e+04,8.435668698284e+04,2.434099940001e-02
2.193113452128e-02,8.445637226992e+04,8.445634793951e+04,2.433041174663e-02
2.190524180047e-02,8.455603281603e+04,8.455600849626e+04,2.431977163360e-02
2.187941014741e-02,8.465569296216e+04,8.465566865308e+04,2.430907885719e-02
2.185363934629e-02,8.475535270833e+04,8.475532840999e+04,2.429833376664e-02
2.182792918235e-02,8.485501205453e+04,8.485498776699e+04,2.428753595450e-02
2.180227944183e-02,8.495467100076e+04,8.495464672407e+04,2.427668654127e-02
2.177668991197e-02,8.505432954703e+04,8.505430528124e+04,2.426578506129e-02
2.175116038101e-02,8.515398769334e+04,8.515396343850e+04,2.425483170373e-02
2.172569063817e-02,8.525364543969e+04,8.525362119586e+04,2.424382658501e-02
2.170028047368e-02,8.535330278608e+04,8.535327855331e+04,2.423276970512e-02
2.167492967874e-02,8.545295973252e+04,8.545293551086e+04,2.422166136967e-02
2.164963804551e-02,8.555261627901e+04,8.555259206851e+04,2.421050172416e-02
2.162440536713e-02,8.565227242556e+04,8.565224822627e+04,2.419929066673e-02
2.159923143772e-02,8.575192817215e+04,8.575190398413e+04,2.418802829925e-02
2.157411605233e-02,8.585158351881e+04,8.585155934209e+04,2.417671498551e-02
2.154905900697e-02,8.595123846552e+04,8.595121430017e+04,2.416535033262e-02
2.152406009861e-02,8.605089301230e+04,8.605086885836e+04,2.415393540286e-02
2.149911912514e-02,8.615054715913e+04,8.615052301666e+04,2.414246913395e-02
2.147423588542e-02,8.625020090604e+04,8.625017677509e+04,2.413095299562e-02
2.144941017919e-02,8.634985425301e+04,8.634983013363e+04,2.411938556179e-02
2.142464180716e-02,8.644950720006e+04,8.644948309229e+04,2.410776846227e-02
2.139993057093e-02,8.654915974718e+04,8.654913565108e+04,2.409610070754e-02
2.137527627304e-02,8.664881189437e+04,8.664878780999e+04,2.408438277780e-02
2.135067871692e-02,8.674846364165e+04,8.674843956903e+04,2.407261470216e-02
2.132613770690e-02,8.684811498900e+04,8.684809092820e+04,2.406079661159e-02
2.130165304822e-02,8.694776593644e+04,8.694774188751e+04,2.404892885534e-02
2.127722454702e-02,8.704741648396e+04,8.704739244695e+04,2.403701137519e-02
2.125285201031e-02,8.714706663158e+04,8.714704260653e+04,2.402504468046e-02
2.122853524600e-02,8.724671637928e+04,8.724669236625e+04,2.401302799990e-02
2.120427406286e-02,8.734636572708e+04,8.734634172611e+04,2.400096203201e-02
2.118006827055e-02,8.744601467497e+04,8.744599068612e+04,2.398884677677e-02
2.115591767959e-02,8.754566322296e+04,8.754563924628e+04,2.397668262711e-02
2.113182210137e-02,8.764531137105e+04,8.764528740658e+04,2.396446929197e-02
2.110778134812e-02,8.774495911925e+04,8.774493516704e+04,2.395220736798e-02
2.108379523295e-02,8.784460646755e+04,8.784458252765e+04,2.393989598204e-02
2.105986356981e-02,8.794425341596e+04,8.794422948842e+04,2.392753618187e-02
2.103598617347e-02,8.804389996447e+04,8.804387604935e+04,2.391512815666e-02
2.101216285957e-02,8.814354611311e+04,8.814352221043e+04,2.390267098963e-02
2.098839344457e-02,8.824319186185e+04,8.824316797169e+04,2.389016604866e-02
2.096467774576e-02,8.834283721072e+04,8.834281333311e+04,2.387761273712e-02
2.094101558126e-02,8.844248215970e+04,8.844245829469e+04,2.386501121509e-02
2.091740677001e-02,8.854212670881e+04,8.854210285645e+04,2.385236184637e-02
2.089385113176e-02,8.864177085804e+04,8.864174701838e+04,2.383966438356e-02
2.087034848706e-02,8.874141460740e+04,8.874139078049e+04,2.382691889943e-02
2.084689865730e-02,8.884105795690e+04,8.884103414277e+04,2.381412619434e-02
2.082350146465e-02,8.894070090652e+04,8.894067710523e+04,2.380128565710e-02
2.080015673206e-02,8.904034345628e+04,8.904031966788e+04,2.378839760786e-02
2.077686428331e-02,8.913998560617e+04,8.913996183071e+04,2.377546239586e-02
2.075362394295e-02,8.923962735621e+04,8.923960359373e+04,2.376247955544e-02
2.073043553631e-02,8.933926870639e+04,8.933924495693e+04,2.374945017800e-02
2.070729888951e-02,8.943890965671e+04,8.943888592033e+04,2.373637314304e-02
2.068421382943e-02,8.953855020718e+04,8.953852648393e+04,2.372324952739e-02
2.066118018374e-02,8.963819035780e+04,8.963816664772e+04,2.371007893817e-02
2.063819778087e-02,8.973783010857e+04,8.973780641170e+04,2.369686192833e-02
2.061526645000e-02,8.983746945949e+04,8.983744577589e+04,2.368359835236e-02
2.059238602109e-02,8.993710841058e+04,8.993708474029e+04,2.367028837034e-02
2.056955632483e-02,9.003674696182e+04,9.003672330489e+04,2.365693174943e-02
2.054677719269e-02,9.013638511322e+04,9.013636146969e+04,2.364352891163e-02
2.052404845686e-02,9.023602286479e+04,9.023599923471e+04,2.363008011889e-02
2.050136995028e-02,9.033566021652e+04,9.033563659994e+04,2.361658506561e-02
2.047874150662e-02,9.043529716843e+04,9.043527356538e+04,2.360304436297e-02
2.045616296031e-02,9.053493372050e+04,9.053491013105e+04,2.358945777814e-02
2.043363414648e-02,9.063456987275e+04,9.063454629693e+04,2.357582554396e-02
2.041115490099e-02,9.073420562518e+04,9.073418206303e+04,2.356214751489e-02
2.038872506044e-02,9.083384097778e+04,9.083381742936e+04,2.354842434579e-02
2.036634446213e-02,9.093347593057e+04,9.093345239592e+04,2.353465522174e-02
2.034401294408e-02,9.103311048354e+04,9.103308696270e+04,2.352084113227e-02
2.032173034502e-02,9.113274463670e+04,9.113272112972e+04,2.350698194641e-02
2.029949650438e-02,9.123237839004e+04,9.123235489697e+04,2.349307805707e-02
2.027731126230e-02,9.133201174358e+04,9.133198826445e+04,2.347912883852e-02
2.025517445961e-02,9.143164469731e+04,9.143162123218e+04,2.346513487282e-02
2.023308593784e-02,9.153127725124e+04,9.153125380014e+04,2.345109611633e-02
2.021104553922e-02,9.163090940536e+04,9.163088596835e+04,2.343701274367e-02
2.018905310664e-02,9.173054115969e+04,9.173051773680e+04,2.342288468208e-02
2.016710848370e-02,9.183017251422e+04,9.183014910550e+04,2.340871300839e-02
2.014521151466e-02,9.192980346895e+04,9.192978007446e+04,2.339449632564e-02
2.012336204447e-02,9.202943402390e+04,9.202941064366e+04,2.338023528864e-02
2.010155991874e-02,9.212906417905e+04,9.212904081312e+04,2.336593066866e-02
2.007980498377e-02,9.222869393442e+04,9.222867058284e+04,2.335158194182e-02
2.005809708649e-02,9.232832329000e+04,9.232829995281e+04,2.333718960290e-02
2.003643607451e-02,9.242795224580e+04,9.242792892305e+04,2.332275314257e-02
2.001482179612e-02,9.252758080182e+04,9.252755749355e+04,2.330827339028e-02
1.999325410022e-02,9.262720895807e+04,9.262718566432e+04,2.329374988039e-02
1.997173283638e-02,9.272683671454e+04,9.272681343536e+04,2.327918303490e-02
1.995025785484e-02,9.282646407124e+04,9.282644080667e+04,2.326457282470e-02
1.992882900644e-02,9.292609102817e+04,9.292606777825e+04,2.324991942442e-02
1.990744614270e-02,9.302571758533e+04,9.302569435011e+04,2.323522311053e-02
1.988610911576e-02,9.312534374273e+04,9.312532052224e+04,2.322048328642e-02
1.986481777837e-02,9.322496950036e+04,9.322494629466e+04,2.320570094162e-02
1.984357198396e-02,9.332459485823e+04,9.332457166736e+04,2.319087569776e-02
1.982237158654e-02,9.342421981635e+04,9.342419664034e+04,2.317600807874e-02
1.980121644077e-02,9.352384437471e+04,9.352382121362e+04,2.316109738604e-02
1.978010640192e-02,9.362346853332e+04,9.362344538718e+04,2.314614465286e-02
1.975904132588e-02,9.372309229218e+04,9.372306916103e+04,2.313114925346e-02
1.973802106915e-02,9.382271565129e+04,9.382269253518e+04,2.311611156620e-02
1.971704548884e-02,9.392233861066e+04,9.392231550963e+04,2.310103223135e-02
1.969611444268e-02,9.402196117028e+04,9.402193808437e+04,2.308591049223e-02
1.967522778897e-02,9.412158333017e+04,9.412156025942e+04,2.307074691635e-02
1.965438538665e-02,9.422120509031e+04,9.422118203477e+04,2.305554108170e-02
1.963358709524e-02,9.432082645072e+04,9.432080341043e+04,2.304029412335e-02
1.961283277484e-02,9.442044741140e+04,9.442042438640e+04,2.302500506630e-02
1.959212228617e-02,9.452006797235e+04,9.452004496267e+04,2.300967462361e-02
1.957145549051e-02,9.461968813357e+04,9.461966513926e+04,2.299430295534e-02
1.955083224974e-02,9.471930789506e+04,9.471928491617e+04,2.297889023612e-02
1.953025242632e-02,9.481892725683e+04,9.481890429339e+04,2.296343588387e-02
1.950971588328e-02,9.491854621888e+04,9.491852327094e+04,2.294794068439e-02
1.948922248424e-02,9.501816478121e+04,9.501814184881e+04,2.293240411382e-02
1.946877209339e-02,9.511778294383e+04,9.511776002700e+04,2.291682689975e-02
1.944836457547e-02,9.521740070673e+04,9.521737780552e+04,2.290120885300e-02
1.942799979581e-02,9.531701806992e+04,9.531699518437e+04,2.288555010455e-02
1.940767762029e-02,9.541663503340e+04,9.541661216355e+04,2.286985097453e-02
1.938739791536e-02,9.551625159718e+04,9.551622874307e+04,2.285411120101e-02
1.936716054802e-02,9.561586776125e+04,9.561584492292e+04,2.283833110414e-02
1.934696538582e-02,9.571548352562e+04,9.571546070311e+04,2.282251096040e-02
1.932681229688e-02,9.581509889030e+04,9.581507608365e+04,2.280665023136e-02
1.930670114984e-02,9.591471385527e+04,9.591469106452e+04,2.279074963008e-02
1.928663181393e-02,9.601432842056e+04,9.601430564575e+04,2.277480901103e-02
1.926660415888e-02,9.611394258615e+04,9.611391982732e+04,2.275882867980e-02
1.924661805498e-02,9.621355635205e+04,9.621353360924e+04,2.274280888378e-02
1.922667337306e-02,9.631316971827e+04,9.631314699152e+04,2.272674885171e-02
1.920676998447e-02,9.641278268480e+04,9.641275997415e+04,2.271064974775e-02
1.918690776112e-02,9.651239525165e+04,9.651237255714e+04,2.269451101893e-02
1.916708657541e-02,9.661200741882e+04,9.661198474049e+04,2.267833256337e-02
1.914730630031e-02,9.671161918631e+04,9.671159652420e+04,2.266211539973e-02
1.912756680928e-02,9.681123055414e+04,9.681120790828e+04,2.264585922239e-02
1.910786797631e-02,9.691084152228e+04,9.691081889272e+04,2.262956362392e-02
1.908820967593e-02,9.701045209076e+04,9.701042947753e+04,2.261322896811e-02
1.906859178314e-02,9.711006225958e+04,9.711003966272e+04,2.259685579338e-02
1.904901417351e-02,9.720967202872e+04,9.720964944828e+04,2.258044395421e-02
1.902947672308e-02,9.730928139821e+04,9.730925883422e+04,2.256399327598e-02
1.900997930840e-02,9.740889036804e+04,9.740886782053e+04,2.254750420980e-02
1.899052180655e-02,9.750849893821e+04,9.750847640723e+04,2.253097710491e-02
1.897110409509e-02,9.760810710872e+04,9.760808459431e+04,2.251441094268e-02
1.895172605209e-02,9.770771487958e+04,9.770769238178e+04,2.249780728016e-02
1.893238755612e-02,9.780732225080e+04,9.780729976963e+04,2.248116472038e-02
1.891308848624e-02,9.790692922236e+04,9.790690675788e+04,2.246448467486e-02
1.889382872200e-02,9.800653579428e+04,9.800651334652e+04,2.244776676525e-02
1.887460814344e-02,9.810614196656e+04,9.810611953555e+04,2.243101123895e-02
1.885542663110e-02,9.820574773920e+04,9.820572532498e+04,2.241421776125e-02
1.883628406599e-02,9.830535311220e+04,9.830533071481e+04,2.239738611388e-02
1.881718032961e-02,9.840495808557e+04,9.840493570505e+04,2.238051775203e-02
1.879811530395e-02,9.850456265930e+04,9.850454029569e+04,2.236361181713e-02
1.877908887146e-02,9.860416683340e+04,9.860414448673e+04,2.234666841105e-02
1.876010091507e-02,9.870377060788e+04,9.870374827819e+04,2.232968769385e-02
1.874115131818e-02,9.880337398273e+04,9.880335167006e+04,2.231267008756e-02
1.872223996468e-02,9.890297695795e+04,9.890295466234e+04,2.229561533022e-02
1.870336673891e-02,9.900257953356e+04,9.900255725504e+04,2.227852412034e-02
1.868453152568e-02,9.910218170955e+04,9.910215944815e+04,2.226139589038e-02
1.866573421026e-02,9.920178348592e+04,9.920176124169e+04,2.224423080042e-02
1.864697467839e-02,9.930138486268e+04,9.930136263565e+04,2.222702917061e-02
1.862825281627e-02,9.940098583983e+04,9.940096363004e+04,2.220979098638e-02
1.860956851053e-02,9.950058641737e+04,9.950056422486e+04,2.219251634961e-02
1.859092164830e-02,9.960018659531e+04,9.960016442010e+04,2.217520547856e-02
1.857231211712e-02,9.969978637364e+04,9.969976421578e+04,2.215785831504e-02
1.855373980500e-02,9.979938575237e+04,9.979936361190e+04,2.214047531015e-02
1.853520460040e-02,9.989898473151e+04,9.989896260845e+04,2.212305612920e-02
1.851670639222e-02,9.999858331104e+04,9.999856120544e+04,2.210560116509e-02
1.849824506979e-02,1.000981814910e+05,1.000981594029e+05,2.208811005403e-02
1.847982052291e-02,1.001977792713e+05,1.001977572008e+05,2.207058388740e-02
1.846143264179e-02,1.002973766521e+05,1.002973545991e+05,2.205302131188e-02
1.844308131710e-02,1.003969736333e+05,1.003969515979e+05,2.203542379721e-02
1.842476643992e-02,1.004965702149e+05,1.004965481971e+05,2.201779102325e-02
1.840648790179e-02,1.005961663969e+05,1.005961443968e+05,2.200012230605e-02
1.838824559465e-02,1.006957621793e+05,1.006957401969e+05,2.198241896986e-02
1.837003941089e-02,1.007953575622e+05,1.007953355975e+05,2.196468003967e-02
1.835186924332e-02,1.008949525455e+05,1.008949305986e+05,2.194690602482e-02
1.833373498518e-02,1.009945471292e+05,1.009945252001e+05,2.192909785663e-02
1.831563653011e-02,1.010941413133e+05,1.010941194021e+05,2.191125418176e-02
1.829757377219e-02,1.011937350979e+05,1.011937132045e+05,2.189337565505e-02
1.827954660591e-02,1.012933284829e+05,1.012933066074e+05,2.187546300411e-02
1.826155492618e-02,1.013929214684e+05,1.013928996108e+05,2.185751573415e-02
1.824359862832e-02,1.014925140543e+05,1.014924922147e+05,2.183953404892e-02
1.822567760806e-02,1.015921062406e+05,1.015920844191e+05,2.182151783200e-02
1.820779176153e-02,1.016916980274e+05,1.016916762239e+05,2.180346735986e-02
1.818994098529e-02,1.017912894146e+05,1.017912676292e+05,2.178538280714e-02
1.817212517630e-02,1.018908804023e+05,1.018908586350e+05,2.176726410107e-02
1.815434423190e-02,1.019904709904e+05,1.019904492413e+05,2.174911176553e-02
1.813659804985e-02,1.020900611790e+05,1.020900394481e+05,2.173092574230e-02
1.811888652832e-02,1.021896509680e+05,1.021896292553e+05,2.171270549297e-02
1.810120956585e-02,1.022892403576e+05,1.022892186631e+05,2.169445206528e-02
1.808356706140e-02,1.023888293475e+05,1.023888076714e+05,2.167616445513e-02
1.806595891431e-02,1.024884179380e+05,1.024883962801e+05,2.165784352110e-02
1.804838502432e-02,1.025880061289e+05,1.025879844894e+05,2.163948981615e-02
1.803084529155e-02,1.026875939202e+05,1.026875722991e+05,2.162110224890e-02
1.801333961650e-02,1.027871813121e+05,1.027871597094e+05,2.160268186708e-02
1.799586790010e-02,1.028867683044e+05,1.028867467202e+05,2.158422804496e-02
1.797843004360e-02,1.029863548972e+05,1.029863333315e+05,2.156574165565e-02
1.796102594869e-02,1.030859410905e+05,1.030859195432e+05,2.154722163687e-02
1.794365551741e-02,1.031855268842e+05,1.031855053556e+05,2.152866942924e-02
1.792631865217e-02,1.032851122785e+05,1.032850907684e+05,2.151008455257e-02
1.790901525579e-02,1.033846972732e+05,1.033846757817e+05,2.149146689044e-02
1.789174523144e-02,1.034842818684e+05,1.034842603956e+05,2.147281670477e-02
1.787450848266e-02,1.035838660641e+05,1.035838446100e+05,2.145413450489e-02
1.785730491338e-02,1.036834498603e+05,1.036834284249e+05,2.143541985424e-02
1.784013442788e-02,1.037830332571e+05,1.037830118404e+05,2.141667233082e-02
1.782299693084e-02,1.038826162543e+05,1.038825948564e+05,2.139789309877e-02
1.780589232726e-02,1.039821988520e+05,1.039821774729e+05,2.137908223085e-02
1.778882052253e-02,1.040817810502e+05,1.040817596899e+05,2.136023927596e-02
1.777178142241e-02,1.041813628489e+05,1.041813415075e+05,2.134136405948e-02
1.775477493301e-02,1.042809442481e+05,1.042809229257e+05,2.132245761459e-02
1.773780096080e-02,1.043805252479e+05,1.043805039443e+05,2.130351925734e-02
1.772085941261e-02,1.044801058481e+05,1.044800845636e+05,2.128454876947e-02
1.770395019561e-02,1.045796860489e+05,1.045796647833e+05,2.126554776623e-02
1.768707321735e-02,1.046792658502e+05,1.046792446037e+05,2.124651521444e-02
1.767022838571e-02,1.047788452520e+05,1.047788240245e+05,2.122745105589e-02
1.765341560894e-02,1.048784242543e+05,1.048784030460e+05,2.120835591631e-02
1.763663479563e-02,1.049780028572e+05,1.049779816679e+05,2.118922970840e-02
1.761988585470e-02,1.050775810606e+05,1.050775598905e+05,2.117007251945e-02
1.760316869545e-02,1.051771588645e+05,1.051771377136e+05,2.115088392748e-02
1.758648322749e-02,1.052767362689e+05,1.052767151373e+05,2.113166540221e-02
1.756982936080e-02,1.053763132739e+05,1.053762921615e+05,2.111241567763e-02
1.755320700568e-02,1.054758898795e+05,1.054758687863e+05,2.109313485562e-02
1.753661607278e-02,1.055754660855e+05,1.055754450117e+05,2.107382407121e-02
1.752005647309e-02,1.056750418922e+05,1.056750208377e+05,2.105448287330e-02
1.750352811792e-02,1.057746172993e+05,1.057745962642e+05,2.103511124733e-02
1.748703091894e-02,1.058741923070e+05,1.058741712913e+05,2.101570957166e-02
1.747056478814e-02,1.059737669153e+05,1.059737459190e+05,2.099627767166e-02
1.745412963782e-02,1.060733411241e+05,1.060733201473e+05,2.097681544547e-02
1.743772538064e-02,1.061729149335e+05,1.061728939761e+05,2.095732344605e-02
1.742135192958e-02,1.062724883434e+05,1.062724674056e+05,2.093780180439e-02
1.740500919794e-02,1.063720613539e+05,1.063720404356e+05,2.091824979289e-02
1.738869709934e-02,1.064716339649e+05,1.064716130663e+05,2.089866873575e-02
1.737241554775e-02,1.065712061765e+05,1.065711852975e+05,2.087905742519e-02
1.735616445744e-02,1.066707779887e+05,1.066707571293e+05,2.085941728728e-02
1.733994374299e-02,1.067703494015e+05,1.067703285617e+05,2.083974740526e-02
1.732375331933e-02,1.068699204148e+05,1.068698995948e+05,2.082004775002e-02
1.730759310168e-02,1.069694910287e+05,1.069694702284e+05,2.080031935475e-02
1.729146300559e-02,1.070690612432e+05,1.070690404626e+05,2.078056182654e-02
1.727536294693e-02,1.071686310583e+05,1.071686102975e+05,2.076077539823e-02
1.725929284186e-02,1.072682004739e+05,1.072681797329e+05,2.074095973512e-02
1.724325260688e-02,1.073677694901e+05,1.073677487690e+05,2.072111488087e-02
1.722724215877e-02,1.074673381070e+05,1.074673174057e+05,2.070124199963e-02
1.721126141466e-02,1.075669063244e+05,1.075668856430e+05,2.068134013098e-02
1.719531029194e-02,1.076664741424e+05,1.076664534809e+05,2.066140944953e-02
1.717938870833e-02,1.077660415610e+05,1.077660209195e+05,2.064145010081e-02
1.716349658187e-02,1.078656085801e+05,1.078655879587e+05,2.062146271055e-02
1.714763383087e-02,1.079651751999e+05,1.079651545985e+05,2.060144733696e-02
1.713180037396e-02,1.080647414203e+05,1.080647208389e+05,2.058140301961e-02
1.711599613007e-02,1.081643072413e+05,1.081642866800e+05,2.056133103906e-02
1.710022101843e-02,1.082638726629e+05,1.082638521217e+05,2.054123101698e-02
1.708447495856e-02,1.083634376852e+05,1.083634171640e+05,2.052110247314e-02
1.706875787029e-02,1.084630023080e+05,1.084629818070e+05,2.050094677543e-02
1.705306967371e-02,1.085625665314e+05,1.085625460507e+05,2.048076262872e-02
1.703741028926e-02,1.086621303555e+05,1.086621098949e+05,2.046055148821e-02
1.702177963761e-02,1.087616937802e+05,1.087616733398e+05,2.044031250989e-02
1.700617763978e-02,1.088612568055e+05,1.088612363854e+05,2.042004560644e-02
1.699060421703e-02,1.089608194314e+05,1.089607990316e+05,2.039975195657e-02
1.697505929094e-02,1.090603816579e+05,1.090603612785e+05,2.037943064352e-02
1.695954278336e-02,1.091599434851e+05,1.091599231260e+05,2.035908179823e-02
1.694405461644e-02,1.092595049129e+05,1.092594845742e+05,2.033870645391e-02
1.692859471259e-02,1.093590659414e+05,1.093590456231e+05,2.031830303895e-02
1.691316299453e-02,1.094586265705e+05,1.094586062726e+05,2.029787331412e-02
1.689775938525e-02,1.095581868002e+05,1.095581665228e+05,2.027741695929e-02
1.688238380801e-02,1.096577466305e+05,1.096577263736e+05,2.025693358155e-02
1.686703618636e-02,1.097573060616e+05,1.097572858251e+05,2.023642315180e-02
1.685171644414e-02,1.098568650932e+05,1.098568448773e+05,2.021588671778e-02
1.683642450544e-02,1.099564237255e+05,1.099564035302e+05,2.019532299892e-02
1.682116029465e-02,1.100559819585e+05,1.100559617837e+05,2.017473382875e-02
1.680592373641e-02,1.101555397921e+05,1.101555196380e+05,2.015411712637e-02
1.679071475566e-02,1.102550972263e+05,1.102550770929e+05,2.013347505999e-02
1.677553327758e-02,1.103546542613e+05,1.103546341485e+05,2.011280677107e-02
1.676037922764e-02,1.104542108968e+05,1.104541908047e+05,2.009211211407e-02
1.674525253159e-02,1.105537671331e+05,1.105537470617e+05,2.007139103080e-02
1.673015311542e-02,1.106533229700e+05,1.106533029194e+05,2.005064481637e-02
1.671508090541e-02,1.107528784076e+05,1.107528583777e+05,2.002987240849e-02
1.670003582808e-02,1.108524334458e+05,1.108524134368e+05,2.000907425827e-02
1.668501781025e-02,1.109519880848e+05,1.109519680965e+05,1.998825055489e-02
1.667002677898e-02,1.110515423244e+05,1.110515223570e+05,1.996740102186e-02
1.665506266158e-02,1.111510961646e+05,1.111510762181e+05,1.994652651774e-02
1.664012538565e-02,1.112506496056e+05,1.112506296800e+05,1.992562614032e-02
1.662521487903e-02,1.113502026472e+05,1.113501827425e+05,1.990470121382e-02
1.661033106983e-02,1.114497552896e+05,1.114497354058e+05,1.988375018118e-02
1.659547388640e-02,1.115493075326e+05,1.115492876698e+05,1.986277442484e-02
1.658064325737e-02,1.116488593763e+05,1.116488395345e+05,1.984177384293e-02
1.656583911161e-02,1.117484108207e+05,1.117483910000e+05,1.982074748958e-02
1.655106137823e-02,1.118479618658e+05,1.118479420661e+05,1.979969695094e-02
1.653630998663e-02,1.119475125116e+05,1.119474927330e+05,1.977862152853e-02
1.652158486643e-02,1.120470627581e+05,1.120470430006e+05,1.975752152794e-02
1.650688594751e-02,1.121466126053e+05,1.121465928689e+05,1.973639684729e-02
1.649221316000e-02,1.122461620532e+05,1.122461423379e+05,1.971524758846e-02
1.647756643428e-02,1.123457111018e+05,1.123456914077e+05,1.969407363504e-02
1.646294570098e-02,1.124452597511e+05,1.124452400782e+05,1.967287558364e-02
1.644835089096e-02,1.125448080011e+05,1.125447883495e+05,1.965165327420e-02
1.643378193534e-02,1.126443558519e+05,1.126443362215e+05,1.963040705596e-02
1.641923876549e-02,1.127439033033e+05,1.127438836942e+05,1.960913639050e-02
1.640472131300e-02,1.128434503555e+05,1.128434307677e+05,1.958784169983e-02
1.639022950972e-02,1.129429970084e+05,1.129429774419e+05,1.956652339140e-02
1.637576328773e-02,1.130425432621e+05,1.130425237169e+05,1.954518126149e-02
1.636132257937e-02,1.131420891164e+05,1.131420695926e+05,1.952381535375e-02
1.634690731718e-02,1.132416345715e+05,1.132416150691e+05,1.950242536259e-02
1.633251743398e-02,1.133411796273e+05,1.133411601463e+05,1.948101229209e-02
1.631815286280e-02,1.134407242839e+05,1.134407048243e+05,1.945957521093e-02
1.630381353691e-02,1.135402685412e+05,1.135402491031e+05,1.943811548699e-02
1.628949938982e-02,1.136398123992e+05,1.136397929826e+05,1.941663150501e-02
1.627521035526e-02,1.137393558580e+05,1.137393364628e+05,1.939512533136e-02
1.626094636722e-02,1.138388989175e+05,1.138388795439e+05,1.937359473959e-02
1.624670735989e-02,1.139384415777e+05,1.139384222257e+05,1.935204183974e-02
1.623249326772e-02,1.140379838388e+05,1.140379645083e+05,1.933046578779e-02
1.621830402535e-02,1.141375257005e+05,1.141375063917e+05,1.930886690388e-02
1.620413956769e-02,1.142370671630e+05,1.142370478758e+05,1.928724569734e-02
1.618999982984e-02,1.143366082263e+05,1.143365889607e+05,1.926560094580e-02
1.617588474717e-02,1.144361488903e+05,1.144361296464e+05,1.924393395893e-02
1.616179425523e-02,1.145356891551e+05,1.145356699329e+05,1.922224462032e-02
1.614772828982e-02,1.146352290207e+05,1.146352098202e+05,1.920053218782e-02
1.613368678696e-02,1.147347684870e+05,1.147347493082e+05,1.917879784014e-02
1.611966968288e-02,1.148343075541e+05,1.148342883971e+05,1.915704089333e-02
1.610567691406e-02,1.149338462220e+05,1.149338270867e+05,1.913526213320e-02
1.609170841717e-02,1.150333844906e+05,1.150333653771e+05,1.911346109409e-02
1.607776412912e-02,1.151329223600e+05,1.151329032684e+05,1.909163770324e-02
1.606384398701e-02,1.152324598302e+05,1.152324407604e+05,1.906979277555e-02
1.604994792820e-02,1.153319969012e+05,1.153319778533e+05,1.904792558344e-02
1.603607589023e-02,1.154315335729e+05,1.154315145469e+05,1.902603685448e-02
1.602222781088e-02,1.155310698455e+05,1.155310508414e+05,1.900412578834e-02
1.600840362813e-02,1.156306057188e+05,1.156305867366e+05,1.898219373834e-02
1.599460328017e-02,1.157301411929e+05,1.157301222327e+05,1.896023986046e-02
1.598082670543e-02,1.158296762679e+05,1.158296573296e+05,1.893826491141e-02
1.596707384251e-02,1.159292109436e+05,1.159291920273e+05,1.891626775614e-02
1.595334463027e-02,1.160287452201e+05,1.160287263258e+05,1.889425022819e-02
1.593963900773e-02,1.161282790974e+05,1.161282602252e+05,1.887221093057e-02
1.592595691416e-02,1.162278125755e+05,1.162277937253e+05,1.885015021253e-02
1.591229828902e-02,1.163273456544e+05,1.163273268263e+05,1.882806868525e-02
1.589866307198e-02,1.164268783341e+05,1.164268595282e+05,1.880596591218e-02
1.588505120291e-02,1.165264106147e+05,1.165263918308e+05,1.878384321753e-02
1.587146262190e-02,1.166259424960e+05,1.166259237343e+05,1.876169897150e-02
1.585789726923e-02,1.167254739782e+05,1.167254552386e+05,1.873953397444e-02
1.584435508540e-02,1.168250050612e+05,1.168249863438e+05,1.871734819724e-02
1.583083601109e-02,1.169245357450e+05,1.169245170498e+05,1.869514171267e-02
1.581733998721e-02,1.170240660296e+05,1.170240473567e+05,1.867291562667e-02
1.580386695486e-02,1.171235959150e+05,1.171235772644e+05,1.865066836763e-02
1.579041685532e-02,1.172231254013e+05,1.172231067729e+05,1.862840128888e-02
1.577698963010e-02,1.173226544884e+05,1.173226358823e+05,1.860611302254e-02
1.576358522090e-02,1.174221831764e+05,1.174221645926e+05,1.858380551857e-02
1.575020356961e-02,1.175217114651e+05,1.175216929037e+05,1.856147749641e-02
1.573684461832e-02,1.176212393547e+05,1.176212208156e+05,1.853912965453e-02
1.572350830932e-02,1.177207668452e+05,1.177207483284e+05,1.851676158549e-02
1.571019458510e-02,1.178202939365e+05,1.178202754421e+05,1.849437445344e-02
1.569690338832e-02,1.179198206286e+05,1.179198021567e+05,1.847196696326e-02
1.568363466188e-02,1.180193469216e+05,1.180193284721e+05,1.844953965337e-02
1.567038834882e-02,1.181188728154e+05,1.181188543883e+05,1.842709310586e-02
1.565716439241e-02,1.182183983101e+05,1.182183799055e+05,1.840462682594e-02
1.564396273609e-02,1.183179234057e+05,1.183179050235e+05,1.838214106101e-02
1.563078332350e-02,1.184174481021e+05,1.184174297424e+05,1.835963563644e-02
1.561762609848e-02,1.185169723993e+05,1.185169540622e+05,1.833711120707e-02
1.560449100505e-02,1.186164962974e+05,1.186164779829e+05,1.831456835498e-02
1.559137798739e-02,1.187160197964e+05,1.187160015044e+05,1.829200562497e-02
1.557828698992e-02,1.188155428963e+05,1.188155246268e+05,1.826942340995e-02
1.556521795721e-02,1.189150655970e+05,1.189150473502e+05,1.824682325241e-02
1.555217083403e-02,1.190145878986e+05,1.190145696744e+05,1.822420372628e-02
1.553914556533e-02,1.191141098010e+05,1.191140915995e+05,1.820156471513e-02
1.552614209623e-02,1.192136313044e+05,1.192136131255e+05,1.817890780512e-02
1.551316037207e-02,1.193131524086e+05,1.193131342524e+05,1.815623232687e-02
1.550020033835e-02,1.194126731137e+05,1.194126549802e+05,1.813353819307e-02
1.548726194073e-02,1.195121934197e+05,1.195121753089e+05,1.811082537461e-02
1.547434512510e-02,1.196117133266e+05,1.196116952385e+05,1.808809429349e-02
1.546144983750e-02,1.197112328343e+05,1.197112147690e+05,1.806534435309e-02
1.544857602415e-02,1.198107519430e+05,1.198107339004e+05,1.804257628100e-02
1.543572363145e-02,1.199102706525e+05,1.199102526327e+05,1.801979073207e-02
1.542289260599e-02,1.200097889630e+05,1.200097709660e+05,1.799698628020e-02
1.541008289452e-02,1.201093068743e+05,1.201092889001e+05,1.797416477348e-02
1.539729444398e-02,1.202088243865e+05,1.202088064352e+05,1.795132450934e-02
1.538452720149e-02,1.203083414997e+05,1.203083235712e+05,1.792846630269e-02
1.537178111433e-02,1.204078582137e+05,1.204078403081e+05,1.790559130313e-02
1.535905612997e-02,1.205073745287e+05,1.205073566460e+05,1.788269777899e-02
1.534635219603e-02,1.206068904445e+05,1.206068725848e+05,1.785978689441e-02
1.533366926033e-02,1.207064059613e+05,1.207063881245e+05,1.783685843111e-02
1.532100727085e-02,1.208059210790e+05,1.208059032651e+05,1.781391196710e-02
1.530836617574e-02,1.209054357976e+05,1.209054180067e+05,1.779094911763e-02
1.529574592333e-02,1.210049501172e+05,1.210049323492e+05,1.776796832564e-02
1.528314646211e-02,1.211044640376e+05,1.211044462927e+05,1.774496998405e-02
1.527056774074e-02,1.212039775590e+05,1.212039598371e+05,1.772195490776e-02
1.525800970806e-02,1.213034906813e+05,1.213034729824e+05,1.769892293669e-02
1.524547231306e-02,1.214030034046e+05,1.214029857287e+05,1.767587382346e-02
1.523295550493e-02,1.215025157287e+05,1.215024980759e+05,1.765280777181e-02
1.522045923298e-02,1.216020276538e+05,1.216020100241e+05,1.762972534925e-02
1.520798344672e-02,1.217015391799e+05,1.217015215733e+05,1.760662521701e-02
1.519552809582e-02,1.218010503069e+05,1.218010327234e+05,1.758350887394e-02
1.518309313011e-02,1.219005610348e+05,1.219005434744e+05,1.756037602900e-02
1.517067849959e-02,1.220000713637e+05,1.220000538265e+05,1.753722650756e-02
1.515828415441e-02,1.220995812935e+05,1.220995637794e+05,1.751406052790e-02
1.514591004490e-02,1.221990908243e+05,1.221990733334e+05,1.749087827920e-02
1.513355612153e-02,1.222985999560e+05,1.222985824883e+05,1.746767883014e-02
1.512122233496e-02,1.223981086887e+05,1.223980912442e+05,1.744446395605e-02
1.510890863599e-02,1.224976170223e+05,1.224975996011e+05,1.742123324948e-02
1.509661497559e-02,1.225971249569e+05,1.225971075589e+05,1.739798589551e-02
1.508434130488e-02,1.226966324925e+05,1.226966151177e+05,1.737472313107e-02
1.507208757514e-02,1.227961396290e+05,1.227961222776e+05,1.735144392296e-02
1.505985373782e-02,1.228956463665e+05,1.228956290383e+05,1.732814882416e-02
1.504763974453e-02,1.229951527049e+05,1.229951354001e+05,1.730483744177e-02
1.503544554700e-02,1.230946586444e+05,1.230946413629e+05,1.728151128918e-02
1.502327109717e-02,1.231941641848e+05,1.231941469266e+05,1.725816942053e-02
1.501111634709e-02,1.232936693262e+05,1.232936520913e+05,1.723481189401e-02
1.499898124899e-02,1.233931740685e+05,1.233931568571e+05,1.721143863688e-02
1.498686575525e-02,1.234926784119e+05,1.234926612238e+05,1.718805002747e-02
1.497476981840e-02,1.235921823562e+05,1.235921651915e+05,1.716464602214e-02
1.496269339113e-02,1.236916859015e+05,1.236916687603e+05,1.714122689737e-02
1.495063642627e-02,1.237911890478e+05,1.237911719300e+05,1.711779250763e-02
1.493859887681e-02,1.238906917951e+05,1.238906747008e+05,1.709434359509e-02
1.492658069590e-02,1.239901941434e+05,1.239901770725e+05,1.707087898103e-02
1.491458183682e-02,1.240896960927e+05,1.240896790453e+05,1.704739953857e-02
1.490260225301e-02,1.241891976430e+05,1.241891806191e+05,1.702390506398e-02
1.489064189807e-02,1.242886987942e+05,1.242886817938e+05,1.700039618299e-02
1.487870072574e-02,1.243881995465e+05,1.243881825697e+05,1.697687293927e-02
1.486677868990e-02,1.244876998998e+05,1.244876829465e+05,1.695333400858e-02
1.485487574460e-02,1.245871998541e+05,1.245871829244e+05,1.692978163192e-02
1.484299184400e-02,1.246866994094e+05,1.246866825032e+05,1.690621394664e-02
1.483112694245e-02,1.247861985658e+05,1.247861816831e+05,1.688263165124e-02
1.481928099441e-02,1.248856973231e+05,1.248856804641e+05,1.685903522593e-02
1.480745395451e-02,1.249851956815e+05,1.249851788461e+05,1.683542523824e-02
1.479564577751e-02,1.250846936409e+05,1.250846768291e+05,1.681180066953e-02
1.478385641833e-02,1.251841912013e+05,1.251841744131e+05,1.678816157801e-02
1.477208583201e-02,1.252836883627e+05,1.252836715982e+05,1.676450867672e-02
1.476033397375e-02,1.253831851252e+05,1.253831683843e+05,1.674084142724e-02
1.474860079889e-02,1.254826814887e+05,1.254826647715e+05,1.671716051351e-02
1.473688626291e-02,1.255821774532e+05,1.255821607597e+05,1.669346628478e-02
1.472519032143e-02,1.256816730187e+05,1.256816563490e+05,1.666975775152e-02
1.471351293021e-02,1.257811681853e+05,1.257811515393e+05,1.664603514655e-02
1.470185404517e-02,1.258806629530e+05,1.258806463307e+05,1.662229948852e-02
1.469021362233e-02,1.259801573217e+05,1.259801407231e+05,1.659855031176e-02
1.467859161788e-02,1.260796512914e+05,1.260796347166e+05,1.657478691777e-02
1.466698798814e-02,1.261791448622e+05,1.261791283112e+05,1.655101124197e-02
1.465540268957e-02,1.262786380340e+05,1.262786215068e+05,1.652722197468e-02
1.464383567877e-02,1.263781308069e+05,1.263781143034e+05,1.650341838831e-02
1.463228691246e-02,1.264776231808e+05,1.264776067012e+05,1.647960307309e-02
1.462075634752e-02,1.265771151558e+05,1.265770987000e+05,1.645577340969e-02
1.460924394094e-02,1.266766067318e+05,1.266765902999e+05,1.643193166819e-02
1.459774964988e-02,1.267760979090e+05,1.267760815009e+05,1.640807655349e-02
1.458627343160e-02,1.268755886871e+05,1.268755723029e+05,1.638420860399e-02
1.457481524352e-02,1.269750790664e+05,1.269750627060e+05,1.636032709212e-02
1.456337504317e-02,1.270745690467e+05,1.270745527103e+05,1.633643388050e-02
1.455195278824e-02,1.271740586281e+05,1.271740423155e+05,1.631252774678e-02
1.454054843652e-02,1.272735478105e+05,1.272735315219e+05,1.628860904020e-02
1.452916194597e-02,1.273730365941e+05,1.273730203294e+05,1.626467735332e-02
1.451779327465e-02,1.274725249787e+05,1.274725087380e+05,1.624073370476e-02
1.450644238077e-02,1.275720129644e+05,1.275719967476e+05,1.621677716321e-02
1.449510922266e-02,1.276715005512e+05,1.276714843584e+05,1.619280914019e-02
1.448379375878e-02,1.277709877391e+05,1.277709715702e+05,1.616882786038e-02
1.447249594774e-02,1.278704745280e+05,1.278704583832e+05,1.614483477897e-02
1.446121574825e-02,1.279699609181e+05,1.279699447972e+05,1.612082969223e-02
1.444995311916e-02,1.280694469092e+05,1.280694308124e+05,1.609681267291e-02
1.443870801946e-02,1.281689325015e+05,1.281689164287e+05,1.607278391020e-02
1.442748040824e-02,1.282684176948e+05,1.282684016461e+05,1.604874235636e-02
1.441627024476e-02,1.283679024893e+05,1.283678864646e+05,1.602468911733e-02
1.440507748835e-02,1.284673868848e+05,1.284673708842e+05,1.600062464422e-02
1.439390209853e-02,1.285668708815e+05,1.285668549049e+05,1.597654879151e-02
1.438274403488e-02,1.286663544792e+05,1.286663385268e+05,1.595246055513e-02
1.437160325717e-02,1.287658376781e+05,1.287658217497e+05,1.592836137570e-02
1.436047972523e-02,1.288653204781e+05,1.288653045738e+05,1.590425038012e-02
1.434937339907e-02,1.289648028792e+05,1.289647869991e+05,1.588012785942e-02
1.433828423879e-02,1.290642848814e+05,1.290642690254e+05,1.585599404643e-02
1.432721220463e-02,1.291637664848e+05,1.291637506529e+05,1.583184943593e-02
1.431615725694e-02,1.292632476893e+05,1.292632318816e+05,1.580769299471e-02
1.430511935621e-02,1.293627284948e+05,1.293627127113e+05,1.578352590150e-02
1.429409846302e-02,1.294622089016e+05,1.294621931422e+05,1.575934753055e-02
1.428309453811e-02,1.295616889094e+05,1.295616731743e+05,1.573515831842e-02
1.427210754231e-02,1.296611685184e+05,1.296611528075e+05,1.571095845429e-02
1.426113743659e-02,1.297606477285e+05,1.297606320418e+05,1.568674709415e-02
1.425018418203e-02,1.298601265398e+05,1.298601108773e+05,1.566252607154e-02
1.423924773983e-02,1.299596049522e+05,1.299595893139e+05,1.563829350926e-02
1.422832807132e-02,1.300590829658e+05,1.300590673517e+05,1.561404980021e-02
1.421742513793e-02,1.301585605805e+05,1.301585449907e+05,1.558979590482e-02
1.420653890123e-02,1.302580377963e+05,1.302580222308e+05,1.556553201226e-02
1.419566932288e-02,1.303575146133e+05,1.303574990720e+05,1.554125726398e-02
1.418481636468e-02,1.304569910314e+05,1.304569755145e+05,1.551697247487e-02
1.417397998854e-02,1.305564670507e+05,1.305564515581e+05,1.549267748487e-02
1.416316015649e-02,1.306559426712e+05,1.306559272028e+05,1.546837213391e-02
1.415235683066e-02,1.307554178928e+05,1.307554024488e+05,1.544405591267e-02
1.414156997332e-02,1.308548927156e+05,1.308548772959e+05,1.541973066924e-02
1.413079954684e-02,1.309543671396e+05,1.309543517442e+05,1.539539462829e-02
1.412004551370e-02,1.310538411647e+05,1.310538257936e+05,1.537104864838e-02
1.410930783650e-02,1.311533147910e+05,1.311532994443e+05,1.534669339890e-02
1.409858647796e-02,1.312527880184e+05,1.312527726961e+05,1.532232767204e-02
1.408788140091e-02,1.313522608471e+05,1.313522455491e+05,1.529795324313e-02
1.407719256829e-02,1.314517332769e+05,1.314517180033e+05,1.527356810402e-02
1.406651994314e-02,1.315512053079e+05,1.315511900587e+05,1.524917327333e-02
1.405586348864e-02,1.316506769400e+05,1.316506617153e+05,1.522476994433e-02
1.404522316805e-02,1.317501481734e+05,1.317501329730e+05,1.520035616704e-02
1.403459894478e-02,1.318496190079e+05,1.318496038320e+05,1.517593296012e-02
1.402399078231e-02,1.319490894437e+05,1.319490742922e+05,1.515150096384e-02
1.401339864426e-02,1.320485594806e+05,1.320485443536e+05,1.512705965433e-02
1.400282249434e-02,1.321480291187e+05,1.321480140161e+05,1.510260894429e-02
1.399226229638e-02,1.322474983581e+05,1.322474832799e+05,1.507814944489e-02
1.398171801432e-02,1.323469671986e+05,1.323469521449e+05,1.505368054495e-02
1.397118961220e-02,1.324464356403e+05,1.324464206111e+05,1.502920276835e-02
1.396067705418e-02,1.325459036832e+05,1.325458886785e+05,1.500471628970e-02
1.395018030451e-02,1.326453713274e+05,1.326453563471e+05,1.498022043961e-02
1.393969932757e-02,1.327448385727e+05,1.327448236170e+05,1.495571632404e-02
1.392923408784e-02,1.328443054193e+05,1.328442904881e+05,1.493120231316e-02
1.391878454989e-02,1.329437718670e+05,1.329437569604e+05,1.490668114275e-02
1.390835067841e-02,1.330432379160e+05,1.330432230339e+05,1.488215042627e-02
1.389793243820e-02,1.331427035662e+05,1.331426887086e+05,1.485761103686e-02
1.388752979416e-02,1.332421688177e+05,1.332421539846e+05,1.483306428418e-02
1.387714271129e-02,1.333416336703e+05,1.333416188618e+05,1.480850717053e-02
1.386677115471e-02,1.334410981242e+05,1.334410833402e+05,1.478394432343e-02
1.385641508962e-02,1.335405621793e+05,1.335405474199e+05,1.475937143550e-02
1.384607448134e-02,1.336400258356e+05,1.336400111008e+05,1.473479066044e-02
1.383574929530e-02,1.337394890932e+05,1.337394743830e+05,1.471020269673e-02
1.382543949702e-02,1.338389519520e+05,1.338389372664e+05,1.468560512876e-02
1.381514505212e-02,1.339384144121e+05,1.339383997511e+05,1.466100077960e-02
1.380486592634e-02,1.340378764734e+05,1.340378618370e+05,1.463638740825e-02
1.379460208550e-02,1.341373381359e+05,1.341373235241e+05,1.461176719749e-02
1.378435349554e-02,1.342367993997e+05,1.342367848125e+05,1.458713808097e-02
1.377412012249e-02,1.343362602647e+05,1.343362457022e+05,1.456250241608e-02
1.376390193249e-02,1.344357207310e+05,1.344357061931e+05,1.453785848571e-02
1.375369889177e-02,1.345351807985e+05,1.345351662853e+05,1.451320710476e-02
1.374351096667e-02,1.346346404673e+05,1.346346259787e+05,1.448854786577e-02
1.373333812361e-02,1.347340997373e+05,1.347340852735e+05,1.446388137992e-02
1.372318032914e-02,1.348335586086e+05,1.348335441694e+05,1.443920703605e-02
1.371303754989e-02,1.349330170812e+05,1.349330026667e+05,1.441452634754e-02
1.370290975258e-02,1.350324751550e+05,1.350324607652e+05,1.438983771368e-02
1.369279690406e-02,1.351319328302e+05,1.351319184650e+05,1.436514098896e-02
1.368269897124e-02,1.352313901065e+05,1.352313757661e+05,1.434043812333e-02
1.367261592115e-02,1.353308469842e+05,1.353308326684e+05,1.431572824367e-02
1.366254772091e-02,1.354303034631e+05,1.354302891721e+05,1.429101204849e-02
1.365249433775e-02,1.355297595433e+05,1.355297452770e+05,1.426628747140e-02
1.364245573897e-02,1.356292152248e+05,1.356292009832e+05,1.424155724817e-02
1.363243189199e-02,1.357286705075e+05,1.357286562907e+05,1.421681899228e-02
1.362242276432e-02,1.358281253916e+05,1.358281111995e+05,1.419207465369e-02
1.361242832355e-02,1.359275798769e+05,1.359275657096e+05,1.416732327198e-02
1.360244853739e-02,1.360270339636e+05,1.360270198210e+05,1.414256475982e-02
1.359248337363e-02,1.361264876515e+05,1.361264735337e+05,1.411780083436e-02
1.358253280015e-02,1.362259409407e+05,1.362259268477e+05,1.409302969114e-02
1.357259678493e-02,1.363253938312e+05,1.363253797630e+05,1.406825182494e-02
1.356267529605e-02,1.364248463230e+05,1.364248322796e+05,1.404346805066e-02
1.355276830168e-02,1.365242984161e+05,1.365242843975e+05,1.401867854293e-02
1.354287577007e-02,1.366237501106e+05,1.366237361167e+05,1.399388164282e-02
1.353299766958e-02,1.367232014063e+05,1.367231874372e+05,1.396907836897e-02
1.352313396866e-02,1.368226523033e+05,1.368226383591e+05,1.394427040941e-02
1.351328463583e-02,1.369221028017e+05,1.369220888822e+05,1.391945450450e-02
1.350344963974e-02,1.370215529013e+05,1.370215390067e+05,1.389463435044e-02
1.349362894909e-02,1.371210026023e+05,1.371209887325e+05,1.386980715324e-02
1.348382253270e-02,1.372204519046e+05,1.372204380597e+05,1.384497570689e-02
1.347403035948e-02,1.373199008083e+05,1.373198869881e+05,1.382013660623e-02
1.346425239840e-02,1.374193493132e+05,1.374193355179e+05,1.379529281985e-02
1.345448861856e-02,1.375187974195e+05,1.375187836490e+05,1.377044341643e-02
1.344473898913e-02,1.376182451271e+05,1.376182313815e+05,1.374558717362e-02
1.343500347936e-02,1.377176924360e+05,1.377176787153e+05,1.372072609956e-02
1.342528205861e-02,1.378171393463e+05,1.378171256504e+05,1.369585844805e-02
1.341557469631e-02,1.379165858579e+05,1.379165721869e+05,1.367098756600e-02
1.340588136199e-02,1.380160319708e+05,1.380160183247e+05,1.364610908786e-02
1.339620202527e-02,1.381154776851e+05,1.381154640639e+05,1.362122700084e-02
1.338653665584e-02,1.382149230008e+05,1.382149094044e+05,1.359633973334e-02
1.337688522350e-02,1.383143679177e+05,1.383143543463e+05,1.357144545182e-02
1.336724769813e-02,1.384138124361e+05,1.384137988895e+05,1.354654686293e-02
1.335762404968e-02,1.385132565558e+05,1.385132430341e+05,1.352164332638e-02
1.334801424820e-02,1.386127002768e+05,1.386126867801e+05,1.349673507502e-02
1.333841826384e-02,1.387121435992e+05,1.387121301274e+05,1.347182196332e-02
1.332883606681e-02,1.388115865229e+05,1.388115730760e+05,1.344690294354e-02
1.331926762742e-02,1.389110290480e+05,1.389110156261e+05,1.342197973281e-02
1.330971291607e-02,1.390104711745e+05,1.390104577775e+05,1.339705329156e-02
1.330017190323e-02,1.391099129023e+05,1.391098995302e+05,1.337211974896e-02
1.329064455946e-02,1.392093542316e+05,1.392093408844e+05,1.334718233556e-02
1.328113085540e-02,1.393087951621e+05,1.393087818399e+05,1.332224006183e-02
1.327163076180e-02,1.394082356941e+05,1.394082223968e+05,1.329729508143e-02
1.326214424946e-02,1.395076758274e+05,1.395076625551e+05,1.327234285418e-02
1.325267128929e-02,1.396071155621e+05,1.396071023147e+05,1.324738748372e-02
1.324321185225e-02,1.397065548982e+05,1.397065416758e+05,1.322242815513e-02
1.323376590942e-02,1.398059938357e+05,1.398059806382e+05,1.319746411173e-02
1.322433343193e-02,1.399054323745e+05,1.399054192020e+05,1.317249701242e-02
1.321491439103e-02,1.400048705148e+05,1.400048573673e+05,1.314752388862e-02
1.320550875801e-02,1.401043082564e+05,1.401042951339e+05,1.312254846562e-02
1.319611650427e-02,1.402037455994e+05,1.402037325019e+05,1.309756698902e-02
1.318673760128e-02,1.403031825439e+05,1.403031694713e+05,1.307258300949e-02
1.317737202060e-02,1.404026190897e+05,1.404026060421e+05,1.304759542109e-02
1.316801973385e-02,1.405020552369e+05,1.405020422143e+05,1.302260268130e-02
1.315868071277e-02,1.406014909855e+05,1.406014779879e+05,1.299760717666e-02
1.314935492913e-02,1.407009263356e+05,1.407009133630e+05,1.297260817955e-02
1.314004235482e-02,1.408003612870e+05,1.408003483394e+05,1.294760545716e-02
1.313074296178e-02,1.408997958399e+05,1.408997829173e+05,1.292259676848e-02
1.312145672207e-02,1.409992299941e+05,1.409992170965e+05,1.289758758503e-02
1.311218360777e-02,1.410986637498e+05,1.410986508772e+05,1.287257325021e-02
1.310292359110e-02,1.411980971069e+05,1.411980842593e+05,1.284755539382e-02
1.309367664432e-02,1.412975300654e+05,1.412975172429e+05,1.282253555837e-02
1.308444273977e-02,1.413969626253e+05,1.413969498278e+05,1.279751004768e-02
1.307522184989e-02,1.414963947867e+05,1.414963820142e+05,1.277248337283e-02
1.306601394718e-02,1.415958265495e+05,1.415958138020e+05,1.274745317642e-02
1.305681900422e-02,1.416952579137e+05,1.416952451913e+05,1.272241905099e-02
1.304763699367e-02,1.417946888794e+05,1.417946761820e+05,1.269738201518e-02
1.303846788826e-02,1.418941194465e+05,1.418941067741e+05,1.267234241823e-02
1.302931166081e-02,1.419935496150e+05,1.419935369677e+05,1.264730011462e-02
1.302016828421e-02,1.420929793849e+05,1.420929667627e+05,1.262225437677e-02
1.301103773142e-02,1.421924087563e+05,1.421923961591e+05,1.259720680537e-02
1.300191997547e-02,1.422918377292e+05,1.422918251570e+05,1.257215384976e-02
1.299281498950e-02,1.423912663035e+05,1.423912537564e+05,1.254710092326e-02
1.298372274668e-02,1.424906944792e+05,1.424906819572e+05,1.252204319462e-02
1.297464322028e-02,1.425901222564e+05,1.425901097594e+05,1.249698482570e-02
1.296557638365e-02,1.426895496351e+05,1.426895371632e+05,1.247192284791e-02
1.295652221020e-02,1.427889766152e+05,1.427889641683e+05,1.244685787242e-02
1.294748067341e-02,1.428884031968e+05,1.428883907750e+05,1.242179115070e-02
1.293845174686e-02,1.429878293798e+05,1.429878169831e+05,1.239672230440e-02
1.292943540418e-02,1.430872551643e+05,1.430872427926e+05,1.237165101338e-02
1.292043161908e-02,1.431866805502e+05,1.431866682037e+05,1.234657666646e-02
1.291144036534e-02,1.432861055377e+05,1.432860932162e+05,1.232150124270e-02
1.290246161683e-02,1.433855301266e+05,1.433855178301e+05,1.229642287944e-02
1.289349534746e-02,1.434849543169e+05,1.434849420456e+05,1.227134207147e-02
1.288454153125e-02,1.435843781088e+05,1.435843658625e+05,1.224625977920e-02
1.287560014226e-02,1.436838015021e+05,1.436837892809e+05,1.222117576981e-02
1.286667115465e-02,1.437832244969e+05,1.437832123008e+05,1.219608946121e-02
1.285775454262e-02,1.438826470932e+05,1.438826349222e+05,1.217100099893e-02
1.284885028047e-02,1.439820692910e+05,1.439820571451e+05,1.214591247845e-02
1.283995834256e-02,1.440814910903e+05,1.440814789695e+05,1.212082139682e-02
1.283107870332e-02,1.441809124910e+05,1.441809003953e+05,1.209572787047e-02
1.282221133725e-02,1.442803334933e+05,1.442803214227e+05,1.207063274342e-02
1.281335621892e-02,1.443797540970e+05,1.443797420515e+05,1.204553700518e-02
1.280451332298e-02,1.444791743023e+05,1.444791622818e+05,1.202043896774e-02
1.279568262414e-02,1.445785941090e+05,1.445785821137e+05,1.199533880572e-02
1.278686409717e-02,1.446780135173e+05,1.446780015470e+05,1.197023759596e-02
1.277805771694e-02,1.447774325270e+05,1.447774205819e+05,1.194513498922e-02
1.276926345836e-02,1.448768511383e+05,1.448768392183e+05,1.192003168399e-02
1.276048129642e-02,1.449762693511e+05,1.449762574562e+05,1.189492823323e-02
1.275171120619e-02,1.450756871654e+05,1.450756752956e+05,1.186982117360e-02
1.274295316277e-02,1.451751045812e+05,1.451750927365e+05,1.184471367742e-02
1.273420714139e-02,1.452745215985e+05,1.452745097789e+05,1.181960609392e-02
1.272547311728e-02,1.453739382173e+05,1.453739264228e+05,1.179449702613e-02
1.271675106580e-02,1.454733544377e+05,1.454733426683e+05,1.176938635763e-02
1.270804096233e-02,1.455727702596e+05,1.455727585153e+05,1.174427638762e-02
1.269934278234e-02,1.456721856830e+05,1.456721739639e+05,1.171916499152e-02
1.269065650137e-02,1.457716007080e+05,1.457715890139e+05,1.169405097608e-02
1.268198209501e-02,1.458710153345e+05,1.458710036655e+05,1.166893838672e-02
1.267331953893e-02,1.459704295625e+05,1.459704179186e+05,1.164382416755e-02
1.266466880887e-02,1.460698433920e+05,1.460698317733e+05,1.161870942451e-02
1.265602988063e-02,1.461692568231e+05,1.461692452295e+05,1.159359415760e-02
1.264740273006e-02,1.462686698558e+05,1.462686582873e+05,1.156847763923e-02
1.263878733311e-02,1.463680824899e+05,1.463680709466e+05,1.154336243053e-02
1.263018366576e-02,1.464674947257e+05,1.464674832074e+05,1.151824535918e-02
1.262159170408e-02,1.465669065630e+05,1.465668950698e+05,1.149312869529e-02
1.261301142420e-02,1.466663180018e+05,1.466663065338e+05,1.146801115829e-02
1.260444280231e-02,1.467657290422e+05,1.467657175993e+05,1.144289449439e-02
1.259588581466e-02,1.468651396841e+05,1.468651282663e+05,1.141777710291e-02
1.258734043758e-02,1.469645499276e+05,1.469645385350e+05,1.139265845995e-02
1.257880664746e-02,1.470639597727e+05,1.470639484051e+05,1.136754010804e-02
1.257028442073e-02,1.471633692193e+05,1.471633578769e+05,1.134242242551e-02
1.256177373392e-02,1.472627782675e+05,1.472627669502e+05,1.131730512134e-02
1.255327456360e-02,1.473621869173e+05,1.473621756251e+05,1.129218778806e-02
1.254478688641e-02,1.474615951686e+05,1.474615839015e+05,1.126706862124e-02
1.253631067905e-02,1.475610030215e+05,1.475609917796e+05,1.124195277225e-02
1.252784591830e-02,1.476604104760e+05,1.476603992592e+05,1.121683503152e-02
1.251939258097e-02,1.477598175321e+05,1.477598063404e+05,1.119171862956e-02
1.251095064396e-02,1.478592241897e+05,1.478592130231e+05,1.116660109255e-02
1.250252008423e-02,1.479586304490e+05,1.479586193075e+05,1.114148594206e-02
1.249410087879e-02,1.480580363098e+05,1.480580251934e+05,1.111637073336e-02
1.248569300471e-02,1.481574417722e+05,1.481574306809e+05,1.109125473886e-02
1.247729643914e-02,1.482568468362e+05,1.482568357701e+05,1.106614040327e-02
1.246891115927e-02,1.483562515018e+05,1.483562404608e+05,1.104102659156e-02
1.246053714238e-02,1.484556557690e+05,1.484556447531e+05,1.101591336192e-02
1.245217436577e-02,1.485550596378e+05,1.485550486470e+05,1.099080083077e-02
1.244382280684e-02,1.486544631082e+05,1.486544521425e+05,1.096568797948e-02
1.243548244303e-02,1.487538661802e+05,1.487538552396e+05,1.094057806768e-02
1.242715325184e-02,1.488532688538e+05,1.488532579383e+05,1.091546792304e-02
1.241883521084e-02,1.489526711290e+05,1.489526602386e+05,1.089035993209e-02
1.241052829766e-02,1.490520730058e+05,1.490520621405e+05,1.086525147548e-02
1.240223248997e-02,1.491514744842e+05,1.491514636441e+05,1.084014456137e-02
1.239394776553e-02,1.492508755643e+05,1.492508647492e+05,1.081503953901e-02
1.238567410214e-02,1.493502762460e+05,1.493502654560e+05,1.078993381816e-02
1.237741147765e-02,1.494496765292e+05,1.494496657644e+05,1.076483094948e-02
1.236915987000e-02,1.495490764142e+05,1.495490656744e+05,1.073972898303e-02
1.236091925716e-02,1.496484759007e+05,1.496484651861e+05,1.071462774416e-02
1.235268961718e-02,1.497478749889e+05,1.497478642993e+05,1.068952833884e-02
1.234447092814e-02,1.498472736787e+05,1.498472630142e+05,1.066442966112e-02
1.233626316822e-02,1.499466719701e+05,1.499466613308e+05,1.063933395199e-02
1.232806631561e-02,1.500460698632e+05,1.500460592489e+05,1.061423763167e-02
1.231988034861e-02,1.501454673579e+05,1.501454567687e+05,1.058914515306e-02
1.231170524552e-02,1.502448644542e+05,1.502448538902e+05,1.056405386771e-02
1.230354098475e-02,1.503442611522e+05,1.503442506132e+05,1.053896232042e-02
1.229538754473e-02,1.504436574518e+05,1.504436469380e+05,1.051387470216e-02
1.228724490397e-02,1.505430533531e+05,1.505430428643e+05,1.048878850997e-02
1.227911304103e-02,1.506424488560e+05,1.506424383923e+05,1.046370243421e-02
1.227099193452e-02,1.507418439606e+05,1.507418335220e+05,1.043862014194e-02
1.226288156312e-02,1.508412386669e+05,1.508412282533e+05,1.041353959590e-02
1.225478190555e-02,1.509406329748e+05,1.509406225863e+05,1.038846056326e-02
1.224669294059e-02,1.510400268843e+05,1.510400165209e+05,1.036338353879e-02
1.223861464710e-02,1.511394203955e+05,1.511394100572e+05,1.033830808592e-02
1.223054700396e-02,1.512388135084e+05,1.512388031952e+05,1.031323597999e-02
1.222248999012e-02,1.513382062230e+05,1.513381959348e+05,1.028816541657e-02
1.221444358460e-02,1.514375985392e+05,1.514375882761e+05,1.026309677400e-02
1.220640776645e-02,1.515369904571e+05,1.515369802191e+05,1.023803229327e-02
1.219838251479e-02,1.516363819767e+05,1.516363717637e+05,1.021296836552e-02
1.219036780880e-02,1.517357730979e+05,1.517357629100e+05,1.018790679518e-02
1.218236362771e-02,1.518351638208e+05,1.518351536580e+05,1.016284793150e-02
1.217436995079e-02,1.519345541454e+05,1.519345440076e+05,1.013779200730e-02
1.216638675738e-02,1.520339440717e+05,1.520339339590e+05,1.011273742188e-02
1.215841402687e-02,1.521333335997e+05,1.521333235120e+05,1.008768673637e-02
1.215045173870e-02,1.522327227294e+05,1.522327126667e+05,1.006263893214e-02
1.214249987238e-02,1.523321114607e+05,1.523321014231e+05,1.003759400919e-02
1.213455840746e-02,1.524314997938e+05,1.524314897812e+05,1.001255170559e-02
1.212662732353e-02,1.525308877285e+05,1.525308777410e+05,9.987510828068e-03
1.211870660026e-02,1.526302752650e+05,1.526302653025e+05,9.962474287022e-03
1.211079621736e-02,1.527296624031e+05,1.527296524657e+05,9.937438473571e-03
1.210289615460e-02,1.528290491430e+05,1.528290392306e+05,9.912406938383e-03
1.209500639179e-02,1.529284354846e+05,1.529284255972e+05,9.887379826978e-03
1.208712690879e-02,1.530278214278e+05,1.530278115655e+05,9.862353501376e-03
1.207925768555e-02,1.531272069728e+05,1.531271971355e+05,9.837331803283e-03
1.207139870202e-02,1.532265921195e+05,1.532265823072e+05,9.812312724534e-03
1.206354993823e-02,1.533259768679e+05,1.533259670806e+05,9.787297021830e-03
1.205571137427e-02,1.534253612181e+05,1.534253514558e+05,9.762284171302e-03
1.204788299026e-02,1.535247451699e+05,1.535247354326e+05,9.737274085637e-03
1.204006476639e-02,1.536241287235e+05,1.536241190112e+05,9.712269733427e-03
1.203225668288e-02,1.537235118788e+05,1.537235021915e+05,9.687267593108e-03
1.202445872003e-02,1.538228946358e+05,1.538228849736e+05,9.662267286330e-03
1.201667085816e-02,1.539222769946e+05,1.539222673573e+05,9.637271403335e-03
1.200889307767e-02,1.540216589551e+05,1.540216493428e+05,9.612279885914e-03
1.200112535899e-02,1.541210405173e+05,1.541210309300e+05,9.587291948264e-03
1.199336768261e-02,1.542204216813e+05,1.542204121190e+05,9.562307095621e-03
1.198562002907e-02,1.543198024470e+05,1.543197929097e+05,9.537327016005e-03
1.197788237895e-02,1.544191828145e+05,1.544191733021e+05,9.512349090073e-03
1.197015471290e-02,1.545185627837e+05,1.545185532963e+05,9.487375675235e-03
1.196243701161e-02,1.546179423546e+05,1.546179328922e+05,9.462406276725e-03
1.195472925580e-02,1.547173215273e+05,1.547173120899e+05,9.437440690817e-03
1.194703142627e-02,1.548167003018e+05,1.548166908893e+05,9.412478539161e-03
1.193934350386e-02,1.549160786780e+05,1.549160692905e+05,9.387520054588e-03
1.193166546945e-02,1.550154566559e+05,1.550154472934e+05,9.362567041535e-03
1.192399730398e-02,1.551148342357e+05,1.551148248981e+05,9.337617986603e-03
1.191633898844e-02,1.552142114172e+05,1.552142021045e+05,9.312671842054e-03
1.190869050385e-02,1.553135882004e+05,1.553135789127e+05,9.287731198128e-03
1.190105183130e-02,1.554129645854e+05,1.554129553226e+05,9.262793842936e-03
1.189342295192e-02,1.555123405722e+05,1.555123313344e+05,9.237861464499e-03
1.188580384689e-02,1.556117161608e+05,1.556117069479e+05,9.212932374794e-03
1.187819449744e-02,1.557110913511e+05,1.557110821631e+05,9.188008902129e-03
1.187059488484e-02,1.558104661433e+05,1.558104569802e+05,9.163088863716e-03
1.186300499041e-02,1.559098405372e+05,1.559098313990e+05,9.138172870735e-03
1.185542479553e-02,1.560092145328e+05,1.560092054196e+05,9.113263629843e-03
1.184785428161e-02,1.561085881303e+05,1.561085790420e+05,9.088356309803e-03
1.184029343012e-02,1.562079613296e+05,1.562079522661e+05,9.063456003787e-03
1.183274222258e-02,1.563073341306e+05,1.563073250921e+05,9.038557589520e-03
1.182520064054e-02,1.564067065334e+05,1.564066975198e+05,9.013666072860e-03
1.181766866561e-02,1.565060785381e+05,1.565060695493e+05,8.988778921776e-03
1.181014627944e-02,1.566054501445e+05,1.566054411806e+05,8.963895787019e-03
1.180263346374e-02,1.567048213527e+05,1.567048124137e+05,8.939019026002e-03
1.179513020025e-02,1.568041921628e+05,1.568041832486e+05,8.914145553717e-03
1.178763647078e-02,1.569035625746e+05,1.569035536853e+05,8.889277523849e-03
1.178015225714e-02,1.570029325882e+05,1.570029237238e+05,8.864415518474e-03
1.177267754124e-02,1.571023022037e+05,1.571022933641e+05,8.839557296596e-03
1.176521230501e-02,1.572016714210e+05,1.572016626063e+05,8.814704226097e-03
1.175775653042e-02,1.573010402400e+05,1.573010314502e+05,8.789857529337e-03
1.175031019949e-02,1.574004086609e+05,1.574003998959e+05,8.765015110839e-03
1.174287329430e-02,1.574997766836e+05,1.574997679435e+05,8.740177494474e-03
1.173544579696e-02,1.575991443082e+05,1.575991355928e+05,8.715344069060e-03
1.172802768963e-02,1.576985115345e+05,1.576985028440e+05,8.690519549418e-03
1.172061895452e-02,1.577978783627e+05,1.577978696970e+05,8.665696659591e-03
1.171321957386e-02,1.578972447927e+05,1.578972361519e+05,8.640881103929e-03
1.170582952997e-02,1.579966108246e+05,1.579966022085e+05,8.616071951110e-03
1.169844880517e-02,1.580959764583e+05,1.580959678670e+05,8.591266174335e-03
1.169107738185e-02,1.581953416938e+05,1.581953331273e+05,8.566467236960e-03
1.168371524244e-02,1.582947065311e+05,1.582946979895e+05,8.541672257707e-03
1.167636236941e-02,1.583940709703e+05,1.583940624535e+05,8.516884729033e-03
1.166901874528e-02,1.584934350114e+05,1.584934265193e+05,8.492102526361e-03
1.166168435261e-02,1.585927986543e+05,1.585927901869e+05,8.467325824313e-03
1.165435917400e-02,1.586921618990e+05,1.586921534565e+05,8.442555641523e-03
1.164704319209e-02,1.587915247456e+05,1.587915163278e+05,8.417789329542e-03
1.163973638959e-02,1.588908871940e+05,1.588908788010e+05,8.393030351726e-03
1.163243874922e-02,1.589902492443e+05,1.589902408761e+05,8.368277980480e-03
1.162515025376e-02,1.590896108965e+05,1.590896025530e+05,8.343530556886e-03
1.161787088604e-02,1.591889721505e+05,1.591889638317e+05,8.318788633915e-03
1.161060062891e-02,1.592883330064e+05,1.592883247123e+05,8.294052793644e-03
1.160333946529e-02,1.593876934641e+05,1.593876851948e+05,8.269323967397e-03
1.159608737813e-02,1.594870535237e+05,1.594870452791e+05,8.244601543993e-03
1.158884435041e-02,1.595864131852e+05,1.595864049653e+05,8.219884563005e-03
1.158161036517e-02,1.596857724486e+05,1.596857642534e+05,8.195172733394e-03
1.157438540549e-02,1.597851313138e+05,1.597851231434e+05,8.170469314791e-03
1.156716945449e-02,1.598844897809e+05,1.598844816352e+05,8.145772211719e-03
1.155996249533e-02,1.599838478499e+05,1.599838397288e+05,8.121079561533e-03
1.155276451121e-02,1.600832055208e+05,1.600831974244e+05,8.096394565655e-03
1.154557548538e-02,1.601825627936e+05,1.601825547218e+05,8.071716176346e-03
1.153839540112e-02,1.602819196682e+05,1.602819116212e+05,8.047043520492e-03
1.153122424177e-02,1.603812761447e+05,1.603812681224e+05,8.022377936868e-03
1.152406199068e-02,1.604806322232e+05,1.604806242255e+05,7.997717679245e-03
1.151690863128e-02,1.605799879035e+05,1.605799799304e+05,7.973065250553e-03
1.150976414702e-02,1.606793431857e+05,1.606793352373e+05,7.948419544846e-03
1.150262852139e-02,1.607786980699e+05,1.607786901461e+05,7.923780212877e-03
1.149550173792e-02,1.608780525559e+05,1.608780446567e+05,7.899148244178e-03
1.148838378019e-02,1.609774066438e+05,1.609773987693e+05,7.874523551436e-03
1.148127463181e-02,1.610767603337e+05,1.610767524837e+05,7.849903922761e-03
1.147417427644e-02,1.611761136254e+05,1.611761058001e+05,7.825290784240e-03
1.146708269778e-02,1.612754665191e+05,1.612754587184e+05,7.800686697010e-03
1.145999987956e-02,1.613748190146e+05,1.613748112386e+05,7.776089361869e-03
1.145292580556e-02,1.614741711121e+05,1.614741633606e+05,7.751498167636e-03
1.144586045959e-02,1.615735228115e+05,1.615735150846e+05,7.726913405349e-03
1.143880382552e-02,1.616728741129e+05,1.616728664105e+05,7.702336879447e-03
1.143175588725e-02,1.617722250161e+05,1.617722173384e+05,7.677767745918e-03
1.142471662869e-02,1.618715755213e+05,1.618715678681e+05,7.653205568204e-03
1.141768603385e-02,1.619709256284e+05,1.619709179998e+05,7.628650724655e-03
1.141066408672e-02,1.620702753375e+05,1.620702677334e+05,7.604103360791e-03
1.140365077136e-02,1.621696246485e+05,1.621696170689e+05,7.579561060993e-03
1.139664607187e-02,1.622689735614e+05,1.622689660064e+05,7.555028132629e-03
1.138964997238e-02,1.623683220763e+05,1.623683145458e+05,7.530503091402e-03
1.138266245706e-02,1.624676701931e+05,1.624676626871e+05,7.505983696319e-03
1.137568351012e-02,1.625670179118e+05,1.625670104303e+05,7.481474283850e-03
1.136871311581e-02,1.626663652325e+05,1.626663577755e+05,7.456969789928e-03
1.136175125842e-02,1.627657121551e+05,1.627657047227e+05,7.432474667439e-03
1.135479792228e-02,1.628650586797e+05,1.628650512717e+05,7.407986122416e-03
1.134785309174e-02,1.629644048063e+05,1.629643974228e+05,7.383505697362e-03
1.134091675122e-02,1.630637505348e+05,1.630637431758e+05,7.359033625107e-03
1.133398888516e-02,1.631630958652e+05,1.631630885307e+05,7.334568421356e-03
1.132706947802e-02,1.632624407977e+05,1.632624334876e+05,7.310111337574e-03
1.132015851434e-02,1.633617853321e+05,1.633617780464e+05,7.285661238711e-03
1.131325597866e-02,1.634611294684e+05,1.634611222072e+05,7.261220220244e-03
1.130636185558e-02,1.635604732067e+05,1.635604659699e+05,7.236787176225e-03
1.129947612972e-02,1.636598165470e+05,1.636598093347e+05,7.212361524580e-03
1.129259878576e-02,1.637591594893e+05,1.637591523014e+05,7.187944051111e-03
1.128572980839e-02,1.638585020335e+05,1.638584948700e+05,7.163534028223e-03
1.127886918237e-02,1.639578441798e+05,1.639578370406e+05,7.139132096199e-03
1.127201689247e-02,1.640571859280e+05,1.640571788132e+05,7.114739506505e-03
1.126517292350e-02,1.641565272782e+05,1.641565201878e+05,7.090354687534e-03
1.125833726032e-02,1.642558682303e+05,1.642558611643e+05,7.065977144521e-03
1.125150988781e-02,1.643552087845e+05,1.643552017429e+05,7.041608419968e-03
1.124469079091e-02,1.644545489406e+05,1.644545419234e+05,7.017248106422e-03
1.123787995457e-02,1.645538886988e+05,1.645538817059e+05,6.992896989686e-03
1.123107736380e-02,1.646532280589e+05,1.646532210904e+05,6.968553061597e-03
1.122428300363e-02,1.647525670211e+05,1.647525600768e+05,6.944218155695e-03
1.121749685913e-02,1.648519055852e+05,1.648518986653e+05,6.919890438439e-03
1.121071891541e-02,1.649512437513e+05,1.649512368558e+05,6.895572267240e-03
1.120394915761e-02,1.650505815195e+05,1.650505746482e+05,6.871262245113e-03
1.119718757091e-02,1.651499188896e+05,1.651499120427e+05,6.846961012343e-03
1.119043414053e-02,1.652492558618e+05,1.652492490391e+05,6.822669645771e-03
1.118368885172e-02,1.653485924360e+05,1.653485856376e+05,6.798384478316e-03
1.117695168976e-02,1.654479286122e+05,1.654479218381e+05,6.774108333047e-03
1.117022263998e-02,1.655472643904e+05,1.655472576405e+05,6.749843305442e-03
1.116350168773e-02,1.656465997706e+05,1.656465930450e+05,6.725584506057e-03
1.115678881840e-02,1.657459347529e+05,1.657459280515e+05,6.701336242259e-03
1.115008401743e-02,1.658452693372e+05,1.658452626601e+05,6.677097029751e-03
1.114338727027e-02,1.659446035235e+05,1.659445968706e+05,6.652865471551e-03
1.113669856242e-02,1.660439373118e+05,1.660439306832e+05,6.628644187003e-03
1.113001787942e-02,1.661432707022e+05,1.661432640977e+05,6.604430149309e-03
1.112334520683e-02,1.662426036946e+05,1.662425971143e+05,6.580226036021e-03
1.111668053026e-02,1.663419362890e+05,1.663419297330e+05,6.556030508364e-03
1.111002383533e-02,1.664412684855e+05,1.664412619537e+05,6.531845167046e-03
1.110337510772e-02,1.665406002840e+05,1.665405937764e+05,6.507667712867e-03
1.109673433313e-02,1.666399316846e+05,1.666399252011e+05,6.483501463663e-03
1.109010149731e-02,1.667392626872e+05,1.667392562279e+05,6.459341704613e-03
1.108347658602e-02,1.668385932919e+05,1.668385868567e+05,6.435192713980e-03
1.107685958507e-02,1.669379234986e+05,1.669379170875e+05,6.411053211195e-03
1.107025048031e-02,1.670372533074e+05,1.670372469204e+05,6.386923865648e-03
1.106364925760e-02,1.671365827182e+05,1.671365763554e+05,6.362802756485e-03
1.105705590286e-02,1.672359117311e+05,1.672359053924e+05,6.338689796394e-03
1.105047040203e-02,1.673352403460e+05,1.673352340314e+05,6.314588332316e-03
1.104389274107e-02,1.674345685630e+05,1.674345622725e+05,6.290494755376e-03
1.103732290601e-02,1.675338963821e+05,1.675338901157e+05,6.266411510296e-03
1.103076088288e-02,1.676332238033e+05,1.676332175609e+05,6.242337549338e-03
1.102420665775e-02,1.677325508265e+05,1.677325446082e+05,6.218274473213e-03
1.101766021675e-02,1.678318774518e+05,1.678318712576e+05,6.194218934979e-03
1.101112154599e-02,1.679312036792e+05,1.679311975090e+05,6.170176318847e-03
1.100459063167e-02,1.680305295086e+05,1.680305233625e+05,6.146140833152e-03
1.099806745999e-02,1.681298549401e+05,1.681298488180e+05,6.122115417384e-03
1.099155201718e-02,1.682291799738e+05,1.682291738757e+05,6.098100915551e-03
1.098504428952e-02,1.683285046095e+05,1.683284985354e+05,6.074094824726e-03
1.097854426331e-02,1.684278288473e+05,1.684278227972e+05,6.050099094864e-03
1.097205192490e-02,1.685271526871e+05,1.685271466610e+05,6.026113289408e-03
1.096556726064e-02,1.686264761291e+05,1.686264701270e+05,6.002138019539e-03
1.095909025694e-02,1.687257991732e+05,1.687257931950e+05,5.978171160677e-03
1.095262090024e-02,1.688251218194e+05,1.688251158651e+05,5.954216001555e-03
1.094615917699e-02,1.689244440676e+05,1.689244381374e+05,5.930271639954e-03
1.093970507370e-02,1.690237659180e+05,1.690237600117e+05,5.906334787142e-03
1.093325857690e-02,1.691230873705e+05,1.691230814881e+05,5.882409779588e-03
1.092681967314e-02,1.692224084251e+05,1.692224025666e+05,5.858495598659e-03
1.092038834903e-02,1.693217290818e+05,1.693217232472e+05,5.834590614541e-03
1.091396459118e-02,1.694210493406e+05,1.694210435299e+05,5.810696078697e-03
1.090754838624e-02,1.695203692015e+05,1.695203634147e+05,5.786811467260e-03
1.090113972092e-02,1.696196886646e+05,1.696196829016e+05,5.762937653344e-03
1.089473858191e-02,1.697190077297e+05,1.697190019907e+05,5.739075306337e-03
1.088834495599e-02,1.698183263970e+05,1.698183206818e+05,5.715220351703e-03
1.088195882991e-02,1.699176446664e+05,1.699176389751e+05,5.691378231859e-03
1.087558019050e-02,1.700169625380e+05,1.700169568704e+05,5.667546589393e-03
1.086920902460e-02,1.701162800117e+05,1.701162743679e+05,5.643725104164e-03
1.086284531909e-02,1.702155970875e+05,1.702155914676e+05,5.619913921691e-03
1.085648906085e-02,1.703149137654e+05,1.703149081693e+05,5.596113536740e-03
1.085014023684e-02,1.704142300455e+05,1.704142244732e+05,5.572323512752e-03
1.084379883402e-02,1.705135459277e+05,1.705135403792e+05,5.548544897465e-03
1.083746483937e-02,1.706128614121e+05,1.706128558873e+05,5.524776730454e-03
1.083113823993e-02,1.707121764986e+05,1.707121709976e+05,5.501016916241e-03
1.082481902275e-02,1.708114911873e+05,1.708114857100e+05,5.477271304699e-03
1.081850717493e-02,1.709108054781e+05,1.709108000245e+05,5.453535355628e-03
1.081220268357e-02,1.710101193710e+05,1.710101139412e+05,5.429809156340e-03
1.080590553582e-02,1.711094328661e+05,1.711094274600e+05,5.406096664956e-03
1.079961571886e-02,1.712087459634e+05,1.712087405810e+05,5.382391536841e-03
1.079333321990e-02,1.713080586628e+05,1.713080533041e+05,5.358699883800e-03
1.078705802616e-02,1.714073709644e+05,1.714073656294e+05,5.335019523045e-03
1.078079012493e-02,1.715066828682e+05,1.715066775569e+05,5.311349203112e-03
1.077452950348e-02,1.716059943741e+05,1.716059890864e+05,5.287689011311e-03
1.076827614916e-02,1.717053054822e+05,1.717053002182e+05,5.264040752081e-03
1.076203004930e-02,1.718046161925e+05,1.718046109521e+05,5.240403348580e-03
1.075579119130e-02,1.719039265049e+05,1.719039212882e+05,5.216777877649e-03
1.074955956257e-02,1.720032364196e+05,1.720032312264e+05,5.193163815420e-03
1.074333515055e-02,1.721025459364e+05,1.721025407668e+05,5.169561132789e-03
1.073711794271e-02,1.722018550553e+05,1.722018499094e+05,5.145968607394e-03
1.073090792655e-02,1.723011637765e+05,1.723011586541e+05,5.122388422024e-03
1.072470508960e-02,1.724004720999e+05,1.724004670010e+05,5.098819907289e-03
1.071850941941e-02,1.724997800254e+05,1.724997749501e+05,5.075260181911e-03
1.071232090358e-02,1.725990875531e+05,1.725990825014e+05,5.051715095760e-03
1.070613952972e-02,1.726983946831e+05,1.726983896549e+05,5.028180690715e-03
1.069996528547e-02,1.727977014152e+05,1.727976964105e+05,5.004656297388e-03
1.069379815850e-02,1.728970077495e+05,1.728970027684e+05,4.981144855265e-03
1.068763813652e-02,1.729963136860e+05,1.729963087284e+05,4.957644385286e-03
1.068148520725e-02,1.730956192248e+05,1.730956142906e+05,4.934155731462e-03
1.067533935846e-02,1.731949243657e+05,1.731949194550e+05,4.910678748274e-03
1.066920057792e-02,1.732942291088e+05,1.732942242216e+05,4.887212737231e-03
1.066306885345e-02,1.733935334542e+05,1.733935285904e+05,4.863760317676e-03
1.065694417289e-02,1.734928374018e+05,1.734928325614e+05,4.840317793423e-03
1.065082652411e-02,1.735921409515e+05,1.735921361347e+05,4.816887754714e-03
1.064471589501e-02,1.736914441035e+05,1.736914393101e+05,4.793470056029e-03
1.063861227351e-02,1.737907468578e+05,1.737907420877e+05,4.770064115291e-03
1.063251564756e-02,1.738900492142e+05,1.738900444675e+05,4.746670776512e-03
1.062642600515e-02,1.739893511729e+05,1.739893464496e+05,4.723286896478e-03
1.062034333429e-02,1.740886527338e+05,1.740886480339e+05,4.699916200479e-03
1.061426762300e-02,1.741879538969e+05,1.741879492204e+05,4.676558775827e-03
1.060819885935e-02,1.742872546623e+05,1.742872500091e+05,4.653212294215e-03
1.060213703143e-02,1.743865550299e+05,1.743865504000e+05,4.629877686966e-03
1.059608212736e-02,1.744858549997e+05,1.744858503932e+05,4.606555477949e-03
1.059003413527e-02,1.745851545718e+05,1.745851499886e+05,4.583246161928e-03
1.058399304335e-02,1.746844537462e+05,1.746844491862e+05,4.559947905364e-03
1.057795883979e-02,1.747837525227e+05,1.747837479861e+05,4.536661814200e-03
1.057193151282e-02,1.748830509015e+05,1.748830463882e+05,4.513387801126e-03
1.056591105068e-02,1.749823488826e+05,1.749823443925e+05,4.490127175814e-03
1.055989744166e-02,1.750816464659e+05,1.750816419991e+05,4.466877027880e-03
1.055389067406e-02,1.751809436515e+05,1.751809392079e+05,4.443641257240e-03
1.054789073621e-02,1.752802404393e+05,1.752802360189e+05,4.420418117661e-03
1.054189761648e-02,1.753795368294e+05,1.753795324322e+05,4.397206241265e-03
1.053591130324e-02,1.754788328218e+05,1.754788284478e+05,4.374005977297e-03
1.052993178490e-02,1.755781284164e+05,1.755781240656e+05,4.350819042884e-03
1.052395904991e-02,1.756774236133e+05,1.756774192857e+05,4.327644768637e-03
1.051799308673e-02,1.757767184125e+05,1.757767141080e+05,4.304483212763e-03
1.051203388385e-02,1.758760128139e+05,1.758760085326e+05,4.281334055122e-03
1.050608142978e-02,1.759753068176e+05,1.759753025594e+05,4.258197324816e-03
1.050013571307e-02,1.760746004236e+05,1.760745961885e+05,4.235073312884e-03
1.049419672229e-02,1.761738936319e+05,1.761738894199e+05,4.211963008856e-03
1.048826444601e-02,1.762731864424e+05,1.762731822536e+05,4.188864055322e-03
1.048233887288e-02,1.763724788553e+05,1.763724746895e+05,4.165778897004e-03
1.047641999153e-02,1.764717708704e+05,1.764717667277e+05,4.142704972764e-03
1.047050779063e-02,1.765710624878e+05,1.765710583681e+05,4.119646036997e-03
1.046460225888e-02,1.766703537075e+05,1.766703496109e+05,4.096596647287e-03
1.045870338501e-02,1.767696445295e+05,1.767696404559e+05,4.073562682606e-03
1.045281115775e-02,1.768689349538e+05,1.768689309032e+05,4.050541989272e-03
1.044692556588e-02,1.769682249804e+05,1.769682209528e+05,4.027533024782e-03
1.044104659820e-02,1.770675146093e+05,1.770675106047e+05,4.004538001027e-03
1.043517424353e-02,1.771668038405e+05,1.771667998589e+05,3.981554938946e-03
1.042930849073e-02,1.772660926740e+05,1.772660887154e+05,3.958584798966e-03
1.042344932865e-02,1.773653811098e+05,1.773653771742e+05,3.935628832551e-03
1.041759674621e-02,1.774646691479e+05,1.774646652352e+05,3.912686166586e-03
1.041175073232e-02,1.775639567884e+05,1.775639528986e+05,3.889754560078e-03
1.040591127594e-02,1.776632440311e+05,1.776632401643e+05,3.866838233080e-03
1.040007836603e-02,1.777625308762e+05,1.777625270323e+05,3.843934478937e-03
1.039425199160e-02,1.778618173236e+05,1.778618135026e+05,3.821043006610e-03
1.038843214166e-02,1.779611033733e+05,1.779610995752e+05,3.798166348133e-03
1.038261880526e-02,1.780603890254e+05,1.780603852501e+05,3.775302815484e-03
1.037681197148e-02,1.781596742798e+05,1.781596705273e+05,3.752452088520e-03
1.037101162940e-02,1.782589591365e+05,1.782589554069e+05,3.729614836629e-03
1.036521776816e-02,1.783582435955e+05,1.783582398887e+05,3.706790506840e-03
1.035943037688e-02,1.784575276569e+05,1.784575239729e+05,3.683979244670e-03
1.035364944475e-02,1.785568113206e+05,1.785568076594e+05,3.661182941869e-03
1.034787496096e-02,1.786560945867e+05,1.786560909483e+05,3.638399619376e-03
1.034210691472e-02,1.787553774551e+05,1.787553738395e+05,3.615629306296e-03
1.033634529526e-02,1.788546599258e+05,1.788546563330e+05,3.592873079469e-03
1.033059009187e-02,1.789539419989e+05,1.789539384288e+05,3.570129192667e-03
1.032484129382e-02,1.790532236744e+05,1.790532201270e+05,3.547400498064e-03
1.031909889043e-02,1.791525049522e+05,1.791525014275e+05,3.524685307639e-03
1.031336287104e-02,1.792517858324e+05,1.792517823304e+05,3.501983679598e-03
1.030763322500e-02,1.793510663149e+05,1.793510628356e+05,3.479295381112e-03
1.030190994170e-02,1.794503463998e+05,1.794503429431e+05,3.456620790530e-03
1.029619301054e-02,1.795496260870e+05,1.795496226530e+05,3.433959092945e-03
1.029048242097e-02,1.796489053766e+05,1.796489019653e+05,3.411313140532e-03
1.028477816242e-02,1.797481842686e+05,1.797481808799e+05,3.388680255739e-03
1.027908022438e-02,1.798474627629e+05,1.798474593969e+05,3.366060467670e-03
1.027338859635e-02,1.799467408597e+05,1.799467375162e+05,3.343454533024e-03
1.026770326785e-02,1.800460185588e+05,1.800460152379e+05,3.320864459965e-03
1.026202422843e-02,1.801452958602e+05,1.801452925619e+05,3.298286639620e-03
1.025635146766e-02,1.802445727641e+05,1.802445694884e+05,3.275722730905e-03
1.025068497514e-02,1.803438492703e+05,1.803438460171e+05,3.253172675613e-03
1.024502474047e-02,1.804431253789e+05,1.804431221483e+05,3.230638627429e-03
1.023937075331e-02,1.805424010900e+05,1.805423978818e+05,3.208117821487e-03
1.023372300331e-02,1.806416764034e+05,1.806416732177e+05,3.185609326465e-03
1.022808148015e-02,1.807409513191e+05,1.807409481560e+05,3.163117682561e-03
1.022244617355e-02,1.808402258373e+05,1.808402226967e+05,3.140636574244e-03
1.021681707324e-02,1.809394999579e+05,1.809394968397e+05,3.118173219264e-03
1.021119416896e-02,1.810387736809e+05,1.810387705852e+05,3.095722175203e-03
1.020557745049e-02,1.811380470063e+05,1.811380439330e+05,3.073285159189e-03
1.019996690764e-02,1.812373199341e+05,1.812373168832e+05,3.050865576370e-03
1.019436253022e-02,1.813365924643e+05,1.813365894358e+05,3.028457023902e-03
1.018876430807e-02,1.814358645969e+05,1.814358615908e+05,3.006063314388e-03
1.018317223106e-02,1.815351363319e+05,1.815351333482e+05,2.983684913488e-03
1.017758628908e-02,1.816344076694e+05,1.816344047080e+05,2.961320016766e-03
1.017200647204e-02,1.817336786092e+05,1.817336756702e+05,2.938971156254e-03
1.016643276986e-02,1.818329491515e+05,1.818329462348e+05,2.916634868598e-03
1.016086517251e-02,1.819322192962e+05,1.819322164019e+05,2.894313714933e-03
1.015530366995e-02,1.820314890433e+05,1.820314861713e+05,2.872006793041e-03
1.014974825219e-02,1.821307583928e+05,1.821307555431e+05,2.849716256605e-03
1.014419890924e-02,1.822300273448e+05,1.822300245174e+05,2.827437914675e-03
1.013865563115e-02,1.823292958992e+05,1.823292930941e+05,2.805173979141e-03
1.013311840797e-02,1.824285640561e+05,1.824285612732e+05,2.782927098451e-03
1.012758722980e-02,1.825278318154e+05,1.825278290547e+05,2.760693692835e-03
1.012206208674e-02,1.826270991771e+05,1.826270964386e+05,2.738474257058e-03
1.011654296892e-02,1.827263661412e+05,1.827263634250e+05,2.716271759709e-03
1.011102986649e-02,1.828256327078e+05,1.828256300138e+05,2.694081951631e-03
1.010552276961e-02,1.829248988769e+05,1.829248962050e+05,2.671906229807e-03
1.010002166848e-02,1.830241646484e+05,1.830241619986e+05,2.649747242685e-03
1.009452655332e-02,1.831234300223e+05,1.831234273947e+05,2.627602516441e-03
1.008903741436e-02,1.832226949988e+05,1.832226923933e+05,2.605472691357e-03
1.008355424185e-02,1.833219595776e+05,1.833219569943e+05,2.583358233096e-03
1.007807702607e-02,1.834212237589e+05,1.834212211977e+05,2.561258559581e-03
1.007260575733e-02,1.835204875427e+05,1.835204850035e+05,2.539173758123e-03
1.006714042594e-02,1.836197509290e+05,1.836197484119e+05,2.517104003346e-03
1.006168102223e-02,1.837190139177e+05,1.837190114226e+05,2.495048713172e-03
1.005622753659e-02,1.838182765089e+05,1.838182740359e+05,2.473008673405e-03
1.005077995937e-02,1.839175387025e+05,1.839175362515e+05,2.450982952723e-03
1.004533828100e-02,1.840168004986e+05,1.840167980697e+05,2.428972511552e-03
1.003990249188e-02,1.841160618972e+05,1.841160594903e+05,2.406978892395e-03
1.003447258248e-02,1.842153228983e+05,1.842153205133e+05,2.384998981142e-03
1.002904854324e-02,1.843145835019e+05,1.843145811389e+05,2.363033388974e-03
1.002363036467e-02,1.844138437079e+05,1.844138413668e+05,2.341084764339e-03
1.001821803726e-02,1.845131035165e+05,1.845131011973e+05,2.319150895346e-03
1.001281155154e-02,1.846123629275e+05,1.846123606302e+05,2.297231781995e-03
1.000741089806e-02,1.847116219410e+05,1.847116196657e+05,2.275330800330e-03
1.000201606739e-02,1.848108805570e+05,1.848108783036e+05,2.253441198263e-03
9.996627050108e-03,1.849101387755e+05,1.849101365439e+05,2.231569320429e-03
9.991243836834e-03,1.850093965965e+05,1.850093943868e+05,2.209711819887e-03
9.985866418192e-03,1.851086540200e+05,1.851086518321e+05,2.187869889895e-03
9.980494784831e-03,1.852079110460e+05,1.852079088799e+05,2.166043908801e-03
9.975128927419e-03,1.853071676745e+05,1.853071655303e+05,2.144232828869e-03
9.969768836647e-03,1.854064239055e+05,1.854064217831e+05,2.122437697835e-03
9.964414503222e-03,1.855056797390e+05,1.855056776384e+05,2.100658020936e-03
9.959065917874e-03,1.856049351751e+05,1.856049330962e+05,2.078892488498e-03
9.953723071352e-03,1.857041902136e+05,1.857041881565e+05,2.057143836282e-03
9.948385954424e-03,1.858034448547e+05,1.858034428193e+05,2.035411220277e-03
9.943054557878e-03,1.859026990983e+05,1.859026970846e+05,2.013693447225e-03
9.937728872523e-03,1.860019529444e+05,1.860019509524e+05,1.991992146941e-03
9.932408889186e-03,1.861012063930e+05,1.861012044227e+05,1.970304991119e-03
9.927094598716e-03,1.862004594442e+05,1.862004574956e+05,1.948634482687e-03
9.921785991979e-03,1.862997120979e+05,1.862997101709e+05,1.926979981363e-03
9.916483059861e-03,1.863989643541e+05,1.863989624488e+05,1.905341545353e-03
9.911185793269e-03,1.864982162129e+05,1.864982143292e+05,1.883717923192e-03
9.905894183129e-03,1.865974676742e+05,1.865974658121e+05,1.862109638751e-03
9.900608220384e-03,1.866967187380e+05,1.866967168975e+05,1.840518292738e-03
9.895327896000e-03,1.867959694044e+05,1.867959675854e+05,1.818942429963e-03
9.890053200959e-03,1.868952196733e+05,1.868952178759e+05,1.797383942176e-03
9.884784126265e-03,1.869944695448e+05,1.869944677689e+05,1.775838929461e-03
9.879520662939e-03,1.870937190188e+05,1.870937172645e+05,1.754311728291e-03
9.874262802022e-03,1.871929680954e+05,1.871929663626e+05,1.732799777528e-03
9.869010534574e-03,1.872922167745e+05,1.872922150632e+05,1.711303397315e-03
9.863763851675e-03,1.873914650562e+05,1.873914633664e+05,1.689822995104e-03
9.858522744421e-03,1.874907129404e+05,1.874907112721e+05,1.668359880568e-03
9.853287203930e-03,1.875899604272e+05,1.875899587803e+05,1.646911754506e-03
9.848057221338e-03,1.876892075166e+05,1.876892058911e+05,1.625480101211e-03
9.842832787798e-03,1.877884542086e+05,1.877884526045e+05,1.604064018466e-03
9.837613894486e-03,1.878877005031e+05,1.878876989204e+05,1.582664786838e-03
9.832400532591e-03,1.879869464001e+05,1.879869448389e+05,1.561281824252e-03
9.827192693326e-03,1.880861918998e+05,1.880861903599e+05,1.539914694149e-03
9.821990367920e-03,1.881854370020e+05,1.881854354835e+05,1.518564007711e-03
9.816793547619e-03,1.882846817068e+05,1.882846802096e+05,1.497230201494e-03
9.811602223691e-03,1.883839260142e+05,1.883839245383e+05,1.475911762100e-03
9.806416387421e-03,1.884831699242e+05,1.884831684696e+05,1.454609213397e-03
9.801236030111e-03,1.885824134367e+05,1.885824120034e+05,1.433324068785e-03
9.796061143083e-03,1.886816565519e+05,1.886816551398e+05,1.412055018591e-03
9.790891717678e-03,1.887808992696e+05,1.887808978788e+05,1.390801364323e-03
9.785727745253e-03,1.888801415900e+05,1.888801402204e+05,1.369565667119e-03
9.780569217185e-03,1.889793835129e+05,1.889793821646e+05,1.348345802398e-03
9.775416124868e-03,1.890786250384e+05,1.890786237113e+05,1.327141653746e-03
9.770268459716e-03,1.891778661666e+05,1.891778648606e+05,1.305955142016e-03
9.765126213158e-03,1.892771068973e+05,1.892771056125e+05,1.284783764277e-03
9.759989376644e-03,1.893763472306e+05,1.893763459670e+05,1.263630139874e-03
9.754857941640e-03,1.894755871666e+05,1.894755859241e+05,1.242492144229e-03
9.749731899632e-03,1.895748267051e+05,1.895748254838e+05,1.221371232532e-03
9.744611242122e-03,1.896740658463e+05,1.896740646460e+05,1.200267695822e-03
9.739495960630e-03,1.897733045901e+05,1.897733034109e+05,1.179180428153e-03
9.734386046695e-03,1.898725429365e+05,1.898725417784e+05,1.158109720564e-03
9.729281491872e-03,1.899717808855e+05,1.899717797485e+05,1.137054234277e-03
9.724182287736e-03,1.900710184372e+05,1.900710173211e+05,1.116017258028e-03
9.719088425877e-03,1.901702555914e+05,1.901702544964e+05,1.094995997846e-03
9.713999897906e-03,1.902694923483e+05,1.902694912743e+05,1.073992316378e-03
9.708916695447e-03,1.903687287079e+05,1.903687276549e+05,1.053004962159e-03
9.703838810146e-03,1.904679646700e+05,1.904679636380e+05,1.032034138916e-03
9.698766233664e-03,1.905672002348e+05,1.905671992238e+05,1.011081592878e-03
9.693698957680e-03,1.906664354023e+05,1.906664344121e+05,9.901447629090e-04
9.688636973890e-03,1.907656701724e+05,1.907656692031e+05,9.692239109427e-04
9.683580274008e-03,1.908649045451e+05,1.908649035968e+05,9.483219182584e-04
9.678528849765e-03,1.909641385204e+05,1.909641375930e+05,9.274351468775e-04
9.673482692909e-03,1.910633720985e+05,1.910633711919e+05,9.065663325600e-04
9.668441795206e-03,1.911626052791e+05,1.911626043934e+05,8.857145439833e-04
9.663406148438e-03,1.912618380624e+05,1.912618371976e+05,8.648784714751e-04
9.658375744404e-03,1.913610704484e+05,1.913610696043e+05,8.440612582490e-04
9.653350574922e-03,1.914603024370e+05,1.914603016138e+05,8.232603140641e-04
9.648330631825e-03,1.915595340283e+05,1.915595332258e+05,8.024758135434e-04
9.643315906965e-03,1.916587652223e+05,1.916587644406e+05,7.817083969712e-04
9.638306392208e-03,1.917579960189e+05,1.917579952579e+05,7.609590247739e-04
9.633302079439e-03,1.918572264182e+05,1.918572256779e+05,7.402258052025e-04
9.628302960560e-03,1.919564564201e+05,1.919564557006e+05,7.195101643447e-04
9.623309027490e-03,1.920556860247e+05,1.920556853259e+05,6.988121604081e-04
9.618320272162e-03,1.921549152320e+05,1.921549145539e+05,6.781307456549e-04
9.613336686529e-03,1.922541440420e+05,1.922541433846e+05,6.574677827302e-04
9.608358262558e-03,1.923533724547e+05,1.923533718179e+05,6.368204194587e-04
9.603384992236e-03,1.924526004700e+05,1.924525998538e+05,6.161920027807e-04
9.598416867563e-03,1.925518280880e+05,1.925518274925e+05,5.955795058981e-04
9.593453880558e-03,1.926510553087e+05,1.926510547338e+05,5.749851407018e-04
9.588496023256e-03,1.927502821321e+05,1.927502815777e+05,5.544072773773e-04
9.583543287707e-03,1.928495085582e+05,1.928495080244e+05,5.338480114006e-04
9.578595665978e-03,1.929487345870e+05,1.929487340737e+05,5.133046361152e-04
9.573653150155e-03,1.930479602185e+05,1.930479597257e+05,4.927800036967e-04
9.568715732336e-03,1.931471854527e+05,1.931471849804e+05,4.722730373032e-04
9.563783404639e-03,1.932464102896e+05,1.932464098378e+05,4.517827183008e-04
9.558856159196e-03,1.933456347291e+05,1.933456342978e+05,4.313091048971e-04
9.553933988157e-03,1.934448587714e+05,1.934448583606e+05,4.108540015295e-04
9.549016883685e-03,1.935440824164e+05,1.935440820260e+05,3.904161567334e-04
9.544104837963e-03,1.936433056641e+05,1.936433052942e+05,3.699959488586e-04
9.539197843188e-03,1.937425285146e+05,1.937425281650e+05,3.495936107356e-04
9.534295891572e-03,1.938417509677e+05,1.938417506385e+05,3.292093169875e-04
9.529398975347e-03,1.939409730236e+05,1.939409727147e+05,3.088419034611e-04
9.524507086756e-03,1.940401946822e+05,1.940401943937e+05,2.884916029871e-04
9.519620218061e-03,1.941394159435e+05,1.941394156753e+05,2.681601908989e-04
9.514738361538e-03,1.942386368075e+05,1.942386365596e+05,2.478448150214e-04
9.509861509482e-03,1.943378572743e+05,1.943378570467e+05,2.275489387102e-04
9.504989654201e-03,1.944370773437e+05,1.944370771365e+05,2.072697097901e-04
9.500122788018e-03,1.945362970160e+05,1.945362968290e+05,1.870086998679e-04
9.495260903275e-03,1.946355162909e+05,1.946355161242e+05,1.667651813477e-04
9.490403992327e-03,1.947347351686e+05,1.947347350221e+05,1.465392415412e-04
9.485552047546e-03,1.948339536491e+05,1.948339535227e+05,1.263321610168e-04
9.480705061318e-03,1.949331717322e+05,1.949331716261e+05,1.061417278834e-04
9.475863026047e-03,1.950323894182e+05,1.950323893322e+05,8.596977568232e-05
9.471025934150e-03,1.951316067069e+05,1.951316066410e+05,6.581607158296e-05
9.466193778061e-03,1.952308235983e+05,1.952308235526e+05,4.567948053591e-05
9.461366550229e-03,1.953300400925e+05,1.953300400669e+05,2.556096296757e-05
9.456544243119e-03,1.954292561894e+05,1.954292561839e+05,5.459936801344e-06
9.451726849210e-03,1.955284718891e+05,1.955284719037e+05,-1.462176442146e-05
9.446914360998e-03,1.956276871915e+05,1.956276872262e+05,-3.468643990345e-05
9.442106770992e-03,1.957269020968e+05,1.957269021515e+05,-5.473237251863e-05
9.437304071719e-03,1.958261166047e+05,1.958261166795e+05,-7.476098835468e-05
9.432506255719e-03,1.959253307155e+05,1.959253308103e+05,-9.477202547714e-05
9.427713315549e-03,1.960245444290e+05,1.960245445438e+05,-1.147637667600e-04
9.422925243779e-03,1.961237577453e+05,1.961237578800e+05,-1.347386278212e-04
9.418142032995e-03,1.962229706644e+05,1.962229708191e+05,-1.546940475237e-04
9.413363675799e-03,1.963221831862e+05,1.963221833608e+05,-1.746318012010e-04
9.408590164807e-03,1.964213953108e+05,1.964213955054e+05,-1.945523545146e-04
9.403821492651e-03,1.965206070382e+05,1.965206072527e+05,-2.144535828847e-04
9.399057651976e-03,1.966198183684e+05,1.966198186028e+05,-2.343371452298e-04
9.394298635443e-03,1.967190293014e+05,1.967190295556e+05,-2.542021684349e-04
9.389544435729e-03,1.968182398372e+05,1.968182401112e+05,-2.740490308497e-04
9.384795045524e-03,1.969174499757e+05,1.969174502696e+05,-2.938782272395e-04
9.380050457533e-03,1.970166597171e+05,1.970166600308e+05,-3.136886516586e-04
9.375310664477e-03,1.971158690612e+05,1.971158693947e+05,-3.334798966534e-04
9.370575659091e-03,1.972150780082e+05,1.972150783615e+05,-3.532543778419e-04
9.365845434124e-03,1.973142865580e+05,1.973142869310e+05,-3.730093303602e-04
9.361119982341e-03,1.974134947105e+05,1.974134951033e+05,-3.927456855308e-04
9.356399296520e-03,1.975127024659e+05,1.975127028783e+05,-4.124646657147e-04
9.351683369456e-03,1.976119098241e+05,1.976119102562e+05,-4.321646410972e-04
9.346972193955e-03,1.977111167850e+05,1.977111172369e+05,-4.518465430010e-04
9.342265762840e-03,1.978103233488e+05,1.978103238204e+05,-4.715104296338e-04
9.337564068948e-03,1.979095295155e+05,1.979095300066e+05,-4.911560681649e-04
9.332867105131e-03,1.980087352849e+05,1.980087357957e+05,-5.107816541567e-04
9.328174864253e-03,1.981079406572e+05,1.981079411876e+05,-5.303896905389e-04
9.323487339196e-03,1.982071456322e+05,1.982071461822e+05,-5.499786057044e-04
9.318804522853e-03,1.983063502102e+05,1.983063507797e+05,-5.695495929103e-04
9.314126408133e-03,1.984055543909e+05,1.984055549800e+05,-5.891024484299e-04
9.309452987958e-03,1.985047581745e+05,1.985047587831e+05,-6.086355133448e-04
9.304784255266e-03,1.986039615609e+05,1.986039621890e+05,-6.281510577537e-04
9.300120203008e-03,1.987031645501e+05,1.987031651978e+05,-6.476478010882e-04
9.295460824148e-03,1.988023671422e+05,1.988023678093e+05,-6.671253941022e-04
9.290806111668e-03,1.989015693371e+05,1.989015700237e+05,-6.865850300528e-04
9.286156058559e-03,1.990007711349e+05,1.990007718409e+05,-7.060248753987e-04
9.281510657829e-03,1.990999725355e+05,1.990999732609e+05,-7.254464435391e-04
9.276869902500e-03,1.991991735389e+05,1.991991742838e+05,-7.448503747582e-04
9.272233785607e-03,1.992983741453e+05,1.992983749095e+05,-7.642339915037e-04
9.267602300200e-03,1.993975743544e+05,1.993975751380e+05,-7.835998840164e-04
9.262975439341e-03,1.994967741664e+05,1.994967749694e+05,-8.029462187551e-04
9.258353196108e-03,1.995959735813e+05,1.995959744036e+05,-8.222740725614e-04
9.253735563591e-03,1.996951725991e+05,1.996951734406e+05,-8.415836491622e-04
9.249122534895e-03,1.997943712197e+05,1.997943720805e+05,-8.608742500655e-04
9.244514103139e-03,1.998935694431e+05,1.998935703233e+05,-8.801457297523e-04
9.239910261454e-03,1.999927672695e+05,1.999927681689e+05,-8.993980009109e-04
9.235311002987e-03,2.000919646987e+05,2.000919656173e+05,-9.186319657601e-04
9.230716320896e-03,2.001911617308e+05,2.001911626686e+05,-9.378463146277e-04
9.226126208354e-03,2.002903583657e+05,2.002903593228e+05,-9.570420079399e-04
9.221540658549e-03,2.003895546035e+05,2.003895555798e+05,-9.762200061232e-04
9.216959664680e-03,2.004887504443e+05,2.004887514396e+05,-9.953777480405e-04
9.212383219960e-03,2.005879458879e+05,2.005879469024e+05,-1.014515873976e-03
9.207811317618e-03,2.006871409343e+05,2.006871419680e+05,-1.033635926433e-03
9.203243950893e-03,2.007863355837e+05,2.007863366364e+05,-1.052737439750e-03
9.198681113039e-03,2.008855298360e+05,2.008855309078e+05,-1.071818929631e-03
9.194122797324e-03,2.009847236911e+05,2.009847247820e+05,-1.090881589334e-03
9.189568997028e-03,2.010839171492e+05,2.010839182591e+05,-1.109926291974e-03
9.185019705446e-03,2.011831102101e+05,2.011831113391e+05,-1.128950243583e-03
9.180474915883e-03,2.012823028740e+05,2.012823040219e+05,-1.147955685155e-03
9.175934621662e-03,2.013814951407e+05,2.013814963077e+05,-1.166942878626e-03
9.171398816115e-03,2.014806870104e+05,2.014806881963e+05,-1.185909815831e-03
9.166867492589e-03,2.015798784829e+05,2.015798796878e+05,-1.204857748235e-03
9.162340644444e-03,2.016790695584e+05,2.016790707822e+05,-1.223786530318e-03
9.157818265054e-03,2.017782602368e+05,2.017782614795e+05,-1.242697064299e-03
9.153300347805e-03,2.018774505181e+05,2.018774517797e+05,-1.261587749468e-03
9.148786886095e-03,2.019766404023e+05,2.019766416828e+05,-1.280458760448e-03
9.144277873337e-03,2.020758298894e+05,2.020758311888e+05,-1.299310737522e-03
9.139773302956e-03,2.021750189795e+05,2.021750202976e+05,-1.318143768003e-03
9.135273168390e-03,2.022742076725e+05,2.022742090094e+05,-1.336955960141e-03
9.130777463091e-03,2.023733959684e+05,2.023733973241e+05,-1.355750166113e-03
9.126286180521e-03,2.024725838672e+05,2.024725852418e+05,-1.374525745632e-03
9.121799314159e-03,2.025717713690e+05,2.025717727623e+05,-1.393281563651e-03
9.117316857494e-03,2.026709584737e+05,2.026709598857e+05,-1.412016921677e-03
9.112838804028e-03,2.027701451814e+05,2.027701466121e+05,-1.430733362213e-03
9.108365147275e-03,2.028693314919e+05,2.028693329414e+05,-1.449431438232e-03
9.103895880765e-03,2.029685174055e+05,2.029685188736e+05,-1.468108821427e-03
9.099430998038e-03,2.030677029219e+05,2.030677044087e+05,-1.486767869210e-03
9.094970492647e-03,2.031668880413e+05,2.031668895468e+05,-1.505406486103e-03
9.090514358158e-03,2.032660727637e+05,2.032660742877e+05,-1.524026214611e-03
9.086062588149e-03,2.033652570890e+05,2.033652586317e+05,-1.542625745060e-03
9.081615176211e-03,2.034644410173e+05,2.034644425785e+05,-1.561206736369e-03
9.077172115949e-03,2.035636245485e+05,2.035636261283e+05,-1.579768460942e-03
9.072733400978e-03,2.036628076827e+05,2.036628092810e+05,-1.598308648681e-03
9.068299024927e-03,2.037619904199e+05,2.037619920367e+05,-1.616831665160e-03
9.063868981436e-03,2.038611727600e+05,2.038611743953e+05,-1.635334192542e-03
9.059443264160e-03,2.039603547030e+05,2.039603563569e+05,-1.653816114413e-03
9.055021866764e-03,2.040595362491e+05,2.040595379214e+05,-1.672280224739e-03
9.050604782927e-03,2.041587173981e+05,2.041587190888e+05,-1.690722827334e-03
9.046192006338e-03,2.042578981501e+05,2.042578998592e+05,-1.709147152724e-03
9.041783530702e-03,2.043570785051e+05,2.043570802326e+05,-1.727552269585e-03
9.037379349732e-03,2.044562584630e+05,2.044562602089e+05,-1.745936024236e-03
9.032979457157e-03,2.045554380239e+05,2.045554397882e+05,-1.764301588992e-03
9.028583846715e-03,2.046546171878e+05,2.046546189705e+05,-1.782646460924e-03
9.024192512160e-03,2.047537959547e+05,2.047537977557e+05,-1.800972910132e-03
9.019805447253e-03,2.048529743246e+05,2.048529761439e+05,-1.819277938921e-03
9.015422645773e-03,2.049521522975e+05,2.049521541351e+05,-1.837563904701e-03
9.011044101506e-03,2.050513298734e+05,2.050513317292e+05,-1.855829876149e-03
9.006669808252e-03,2.051505070522e+05,2.051505089263e+05,-1.874077424873e-03
9.002299759825e-03,2.052496838341e+05,2.052496857264e+05,-1.892304222565e-03
8.997933950048e-03,2.053488602190e+05,2.053488621295e+05,-1.910511171445e-03
8.993572372758e-03,2.054480362068e+05,2.054480381355e+05,-1.928698213305e-03
8.989215021802e-03,2.055472117977e+05,2.055472137446e+05,-1.946864766069e-03
8.984861891041e-03,2.056463869916e+05,2.056463889566e+05,-1.965012517758e-03
8.980512974347e-03,2.057455617885e+05,2.057455637716e+05,-1.983140624361e-03
8.976168265602e-03,2.058447361884e+05,2.058447381896e+05,-2.001247717999e-03
8.971827758704e-03,2.059439101913e+05,2.059439122106e+05,-2.019334991928e-03
8.967491447559e-03,2.060430837972e+05,2.060430858346e+05,-2.037403522991e-03
8.963159326087e-03,2.061422570062e+05,2.061422590616e+05,-2.055450371699e-03
8.958831388218e-03,2.062414298182e+05,2.062414318916e+05,-2.073478157399e-03
8.954507627896e-03,2.063406022332e+05,2.063406043247e+05,-2.091486443533e-03
8.950188039074e-03,2.064397742512e+05,2.064397763607e+05,-2.109474880854e-03
8.945872615718e-03,2.065389458723e+05,2.065389479997e+05,-2.127442276105e-03
8.941561351807e-03,2.066381170964e+05,2.066381192418e+05,-2.145390782971e-03
8.937254241329e-03,2.067372879235e+05,2.067372900868e+05,-2.163317723898e-03
8.932951278286e-03,2.068364583537e+05,2.068364605349e+05,-2.181226620451e-03
8.928652456689e-03,2.069356283869e+05,2.069356305860e+05,-2.199113252573e-03
8.924357770563e-03,2.070347980231e+05,2.070348002401e+05,-2.216981898528e-03
8.920067213942e-03,2.071339672624e+05,2.071339694972e+05,-2.234828920336e-03
8.915780780875e-03,2.072331361047e+05,2.072331383574e+05,-2.252657286590e-03
8.911498465418e-03,2.073323045501e+05,2.073323068206e+05,-2.270463795867e-03
8.907220261642e-03,2.074314725986e+05,2.074314748868e+05,-2.288251096616e-03
8.902946163628e-03,2.075306402501e+05,2.075306425561e+05,-2.306018781383e-03
8.898676165468e-03,2.076298075046e+05,2.076298098284e+05,-2.323765365873e-03
8.894410261266e-03,2.077289743623e+05,2.077289767037e+05,-2.341492014239e-03
8.890148445137e-03,2.078281408229e+05,2.078281431821e+05,-2.359198522754e-03
8.885890711207e-03,2.079273068867e+05,2.079273092636e+05,-2.376884454861e-03
8.881637053614e-03,2.080264725535e+05,2.080264749480e+05,-2.394551178440e-03
8.877387466507e-03,2.081256378234e+05,2.081256402356e+05,-2.412196830846e-03
8.873141944046e-03,2.082248026963e+05,2.082248051261e+05,-2.429822925478e-03
8.868900480402e-03,2.083239671723e+05,2.083239696198e+05,-2.447427483276e-03
8.864663069756e-03,2.084231312514e+05,2.084231337164e+05,-2.465013123583e-03
8.860429706304e-03,2.085222949336e+05,2.085222974162e+05,-2.482578478521e-03
8.856200384248e-03,2.086214582189e+05,2.086214607190e+05,-2.500122820493e-03
8.851975097805e-03,2.087206211072e+05,2.087206236249e+05,-2.517646440538e-03
8.847753841202e-03,2.088197835986e+05,2.088197861338e+05,-2.535149978939e-03
8.843536608675e-03,2.089189456932e+05,2.089189482458e+05,-2.552633697633e-03
8.839323394474e-03,2.090181073908e+05,2.090181099609e+05,-2.570097072748e-03
8.835114192857e-03,2.091172686915e+05,2.091172712790e+05,-2.587538619991e-03
8.830908998096e-03,2.092164295953e+05,2.092164322002e+05,-2.604962122859e-03
8.826707804472e-03,2.093155901022e+05,2.093155927245e+05,-2.622363186674e-03
8.822510606277e-03,2.094147502122e+05,2.094147528519e+05,-2.639744314365e-03
8.818317397814e-03,2.095139099253e+05,2.095139125824e+05,-2.657105476828e-03
8.814128173397e-03,2.096130692415e+05,2.096130719159e+05,-2.674446528545e-03
8.809942927350e-03,2.097122281608e+05,2.097122308526e+05,-2.691766596399e-03
8.805761654010e-03,2.098113866833e+05,2.098113893923e+05,-2.709066116950e-03
8.801584347723e-03,2.099105448088e+05,2.099105475351e+05,-2.726344595430e-03
8.797411002845e-03,2.100097025375e+05,2.100097052811e+05,-2.743603195995e-03
8.793241613744e-03,2.101088598692e+05,2.101088626301e+05,-2.760841598501e-03
8.789076174799e-03,2.102080168041e+05,2.102080195822e+05,-2.778059802949e-03
8.784914680398e-03,2.103071733422e+05,2.103071761374e+05,-2.795255801175e-03
8.780757124941e-03,2.104063294833e+05,2.104063322957e+05,-2.812432678184e-03
8.776603502838e-03,2.105054852276e+05,2.105054880572e+05,-2.829588222085e-03
8.772453808511e-03,2.106046405750e+05,2.106046434217e+05,-2.846723917173e-03
8.768308036389e-03,2.107037955255e+05,2.107037983894e+05,-2.863837988116e-03
8.764166180916e-03,2.108029500792e+05,2.108029529601e+05,-2.880931977415e-03
8.760028236544e-03,2.109021042360e+05,2.109021071340e+05,-2.898005186580e-03
8.755894197735e-03,2.110012579960e+05,2.110012609110e+05,-2.915058925282e-03
8.751764058962e-03,2.111004113591e+05,2.111004142912e+05,-2.932090254035e-03
8.747637814710e-03,2.111995643253e+05,2.111995672744e+05,-2.949101530248e-03
8.743515459472e-03,2.112987168947e+05,2.112987198608e+05,-2.966092550196e-03
8.739396987753e-03,2.113978690672e+05,2.113978720503e+05,-2.983063342981e-03
8.735282394068e-03,2.114970208429e+05,2.114970238429e+05,-3.000011958648e-03
8.731171672941e-03,2.115961722218e+05,2.115961752387e+05,-3.016941220267e-03
8.727064818909e-03,2.116953232038e+05,2.116953262376e+05,-3.033849381609e-03
8.722961826516e-03,2.117944737890e+05,2.117944768397e+05,-3.050736093428e-03
8.718862690320e-03,2.118936239773e+05,2.118936270449e+05,-3.067602578085e-03
8.714767404885e-03,2.119927737688e+05,2.119927768532e+05,-3.084447525907e-03
8.710675964789e-03,2.120919231634e+05,2.120919262647e+05,-3.101272945059e-03
8.706588364618e-03,2.121910721613e+05,2.121910752793e+05,-3.118077380350e-03
8.702504598968e-03,2.122902207623e+05,2.122902238971e+05,-3.134860686259e-03
8.698424662447e-03,2.123893689664e+05,2.123893721181e+05,-3.151622775476e-03
8.694348549672e-03,2.124885167738e+05,2.124885199422e+05,-3.168364637531e-03
8.690276255269e-03,2.125876641843e+05,2.125876673694e+05,-3.185084671713e-03
8.686207773876e-03,2.126868111981e+05,2.126868143998e+05,-3.201785148121e-03
8.682143100140e-03,2.127859578150e+05,2.127859610334e+05,-3.218463767553e-03
8.678082228718e-03,2.128851040350e+05,2.128851072702e+05,-3.235122188926e-03
8.674025154278e-03,2.129842498583e+05,2.129842531101e+05,-3.251759422710e-03
8.669971871495e-03,2.130833952848e+05,2.130833985532e+05,-3.268374915933e-03
8.665922375058e-03,2.131825403145e+05,2.131825435994e+05,-3.284971462563e-03
8.661876659664e-03,2.132816849473e+05,2.132816882489e+05,-3.301545686554e-03
8.657834720019e-03,2.133808291834e+05,2.133808325015e+05,-3.318099072203e-03
8.653796550840e-03,2.134799730226e+05,2.134799763573e+05,-3.334631532198e-03
8.649762146853e-03,2.135791164651e+05,2.135791198163e+05,-3.351143590407e-03
8.645731502796e-03,2.136782595108e+05,2.136782628784e+05,-3.367634111783e-03
8.641704613414e-03,2.137774021597e+05,2.137774055438e+05,-3.384104056749e-03
8.637681473464e-03,2.138765444118e+05,2.138765478123e+05,-3.400552086532e-03
8.633662077711e-03,2.139756862671e+05,2.139756896840e+05,-3.416980529437e-03
8.629646420930e-03,2.140748277256e+05,2.140748311590e+05,-3.433386300458e-03
8.625634497908e-03,2.141739687873e+05,2.141739722371e+05,-3.449771931628e-03
8.621626303439e-03,2.142731094523e+05,2.142731129184e+05,-3.466136055067e-03
8.617621832327e-03,2.143722497205e+05,2.143722532030e+05,-3.482479427475e-03
8.613621079387e-03,2.144713895919e+05,2.144713930907e+05,-3.498802252579e-03
8.609624039443e-03,2.145705290665e+05,2.145705325816e+05,-3.515104210237e-03
8.605630707328e-03,2.146696681444e+05,2.146696716758e+05,-3.531384572852e-03
8.601641077886e-03,2.147688068255e+05,2.147688103732e+05,-3.547643835191e-03
8.597655145968e-03,2.148679451099e+05,2.148679486738e+05,-3.563881240552e-03
8.593672906438e-03,2.149670829975e+05,2.149670865776e+05,-3.580098011298e-03
8.589694354167e-03,2.150662204883e+05,2.150662240846e+05,-3.596294118324e-03
8.585719484035e-03,2.151653575823e+05,2.151653611948e+05,-3.612468048232e-03
8.581748290934e-03,2.152644942797e+05,2.152644979083e+05,-3.628621983808e-03
8.577780769764e-03,2.153636305802e+05,2.153636342250e+05,-3.644754324341e-03
8.573816915434e-03,2.154627664840e+05,2.154627701449e+05,-3.660865215352e-03
8.569856722864e-03,2.155619019911e+05,2.155619056681e+05,-3.676955413539e-03
8.565900186981e-03,2.156610371014e+05,2.156610407944e+05,-3.693023376400e-03
8.561947302723e-03,2.157601718150e+05,2.157601755241e+05,-3.709071781486e-03
8.557998065037e-03,2.158593061318e+05,2.158593098569e+05,-3.725097572897e-03
8.554052468880e-03,2.159584400519e+05,2.159584437930e+05,-3.741101856576e-03
8.550110509217e-03,2.160575735753e+05,2.160575773324e+05,-3.757085854886e-03
8.546172181023e-03,2.161567067019e+05,2.161567104750e+05,-3.773049247684e-03
8.542237479282e-03,2.162558394318e+05,2.162558432208e+05,-3.788990434259e-03
8.538306398988e-03,2.163549717650e+05,2.163549755699e+05,-3.804909443716e-03
8.534378935143e-03,2.164541037015e+05,2.164541075223e+05,-3.820808487944e-03
8.530455082759e-03,2.165532352412e+05,2.165532390779e+05,-3.836685762508e-03
8.526534836857e-03,2.166523663842e+05,2.166523702368e+05,-3.852541471133e-03
8.522618192467e-03,2.167514971305e+05,2.167515009989e+05,-3.868376632454e-03
8.518705144628e-03,2.168506274801e+05,2.168506313643e+05,-3.884189674864e-03
8.514795688389e-03,2.169497574330e+05,2.169497613330e+05,-3.899981646100e-03
8.510889818807e-03,2.170488869891e+05,2.170488909049e+05,-3.915752342436e-03
8.506987530949e-03,2.171480161486e+05,2.171480200801e+05,-3.931502753403e-03
8.503088819890e-03,2.172471449113e+05,2.172471488586e+05,-3.947230288759e-03
8.499193680715e-03,2.173462732774e+05,2.173462772403e+05,-3.962937305914e-03
8.495302108516e-03,2.174454012467e+05,2.174454052253e+05,-3.978622058639e-03
8.491414098398e-03,2.175445288194e+05,2.175445328136e+05,-3.994285565568e-03
8.487529645471e-03,2.176436559953e+05,2.176436600052e+05,-4.009927972220e-03
8.483648744856e-03,2.177427827746e+05,2.177427868001e+05,-4.025548842037e-03
8.479771391682e-03,2.178419091571e+05,2.178419131983e+05,-4.041148029501e-03
8.475897581087e-03,2.179410351430e+05,2.179410391997e+05,-4.056726698764e-03
8.472027308219e-03,2.180401607322e+05,2.180401648045e+05,-4.072282812558e-03
8.468160568234e-03,2.181392859247e+05,2.181392900125e+05,-4.087818320841e-03
8.464297356296e-03,2.182384107206e+05,2.182384148239e+05,-4.103332263185e-03
8.460437667579e-03,2.183375351197e+05,2.183375392385e+05,-4.118824697798e-03
8.456581497265e-03,2.184366591222e+05,2.184366632565e+05,-4.134295508265e-03
8.452728840547e-03,2.185357827280e+05,2.185357868777e+05,-4.149744199822e-03
8.448879692623e-03,2.186349059371e+05,2.186349101023e+05,-4.165172314970e-03
8.445034048703e-03,2.187340287496e+05,2.187340329302e+05,-4.180577758234e-03
8.441191904004e-03,2.188331511654e+05,2.188331553613e+05,-4.195963469101e-03
8.437353253752e-03,2.189322731845e+05,2.189322773958e+05,-4.211326158838e-03
8.433518093182e-03,2.190313948070e+05,2.190313990337e+05,-4.226667166222e-03
8.429686417537e-03,2.191305160328e+05,2.191305202748e+05,-4.241987684509e-03
8.425858222071e-03,2.192296368620e+05,2.192296411193e+05,-4.257285938365e-03
8.422033502043e-03,2.193287572945e+05,2.193287615670e+05,-4.272562975530e-03
8.418212252722e-03,2.194278773303e+05,2.194278816181e+05,-4.287818854209e-03
8.414394469388e-03,2.195269969695e+05,2.195270012726e+05,-4.303051740862e-03
8.410580147325e-03,2.196261162121e+05,2.196261205304e+05,-4.318264342146e-03
8.406769281831e-03,2.197252350580e+05,2.197252393915e+05,-4.333454999141e-03
8.402961868207e-03,2.198243535073e+05,2.198243578559e+05,-4.348623566329e-03
8.399157901766e-03,2.199234715599e+05,2.199234759237e+05,-4.363770713098e-03
8.395357377828e-03,2.200225892159e+05,2.200225935948e+05,-4.378896963317e-03
8.391560291723e-03,2.201217064753e+05,2.201217108693e+05,-4.394000134198e-03
8.387766638788e-03,2.202208233380e+05,2.202208277471e+05,-4.409082786879e-03
8.383976414370e-03,2.203199398041e+05,2.203199442283e+05,-4.424143815413e-03
8.380189613821e-03,2.204190558736e+05,2.204190603128e+05,-4.439182288479e-03
8.376406232506e-03,2.205181715465e+05,2.205181760007e+05,-4.454199952306e-03
8.372626265794e-03,2.206172868227e+05,2.206172912919e+05,-4.469194886042e-03
8.368849709066e-03,2.207164017023e+05,2.207164061865e+05,-4.484169447096e-03
8.365076557710e-03,2.208155161853e+05,2.208155206844e+05,-4.499121219851e-03
8.361306807120e-03,2.209146302717e+05,2.209146347857e+05,-4.514052125160e-03
8.357540452703e-03,2.210137439615e+05,2.210137484904e+05,-4.528961260803e-03
8.353777489869e-03,2.211128572546e+05,2.211128617985e+05,-4.543847549940e-03
8.350017914041e-03,2.212119701512e+05,2.212119747099e+05,-4.558712884318e-03
8.346261720648e-03,2.213110826511e+05,2.213110872247e+05,-4.573556478135e-03
8.342508905126e-03,2.214101947545e+05,2.214101993429e+05,-4.588378273183e-03
8.338759462921e-03,2.215093064612e+05,2.215093110644e+05,-4.603178182151e-03
8.335013389488e-03,2.216084177714e+05,2.216084223893e+05,-4.617957310984e-03
8.331270680287e-03,2.217075286849e+05,2.217075333177e+05,-4.632712632883e-03
8.327531330790e-03,2.218066392019e+05,2.218066438494e+05,-4.647447873140e-03
8.323795336474e-03,2.219057493223e+05,2.219057539844e+05,-4.662160412408e-03
8.320062692825e-03,2.220048590461e+05,2.220048637229e+05,-4.676852695411e-03
8.316333395338e-03,2.221039683733e+05,2.221039730648e+05,-4.691521549830e-03
8.312607439516e-03,2.222030773039e+05,2.222030820101e+05,-4.706168139819e-03
8.308884820869e-03,2.223021858379e+05,2.223021905587e+05,-4.720794939203e-03
8.305165534915e-03,2.224012939754e+05,2.224012987108e+05,-4.735397989862e-03
8.301449577181e-03,2.225004017163e+05,2.225004064663e+05,-4.749979387270e-03
8.297736943202e-03,2.225995090606e+05,2.225995138251e+05,-4.764540470205e-03
8.294027628520e-03,2.226986160084e+05,2.226986207874e+05,-4.779078328284e-03
8.290321628686e-03,2.227977225595e+05,2.227977273531e+05,-4.793595144292e-03
8.286618939259e-03,2.228968287141e+05,2.228968335222e+05,-4.808089608559e-03
8.282919555804e-03,2.229959344722e+05,2.229959392948e+05,-4.822561721085e-03
8.279223473896e-03,2.230950398337e+05,2.230950446707e+05,-4.837012093049e-03
8.275530689117e-03,2.231941447986e+05,2.231941496501e+05,-4.851442179643e-03
8.271841197058e-03,2.232932493670e+05,2.232932542328e+05,-4.865848954068e-03
8.268154993316e-03,2.233923535388e+05,2.233923584190e+05,-4.880233376753e-03
8.264472073497e-03,2.234914573141e+05,2.234914622087e+05,-4.894596931990e-03
8.260792433215e-03,2.235905606928e+05,2.235905656017e+05,-4.908937989967e-03
8.257116068091e-03,2.236896636750e+05,2.236896685982e+05,-4.923257307382e-03
8.253442973754e-03,2.237887662606e+05,2.237887711982e+05,-4.937553632772e-03
8.249773145843e-03,2.238878684497e+05,2.238878734015e+05,-4.951829410857e-03
8.246106580000e-03,2.239869702423e+05,2.239869752084e+05,-4.966083157342e-03
8.242443271879e-03,2.240860716383e+05,2.240860766186e+05,-4.980314231943e-03
8.238783217140e-03,2.241851726378e+05,2.241851776323e+05,-4.994524409994e-03
8.235126411451e-03,2.242842732407e+05,2.242842782495e+05,-5.008711479604e-03
8.231472850488e-03,2.243833734472e+05,2.243833784700e+05,-5.022877012379e-03
8.227822529933e-03,2.244824732571e+05,2.244824782941e+05,-5.037020571763e-03
8.224175445479e-03,2.245815726704e+05,2.245815777216e+05,-5.051141983131e-03
8.220531592822e-03,2.246806716873e+05,2.246806767525e+05,-5.065242294222e-03
8.216890967671e-03,2.247797703076e+05,2.247797753870e+05,-5.079318856588e-03
8.213253565737e-03,2.248788685315e+05,2.248788736248e+05,-5.093375104479e-03
8.209619382743e-03,2.249779663588e+05,2.249779714662e+05,-5.107408360345e-03
8.205988414418e-03,2.250770637896e+05,2.250770689110e+05,-5.121419671923e-03
8.202360656499e-03,2.251761608239e+05,2.251761659593e+05,-5.135409010109e-03
8.198736104728e-03,2.252752574616e+05,2.252752626110e+05,-5.149375647306e-03
8.195114754859e-03,2.253743537029e+05,2.253743588662e+05,-5.163321358850e-03
8.191496602649e-03,2.254734495477e+05,2.254734547249e+05,-5.177245591767e-03
8.187881643866e-03,2.255725449960e+05,2.255725501871e+05,-5.191146919969e-03
8.184269874283e-03,2.256716400478e+05,2.256716452528e+05,-5.205024877796e-03
8.180661289683e-03,2.257707347031e+05,2.257707399219e+05,-5.218881968176e-03
8.177055885853e-03,2.258698289618e+05,2.258698341946e+05,-5.232718132902e-03
8.173453658590e-03,2.259689228242e+05,2.259689280707e+05,-5.246530374279e-03
8.169854603699e-03,2.260680162900e+05,2.260680215503e+05,-5.260321311653e-03
8.166258716989e-03,2.261671093593e+05,2.261671146334e+05,-5.274090333842e-03
8.162665994281e-03,2.262662020322e+05,2.262662073200e+05,-5.287836247589e-03
8.159076431398e-03,2.263652943085e+05,2.263652996101e+05,-5.301561497618e-03
8.155490024176e-03,2.264643861884e+05,2.264643915037e+05,-5.315263231751e-03
8.151906768453e-03,2.265634776719e+05,2.265634830008e+05,-5.328943399945e-03
8.148326660079e-03,2.266625687588e+05,2.266625741014e+05,-5.342602380551e-03
8.144749694908e-03,2.267616594493e+05,2.267616648055e+05,-5.356238427339e-03
8.141175868802e-03,2.268607497433e+05,2.268607551132e+05,-5.369851161959e-03
8.137605177632e-03,2.269598396409e+05,2.269598450243e+05,-5.383443058236e-03
8.134037617273e-03,2.270589291419e+05,2.270589345390e+05,-5.397012777394e-03
8.130473183611e-03,2.271580182466e+05,2.271580236571e+05,-5.410559824668e-03
8.126911872536e-03,2.272571069547e+05,2.272571123788e+05,-5.424085597042e-03
8.123353679947e-03,2.273561952665e+05,2.273562007040e+05,-5.437588522909e-03
8.119798601751e-03,2.274552831817e+05,2.274552886328e+05,-5.451069329865e-03
8.116246633858e-03,2.275543707005e+05,2.275543761651e+05,-5.464528279845e-03
8.112697772191e-03,2.276534578229e+05,2.276534633009e+05,-5.477965081809e-03
8.109152012675e-03,2.277525445488e+05,2.277525500402e+05,-5.491379211890e-03
8.105609351245e-03,2.278516308783e+05,2.278516363831e+05,-5.504771863343e-03
8.102069783843e-03,2.279507168113e+05,2.279507223295e+05,-5.518141435459e-03
8.098533306416e-03,2.280498023479e+05,2.280498078794e+05,-5.531489616260e-03
8.094999914921e-03,2.281488874881e+05,2.281488930329e+05,-5.544814281166e-03
8.091469605321e-03,2.282479722318e+05,2.282479777900e+05,-5.558117845794e-03
8.087942373583e-03,2.283470565791e+05,2.283470621505e+05,-5.571399116889e-03
8.084418215686e-03,2.284461405300e+05,2.284461461147e+05,-5.584657686995e-03
8.080897127613e-03,2.285452240845e+05,2.285452296824e+05,-5.597894545645e-03
8.077379105355e-03,2.286443072425e+05,2.286443128536e+05,-5.611108324956e-03
8.073864144909e-03,2.287433900041e+05,2.287433956284e+05,-5.624301324133e-03
8.070352242279e-03,2.288424723693e+05,2.288424780068e+05,-5.637471011141e-03
8.066843393478e-03,2.289415543381e+05,2.289415599887e+05,-5.650618113577e-03
8.063337594524e-03,2.290406359104e+05,2.290406415742e+05,-5.663743795594e-03
8.059834841442e-03,2.291397170864e+05,2.291397227632e+05,-5.676846805727e-03
8.056335130265e-03,2.292387978659e+05,2.292388035558e+05,-5.689927871572e-03
8.052838457031e-03,2.293378782490e+05,2.293378839520e+05,-5.702986905817e-03
8.049344817787e-03,2.294369582358e+05,2.294369639518e+05,-5.716022424167e-03
8.045854208586e-03,2.295360378261e+05,2.295360435551e+05,-5.729036813136e-03
8.042366625488e-03,2.296351170200e+05,2.296351227621e+05,-5.742028617533e-03
8.038882064558e-03,2.297341958176e+05,2.297342015726e+05,-5.754997691838e-03
8.035400521871e-03,2.298332742187e+05,2.298332799866e+05,-5.767944821855e-03
8.031921993506e-03,2.299323522235e+05,2.299323580043e+05,-5.780870240415e-03
8.028446475552e-03,2.300314298318e+05,2.300314356256e+05,-5.793771793833e-03
8.024973964100e-03,2.301305070438e+05,2.301305128504e+05,-5.806652334286e-03
8.021504455253e-03,2.302295838594e+05,2.302295896789e+05,-5.819510406582e-03
8.018037945117e-03,2.303286602786e+05,2.303286661109e+05,-5.832345777890e-03
8.014574429806e-03,2.304277363014e+05,2.304277421466e+05,-5.845159088494e-03
8.011113905440e-03,2.305268119279e+05,2.305268177858e+05,-5.857950862264e-03
8.007656368148e-03,2.306258871580e+05,2.306258930287e+05,-5.870718741789e-03
8.004201814064e-03,2.307249619917e+05,2.307249678751e+05,-5.883465753868e-03
8.000750239327e-03,2.308240364290e+05,2.308240423252e+05,-5.896188813495e-03
7.997301640086e-03,2.309231104700e+05,2.309231163789e+05,-5.908890423598e-03
7.993856012495e-03,2.310221841146e+05,2.310221900362e+05,-5.921570351347e-03
7.990413352713e-03,2.311212573629e+05,2.311212632971e+05,-5.934227141552e-03
7.986973656909e-03,2.312203302147e+05,2.312203361616e+05,-5.946861754637e-03
7.983536921256e-03,2.313194026703e+05,2.313194086297e+05,-5.959474045085e-03
7.980103141935e-03,2.314184747295e+05,2.314184807015e+05,-5.972063721856e-03
7.976672315133e-03,2.315175463923e+05,2.315175523769e+05,-5.984631803585e-03
7.973244437043e-03,2.316166176588e+05,2.316166236559e+05,-5.997175903758e-03
7.969819503866e-03,2.317156885289e+05,2.317156945386e+05,-6.009699136484e-03
7.966397511808e-03,2.318147590027e+05,2.318147650249e+05,-6.022199115250e-03
7.962978457082e-03,2.319138290801e+05,2.319138351148e+05,-6.034676509444e-03
7.959562335907e-03,2.320128987612e+05,2.320129048084e+05,-6.047133007087e-03
7.956149144511e-03,2.321119680460e+05,2.321119741056e+05,-6.059565464966e-03
7.952738879126e-03,2.322110369344e+05,2.322110430064e+05,-6.071977491956e-03
7.949331535990e-03,2.323101054265e+05,2.323101115109e+05,-6.084364984417e-03
7.945927111349e-03,2.324091735223e+05,2.324091796190e+05,-6.096731754951e-03
7.942525601455e-03,2.325082412217e+05,2.325082473308e+05,-6.109075155109e-03
7.939127002567e-03,2.326073085249e+05,2.326073146463e+05,-6.121395708760e-03
7.935731310950e-03,2.327063754317e+05,2.327063815654e+05,-6.133695220342e-03
7.932338522873e-03,2.328054419421e+05,2.328054480881e+05,-6.145971739898e-03
7.928948634615e-03,2.329045080563e+05,2.329045142145e+05,-6.158225121908e-03
7.925561642460e-03,2.330035737741e+05,2.330035799446e+05,-6.170456093969e-03
7.922177542699e-03,2.331026390957e+05,2.331026452783e+05,-6.182665150845e-03
7.918796331626e-03,2.332017040209e+05,2.332017102157e+05,-6.194853165653e-03
7.915418005546e-03,2.333007685498e+05,2.333007747568e+05,-6.207017169800e-03
7.912042560768e-03,2.333998326824e+05,2.333998389016e+05,-6.219158065505e-03
7.908669993606e-03,2.334988964187e+05,2.334989026500e+05,-6.231277191546e-03
7.905300300383e-03,2.335979597587e+05,2.335979660021e+05,-6.243374431506e-03
7.901933477428e-03,2.336970227024e+05,2.336970289579e+05,-6.255449465243e-03
7.898569521073e-03,2.337960852499e+05,2.337960915174e+05,-6.267500750255e-03
7.895208427660e-03,2.338951474010e+05,2.338951536805e+05,-6.279530643951e-03
7.891850193535e-03,2.339942091558e+05,2.339942154473e+05,-6.291537865764e-03
7.888494815051e-03,2.340932705143e+05,2.340932768179e+05,-6.303523405222e-03
7.885142288568e-03,2.341923314766e+05,2.341923377921e+05,-6.315485370578e-03
7.881792610450e-03,2.342913920426e+05,2.342913983700e+05,-6.327425362542e-03
7.878445777070e-03,2.343904522123e+05,2.343904585516e+05,-6.339341838611e-03
7.875101784805e-03,2.344895119857e+05,2.344895183369e+05,-6.351236806950e-03
7.871760630038e-03,2.345885713628e+05,2.345885777259e+05,-6.363108637743e-03
7.868422309160e-03,2.346876303437e+05,2.346876367186e+05,-6.374959193636e-03
7.865086818567e-03,2.347866889283e+05,2.347866953151e+05,-6.386786524672e-03
7.861754154661e-03,2.348857471166e+05,2.348857535152e+05,-6.398591533070e-03
7.858424313850e-03,2.349848049087e+05,2.349848113190e+05,-6.410374509869e-03
7.855097292549e-03,2.350838623045e+05,2.350838687266e+05,-6.422134552849e-03
7.851773087177e-03,2.351829193040e+05,2.351829257379e+05,-6.433872011257e-03
7.848451694162e-03,2.352819759073e+05,2.352819823529e+05,-6.445586448535e-03
7.845133109937e-03,2.353810321143e+05,2.353810385716e+05,-6.457279261667e-03
7.841817330938e-03,2.354800879251e+05,2.354800943940e+05,-6.468949664850e-03
7.838504353612e-03,2.355791433396e+05,2.355791498202e+05,-6.480596377514e-03
7.835194174409e-03,2.356781983578e+05,2.356782048501e+05,-6.492222251836e-03
7.831886789785e-03,2.357772529799e+05,2.357772594837e+05,-6.503825105028e-03
7.828582196203e-03,2.358763072056e+05,2.358763137210e+05,-6.515405169921e-03
7.825280390131e-03,2.359753610352e+05,2.359753675621e+05,-6.526961835334e-03
7.821981368044e-03,2.360744144685e+05,2.360744210070e+05,-6.538498302689e-03
7.818685126422e-03,2.361734675055e+05,2.361734740555e+05,-6.550010730280e-03
7.815391661752e-03,2.362725201463e+05,2.362725267079e+05,-6.561500747921e-03
7.812100970526e-03,2.363715723909e+05,2.363715789639e+05,-6.572968093678e-03
7.808813049242e-03,2.364706242393e+05,2.364706308237e+05,-6.584412854863e-03
7.805527894405e-03,2.365696756914e+05,2.365696822873e+05,-6.595835497137e-03
7.802245502523e-03,2.366687267474e+05,2.366687333546e+05,-6.607234798139e-03
7.798965870113e-03,2.367677774071e+05,2.367677840257e+05,-6.618613464525e-03
7.795688993697e-03,2.368668276705e+05,2.368668343005e+05,-6.629968091147e-03
7.792414869803e-03,2.369658775378e+05,2.369658841791e+05,-6.641300395131e-03
7.789143494962e-03,2.370649270088e+05,2.370649336614e+05,-6.652610783931e-03
7.785874865715e-03,2.371639760837e+05,2.371639827476e+05,-6.663897220278e-03
7.782608978607e-03,2.372630247623e+05,2.372630314374e+05,-6.675162760075e-03
7.779345830189e-03,2.373620730447e+05,2.373620797311e+05,-6.686404754873e-03
7.776085417016e-03,2.374611209309e+05,2.374611276285e+05,-6.697624339722e-03
7.772827735651e-03,2.375601684209e+05,2.375601751297e+05,-6.708821398206e-03
7.769572782663e-03,2.376592155147e+05,2.376592222347e+05,-6.719997152686e-03
7.766320554625e-03,2.377582622123e+05,2.377582689435e+05,-6.731149740517e-03
7.763071048117e-03,2.378573085137e+05,2.378573152560e+05,-6.742279394530e-03
7.759824259724e-03,2.379563544190e+05,2.379563611723e+05,-6.753386318451e-03
7.756580186037e-03,2.380553999280e+05,2.380554066925e+05,-6.764470133930e-03
7.753338823652e-03,2.381544450408e+05,2.381544518164e+05,-6.775532499887e-03
7.750100169173e-03,2.382534897575e+05,2.382534965441e+05,-6.786572281271e-03
7.746864219207e-03,2.383525340780e+05,2.383525408756e+05,-6.797590263886e-03
7.743630970367e-03,2.384515780023e+05,2.384515848109e+05,-6.808583741076e-03
7.740400419274e-03,2.385506215304e+05,2.385506283499e+05,-6.819556554547e-03
7.737172562552e-03,2.386496646623e+05,2.386496714928e+05,-6.830505502876e-03
7.733947396832e-03,2.387487073981e+05,2.387487142395e+05,-6.841432390502e-03
7.730724918750e-03,2.388477497377e+05,2.388477565900e+05,-6.852336227894e-03
7.727505124948e-03,2.389467916811e+05,2.389467985444e+05,-6.863218586659e-03
7.724288012073e-03,2.390458332284e+05,2.390458401025e+05,-6.874077866087e-03
7.721073576779e-03,2.391448743795e+05,2.391448812644e+05,-6.884914910188e-03
7.717861815724e-03,2.392439151345e+05,2.392439220302e+05,-6.895728787640e-03
7.714652725572e-03,2.393429554932e+05,2.393429623998e+05,-6.906519760378e-03
7.711446302993e-03,2.394419954559e+05,2.394420023732e+05,-6.917289720150e-03
7.708242544661e-03,2.395410350224e+05,2.395410419504e+05,-6.928035581950e-03
7.705041447259e-03,2.396400741927e+05,2.396400811314e+05,-6.938759266632e-03
7.701843007472e-03,2.397391129669e+05,2.397391199163e+05,-6.949461356271e-03
7.698647221992e-03,2.398381513449e+05,2.398381583050e+05,-6.960139813600e-03
7.695454087516e-03,2.399371893268e+05,2.399371962976e+05,-6.970796064707e-03
7.692263600746e-03,2.400362269125e+05,2.400362338940e+05,-6.981429352891e-03
7.689075758392e-03,2.401352641022e+05,2.401352710942e+05,-6.992041424382e-03
7.685890557167e-03,2.402343008956e+05,2.402343078983e+05,-7.002628932241e-03
7.682707993789e-03,2.403333372930e+05,2.403333443062e+05,-7.013196038315e-03
7.679528064983e-03,2.404323732942e+05,2.404323803179e+05,-7.023739744909e-03
7.676350767480e-03,2.405314088993e+05,2.405314159335e+05,-7.034259557258e-03
7.673176098015e-03,2.406304441082e+05,2.406304511530e+05,-7.044758240227e-03
7.670004053328e-03,2.407294789211e+05,2.407294859763e+05,-7.055234280415e-03
7.666834630165e-03,2.408285133378e+05,2.408285204035e+05,-7.065687183058e-03
7.663667825279e-03,2.409275473584e+05,2.409275544345e+05,-7.076118374243e-03
7.660503635425e-03,2.410265809828e+05,2.410265880694e+05,-7.086526049534e-03
7.657342057367e-03,2.411256142112e+05,2.411256213081e+05,-7.096911605913e-03
7.654183087871e-03,2.412246470435e+05,2.412246541507e+05,-7.107274461305e-03
7.651026723711e-03,2.413236794796e+05,2.413236865972e+05,-7.117616129108e-03
7.647872961665e-03,2.414227115196e+05,2.414227186476e+05,-7.127933582524e-03
7.644721798517e-03,2.415217431636e+05,2.415217503018e+05,-7.138228946133e-03
7.641573231054e-03,2.416207744114e+05,2.416207815599e+05,-7.148501113988e-03
7.638427256072e-03,2.417198052631e+05,2.417198124219e+05,-7.158752472606e-03
7.635283870370e-03,2.418188357188e+05,2.418188428877e+05,-7.168980169808e-03
7.632143070753e-03,2.419178657783e+05,2.419178729575e+05,-7.179184933193e-03
7.629004854030e-03,2.420168954418e+05,2.420169026311e+05,-7.189366995590e-03
7.625869217016e-03,2.421159247091e+05,2.421159319086e+05,-7.199527433841e-03
7.622736156532e-03,2.422149535804e+05,2.422149607901e+05,-7.209664385300e-03
7.619605669405e-03,2.423139820556e+05,2.423139892754e+05,-7.219779305160e-03
7.616477752463e-03,2.424130101347e+05,2.424130173646e+05,-7.229872018797e-03
7.613352402544e-03,2.425120378177e+05,2.425120450577e+05,-7.239941827720e-03
7.610229616489e-03,2.426110651047e+05,2.426110723547e+05,-7.249988731928e-03
7.607109391144e-03,2.427100919955e+05,2.427100992556e+05,-7.260014361236e-03
7.603991723361e-03,2.428091184903e+05,2.428091257604e+05,-7.270016416442e-03
7.600876609996e-03,2.429081445891e+05,2.429081518691e+05,-7.279995450517e-03
7.597764047912e-03,2.430071702918e+05,2.430071775817e+05,-7.289953122381e-03
7.594654033975e-03,2.431061955984e+05,2.431062028982e+05,-7.299887103727e-03
7.591546565057e-03,2.432052205089e+05,2.432052278187e+05,-7.309799693758e-03
7.588441638037e-03,2.433042450234e+05,2.433042523431e+05,-7.319687923882e-03
7.585339249796e-03,2.434032691418e+05,2.434032764714e+05,-7.329555839533e-03
7.582239397221e-03,2.435022928642e+05,2.435023002036e+05,-7.339400035562e-03
7.579142077206e-03,2.436013161905e+05,2.436013235397e+05,-7.349220977630e-03
7.576047286648e-03,2.437003391207e+05,2.437003464798e+05,-7.359020644799e-03
7.572955022449e-03,2.437993616550e+05,2.437993690238e+05,-7.368797610980e-03
7.569865281518e-03,2.438983837931e+05,2.438983911717e+05,-7.378550333669e-03
7.566778060767e-03,2.439974055353e+05,2.439974129236e+05,-7.388282800093e-03
7.563693357114e-03,2.440964268814e+05,2.440964342794e+05,-7.397991750622e-03
7.560611167482e-03,2.441954478314e+05,2.441954552391e+05,-7.407678727759e-03
7.557531488798e-03,2.442944683854e+05,2.442944758028e+05,-7.417341810651e-03
7.554454317997e-03,2.443934885434e+05,2.443934959704e+05,-7.426983764162e-03
7.551379652015e-03,2.444925083054e+05,2.444925157420e+05,-7.436601532390e-03
7.548307487795e-03,2.445915276713e+05,2.445915351175e+05,-7.446198869729e-03
7.545237822285e-03,2.446905466412e+05,2.446905540970e+05,-7.455771585228e-03
7.542170652439e-03,2.447895652151e+05,2.447895726804e+05,-7.465323258657e-03
7.539105975213e-03,2.448885833929e+05,2.448885908678e+05,-7.474851736333e-03
7.536043787571e-03,2.449876011748e+05,2.449876086591e+05,-7.484357629437e-03
7.532984086480e-03,2.450866185606e+05,2.450866260544e+05,-7.493841985706e-03
7.529926868912e-03,2.451856355504e+05,2.451856430537e+05,-7.503301865654e-03
7.526872131846e-03,2.452846521442e+05,2.452846596569e+05,-7.512741547544e-03
7.523819872263e-03,2.453836683420e+05,2.453836758641e+05,-7.522157713538e-03
7.520770087150e-03,2.454826841438e+05,2.454826916753e+05,-7.531550014392e-03
7.517722773501e-03,2.455816995496e+05,2.455817070905e+05,-7.540921535110e-03
7.514677928311e-03,2.456807145593e+05,2.456807221096e+05,-7.550270180218e-03
7.511635548583e-03,2.457797291731e+05,2.457797367327e+05,-7.559595949715e-03
7.508595631323e-03,2.458787433909e+05,2.458787509598e+05,-7.568898785394e-03
7.505558173544e-03,2.459777572127e+05,2.459777647909e+05,-7.578179443954e-03
7.502523172260e-03,2.460767706385e+05,2.460767782259e+05,-7.587438100018e-03
7.499490624495e-03,2.461757836683e+05,2.461757912650e+05,-7.596673967782e-03
7.496460527273e-03,2.462747963021e+05,2.462748039080e+05,-7.605887483805e-03
7.493432877625e-03,2.463738085400e+05,2.463738161551e+05,-7.615078298841e-03
7.490407672588e-03,2.464728203818e+05,2.464728280061e+05,-7.624245801708e-03
7.487384909201e-03,2.465718318277e+05,2.465718394611e+05,-7.633391534910e-03
7.484364584510e-03,2.466708428776e+05,2.466708505202e+05,-7.642515294719e-03
7.481346695565e-03,2.467698535316e+05,2.467698611832e+05,-7.651616295334e-03
7.478331239420e-03,2.468688637895e+05,2.468688714502e+05,-7.660693780053e-03
7.475318213135e-03,2.469678736515e+05,2.469678813213e+05,-7.669749640627e-03
7.472307613774e-03,2.470668831175e+05,2.470668907963e+05,-7.678782683797e-03
7.469299438406e-03,2.471658921876e+05,2.471658998754e+05,-7.687793666264e-03
7.466293684105e-03,2.472649008617e+05,2.472649085585e+05,-7.696781452978e-03
7.463290347949e-03,2.473639091398e+05,2.473639168456e+05,-7.705748284934e-03
7.460289427021e-03,2.474629170220e+05,2.474629247367e+05,-7.714691135334e-03
7.457290918408e-03,2.475619245083e+05,2.475619322319e+05,-7.723611546680e-03
7.454294819204e-03,2.476609315985e+05,2.476609393311e+05,-7.732510246569e-03
7.451301126506e-03,2.477599382929e+05,2.477599460343e+05,-7.741385954432e-03
7.448309837415e-03,2.478589445913e+05,2.478589523415e+05,-7.750239572488e-03
7.445320949037e-03,2.479579504937e+05,2.479579582528e+05,-7.759069529129e-03
7.442334458484e-03,2.480569560002e+05,2.480569637681e+05,-7.767878734739e-03
7.439350362871e-03,2.481559611107e+05,2.481559688874e+05,-7.776663725963e-03
7.436368659319e-03,2.482549658254e+05,2.482549736108e+05,-7.785427151248e-03
7.433389344952e-03,2.483539701440e+05,2.483539779382e+05,-7.794167904649e-03
7.430412416900e-03,2.484529740668e+05,2.484529818697e+05,-7.802886510035e-03
7.427437872298e-03,2.485519775936e+05,2.485519854052e+05,-7.811581541318e-03
7.424465708283e-03,2.486509807245e+05,2.486509885448e+05,-7.820255967090e-03
7.421495922000e-03,2.487499834595e+05,2.487499912884e+05,-7.828906120267e-03
7.418528510596e-03,2.488489857985e+05,2.488489936361e+05,-7.837535144063e-03
7.415563471223e-03,2.489479877417e+05,2.489479955878e+05,-7.846141030313e-03
7.412600801039e-03,2.490469892889e+05,2.490469971436e+05,-7.854725176003e-03
7.409640497204e-03,2.491459904402e+05,2.491459983034e+05,-7.863285893109e-03
7.406682556886e-03,2.492449911955e+05,2.492449990674e+05,-7.871824200265e-03
7.403726977255e-03,2.493439915550e+05,2.493439994354e+05,-7.880341639975e-03
7.400773755485e-03,2.494429915186e+05,2.494429994074e+05,-7.888835039921e-03
7.397822888756e-03,2.495419910862e+05,2.495419989835e+05,-7.897306757513e-03
7.394874374253e-03,2.496409902580e+05,2.496409981637e+05,-7.905755424872e-03
7.391928209163e-03,2.497399890338e+05,2.497399969480e+05,-7.914182031527e-03
7.388984390681e-03,2.498389874138e+05,2.498389953364e+05,-7.922585413326e-03
7.386042916003e-03,2.499379853979e+05,2.499379933288e+05,-7.930967607535e-03
7.383103782332e-03,2.500369829860e+05,2.500369909254e+05,-7.939327217173e-03
7.380166986874e-03,2.501359801783e+05,2.501359881260e+05,-7.947663689265e-03
7.377232526839e-03,2.502349769747e+05,2.502349849307e+05,-7.955977343954e-03
7.374300399444e-03,2.503339733752e+05,2.503339813395e+05,-7.964269403601e-03
7.371370601907e-03,2.504329693798e+05,2.504329773524e+05,-7.972539198818e-03
7.368443131454e-03,2.505319649886e+05,2.505319729694e+05,-7.980786671396e-03
7.365517985312e-03,2.506309602014e+05,2.506309681905e+05,-7.989011472091e-03
7.362595160714e-03,2.507299550184e+05,2.507299630156e+05,-7.997213484487e-03
7.359674654899e-03,2.508289494395e+05,2.508289574449e+05,-8.005392912310e-03
7.356756465107e-03,2.509279434648e+05,2.509279514783e+05,-8.013550279429e-03
7.353840588585e-03,2.510269370942e+05,2.510269451158e+05,-8.021685760468e-03
7.350927022583e-03,2.511259303277e+05,2.511259383575e+05,-8.029798977077e-03
7.348015764356e-03,2.512249231653e+05,2.512249312032e+05,-8.037889638217e-03
7.345106811164e-03,2.513239156071e+05,2.513239236531e+05,-8.045956317801e-03
7.342200160269e-03,2.514229076530e+05,2.514229157070e+05,-8.054003264988e-03
7.339295808940e-03,2.515218993031e+05,2.515219073651e+05,-8.062025415711e-03
7.336393754448e-03,2.516208905573e+05,2.516208986273e+05,-8.070026815403e-03
7.333493994071e-03,2.517198814157e+05,2.517198894937e+05,-8.078004815616e-03
7.330596525089e-03,2.518188718782e+05,2.518188799642e+05,-8.085960609606e-03
7.327701344787e-03,2.519178619449e+05,2.519178700388e+05,-8.093895216007e-03
7.324808450454e-03,2.520168516157e+05,2.520168597175e+05,-8.101805520710e-03
7.321917839384e-03,2.521158408907e+05,2.521158490004e+05,-8.109695831081e-03
7.319029508876e-03,2.522148297698e+05,2.522148378874e+05,-8.117561228573e-03
7.316143456230e-03,2.523138182531e+05,2.523138263785e+05,-8.125406253384e-03
7.313259678754e-03,2.524128063406e+05,2.524128144738e+05,-8.133227471262e-03
7.310378173759e-03,2.525117940323e+05,2.525118021733e+05,-8.141027268721e-03
7.307498938558e-03,2.526107813281e+05,2.526107894769e+05,-8.148804772645e-03
7.304621970472e-03,2.527097682281e+05,2.527097763846e+05,-8.156559371855e-03
7.301747266824e-03,2.528087547322e+05,2.528087628965e+05,-8.164291910361e-03
7.298874824941e-03,2.529077408406e+05,2.529077490126e+05,-8.172002824722e-03
7.296004642155e-03,2.530067265531e+05,2.530067347328e+05,-8.179689757526e-03
7.293136715802e-03,2.531057118698e+05,2.531057200571e+05,-8.187355997507e-03
7.290271043222e-03,2.532046967907e+05,2.532047049857e+05,-8.194999827538e-03
7.287407621760e-03,2.533036813158e+05,2.533036895184e+05,-8.202620549127e-03
7.284546448763e-03,2.534026654450e+05,2.534026736552e+05,-8.210219501052e-03
7.281687521586e-03,2.535016491785e+05,2.535016573963e+05,-8.217795169912e-03
7.278830837583e-03,2.536006325162e+05,2.536006407415e+05,-8.225348865381e-03
7.275976394118e-03,2.536996154580e+05,2.536996236909e+05,-8.232881693402e-03
7.273124188554e-03,2.537985980041e+05,2.537986062445e+05,-8.240390539868e-03
7.270274218260e-03,2.538975801543e+05,2.538975884022e+05,-8.247878024122e-03
7.267426480611e-03,2.539965619088e+05,2.539965701641e+05,-8.255342516350e-03
7.264580972984e-03,2.540955432675e+05,2.540955515302e+05,-8.262785209808e-03
7.261737692759e-03,2.541945242303e+05,2.541945325005e+05,-8.270205929875e-03
7.258896637324e-03,2.542935047974e+05,2.542935130750e+05,-8.277603425086e-03
7.256057804067e-03,2.543924849687e+05,2.543924932537e+05,-8.284979208838e-03
7.253221190383e-03,2.544914647443e+05,2.544914730366e+05,-8.292332844576e-03
7.250386793669e-03,2.545904441240e+05,2.545904524237e+05,-8.299664710648e-03
7.247554611328e-03,2.546894231080e+05,2.546894314150e+05,-8.306973380968e-03
7.244724640765e-03,2.547884016962e+05,2.547884100104e+05,-8.314260281622e-03
7.241896879391e-03,2.548873798886e+05,2.548873882101e+05,-8.321525267093e-03
7.239071324620e-03,2.549863576853e+05,2.549863660140e+05,-8.328767580679e-03
7.236247973869e-03,2.550853350861e+05,2.550853434221e+05,-8.335987717146e-03
7.233426824561e-03,2.551843120913e+05,2.551843204344e+05,-8.343184890691e-03
7.230607874123e-03,2.552832887006e+05,2.552832970510e+05,-8.350360207260e-03
7.227791119984e-03,2.553822649142e+05,2.553822732717e+05,-8.357513812371e-03
7.224976559579e-03,2.554812407321e+05,2.554812490967e+05,-8.364645444090e-03
7.222164190346e-03,2.555802161541e+05,2.555802245259e+05,-8.371754811378e-03
7.219354009728e-03,2.556791911805e+05,2.556791995593e+05,-8.378841594094e-03
7.216546015169e-03,2.557781658110e+05,2.557781741969e+05,-8.385906199692e-03
7.213740204121e-03,2.558771400459e+05,2.558771484388e+05,-8.392948569963e-03
7.210936574038e-03,2.559761138850e+05,2.559761222849e+05,-8.399968210142e-03
7.208135122378e-03,2.560750873283e+05,2.560750957353e+05,-8.406966022449e-03
7.205335846602e-03,2.561740603759e+05,2.561740687898e+05,-8.413942792686e-03
7.202538744177e-03,2.562730330278e+05,2.562730414487e+05,-8.420895814197e-03
7.199743812573e-03,2.563720052839e+05,2.563720137117e+05,-8.427827764535e-03
7.196951049263e-03,2.564709771443e+05,2.564709855790e+05,-8.434737013886e-03
7.194160451725e-03,2.565699486089e+05,2.565699570506e+05,-8.441624057014e-03
7.191372017442e-03,2.566689196779e+05,2.566689281264e+05,-8.448488457361e-03
7.188585743898e-03,2.567678903511e+05,2.567678988064e+05,-8.455332106678e-03
7.185801628582e-03,2.568668606286e+05,2.568668690907e+05,-8.462152007269e-03
7.183019668990e-03,2.569658305103e+05,2.569658389793e+05,-8.468950516544e-03
7.180239862616e-03,2.570647999964e+05,2.570648084721e+05,-8.475727896439e-03
7.177462206963e-03,2.571637690867e+05,2.571637775692e+05,-8.482481091050e-03
7.174686699536e-03,2.572627377813e+05,2.572627462705e+05,-8.489213912981e-03
7.171913337843e-03,2.573617060802e+05,2.573617145761e+05,-8.495924616000e-03
7.169142119397e-03,2.574606739834e+05,2.574606824860e+05,-8.502611628501e-03
7.166373041715e-03,2.575596414909e+05,2.575596500002e+05,-8.509277831763e-03
7.163606102317e-03,2.576586086027e+05,2.576586171186e+05,-8.515921537764e-03
7.160841298726e-03,2.577575753188e+05,2.577575838413e+05,-8.522543532308e-03
7.158078628472e-03,2.578565416392e+05,2.578565501683e+05,-8.529142680345e-03
7.155318089086e-03,2.579555075638e+05,2.579555160996e+05,-8.535719825886e-03
7.152559678103e-03,2.580544730928e+05,2.580544816351e+05,-8.542275143554e-03
7.149803393064e-03,2.581534382261e+05,2.581534467749e+05,-8.548809128115e-03
7.147049231510e-03,2.582524029637e+05,2.582524115191e+05,-8.555319538573e-03
7.144297190990e-03,2.583513673057e+05,2.583513758675e+05,-8.561809750972e-03
7.141547269053e-03,2.584503312519e+05,2.584503398202e+05,-8.568275574362e-03
7.138799463255e-03,2.585492948025e+05,2.585493033772e+05,-8.574721170589e-03
7.136053771154e-03,2.586482579573e+05,2.586482665385e+05,-8.581144647906e-03
7.133310190311e-03,2.587472207166e+05,2.587472293041e+05,-8.587544754846e-03
7.130568718294e-03,2.588461830801e+05,2.588461916740e+05,-8.593923732406e-03
7.127829352670e-03,2.589451450479e+05,2.589451536482e+05,-8.600281318650e-03
7.125092091014e-03,2.590441066201e+05,2.590441152267e+05,-8.606616116595e-03
7.122356930902e-03,2.591430677966e+05,2.591430764096e+05,-8.612928242655e-03
7.119623869916e-03,2.592420285775e+05,2.592420371967e+05,-8.619219413958e-03
7.116892905639e-03,2.593409889627e+05,2.593409975882e+05,-8.625488495454e-03
7.114164035660e-03,2.594399489522e+05,2.594399575840e+05,-8.631735516246e-03
7.111437257570e-03,2.595389085461e+05,2.595389171841e+05,-8.637959923362e-03
7.108712568966e-03,2.596378677443e+05,2.596378763885e+05,-8.644162793644e-03
7.105989967445e-03,2.597368265469e+05,2.597368351972e+05,-8.650343079353e-03
7.103269450613e-03,2.598357849538e+05,2.598357936103e+05,-8.656502439408e-03
7.100551016073e-03,2.599347429651e+05,2.599347516277e+05,-8.662638720125e-03
7.097834661438e-03,2.600337005807e+05,2.600337092494e+05,-8.668754133396e-03
7.095120384321e-03,2.601326578007e+05,2.601326664755e+05,-8.674847282236e-03
7.092408182339e-03,2.602316146250e+05,2.602316233059e+05,-8.680918777827e-03
7.089698053114e-03,2.603305710537e+05,2.603305797407e+05,-8.686967776157e-03
7.086989994270e-03,2.604295270868e+05,2.604295357798e+05,-8.692994975718e-03
7.084284003436e-03,2.605284827242e+05,2.605284914232e+05,-8.698999881744e-03
7.081580078244e-03,2.606274379660e+05,2.606274466710e+05,-8.704983047210e-03
7.078878216330e-03,2.607263928122e+05,2.607264015232e+05,-8.710943860933e-03
7.076178415332e-03,2.608253472628e+05,2.608253559797e+05,-8.716883690795e-03
7.073480672894e-03,2.609243013177e+05,2.609243100405e+05,-8.722800732357e-03
7.070784986662e-03,2.610232549770e+05,2.610232637057e+05,-8.728697139304e-03
7.068091354286e-03,2.611222082407e+05,2.611222169753e+05,-8.734570961678e-03
7.065399773420e-03,2.612211611088e+05,2.612211698492e+05,-8.740422403207e-03
7.062710241721e-03,2.613201135812e+05,2.613201223275e+05,-8.746251813136e-03
7.060022756849e-03,2.614190656581e+05,2.614190744102e+05,-8.752060093684e-03
7.057337316470e-03,2.615180173393e+05,2.615180260972e+05,-8.757846895605e-03
7.054653918251e-03,2.616169686250e+05,2.616169773886e+05,-8.763610996539e-03
7.051972559863e-03,2.617159195150e+05,2.617159282844e+05,-8.769353386015e-03
7.049293238982e-03,2.618148700094e+05,2.618148787845e+05,-8.775074005825e-03
7.046615953285e-03,2.619138201083e+05,2.619138288891e+05,-8.780772128375e-03
7.043940700456e-03,2.620127698115e+05,2.620127785980e+05,-8.786449761828e-03
7.041267478178e-03,2.621117191192e+05,2.621117279113e+05,-8.792104548775e-03
7.038596284143e-03,2.622106680312e+05,2.622106768290e+05,-8.797738119029e-03
7.035927116041e-03,2.623096165477e+05,2.623096253510e+05,-8.803348580841e-03
7.033259971569e-03,2.624085646686e+05,2.624085734775e+05,-8.808938902803e-03
7.030594848427e-03,2.625075123939e+05,2.625075212084e+05,-8.814507222269e-03
7.027931744318e-03,2.626064597236e+05,2.626064685436e+05,-8.820052898955e-03
7.025270656948e-03,2.627054066577e+05,2.627054154833e+05,-8.825577562675e-03
7.022611584027e-03,2.628043531963e+05,2.628043620274e+05,-8.831079991069e-03
7.019954523269e-03,2.629032993393e+05,2.629033081758e+05,-8.836560708005e-03
7.017299472390e-03,2.630022450867e+05,2.630022539287e+05,-8.842019597068e-03
7.014646429112e-03,2.631011904385e+05,2.631011992860e+05,-8.847456832882e-03
7.011995391156e-03,2.632001353948e+05,2.632001442477e+05,-8.852871949784e-03
7.009346356252e-03,2.632990799555e+05,2.632990888138e+05,-8.858265937306e-03
7.006699322130e-03,2.633980241207e+05,2.633980329843e+05,-8.863637398463e-03
7.004054286523e-03,2.634969678903e+05,2.634969767593e+05,-8.868987439200e-03
7.001411247170e-03,2.635959112643e+05,2.635959201386e+05,-8.874316117726e-03
6.998770201811e-03,2.636948542428e+05,2.636948631224e+05,-8.879622793756e-03
6.996131148190e-03,2.637937968257e+05,2.637938057106e+05,-8.884907467291e-03
6.993494084056e-03,2.638927390131e+05,2.638927479033e+05,-8.890171418898e-03
6.990859007159e-03,2.639916808050e+05,2.639916897004e+05,-8.895412844140e-03
6.988225915254e-03,2.640906222013e+05,2.640906311019e+05,-8.900633198209e-03
6.985594806099e-03,2.641895632020e+05,2.641895721078e+05,-8.905830676667e-03
6.982965677456e-03,2.642885038072e+05,2.642885127182e+05,-8.911007724237e-03
6.980338527088e-03,2.643874440169e+05,2.643874529331e+05,-8.916162827518e-03
6.977713352764e-03,2.644863838310e+05,2.644863927523e+05,-8.921295928303e-03
6.975090152256e-03,2.645853232496e+05,2.645853321760e+05,-8.926406793762e-03
6.972468923337e-03,2.646842622727e+05,2.646842712042e+05,-8.931497810408e-03
6.969849663787e-03,2.647832009003e+05,2.647832098368e+05,-8.936565893237e-03
6.967232371386e-03,2.648821391323e+05,2.648821480739e+05,-8.941612846684e-03
6.964617043919e-03,2.649810769688e+05,2.649810859154e+05,-8.946637506597e-03
6.962003679174e-03,2.650800144098e+05,2.650800233614e+05,-8.951640571468e-03
6.959392274944e-03,2.651789514552e+05,2.651789604119e+05,-8.956622274127e-03
6.956782829021e-03,2.652778881052e+05,2.652778970668e+05,-8.961583487689e-03
6.954175339205e-03,2.653768243596e+05,2.653768333262e+05,-8.966521767434e-03
6.951569803297e-03,2.654757602186e+05,2.654757691900e+05,-8.971438568551e-03
6.948966219101e-03,2.655746956820e+05,2.655747046583e+05,-8.976334123872e-03
6.946364584425e-03,2.656736307499e+05,2.656736397311e+05,-8.981207327452e-03
6.943764897081e-03,2.657725654223e+05,2.657725744084e+05,-8.986059983727e-03
6.941167154882e-03,2.658714996992e+05,2.658715086901e+05,-8.990890521090e-03
6.938571355647e-03,2.659704335806e+05,2.659704425763e+05,-8.995699638035e-03
6.935977497196e-03,2.660693670666e+05,2.660693760670e+05,-9.000487450976e-03
6.933385577354e-03,2.661683001570e+05,2.661683091622e+05,-9.005253727082e-03
6.930795593948e-03,2.662672328519e+05,2.662672418619e+05,-9.009998175316e-03
6.928207544810e-03,2.663661651514e+05,2.663661741661e+05,-9.014722192660e-03
6.925621427772e-03,2.664650970553e+05,2.664651060748e+05,-9.019423683640e-03
6.923037240672e-03,2.665640285638e+05,2.665640375879e+05,-9.024103288539e-03
6.920454981350e-03,2.666629596768e+05,2.666629687056e+05,-9.028761356603e-03
6.917874647651e-03,2.667618903943e+05,2.667618994277e+05,-9.033399226610e-03
6.915296237421e-03,2.668608207164e+05,2.668608297544e+05,-9.038014162797e-03
6.912719748510e-03,2.669597506430e+05,2.669597596856e+05,-9.042608726304e-03
6.910145178771e-03,2.670586801741e+05,2.670586892212e+05,-9.047181229107e-03
6.907572526061e-03,2.671576093097e+05,2.671576183614e+05,-9.051732660737e-03
6.905001788240e-03,2.672565380499e+05,2.672565471061e+05,-9.056263137609e-03
6.902432963170e-03,2.673554663946e+05,2.673554754553e+05,-9.060770971701e-03
6.899866048717e-03,2.674543943438e+05,2.674544034091e+05,-9.065258142073e-03
6.897301042751e-03,2.675533218976e+05,2.675533309673e+05,-9.069722786080e-03
6.894737943144e-03,2.676522490559e+05,2.676522581301e+05,-9.074168046936e-03
6.892176747771e-03,2.677511758188e+05,2.677511848974e+05,-9.078589733690e-03
6.889617454512e-03,2.678501021862e+05,2.678501112692e+05,-9.082991513424e-03
6.887060061247e-03,2.679490281582e+05,2.679490372456e+05,-9.087370883208e-03
6.884504565863e-03,2.680479537347e+05,2.680479628265e+05,-9.091730345972e-03
6.881950966246e-03,2.681468789158e+05,2.681468880119e+05,-9.096066933125e-03
6.879399260289e-03,2.682458037015e+05,2.682458128019e+05,-9.100382740144e-03
6.876849445886e-03,2.683447280917e+05,2.683447371964e+05,-9.104677999858e-03
6.874301520934e-03,2.684436520864e+05,2.684436611954e+05,-9.108950907830e-03
6.871755483333e-03,2.685425756858e+05,2.685425847990e+05,-9.113202977460e-03
6.869211330989e-03,2.686414988897e+05,2.686415080071e+05,-9.117433452047e-03
6.866669061806e-03,2.687404216982e+05,2.687404308198e+05,-9.121642389800e-03
6.864128673696e-03,2.688393441112e+05,2.688393532370e+05,-9.125829907134e-03
6.861590164571e-03,2.689382661288e+05,2.689382752588e+05,-9.129996469710e-03
6.859053532348e-03,2.690371877510e+05,2.690371968852e+05,-9.134140971582e-03
6.856518774945e-03,2.691361089778e+05,2.691361181161e+05,-9.138264867943e-03
6.853985890284e-03,2.692350298092e+05,2.692350389516e+05,-9.142368682660e-03
6.851454876292e-03,2.693339502451e+05,2.693339593916e+05,-9.146449679974e-03
6.848925730897e-03,2.694328702857e+05,2.694328794362e+05,-9.150509315077e-03
6.846398452030e-03,2.695317899308e+05,2.695317990854e+05,-9.154548344668e-03
6.843873037624e-03,2.696307091805e+05,2.696307183391e+05,-9.158566885162e-03
6.841349485619e-03,2.697296280349e+05,2.697296371974e+05,-9.162562841084e-03
6.838827793955e-03,2.698285464938e+05,2.698285556603e+05,-9.166538075078e-03
6.836307960575e-03,2.699274645573e+05,2.699274737278e+05,-9.170491772238e-03
6.833789983425e-03,2.700263822254e+05,2.700263913998e+05,-9.174424340017e-03
6.831273860457e-03,2.701252994981e+05,2.701253086765e+05,-9.178336360492e-03
6.828759589621e-03,2.702242163755e+05,2.702242255577e+05,-9.182226145640e-03
6.826247168874e-03,2.703231328574e+05,2.703231420435e+05,-9.186095732730e-03
6.823736596175e-03,2.704220489440e+05,2.704220581339e+05,-9.189944365062e-03
6.821227869485e-03,2.705209646352e+05,2.705209738289e+05,-9.193770296406e-03
6.818720986770e-03,2.706198799309e+05,2.706198891285e+05,-9.197576029692e-03
6.816215945996e-03,2.707187948314e+05,2.707188040327e+05,-9.201360458974e-03
6.813712745134e-03,2.708177093364e+05,2.708177185415e+05,-9.205124457367e-03
6.811211382159e-03,2.709166234461e+05,2.709166326549e+05,-9.208866278641e-03
6.808711855046e-03,2.710155371603e+05,2.710155463729e+05,-9.212587436195e-03
6.806214161776e-03,2.711144504793e+05,2.711144596955e+05,-9.216287289746e-03
6.803718300330e-03,2.712133634028e+05,2.712133726228e+05,-9.219966537785e-03
6.801224268695e-03,2.713122759310e+05,2.713122851546e+05,-9.223623608705e-03
6.798732064859e-03,2.714111880638e+05,2.714111972911e+05,-9.227261121850e-03
6.796241686813e-03,2.715100998013e+05,2.715101090321e+05,-9.230877563823e-03
6.793753132552e-03,2.716090111434e+05,2.716090203778e+05,-9.234472177923e-03
6.791266400073e-03,2.717079220901e+05,2.717079313282e+05,-9.238045720849e-03
6.788781487377e-03,2.718068326415e+05,2.718068418831e+05,-9.241598483641e-03
6.786298392465e-03,2.719057427976e+05,2.719057520427e+05,-9.245129826013e-03
6.783817113346e-03,2.720046525583e+05,2.720046618069e+05,-9.248639515135e-03
6.781337648026e-03,2.721035619236e+05,2.721035711757e+05,-9.252128598746e-03
6.778859994520e-03,2.722024708936e+05,2.722024801492e+05,-9.255597484298e-03
6.776384150840e-03,2.723013794683e+05,2.723013887273e+05,-9.259045415092e-03
6.773910115005e-03,2.724002876476e+05,2.724002969101e+05,-9.262472449336e-03
6.771437885036e-03,2.724991954316e+05,2.724992046975e+05,-9.265876840800e-03
6.768967458957e-03,2.725981028203e+05,2.725981120895e+05,-9.269262489397e-03
6.766498834792e-03,2.726970098136e+05,2.726970190862e+05,-9.272625611629e-03
6.764032010572e-03,2.727959164116e+05,2.727959256876e+05,-9.275967720896e-03
6.761566984329e-03,2.728948226143e+05,2.728948318935e+05,-9.279289341066e-03
6.759103754098e-03,2.729937284216e+05,2.729937377042e+05,-9.282590297516e-03
6.756642317917e-03,2.730926338336e+05,2.730926431195e+05,-9.285871405154e-03
6.754182673826e-03,2.731915388504e+05,2.731915481395e+05,-9.289129986428e-03
6.751724819869e-03,2.732904434717e+05,2.732904527641e+05,-9.292368078604e-03
6.749268754092e-03,2.733893476978e+05,2.733893569934e+05,-9.295584808569e-03
6.746814474545e-03,2.734882515286e+05,2.734882608274e+05,-9.298781165853e-03
6.744361979280e-03,2.735871549641e+05,2.735871642660e+05,-9.301956451964e-03
6.741911266352e-03,2.736860580042e+05,2.736860673093e+05,-9.305111016147e-03
6.739462333818e-03,2.737849606491e+05,2.737849699573e+05,-9.308245615102e-03
6.737015179739e-03,2.738838628986e+05,2.738838722100e+05,-9.311357454862e-03
6.734569802178e-03,2.739827647529e+05,2.739827740673e+05,-9.314450377133e-03
6.732126199202e-03,2.740816662118e+05,2.740816755294e+05,-9.317520482000e-03
6.729684368879e-03,2.741805672755e+05,2.741805765961e+05,-9.320571087301e-03
6.727244309282e-03,2.742794679439e+05,2.742794772675e+05,-9.323600912467e-03
6.724806018485e-03,2.743783682169e+05,2.743783775436e+05,-9.326609841082e-03
6.722369494565e-03,2.744772680947e+05,2.744772774243e+05,-9.329597465694e-03
6.719934735603e-03,2.745761675772e+05,2.745761769098e+05,-9.332565183286e-03
6.717501739681e-03,2.746750666645e+05,2.746750760000e+05,-9.335511073004e-03
6.715070504886e-03,2.747739653564e+05,2.747739746949e+05,-9.338437987026e-03
6.712641029305e-03,2.748728636531e+05,2.748728729944e+05,-9.341342840344e-03
6.710213311031e-03,2.749717615545e+05,2.749717708987e+05,-9.344226564281e-03
6.707787348156e-03,2.750706590606e+05,2.750706684077e+05,-9.347090730444e-03
6.705363138778e-03,2.751695561715e+05,2.751695655214e+05,-9.349933534395e-03
6.702940680997e-03,2.752684528871e+05,2.752684622398e+05,-9.352754801512e-03
6.700519972914e-03,2.753673492074e+05,2.753673585630e+05,-9.355555695947e-03
6.698101012635e-03,2.754662451325e+05,2.754662544908e+05,-9.358337498270e-03
6.695683798268e-03,2.755651406623e+05,2.755651500234e+05,-9.361097356305e-03
6.693268327922e-03,2.756640357968e+05,2.756640451606e+05,-9.363835677505e-03
6.690854599711e-03,2.757629305361e+05,2.757629399027e+05,-9.366554906592e-03
6.688442611752e-03,2.758618248801e+05,2.758618342494e+05,-9.369253704790e-03
6.686032362162e-03,2.759607188289e+05,2.759607282009e+05,-9.371930966154e-03
6.683623849063e-03,2.760596123825e+05,2.760596217571e+05,-9.374587738421e-03
6.681217070580e-03,2.761585055408e+05,2.761585149180e+05,-9.377223963384e-03
6.678812024838e-03,2.762573983038e+05,2.762574076837e+05,-9.379839408211e-03
6.676408709968e-03,2.763562906716e+05,2.763563000541e+05,-9.382435062435e-03
6.674007124101e-03,2.764551826442e+05,2.764551920292e+05,-9.385009296238e-03
6.671607265372e-03,2.765540742216e+05,2.765540836091e+05,-9.387563448399e-03
6.669209131919e-03,2.766529654037e+05,2.766529747938e+05,-9.390096412972e-03
6.666812721883e-03,2.767518561906e+05,2.767518655832e+05,-9.392609877978e-03
6.664418033405e-03,2.768507465822e+05,2.768507559773e+05,-9.395101398695e-03
6.662025064632e-03,2.769496365786e+05,2.769496459762e+05,-9.397573070601e-03
6.659633813711e-03,2.770485261798e+05,2.770485355799e+05,-9.400024253409e-03
6.657244278794e-03,2.771474153858e+05,2.771474247883e+05,-9.402455005329e-03
6.654856458034e-03,2.772463041966e+05,2.772463136015e+05,-9.404865733813e-03
6.652470349588e-03,2.773451926121e+05,2.773452020194e+05,-9.407255740371e-03
6.650085951613e-03,2.774440806325e+05,2.774440900421e+05,-9.409624384716e-03
6.647703262272e-03,2.775429682576e+05,2.775429776696e+05,-9.411973063834e-03
6.645322279728e-03,2.776418554875e+05,2.776418649018e+05,-9.414301370271e-03
6.642943002148e-03,2.777407423222e+05,2.777407517389e+05,-9.416609304026e-03
6.640565427702e-03,2.778396287618e+05,2.778396381807e+05,-9.418897447176e-03
6.638189554562e-03,2.779385148061e+05,2.779385242272e+05,-9.421163937077e-03
6.635815380901e-03,2.780374004552e+05,2.780374098786e+05,-9.423410054296e-03
6.633442904898e-03,2.781362857091e+05,2.781362951347e+05,-9.425636671949e-03
6.631072124732e-03,2.782351705678e+05,2.782351799957e+05,-9.427842916921e-03
6.628703038585e-03,2.783340550314e+05,2.783340644614e+05,-9.430027741473e-03
6.626335644643e-03,2.784329390997e+05,2.784329485319e+05,-9.432193939574e-03
6.623969941092e-03,2.785318227729e+05,2.785318322072e+05,-9.434338891879e-03
6.621605926124e-03,2.786307060508e+05,2.786307154873e+05,-9.436462190934e-03
6.619243597931e-03,2.787295889336e+05,2.787295983722e+05,-9.438566339668e-03
6.616882954708e-03,2.788284714212e+05,2.788284808619e+05,-9.440651221666e-03
6.614523994652e-03,2.789273535137e+05,2.789273629564e+05,-9.442713460885e-03
6.612166715966e-03,2.790262352109e+05,2.790262446557e+05,-9.444757539313e-03
6.609811116851e-03,2.791251165130e+05,2.791251259598e+05,-9.446780430153e-03
6.607457195513e-03,2.792239974200e+05,2.792240068687e+05,-9.448782948311e-03
6.605104950160e-03,2.793228779317e+05,2.793228873825e+05,-9.450765210204e-03
6.602754379004e-03,2.794217580483e+05,2.794217675010e+05,-9.452726808377e-03
6.600405480256e-03,2.795206377698e+05,2.795206472244e+05,-9.454668790568e-03
6.598058252134e-03,2.796195170960e+05,2.796195265526e+05,-9.456590341870e-03
6.595712692855e-03,2.797183960271e+05,2.797184054856e+05,-9.458491753321e-03
6.593368800640e-03,2.798172745631e+05,2.798172840235e+05,-9.460372908507e-03
6.591026573712e-03,2.799161527039e+05,2.799161621662e+05,-9.462233865634e-03
6.588686010298e-03,2.800150304496e+05,2.800150399137e+05,-9.464074566495e-03
6.586347108626e-03,2.801139078001e+05,2.801139172660e+05,-9.465895942412e-03
6.584009866927e-03,2.802127847555e+05,2.802127942232e+05,-9.467695374042e-03
6.581674283434e-03,2.803116613157e+05,2.803116707852e+05,-9.469476237427e-03
6.579340356383e-03,2.804105374808e+05,2.804105469520e+05,-9.471235680394e-03
6.577008084013e-03,2.805094132508e+05,2.805094227237e+05,-9.472976671532e-03
6.574677464564e-03,2.806082886256e+05,2.806082981003e+05,-9.474695776589e-03
6.572348496281e-03,2.807071636053e+05,2.807071730817e+05,-9.476396022364e-03
6.570021177408e-03,2.808060381898e+05,2.808060476679e+05,-9.478075429797e-03
6.567695506195e-03,2.809049123793e+05,2.809049218590e+05,-9.479735046625e-03
6.565371480892e-03,2.810037861736e+05,2.810037956549e+05,-9.481375105679e-03
6.563049099752e-03,2.811026595728e+05,2.811026690558e+05,-9.482993802521e-03
6.560728361033e-03,2.812015325768e+05,2.812015420614e+05,-9.484593814705e-03
6.558409262990e-03,2.813004051858e+05,2.813004146719e+05,-9.486173104960e-03
6.556091803887e-03,2.813992773996e+05,2.813992868873e+05,-9.487732138950e-03
6.553775981985e-03,2.814981492183e+05,2.814981587076e+05,-9.489272080828e-03
6.551461795551e-03,2.815970206419e+05,2.815970301327e+05,-9.490790427662e-03
6.549149242852e-03,2.816958916705e+05,2.816959011627e+05,-9.492290613707e-03
6.546838322159e-03,2.817947623039e+05,2.817947717976e+05,-9.493769437540e-03
6.544529031746e-03,2.818936325422e+05,2.818936420374e+05,-9.495229343884e-03
6.542221369887e-03,2.819925023853e+05,2.819925118820e+05,-9.496668935753e-03
6.539915334861e-03,2.820913718335e+05,2.820913813315e+05,-9.498087514658e-03
6.537610924947e-03,2.821902408865e+05,2.821902503859e+05,-9.499486710411e-03
6.535308138429e-03,2.822891095444e+05,2.822891190452e+05,-9.500866814051e-03
6.533006973592e-03,2.823879778072e+05,2.823879873094e+05,-9.502226370387e-03
6.530707428722e-03,2.824868456749e+05,2.824868551785e+05,-9.503566194326e-03
6.528409502111e-03,2.825857131476e+05,2.825857226525e+05,-9.504886867944e-03
6.526113192051e-03,2.826845802251e+05,2.826845897313e+05,-9.506185946520e-03
6.523818496835e-03,2.827834469076e+05,2.827834564151e+05,-9.507466922514e-03
6.521525414763e-03,2.828823131950e+05,2.828823227038e+05,-9.508726943750e-03
6.519233944132e-03,2.829811790874e+05,2.829811885973e+05,-9.509966999758e-03
6.516944083246e-03,2.830800445846e+05,2.830800540958e+05,-9.511187672615e-03
6.514655830407e-03,2.831789096868e+05,2.831789191992e+05,-9.512389369775e-03
6.512369183924e-03,2.832777743939e+05,2.832777839075e+05,-9.513569239061e-03
6.510084142105e-03,2.833766387060e+05,2.833766482207e+05,-9.514731296804e-03
6.507800703262e-03,2.834755026230e+05,2.834755121389e+05,-9.515872516204e-03
6.505518865708e-03,2.835743661449e+05,2.835743756619e+05,-9.516993944999e-03
6.503238627760e-03,2.836732292718e+05,2.836732387899e+05,-9.518096107058e-03
6.500959987737e-03,2.837720920036e+05,2.837721015228e+05,-9.519177896436e-03
6.498682943958e-03,2.838709543404e+05,2.838709638606e+05,-9.520241001155e-03
6.496407494748e-03,2.839698162821e+05,2.839698258034e+05,-9.521283616778e-03
6.494133638432e-03,2.840686778288e+05,2.840686873511e+05,-9.522305743303e-03
6.491861373338e-03,2.841675389804e+05,2.841675485037e+05,-9.523309476208e-03
6.489590697796e-03,2.842663997370e+05,2.842664092613e+05,-9.524292720016e-03
6.487321610140e-03,2.843652600985e+05,2.843652696238e+05,-9.525256929919e-03
6.485054108703e-03,2.844641200650e+05,2.844641295912e+05,-9.526201349217e-03
6.482788191824e-03,2.845629796365e+05,2.845629891636e+05,-9.527125395834e-03
6.480523857841e-03,2.846618388129e+05,2.846618483409e+05,-9.528030641377e-03
6.478261105098e-03,2.847606975943e+05,2.847607071232e+05,-9.528915921692e-03
6.475999931937e-03,2.848595559807e+05,2.848595655104e+05,-9.529782517347e-03
6.473740336706e-03,2.849584139720e+05,2.849584235026e+05,-9.530628798530e-03
6.471482317754e-03,2.850572715683e+05,2.850572810998e+05,-9.531455289107e-03
6.469225873431e-03,2.851561287696e+05,2.851561383019e+05,-9.532261814456e-03
6.466971002091e-03,2.852549855759e+05,2.852549951089e+05,-9.533049305901e-03
6.464717702091e-03,2.853538419871e+05,2.853538515210e+05,-9.533817588817e-03
6.462465971787e-03,2.854526980034e+05,2.854527075380e+05,-9.534565382637e-03
6.460215809540e-03,2.855515536246e+05,2.855515631599e+05,-9.535294550005e-03
6.457967213714e-03,2.856504088509e+05,2.856504183869e+05,-9.536003984977e-03
6.455720182672e-03,2.857492636821e+05,2.857492732188e+05,-9.536693978589e-03
6.453474714783e-03,2.858481181183e+05,2.858481276557e+05,-9.537363192067e-03
6.451230808414e-03,2.859469721595e+05,2.859469816975e+05,-9.538015176076e-03
6.448988461940e-03,2.860458258057e+05,2.860458353444e+05,-9.538646205328e-03
6.446747673732e-03,2.861446790569e+05,2.861446885962e+05,-9.539257967845e-03
6.444508442167e-03,2.862435319132e+05,2.862435414530e+05,-9.539850172587e-03
6.442270765625e-03,2.863423843744e+05,2.863423939148e+05,-9.540423809085e-03
6.440034642485e-03,2.864412364406e+05,2.864412459816e+05,-9.540977538563e-03
6.437800071131e-03,2.865400881119e+05,2.865400976534e+05,-9.541510953568e-03
6.435567049948e-03,2.866389393882e+05,2.866389489302e+05,-9.542026789859e-03
6.433335577323e-03,2.867377902694e+05,2.867377998120e+05,-9.542521904223e-03
6.431105651646e-03,2.868366407558e+05,2.868366502988e+05,-9.542997344397e-03
6.428877271310e-03,2.869354908471e+05,2.869355003905e+05,-9.543454798404e-03
6.426650434707e-03,2.870343405434e+05,2.870343500873e+05,-9.543892170768e-03
6.424425140235e-03,2.871331898448e+05,2.871331993891e+05,-9.544310800266e-03
6.422201386293e-03,2.872320387512e+05,2.872320482959e+05,-9.544709231704e-03
6.419979171280e-03,2.873308872627e+05,2.873308968078e+05,-9.545088571031e-03
6.417758493601e-03,2.874297353792e+05,2.874297449246e+05,-9.545448701829e-03
6.415539351660e-03,2.875285831007e+05,2.875285926465e+05,-9.545790497214e-03
6.413321743864e-03,2.876274304272e+05,2.876274399734e+05,-9.546111221425e-03
6.411105668625e-03,2.877262773589e+05,2.877262869053e+05,-9.546413493808e-03
6.408891124352e-03,2.878251238955e+05,2.878251334422e+05,-9.546696790494e-03
6.406678109461e-03,2.879239700372e+05,2.879239795842e+05,-9.546960936859e-03
6.404466622368e-03,2.880228157839e+05,2.880228253311e+05,-9.547206165735e-03
6.402256661491e-03,2.881216611357e+05,2.881216706832e+05,-9.547432302497e-03
6.400048225250e-03,2.882205060926e+05,2.882205156402e+05,-9.547638357617e-03
6.397841312069e-03,2.883193506545e+05,2.883193602023e+05,-9.547824738547e-03
6.395635920372e-03,2.884181948215e+05,2.884182043695e+05,-9.547993890010e-03
6.393432048587e-03,2.885170385935e+05,2.885170481416e+05,-9.548141795676e-03
6.391229695143e-03,2.886158819706e+05,2.886158915189e+05,-9.548271482345e-03
6.389028858471e-03,2.887147249528e+05,2.887147345011e+05,-9.548382658977e-03
6.386829537005e-03,2.888135675400e+05,2.888135770885e+05,-9.548473986797e-03
6.384631729181e-03,2.889124097323e+05,2.889124192808e+05,-9.548547153827e-03
6.382435433437e-03,2.890112515297e+05,2.890112610783e+05,-9.548600297421e-03
6.380240648212e-03,2.891100929321e+05,2.891101024808e+05,-9.548634756356e-03
6.378047371949e-03,2.892089339397e+05,2.892089434883e+05,-9.548650530633e-03
6.375855603093e-03,2.893077745523e+05,2.893077841009e+05,-9.548645815812e-03
6.373665340089e-03,2.894066147700e+05,2.894066243186e+05,-9.548622765578e-03
6.371476581387e-03,2.895054545928e+05,2.895054641413e+05,-9.548582311254e-03
6.369289325438e-03,2.896042940206e+05,2.896043035692e+05,-9.548520436510e-03
6.367103570693e-03,2.897031330536e+05,2.897031426020e+05,-9.548441506922e-03
6.364919315609e-03,2.898019716917e+05,2.898019812400e+05,-9.548342262860e-03
6.362736558642e-03,2.899008099348e+05,2.899008194830e+05,-9.548223984893e-03
6.360555298252e-03,2.899996477831e+05,2.899996573312e+05,-9.548088361043e-03
6.358375532899e-03,2.900984852364e+05,2.900984947844e+05,-9.547931782436e-03
6.356197261048e-03,2.901973222949e+05,2.901973318427e+05,-9.547757566907e-03
6.354020481164e-03,2.902961589585e+05,2.902961685060e+05,-9.547564550303e-03
6.351845191715e-03,2.903949952271e+05,2.903950047745e+05,-9.547352674417e-03
6.349671391170e-03,2.904938311009e+05,2.904938406481e+05,-9.547121066134e-03
6.347499078002e-03,2.905926665798e+05,2.905926761267e+05,-9.546871879138e-03
6.345328250684e-03,2.906915016639e+05,2.906915112105e+05,-9.546602086630e-03
6.343158907692e-03,2.907903363530e+05,2.907903458993e+05,-9.546313958708e-03
6.340991047505e-03,2.908891706473e+05,2.908891801933e+05,-9.546007728204e-03
6.338824668603e-03,2.909880045466e+05,2.909880140923e+05,-9.545681881718e-03
6.336659769467e-03,2.910868380511e+05,2.910868475965e+05,-9.545339038596e-03
6.334496348583e-03,2.911856711608e+05,2.911856807058e+05,-9.544975822791e-03
6.332334404437e-03,2.912845038755e+05,2.912845134201e+05,-9.544593398459e-03
6.330173935517e-03,2.913833361954e+05,2.913833457396e+05,-9.544193046167e-03
6.328014940314e-03,2.914821681205e+05,2.914821776643e+05,-9.543773543555e-03
6.325857417320e-03,2.915809996507e+05,2.915810091940e+05,-9.543335705530e-03
6.323701365031e-03,2.916798307860e+05,2.916798403289e+05,-9.542879532091e-03
6.321546781942e-03,2.917786615264e+05,2.917786710688e+05,-9.542404208332e-03
6.319393666553e-03,2.918774918720e+05,2.918775014139e+05,-9.541910665575e-03
6.317242017365e-03,2.919763218228e+05,2.919763313642e+05,-9.541397506837e-03
6.315091832880e-03,2.920751513787e+05,2.920751609196e+05,-9.540865314193e-03
6.312943111603e-03,2.921739805397e+05,2.921739900801e+05,-9.540316241328e-03
6.310795852041e-03,2.922728093060e+05,2.922728188457e+05,-9.539747552481e-03
6.308650052703e-03,2.923716376773e+05,2.923716472165e+05,-9.539159480482e-03
6.306505712101e-03,2.924704656539e+05,2.924704751924e+05,-9.538553538732e-03
6.304362828746e-03,2.925692932355e+05,2.925693027735e+05,-9.537929901853e-03
6.302221401155e-03,2.926681204224e+05,2.926681299597e+05,-9.537286241539e-03
6.300081427844e-03,2.927669472144e+05,2.927669567511e+05,-9.536624595057e-03
6.297942907332e-03,2.928657736116e+05,2.928657831476e+05,-9.535944322124e-03
6.295805838140e-03,2.929645996140e+05,2.929646091492e+05,-9.535244898871e-03
6.293670218792e-03,2.930634252215e+05,2.930634347561e+05,-9.534528013319e-03
6.291536047813e-03,2.931622504343e+05,2.931622599681e+05,-9.533792152070e-03
6.289403323729e-03,2.932610752522e+05,2.932610847852e+05,-9.533037955407e-03
6.287272045069e-03,2.933598996752e+05,2.933599092075e+05,-9.532265248708e-03
6.285142210366e-03,2.934587237035e+05,2.934587332350e+05,-9.531473857351e-03
6.283013818151e-03,2.935575473370e+05,2.935575568676e+05,-9.530665178318e-03
6.280886866960e-03,2.936563705756e+05,2.936563801055e+05,-9.529836941510e-03
6.278761355330e-03,2.937551934195e+05,2.937552029484e+05,-9.528989845421e-03
6.276637281800e-03,2.938540158685e+05,2.938540253966e+05,-9.528124181088e-03
6.274514644910e-03,2.939528379227e+05,2.939528474500e+05,-9.527240996249e-03
6.272393443205e-03,2.940516595821e+05,2.940516691085e+05,-9.526339592412e-03
6.270273675228e-03,2.941504808468e+05,2.941504903722e+05,-9.525418921839e-03
6.268155339527e-03,2.942493017166e+05,2.942493112411e+05,-9.524481429253e-03
6.266038434650e-03,2.943481221917e+05,2.943481317152e+05,-9.523524146061e-03
6.263922959149e-03,2.944469422719e+05,2.944469517945e+05,-9.522548585664e-03
6.261808911576e-03,2.945457619574e+05,2.945457714789e+05,-9.521554980893e-03
6.259696290486e-03,2.946445812481e+05,2.946445907686e+05,-9.520544030238e-03
6.257585094435e-03,2.947434001439e+05,2.947434096635e+05,-9.519513580017e-03
6.255475321982e-03,2.948422186451e+05,2.948422281635e+05,-9.518465260044e-03
6.253366971689e-03,2.949410367514e+05,2.949410462688e+05,-9.517398895696e-03
6.251260042116e-03,2.950398544630e+05,2.950398639793e+05,-9.516313730273e-03
6.249154531829e-03,2.951386717798e+05,2.951386812950e+05,-9.515211160760e-03
6.247050439394e-03,2.952374887018e+05,2.952374982159e+05,-9.514089906588e-03
6.244947763379e-03,2.953363052290e+05,2.953363147420e+05,-9.512949676719e-03
6.242846502355e-03,2.954351213615e+05,2.954351308733e+05,-9.511792333797e-03
6.240746654894e-03,2.955339370992e+05,2.955339466098e+05,-9.510615956970e-03
6.238648219570e-03,2.956327524422e+05,2.956327619516e+05,-9.509422816336e-03
6.236551194958e-03,2.957315673904e+05,2.957315768986e+05,-9.508209652267e-03
6.234455579637e-03,2.958303819438e+05,2.958303914508e+05,-9.506980015431e-03
6.232361372187e-03,2.959291961025e+05,2.959292056082e+05,-9.505731693935e-03
6.230268571189e-03,2.960280098665e+05,2.960280193709e+05,-9.504464513157e-03
6.228177175227e-03,2.961268232356e+05,2.961268327388e+05,-9.503180452157e-03
6.226087182886e-03,2.962256362101e+05,2.962256457120e+05,-9.501877124421e-03
6.223998592754e-03,2.963244487898e+05,2.963244582903e+05,-9.500556800049e-03
6.221911403421e-03,2.964232609747e+05,2.964232704740e+05,-9.499218082055e-03
6.219825613476e-03,2.965220727650e+05,2.965220822628e+05,-9.497861319687e-03
6.217741221515e-03,2.966208841604e+05,2.966208936569e+05,-9.496485930867e-03
6.215658226131e-03,2.967196951612e+05,2.967197046563e+05,-9.495093196165e-03
6.213576625921e-03,2.968185057672e+05,2.968185152609e+05,-9.493683464825e-03
6.211496419484e-03,2.969173159785e+05,2.969173254708e+05,-9.492254059296e-03
6.209417605422e-03,2.970161257951e+05,2.970161352859e+05,-9.490807366092e-03
6.207340182335e-03,2.971149352169e+05,2.971149447062e+05,-9.489342512097e-03
6.205264148829e-03,2.972137442440e+05,2.972137537319e+05,-9.487860254012e-03
6.203189503511e-03,2.973125528764e+05,2.973125623628e+05,-9.486358903814e-03
6.201116244987e-03,2.974113611141e+05,2.974113705989e+05,-9.484841022640e-03
6.199044371868e-03,2.975101689571e+05,2.975101784404e+05,-9.483305097092e-03
6.196973882766e-03,2.976089764053e+05,2.976089858871e+05,-9.481750952546e-03
6.194904776294e-03,2.977077834589e+05,2.977077929390e+05,-9.480178530794e-03
6.192837051068e-03,2.978065901177e+05,2.978065995963e+05,-9.478588530328e-03
6.190770705706e-03,2.979053963818e+05,2.979054058588e+05,-9.476980951149e-03
6.188705738826e-03,2.980042022513e+05,2.980042117266e+05,-9.475354978349e-03
6.186642149050e-03,2.981030077260e+05,2.981030171997e+05,-9.473712125327e-03
6.184579935000e-03,2.982018128060e+05,2.982018222781e+05,-9.472051053308e-03
6.182519095302e-03,2.983006174914e+05,2.983006269617e+05,-9.470371645875e-03
6.180459628581e-03,2.983994217820e+05,2.983994312507e+05,-9.468675358221e-03
6.178401533467e-03,2.984982256780e+05,2.984982351449e+05,-9.466960793361e-03
6.176344808589e-03,2.985970291792e+05,2.985970386445e+05,-9.465228009503e-03
6.174289452579e-03,2.986958322858e+05,2.986958417493e+05,-9.463479043916e-03
6.172235464072e-03,2.987946349977e+05,2.987946444594e+05,-9.461711044423e-03
6.170182841703e-03,2.988934373150e+05,2.988934467749e+05,-9.459926513955e-03
6.168131584109e-03,2.989922392375e+05,2.989922486956e+05,-9.458123298828e-03
6.166081689930e-03,2.990910407654e+05,2.990910502217e+05,-9.456302854232e-03
6.164033157807e-03,2.991898418986e+05,2.991898513530e+05,-9.454465238377e-03
6.161985986383e-03,2.992886426371e+05,2.992886520897e+05,-9.452608879656e-03
6.159940174303e-03,2.993874429810e+05,2.993874524317e+05,-9.450735873543e-03
6.157895720212e-03,2.994862429301e+05,2.994862523790e+05,-9.448845172301e-03
6.155852622760e-03,2.995850424847e+05,2.995850519316e+05,-9.446936135646e-03
6.153810880597e-03,2.996838416446e+05,2.996838510896e+05,-9.445010335185e-03
6.151770492374e-03,2.997826404098e+05,2.997826498528e+05,-9.443066664971e-03
6.149731456745e-03,2.998814387803e+05,2.998814482214e+05,-9.441104950383e-03
6.147693772366e-03,2.999802367562e+05,2.999802461954e+05,-9.439126704820e-03
6.145657437893e-03,3.000790343375e+05,3.000790437746e+05,-9.437131113373e-03
6.143622451987e-03,3.001778315241e+05,3.001778409592e+05,-9.435116953682e-03
6.141588813307e-03,3.002766283161e+05,3.002766377491e+05,-9.433086554054e-03
6.139556520516e-03,3.003754247134e+05,3.003754341444e+05,-9.431037702598e-03
6.137525572279e-03,3.004742207161e+05,3.004742301450e+05,-9.428971388843e-03
6.135495967262e-03,3.005730163241e+05,3.005730257510e+05,-9.426887845621e-03
6.133467704132e-03,3.006718115375e+05,3.006718209623e+05,-9.424787713215e-03
6.131440781560e-03,3.007706063563e+05,3.007706157789e+05,-9.422668372281e-03
6.129415198216e-03,3.008694007804e+05,3.008694102009e+05,-9.420532674994e-03
6.127390952774e-03,3.009681948099e+05,3.009682042283e+05,-9.418380213901e-03
6.125368043909e-03,3.010669884448e+05,3.010669978610e+05,-9.416209359188e-03
6.123346470297e-03,3.011657816851e+05,3.011657910991e+05,-9.414022497367e-03
6.121326230617e-03,3.012645745307e+05,3.012645839425e+05,-9.411816659849e-03
6.119307323549e-03,3.013633669817e+05,3.013633763913e+05,-9.409594989847e-03
6.117289747774e-03,3.014621590381e+05,3.014621684455e+05,-9.407355100848e-03
6.115273501978e-03,3.015609506999e+05,3.015609601050e+05,-9.405098564457e-03
6.113258584843e-03,3.016597419671e+05,3.016597513699e+05,-9.402824041899e-03
6.111244995059e-03,3.017585328397e+05,3.017585422402e+05,-9.400533454027e-03
6.109232731314e-03,3.018573233176e+05,3.018573327159e+05,-9.398224356119e-03
6.107221792298e-03,3.019561134010e+05,3.019561227969e+05,-9.395899600349e-03
6.105212176703e-03,3.020549030898e+05,3.020549124833e+05,-9.393555286806e-03
6.103203883224e-03,3.021536923839e+05,3.021537017751e+05,-9.391196130309e-03
6.101196910556e-03,3.022524812835e+05,3.022524906723e+05,-9.388818347361e-03
6.099191257396e-03,3.023512697885e+05,3.023512791749e+05,-9.386424149852e-03
6.097186922445e-03,3.024500578988e+05,3.024500672829e+05,-9.384012606461e-03
6.095183904402e-03,3.025488456146e+05,3.025488549962e+05,-9.381584182847e-03
6.093182201970e-03,3.026476329358e+05,3.026476423150e+05,-9.379138064105e-03
6.091181813854e-03,3.027464198625e+05,3.027464292391e+05,-9.376675006934e-03
6.089182738759e-03,3.028452063945e+05,3.028452157687e+05,-9.374194662087e-03
6.087184975394e-03,3.029439925320e+05,3.029440019037e+05,-9.371697611641e-03
6.085188522466e-03,3.030427782748e+05,3.030427876440e+05,-9.369183622766e-03
6.083193378689e-03,3.031415636232e+05,3.031415729898e+05,-9.366652346216e-03
6.081199542773e-03,3.032403485769e+05,3.032403579410e+05,-9.364105004352e-03
6.079207013434e-03,3.033391331361e+05,3.033391424976e+05,-9.361539036036e-03
6.077215789387e-03,3.034379173007e+05,3.034379266596e+05,-9.358957584482e-03
6.075225869352e-03,3.035367010707e+05,3.035367104271e+05,-9.356358612422e-03
6.073237252046e-03,3.036354844462e+05,3.036354937999e+05,-9.353742643725e-03
6.071249936191e-03,3.037342674271e+05,3.037342767782e+05,-9.351108688861e-03
6.069263920510e-03,3.038330500134e+05,3.038330593619e+05,-9.348460182082e-03
6.067279203728e-03,3.039318322052e+05,3.039318415510e+05,-9.345792524982e-03
6.065295784570e-03,3.040306140025e+05,3.040306233456e+05,-9.343109210022e-03
6.063313661765e-03,3.041293954052e+05,3.041294047456e+05,-9.340407792479e-03
6.061332834041e-03,3.042281764133e+05,3.042281857510e+05,-9.337691531982e-03
6.059353300131e-03,3.043269570270e+05,3.043269663619e+05,-9.334956936073e-03
6.057375058766e-03,3.044257372460e+05,3.044257465782e+05,-9.332204819657e-03
6.055398108681e-03,3.045245170705e+05,3.045245264000e+05,-9.329437743872e-03
6.053422448613e-03,3.046232965005e+05,3.046233058272e+05,-9.326652565505e-03
6.051448077299e-03,3.047220755360e+05,3.047220848598e+05,-9.323851671070e-03
6.049474993479e-03,3.048208541769e+05,3.048208634979e+05,-9.321033954620e-03
6.047503195893e-03,3.049196324233e+05,3.049196417415e+05,-9.318198426627e-03
6.045532683284e-03,3.050184102752e+05,3.050184195905e+05,-9.315347415395e-03
6.043563454397e-03,3.051171877325e+05,3.051171970450e+05,-9.312478417996e-03
6.041595507978e-03,3.052159647953e+05,3.052159741049e+05,-9.309592831414e-03
6.039628842773e-03,3.053147414636e+05,3.053147507703e+05,-9.306691528764e-03
6.037663457533e-03,3.054135177374e+05,3.054135270412e+05,-9.303772589192e-03
6.035699351008e-03,3.055122936167e+05,3.055123029175e+05,-9.300838748459e-03
6.033736521951e-03,3.056110691014e+05,3.056110783993e+05,-9.297886746936e-03
6.031774969116e-03,3.057098441916e+05,3.057098534866e+05,-9.294918214437e-03
6.029814691258e-03,3.058086188874e+05,3.058086281793e+05,-9.291933325585e-03
6.027855687135e-03,3.059073931886e+05,3.059074024775e+05,-9.288931847550e-03
6.025897955505e-03,3.060061670953e+05,3.060061763812e+05,-9.285914071370e-03
6.023941495130e-03,3.061049406075e+05,3.061049498904e+05,-9.282878483646e-03
6.021986304771e-03,3.062037137253e+05,3.062037230051e+05,-9.279827761929e-03
6.020032383193e-03,3.063024864485e+05,3.063024957253e+05,-9.276760683861e-03
6.018079729160e-03,3.064012587772e+05,3.064012680509e+05,-9.273676434532e-03
6.016128341440e-03,3.065000307115e+05,3.065000399820e+05,-9.270575188566e-03
6.014178218801e-03,3.065988022512e+05,3.065988115187e+05,-9.267458110116e-03
6.012229360013e-03,3.066975733965e+05,3.066975826608e+05,-9.264324966352e-03
6.010281763848e-03,3.067963441473e+05,3.067963534085e+05,-9.261173836421e-03
6.008335429080e-03,3.068951145036e+05,3.068951237616e+05,-9.258008096367e-03
6.006390354484e-03,3.069938844654e+05,3.069938937202e+05,-9.254825359676e-03
6.004446538835e-03,3.070926540328e+05,3.070926632844e+05,-9.251625800971e-03
6.002503980912e-03,3.071914232056e+05,3.071914324540e+05,-9.248408838175e-03
6.000562679495e-03,3.072901919840e+05,3.072902012292e+05,-9.245177730918e-03
5.998622633366e-03,3.073889603680e+05,3.073889696099e+05,-9.241929161362e-03
5.996683841306e-03,3.074877283575e+05,3.074877375961e+05,-9.238663944416e-03
5.994746302100e-03,3.075864959525e+05,3.075865051878e+05,-9.235383651685e-03
5.992810014535e-03,3.076852631530e+05,3.076852723851e+05,-9.232085430995e-03
5.990874977397e-03,3.077840299591e+05,3.077840391879e+05,-9.228772833012e-03
5.988941189477e-03,3.078827963707e+05,3.078828055962e+05,-9.225441841409e-03
5.987008649564e-03,3.079815623879e+05,3.079815716100e+05,-9.222095832229e-03
5.985077356452e-03,3.080803280106e+05,3.080803372294e+05,-9.218734514434e-03
5.983147308933e-03,3.081790932389e+05,3.081791024543e+05,-9.215355035849e-03
5.981218505803e-03,3.082778580727e+05,3.082778672847e+05,-9.211960074026e-03
5.979290945859e-03,3.083766225121e+05,3.083766317207e+05,-9.208548639435e-03
5.977364627899e-03,3.084753865571e+05,3.084753957622e+05,-9.205122070853e-03
5.975439550725e-03,3.085741502076e+05,3.085741594092e+05,-9.201678971294e-03
5.973515713136e-03,3.086729134636e+05,3.086729226619e+05,-9.198218816891e-03
5.971593113936e-03,3.087716763253e+05,3.087716855200e+05,-9.194744285196e-03
5.969671751930e-03,3.088704387925e+05,3.088704479837e+05,-9.191251592711e-03
5.967751625925e-03,3.089692008652e+05,3.089692100530e+05,-9.187743882649e-03
5.965832734727e-03,3.090679625436e+05,3.090679717278e+05,-9.184220281895e-03
5.963915077146e-03,3.091667238275e+05,3.091667330082e+05,-9.180680208374e-03
5.961998651992e-03,3.092654847170e+05,3.092654938941e+05,-9.177124069538e-03
5.960083458079e-03,3.093642452121e+05,3.093642543856e+05,-9.173552331049e-03
5.958169494220e-03,3.094630053127e+05,3.094630144827e+05,-9.169964119792e-03
5.956256759230e-03,3.095617650190e+05,3.095617741854e+05,-9.166360949166e-03
5.954345251926e-03,3.096605243308e+05,3.096605334936e+05,-9.162739326712e-03
5.952434971126e-03,3.097592832483e+05,3.097592924074e+05,-9.159104432911e-03
5.950525915651e-03,3.098580417713e+05,3.098580509267e+05,-9.155451902188e-03
5.948618084322e-03,3.099567998999e+05,3.099568090517e+05,-9.151783946436e-03
5.946711475962e-03,3.100555576341e+05,3.100555667822e+05,-9.148101089522e-03
5.944806089394e-03,3.101543149739e+05,3.101543241183e+05,-9.144401235972e-03
5.942901923447e-03,3.102530719193e+05,3.102530810600e+05,-9.140685491730e-03
5.940998976945e-03,3.103518284703e+05,3.103518376073e+05,-9.136953915004e-03
5.939097248720e-03,3.104505846270e+05,3.104505937602e+05,-9.133207669947e-03
5.937196737600e-03,3.105493403892e+05,3.105493495187e+05,-9.129444544669e-03
5.935297442418e-03,3.106480957571e+05,3.106481048827e+05,-9.125665586907e-03
5.933399362008e-03,3.107468507305e+05,3.107468598524e+05,-9.121871087700e-03
5.931502495205e-03,3.108456053096e+05,3.108456144277e+05,-9.118059766479e-03
5.929606840844e-03,3.109443594943e+05,3.109443686085e+05,-9.114233485889e-03
5.927712397764e-03,3.110431132846e+05,3.110431223950e+05,-9.110391896684e-03
5.925819164804e-03,3.111418666806e+05,3.111418757871e+05,-9.106534882449e-03
5.923927140805e-03,3.112406196822e+05,3.112406287848e+05,-9.102660871577e-03
5.922036324609e-03,3.113393722894e+05,3.113393813881e+05,-9.098772541620e-03
5.920146715061e-03,3.114381245022e+05,3.114381335971e+05,-9.094867797103e-03
5.918258311005e-03,3.115368763207e+05,3.115368854116e+05,-9.090947394725e-03
5.916371111288e-03,3.116356277448e+05,3.116356368318e+05,-9.087011159863e-03
5.914485114759e-03,3.117343787745e+05,3.117343878576e+05,-9.083059034310e-03
5.912600320268e-03,3.118331294099e+05,3.118331384890e+05,-9.079091949388e-03
5.910716726665e-03,3.119318796509e+05,3.119318887261e+05,-9.075108682737e-03
5.908834332803e-03,3.120306294976e+05,3.120306385687e+05,-9.071110223886e-03
5.906953137536e-03,3.121293789500e+05,3.121293880170e+05,-9.067097213119e-03
5.905073139720e-03,3.122281280079e+05,3.122281370710e+05,-9.063067089301e-03
5.903194338212e-03,3.123268766716e+05,3.123268857306e+05,-9.059022529982e-03
5.901316731870e-03,3.124256249409e+05,3.124256339958e+05,-9.054961556103e-03
5.899440319555e-03,3.125243728158e+05,3.125243818667e+05,-9.050885040779e-03
5.897565100127e-03,3.126231202964e+05,3.126231293432e+05,-9.046794148162e-03
5.895691072450e-03,3.127218673827e+05,3.127218764254e+05,-9.042686375324e-03
5.893818235388e-03,3.128206140746e+05,3.128206231132e+05,-9.038564749062e-03
5.891946587806e-03,3.129193603723e+05,3.129193694067e+05,-9.034426009748e-03
5.890076128571e-03,3.130181062755e+05,3.130181153058e+05,-9.030272893142e-03
5.888206856553e-03,3.131168517845e+05,3.131168608106e+05,-9.026105108205e-03
5.886338770622e-03,3.132155968991e+05,3.132156059211e+05,-9.021919744555e-03
5.884471869648e-03,3.133143416195e+05,3.133143506372e+05,-9.017720760312e-03
5.882606152505e-03,3.134130859454e+05,3.134130949590e+05,-9.013506351039e-03
5.880741618067e-03,3.135118298771e+05,3.135118388864e+05,-9.009275061544e-03
5.878878265209e-03,3.136105734145e+05,3.136105824195e+05,-9.005029918626e-03
5.877016092810e-03,3.137093165575e+05,3.137093255583e+05,-9.000769932754e-03
5.875155099747e-03,3.138080593063e+05,3.138080683028e+05,-8.996492892038e-03
5.873295284900e-03,3.139068016607e+05,3.139068106529e+05,-8.992202463560e-03
5.871436647152e-03,3.140055436209e+05,3.140055526087e+05,-8.987895445898e-03
5.869579185384e-03,3.141042851867e+05,3.141042941703e+05,-8.983574225567e-03
5.867722898482e-03,3.142030263582e+05,3.142030353375e+05,-8.979236939922e-03
5.865867785330e-03,3.143017671355e+05,3.143017761103e+05,-8.974884578492e-03
5.864013844817e-03,3.144005075184e+05,3.144005164889e+05,-8.970518072601e-03
5.862161075829e-03,3.144992475070e+05,3.144992564732e+05,-8.966135559604e-03
5.860309477258e-03,3.145979871014e+05,3.145979960631e+05,-8.961736864876e-03
5.858459047995e-03,3.146967263015e+05,3.146967352588e+05,-8.957323967479e-03
5.856609786932e-03,3.147954651073e+05,3.147954740602e+05,-8.952896634582e-03
5.854761692963e-03,3.148942035188e+05,3.148942124672e+05,-8.948454458732e-03
5.852914764984e-03,3.149929415360e+05,3.149929504800e+05,-8.943995810114e-03
5.851069001892e-03,3.150916791590e+05,3.150916880985e+05,-8.939522260334e-03
5.849224402585e-03,3.151904163876e+05,3.151904253227e+05,-8.935034624301e-03
5.847380965963e-03,3.152891532220e+05,3.152891621526e+05,-8.930531388614e-03
5.845538690926e-03,3.153878896622e+05,3.153878985882e+05,-8.926013601013e-03
5.843697576378e-03,3.154866257080e+05,3.154866346295e+05,-8.921480271965e-03
5.841857621222e-03,3.155853613596e+05,3.155853702766e+05,-8.916931925341e-03
5.840018824363e-03,3.156840966170e+05,3.156841055293e+05,-8.912368211895e-03
5.838181184707e-03,3.157828314801e+05,3.157828403878e+05,-8.907791285310e-03
5.836344701164e-03,3.158815659489e+05,3.158815748521e+05,-8.903198468033e-03
5.834509372642e-03,3.159803000234e+05,3.159803089220e+05,-8.898590283934e-03
5.832675198051e-03,3.160790337038e+05,3.160790425977e+05,-8.893967664335e-03
5.830842176304e-03,3.161777669898e+05,3.161777758792e+05,-8.889329445083e-03
5.829010306315e-03,3.162764998816e+05,3.162765087663e+05,-8.884677139577e-03
5.827179586997e-03,3.163752323792e+05,3.163752412592e+05,-8.880010223947e-03
5.825350017268e-03,3.164739644825e+05,3.164739733579e+05,-8.875327941496e-03
5.823521596045e-03,3.165726961916e+05,3.165727050623e+05,-8.870630466845e-03
5.821694322247e-03,3.166714275065e+05,3.166714363724e+05,-8.865918614902e-03
5.819868194793e-03,3.167701584271e+05,3.167701672883e+05,-8.861192734912e-03
5.818043212606e-03,3.168688889535e+05,3.168688978099e+05,-8.856451837346e-03
5.816219374608e-03,3.169676190856e+05,3.169676279373e+05,-8.851696038619e-03
5.814396679724e-03,3.170663488236e+05,3.170663576705e+05,-8.846925571561e-03
5.812575126880e-03,3.171650781673e+05,3.171650870094e+05,-8.842139388435e-03
5.810754715002e-03,3.172638071168e+05,3.172638159541e+05,-8.837339235470e-03
5.808935443018e-03,3.173625356720e+05,3.173625445045e+05,-8.832525287289e-03
5.807117309859e-03,3.174612638331e+05,3.174612726607e+05,-8.827695040964e-03
5.805300314456e-03,3.175599915999e+05,3.175600004227e+05,-8.822851988953e-03
5.803484455740e-03,3.176587189725e+05,3.176587277905e+05,-8.817992464174e-03
5.801669732645e-03,3.177574459509e+05,3.177574547640e+05,-8.813119842671e-03
5.799856144108e-03,3.178561725351e+05,3.178561813433e+05,-8.808232843876e-03
5.798043689063e-03,3.179548987251e+05,3.179549075284e+05,-8.803330187220e-03
5.796232366448e-03,3.180536245208e+05,3.180536333193e+05,-8.798413909972e-03
5.794422175203e-03,3.181523499224e+05,3.181523587159e+05,-8.793481043540e-03
5.792613114268e-03,3.182510749298e+05,3.182510837183e+05,-8.788535604253e-03
5.790805182584e-03,3.183497995430e+05,3.183498083266e+05,-8.783574856352e-03
5.788998379095e-03,3.184485237620e+05,3.184485325406e+05,-8.778600837104e-03
5.787192702745e-03,3.185472475868e+05,3.185472563604e+05,-8.773611276411e-03
5.785388152479e-03,3.186459710174e+05,3.186459797860e+05,-8.768607745878e-03
5.783584727244e-03,3.187446940538e+05,3.187447028174e+05,-8.763589838054e-03
5.781782425989e-03,3.188434166961e+05,3.188434254546e+05,-8.758555923123e-03
5.779981247664e-03,3.189421389441e+05,3.189421476977e+05,-8.753509260714e-03
5.778181191218e-03,3.190408607980e+05,3.190408695465e+05,-8.748448803090e-03
5.776382255604e-03,3.191395822577e+05,3.191395910011e+05,-8.743372280151e-03
5.774584439776e-03,3.192383033233e+05,3.192383120616e+05,-8.738282660488e-03
5.772787742688e-03,3.193370239946e+05,3.193370327278e+05,-8.733177965041e-03
5.770992163297e-03,3.194357442718e+05,3.194357529999e+05,-8.728060522117e-03
5.769197700560e-03,3.195344641549e+05,3.195344728778e+05,-8.722926839255e-03
5.767404353435e-03,3.196331836437e+05,3.196331923615e+05,-8.717779652216e-03
5.765612120883e-03,3.197319027384e+05,3.197319114510e+05,-8.712617913261e-03
5.763821001864e-03,3.198306214390e+05,3.198306301464e+05,-8.707442961168e-03
5.762030995342e-03,3.199293397454e+05,3.199293484476e+05,-8.702251885552e-03
5.760242100279e-03,3.200280576576e+05,3.200280663546e+05,-8.697048644535e-03
5.758454315642e-03,3.201267751757e+05,3.201267838675e+05,-8.691829745658e-03
5.756667640397e-03,3.202254922996e+05,3.202255009862e+05,-8.686597517226e-03
5.754882073511e-03,3.203242090294e+05,3.203242177107e+05,-8.681350795086e-03
5.753097613953e-03,3.204229253650e+05,3.204229340411e+05,-8.676090568770e-03
5.751314260694e-03,3.205216413065e+05,3.205216499774e+05,-8.670815150253e-03
5.749532012705e-03,3.206203568539e+05,3.206203655194e+05,-8.665527275298e-03
5.747750868959e-03,3.207190720071e+05,3.207190806673e+05,-8.660223858897e-03
5.745970828430e-03,3.208177867662e+05,3.208177954211e+05,-8.654907927848e-03
5.744191890093e-03,3.209165011312e+05,3.209165097807e+05,-8.649575524032e-03
5.742414052925e-03,3.210152151020e+05,3.210152237462e+05,-8.644231536891e-03
5.740637315903e-03,3.211139286787e+05,3.211139373176e+05,-8.638872299343e-03
5.738861678008e-03,3.212126418613e+05,3.212126504948e+05,-8.633498626295e-03
5.737087138219e-03,3.213113546497e+05,3.213113632778e+05,-8.628112089355e-03
5.735313695518e-03,3.214100670440e+05,3.214100756668e+05,-8.622711407952e-03
5.733541348888e-03,3.215087790443e+05,3.215087876616e+05,-8.617295941804e-03
5.731770097312e-03,3.216074906504e+05,3.216074992622e+05,-8.611866564024e-03
5.729999939778e-03,3.217062018624e+05,3.217062104688e+05,-8.606425370090e-03
5.728230875270e-03,3.218049126802e+05,3.218049212812e+05,-8.600967295934e-03
5.726462902778e-03,3.219036231040e+05,3.219036316995e+05,-8.595497289207e-03
5.724696021290e-03,3.220023331337e+05,3.220023417237e+05,-8.590013196226e-03
5.722930229796e-03,3.221010427692e+05,3.221010513537e+05,-8.584515482653e-03
5.721165527290e-03,3.221997520107e+05,3.221997605897e+05,-8.579002926126e-03
5.719401912762e-03,3.222984608581e+05,3.222984694315e+05,-8.573477563914e-03
5.717639385208e-03,3.223971693113e+05,3.223971778793e+05,-8.567938697524e-03
5.715877943623e-03,3.224958773705e+05,3.224958859329e+05,-8.562384813558e-03
5.714117587003e-03,3.225945850356e+05,3.225945935924e+05,-8.556817250792e-03
5.712358314347e-03,3.226932923066e+05,3.226933008578e+05,-8.551237348001e-03
5.710600124654e-03,3.227919991835e+05,3.227920077292e+05,-8.545642951503e-03
5.708843016923e-03,3.228907056663e+05,3.228907142064e+05,-8.540034468751e-03
5.707086990157e-03,3.229894117551e+05,3.229894202895e+05,-8.534412714653e-03
5.705332043358e-03,3.230881174498e+05,3.230881259785e+05,-8.528778154869e-03
5.703578175530e-03,3.231868227504e+05,3.231868312735e+05,-8.523128053639e-03
5.701825385679e-03,3.232855276569e+05,3.232855361744e+05,-8.517466078047e-03
5.700073672811e-03,3.233842321693e+05,3.233842406811e+05,-8.511789725162e-03
5.698323035934e-03,3.234829362877e+05,3.234829447938e+05,-8.506100741215e-03
5.696573474056e-03,3.235816400121e+05,3.235816485125e+05,-8.500396099407e-03
5.694824986188e-03,3.236803433423e+05,3.236803518370e+05,-8.494679932483e-03
5.693077571341e-03,3.237790462785e+05,3.237790547675e+05,-8.488950086758e-03
5.691331228528e-03,3.238777488206e+05,3.238777573039e+05,-8.483205048833e-03
5.689585956762e-03,3.239764509687e+05,3.239764594462e+05,-8.477448136546e-03
5.687841755058e-03,3.240751527228e+05,3.240751611944e+05,-8.471676963381e-03
5.686098622433e-03,3.241738540827e+05,3.241738625486e+05,-8.465893683024e-03
5.684356557904e-03,3.242725550487e+05,3.242725635088e+05,-8.460095501505e-03
5.682615560490e-03,3.243712556206e+05,3.243712640748e+05,-8.454283874016e-03
5.680875629210e-03,3.244699557984e+05,3.244699642469e+05,-8.448459790088e-03
5.679136763085e-03,3.245686555822e+05,3.245686640248e+05,-8.442621445283e-03
5.677398961138e-03,3.246673549720e+05,3.246673634087e+05,-8.436769596301e-03
5.675662222392e-03,3.247660539677e+05,3.247660623986e+05,-8.430904941633e-03
5.673926545872e-03,3.248647525694e+05,3.248647609944e+05,-8.425027830526e-03
5.672191930602e-03,3.249634507770e+05,3.249634591962e+05,-8.419136342127e-03
5.670458375611e-03,3.250621485907e+05,3.250621570039e+05,-8.413231407758e-03
5.668725879927e-03,3.251608460103e+05,3.251608544176e+05,-8.407313609496e-03
5.666994442578e-03,3.252595430358e+05,3.252595514372e+05,-8.401383005548e-03
5.665264062595e-03,3.253582396674e+05,3.253582480628e+05,-8.395437849686e-03
5.663534739011e-03,3.254569359049e+05,3.254569442944e+05,-8.389481168706e-03
5.661806470857e-03,3.255556317485e+05,3.255556401320e+05,-8.383510517888e-03
5.660079257169e-03,3.256543271980e+05,3.256543355755e+05,-8.377525140531e-03
5.658353096981e-03,3.257530222535e+05,3.257530306250e+05,-8.371528470889e-03
5.656627989329e-03,3.258517169150e+05,3.258517252805e+05,-8.365518180653e-03
5.654903933252e-03,3.259504111824e+05,3.259504195419e+05,-8.359494328033e-03
5.653180927788e-03,3.260491050559e+05,3.260491134094e+05,-8.353458601050e-03
5.651458971977e-03,3.261477985354e+05,3.261478068828e+05,-8.347409486305e-03
5.649738064860e-03,3.262464916209e+05,3.262464999622e+05,-8.341346401721e-03
5.648018205479e-03,3.263451843123e+05,3.263451926476e+05,-8.335270918906e-03
5.646299392879e-03,3.264438766098e+05,3.264438849390e+05,-8.329181640875e-03
5.644581626103e-03,3.265425685133e+05,3.265425768364e+05,-8.323080488481e-03
5.642864904197e-03,3.266412600228e+05,3.266412683398e+05,-8.316965890117e-03
5.641149226209e-03,3.267399511383e+05,3.267399594492e+05,-8.310837787576e-03
5.639434591185e-03,3.268386418599e+05,3.268386501646e+05,-8.304696588311e-03
5.637720998177e-03,3.269373321874e+05,3.269373404860e+05,-8.298542525154e-03
5.636008446233e-03,3.270360221210e+05,3.270360304134e+05,-8.292376296595e-03
5.634296934406e-03,3.271347116606e+05,3.271347199468e+05,-8.286197262350e-03
5.632586461749e-03,3.272334008062e+05,3.272334090862e+05,-8.280004432891e-03
5.630877027314e-03,3.273320895579e+05,3.273320978317e+05,-8.273798855953e-03
5.629168630158e-03,3.274307779155e+05,3.274307861831e+05,-8.267580647953e-03
5.627461269336e-03,3.275294658792e+05,3.275294741406e+05,-8.261350332759e-03
5.625754943905e-03,3.276281534490e+05,3.276281617041e+05,-8.255105640274e-03
5.624049652925e-03,3.277268406248e+05,3.277268488736e+05,-8.248849480879e-03
5.622345395455e-03,3.278255274066e+05,3.278255356492e+05,-8.242579875514e-03
5.620642170554e-03,3.279242137945e+05,3.279242220308e+05,-8.236298570409e-03
5.618939977286e-03,3.280228997884e+05,3.280229080184e+05,-8.230003935751e-03
5.617238814714e-03,3.281215853883e+05,3.281215936120e+05,-8.223694749177e-03
5.615538681901e-03,3.282202705943e+05,3.282202788117e+05,-8.217374794185e-03
5.613839577912e-03,3.283189554064e+05,3.283189636174e+05,-8.211042440962e-03
5.612141501815e-03,3.284176398245e+05,3.284176480292e+05,-8.204696525354e-03
5.610444452676e-03,3.285163238487e+05,3.285163320470e+05,-8.198337629437e-03
5.608748429565e-03,3.286150074789e+05,3.286150156709e+05,-8.191966742743e-03
5.607053431550e-03,3.287136907152e+05,3.287136989008e+05,-8.185583224986e-03
5.605359457704e-03,3.288123735576e+05,3.288123817367e+05,-8.179186319467e-03
5.603666507098e-03,3.289110560060e+05,3.289110641788e+05,-8.172778645530e-03
5.601974578804e-03,3.290097380605e+05,3.290097462268e+05,-8.166357292794e-03
5.600283671899e-03,3.291084197210e+05,3.291084278810e+05,-8.159922261257e-03
5.598593785456e-03,3.292071009877e+05,3.292071091412e+05,-8.153476577718e-03
5.596904918552e-03,3.293057818604e+05,3.293057900074e+05,-8.147016982548e-03
5.595217070265e-03,3.294044623392e+05,3.294044704797e+05,-8.140546036884e-03
5.593530239674e-03,3.295031424241e+05,3.295031505581e+05,-8.134062576573e-03
5.591844425859e-03,3.296018221150e+05,3.296018302426e+05,-8.127566077746e-03
5.590159627900e-03,3.297005014121e+05,3.297005095331e+05,-8.121056889649e-03
5.588475844880e-03,3.297991803152e+05,3.297991884298e+05,-8.114534721244e-03
5.586793075881e-03,3.298978588245e+05,3.298978669325e+05,-8.108002250083e-03
5.585111319988e-03,3.299965369398e+05,3.299965450412e+05,-8.101454819553e-03
5.583430576286e-03,3.300952146612e+05,3.300952227561e+05,-8.094896737020e-03
5.581750843863e-03,3.301938919887e+05,3.301939000770e+05,-8.088326139841e-03
5.580072121805e-03,3.302925689223e+05,3.302925770041e+05,-8.081743319053e-03
5.578394409200e-03,3.303912454621e+05,3.303912535372e+05,-8.075147343334e-03
5.576717705140e-03,3.304899216079e+05,3.304899296764e+05,-8.068539493252e-03
5.575042008714e-03,3.305885973598e+05,3.305886054218e+05,-8.061920583714e-03
5.573367319015e-03,3.306872727179e+05,3.306872807732e+05,-8.055287704337e-03
5.571693635135e-03,3.307859476821e+05,3.307859557307e+05,-8.048642543145e-03
5.570020956169e-03,3.308846222523e+05,3.308846302943e+05,-8.041986729950e-03
5.568349281212e-03,3.309832964287e+05,3.309833044641e+05,-8.035318460315e-03
5.566678609361e-03,3.310819702113e+05,3.310819782399e+05,-8.028636628296e-03
5.565008939712e-03,3.311806435999e+05,3.311806516218e+05,-8.021943736821e-03
5.563340271364e-03,3.312793165947e+05,3.312793246099e+05,-8.015237632208e-03
5.561672603417e-03,3.313779891956e+05,3.313779972041e+05,-8.008520817384e-03
5.560005934972e-03,3.314766614026e+05,3.314766694044e+05,-8.001790614799e-03
5.558340265129e-03,3.315753332158e+05,3.315753412108e+05,-7.995049178135e-03
5.556675592992e-03,3.316740046351e+05,3.316740126234e+05,-7.988295401447e-03
5.555011917665e-03,3.317726756605e+05,3.317726836420e+05,-7.981529750396e-03
5.553349238252e-03,3.318713462921e+05,3.318713542668e+05,-7.974751351867e-03
5.551687553860e-03,3.319700165298e+05,3.319700244978e+05,-7.967962650582e-03
5.550026863596e-03,3.320686863737e+05,3.320686943348e+05,-7.961160328705e-03
5.548367166567e-03,3.321673558237e+05,3.321673637780e+05,-7.954346016049e-03
5.546708461883e-03,3.322660248799e+05,3.322660328274e+05,-7.947520120069e-03
5.545050748655e-03,3.323646935422e+05,3.323647014829e+05,-7.940682233311e-03
5.543394025993e-03,3.324633618106e+05,3.324633697445e+05,-7.933832530398e-03
5.541738293011e-03,3.325620296853e+05,3.325620376123e+05,-7.926971593406e-03
5.540083548821e-03,3.326606971661e+05,3.326607050862e+05,-7.920097385067e-03
5.538429792537e-03,3.327593642530e+05,3.327593721662e+05,-7.913212466519e-03
5.536777023277e-03,3.328580309462e+05,3.328580388525e+05,-7.906315324362e-03
5.535125240155e-03,3.329566972454e+05,3.329567051449e+05,-7.899405609351e-03
5.533474442290e-03,3.330553631509e+05,3.330553710434e+05,-7.892484602053e-03
5.531824628801e-03,3.331540286625e+05,3.331540365481e+05,-7.885552651715e-03
5.530175798808e-03,3.332526937803e+05,3.332527016590e+05,-7.878607371822e-03
5.528527951430e-03,3.333513585043e+05,3.333513663760e+05,-7.871651963796e-03
5.526881085791e-03,3.334500228345e+05,3.334500306992e+05,-7.864684390370e-03
5.525235201013e-03,3.335486867708e+05,3.335486946286e+05,-7.857704127673e-03
5.523590296219e-03,3.336473503134e+05,3.336473581641e+05,-7.850713620428e-03
5.521946370536e-03,3.337460134621e+05,3.337460213058e+05,-7.843710191082e-03
5.520303423088e-03,3.338446762170e+05,3.338446840537e+05,-7.836694945581e-03
5.518661453004e-03,3.339433385781e+05,3.339433464078e+05,-7.829668815248e-03
5.517020459411e-03,3.340420005454e+05,3.340420083680e+05,-7.822630344890e-03
5.515380441439e-03,3.341406621189e+05,3.341406699345e+05,-7.815581513569e-03
5.513741398217e-03,3.342393232986e+05,3.342393311071e+05,-7.808520109393e-03
5.512103328877e-03,3.343379840845e+05,3.343379918860e+05,-7.801447703969e-03
5.510466232551e-03,3.344366444766e+05,3.344366522710e+05,-7.794363365974e-03
5.508830108373e-03,3.345353044749e+05,3.345353122622e+05,-7.787267037202e-03
5.507194955476e-03,3.346339640794e+05,3.346339718596e+05,-7.780160696711e-03
5.505560772997e-03,3.347326232902e+05,3.347326310632e+05,-7.773041201290e-03
5.503927560071e-03,3.348312821071e+05,3.348312898730e+05,-7.765910471790e-03
5.502295315836e-03,3.349299405303e+05,3.349299482890e+05,-7.758769555949e-03
5.500664039431e-03,3.350285985597e+05,3.350286063113e+05,-7.751616358291e-03
5.499033729994e-03,3.351272561953e+05,3.351272639397e+05,-7.744451577310e-03
5.497404386667e-03,3.352259134371e+05,3.352259211744e+05,-7.737275154795e-03
5.495776008590e-03,3.353245702851e+05,3.353245780152e+05,-7.730087498203e-03
5.494148594907e-03,3.354232267394e+05,3.354232344623e+05,-7.722888258286e-03
5.492522144760e-03,3.355218827999e+05,3.355218905156e+05,-7.715678133536e-03
5.490896657295e-03,3.356205384667e+05,3.356205461752e+05,-7.708456891123e-03
5.489272131657e-03,3.357191937397e+05,3.357192014409e+05,-7.701223425101e-03
5.487648566992e-03,3.358178486189e+05,3.358178563129e+05,-7.693980704062e-03
5.486025962448e-03,3.359165031044e+05,3.359165107911e+05,-7.686724187806e-03
5.484404317174e-03,3.360151571961e+05,3.360151648756e+05,-7.679457950871e-03
5.482783630319e-03,3.361138108941e+05,3.361138185662e+05,-7.672180130612e-03
5.481163901034e-03,3.362124641983e+05,3.362124718632e+05,-7.664891832974e-03
5.479545128470e-03,3.363111171087e+05,3.363111247663e+05,-7.657590671442e-03
5.477927311780e-03,3.364097696254e+05,3.364097772757e+05,-7.650278625078e-03
5.476310450118e-03,3.365084217484e+05,3.365084293914e+05,-7.642957265489e-03
5.474694542638e-03,3.366070734776e+05,3.366070811133e+05,-7.635622401722e-03
5.473079588496e-03,3.367057248131e+05,3.367057324414e+05,-7.628277584445e-03
5.471465586848e-03,3.368043757549e+05,3.368043833758e+05,-7.620922464412e-03
5.469852536851e-03,3.369030263029e+05,3.369030339164e+05,-7.613555877469e-03
5.468240437666e-03,3.370016764572e+05,3.370016840634e+05,-7.606176426634e-03
5.466629288450e-03,3.371003262177e+05,3.371003338165e+05,-7.598787022289e-03
5.465019088365e-03,3.371989755846e+05,3.371989831760e+05,-7.591387256980e-03
5.463409836572e-03,3.372976245577e+05,3.372976321417e+05,-7.583976665046e-03
5.461801532234e-03,3.373962731371e+05,3.373962807136e+05,-7.576553907711e-03
5.460194174514e-03,3.374949213227e+05,3.374949288919e+05,-7.569121487904e-03
5.458587762577e-03,3.375935691147e+05,3.375935766764e+05,-7.561676960904e-03
5.456982295588e-03,3.376922165129e+05,3.376922240671e+05,-7.554220443126e-03
5.455377772714e-03,3.377908635174e+05,3.377908710642e+05,-7.546755834483e-03
5.453774193122e-03,3.378895101283e+05,3.378895176675e+05,-7.539278885815e-03
5.452171555980e-03,3.379881563454e+05,3.379881638772e+05,-7.531789946370e-03
5.450569860458e-03,3.380868021688e+05,3.380868096931e+05,-7.524291402660e-03
5.448969105727e-03,3.381854475985e+05,3.381854551153e+05,-7.516782090534e-03
5.447369290957e-03,3.382840926345e+05,3.382841001437e+05,-7.509262242820e-03
5.445770415321e-03,3.383827372768e+05,3.383827447785e+05,-7.501731102820e-03
5.444172477993e-03,3.384813815254e+05,3.384813890196e+05,-7.494189252611e-03
5.442575478146e-03,3.385800253803e+05,3.385800328670e+05,-7.486636692192e-03
5.440979414956e-03,3.386786688416e+05,3.386786763206e+05,-7.479072373826e-03
5.439384287599e-03,3.387773119091e+05,3.387773193806e+05,-7.471498684026e-03
5.437790095252e-03,3.388759545830e+05,3.388759620469e+05,-7.463914051186e-03
5.436196837093e-03,3.389745968631e+05,3.389746043194e+05,-7.456318242475e-03
5.434604512302e-03,3.390732387496e+05,3.390732461983e+05,-7.448712305631e-03
5.433013120059e-03,3.391718802424e+05,3.391718876835e+05,-7.441094901878e-03
5.431422659543e-03,3.392705213416e+05,3.392705287751e+05,-7.433467195369e-03
5.429833129939e-03,3.393691620471e+05,3.393691694729e+05,-7.425829011481e-03
5.428244530427e-03,3.394678023589e+05,3.394678097770e+05,-7.418180117384e-03
5.426656860193e-03,3.395664422770e+05,3.395664496875e+05,-7.410520745907e-03
5.425070118421e-03,3.396650818015e+05,3.396650892043e+05,-7.402851246297e-03
5.423484304297e-03,3.397637209323e+05,3.397637283275e+05,-7.395170396194e-03
5.421899417008e-03,3.398623596694e+05,3.398623670569e+05,-7.387478661258e-03
5.420315455741e-03,3.399609980129e+05,3.399610053927e+05,-7.379777322058e-03
5.418732419685e-03,3.400596359628e+05,3.400596433348e+05,-7.372065912932e-03
5.417150308029e-03,3.401582735189e+05,3.401582808833e+05,-7.364342745859e-03
5.415569119965e-03,3.402569106815e+05,3.402569180381e+05,-7.356611080468e-03
5.413988854683e-03,3.403555474503e+05,3.403555547992e+05,-7.348866667598e-03
5.412409511377e-03,3.404541838256e+05,3.404541911667e+05,-7.341113116127e-03
5.410831089239e-03,3.405528198072e+05,3.405528271405e+05,-7.333349320106e-03
5.409253587464e-03,3.406514553951e+05,3.406514627207e+05,-7.325574464630e-03
5.407677005246e-03,3.407500905895e+05,3.407500979072e+05,-7.317790761590e-03
5.406101341783e-03,3.408487253901e+05,3.408487327001e+05,-7.309994427487e-03
5.404526596271e-03,3.409473597972e+05,3.409473670994e+05,-7.302188605536e-03
5.402952767909e-03,3.410459938106e+05,3.410460011050e+05,-7.294373295736e-03
5.401379855895e-03,3.411446274304e+05,3.411446347169e+05,-7.286546460818e-03
5.399807859430e-03,3.412432606566e+05,3.412432679353e+05,-7.278710894752e-03
5.398236777713e-03,3.413418934891e+05,3.413419007600e+05,-7.270864036400e-03
5.396666609948e-03,3.414405259280e+05,3.414405331910e+05,-7.263007108122e-03
5.395097355336e-03,3.415391579733e+05,3.415391652285e+05,-7.255139818881e-03
5.393529013081e-03,3.416377896250e+05,3.416377968723e+05,-7.247263216414e-03
5.391961582389e-03,3.417364208831e+05,3.417364281225e+05,-7.239375263453e-03
5.390395062464e-03,3.418350517475e+05,3.418350589790e+05,-7.231477880850e-03
5.388829452512e-03,3.419336822184e+05,3.419336894420e+05,-7.223570835777e-03
5.387264751742e-03,3.420323122956e+05,3.420323195113e+05,-7.215652207378e-03
5.385700959361e-03,3.421309419793e+05,3.421309491870e+05,-7.207725371700e-03
5.384138074579e-03,3.422295712693e+05,3.422295784691e+05,-7.199786719866e-03
5.382576096606e-03,3.423282001658e+05,3.423282073576e+05,-7.191839278676e-03
5.381015024652e-03,3.424268286686e+05,3.424268358525e+05,-7.183881069068e-03
5.379454857930e-03,3.425254567779e+05,3.425254639538e+05,-7.175913662650e-03
5.377895595652e-03,3.426240844935e+05,3.426240916615e+05,-7.167935196776e-03
5.376337237033e-03,3.427227118156e+05,3.427227189756e+05,-7.159946893808e-03
5.374779781286e-03,3.428213387441e+05,3.428213458961e+05,-7.151948404498e-03
5.373223227628e-03,3.429199652790e+05,3.429199724230e+05,-7.143941242248e-03
5.371667575275e-03,3.430185914203e+05,3.430185985563e+05,-7.135924068280e-03
5.370112823444e-03,3.431172171681e+05,3.431172242960e+05,-7.127896067686e-03
5.368558971354e-03,3.432158425222e+05,3.432158496421e+05,-7.119858229998e-03
5.367006018224e-03,3.433144674828e+05,3.433144745946e+05,-7.111810264178e-03
5.365453963274e-03,3.434130920499e+05,3.434130991536e+05,-7.103752985131e-03
5.363902805724e-03,3.435117162233e+05,3.435117233190e+05,-7.095686334651e-03
5.362352544798e-03,3.436103400032e+05,3.436103470908e+05,-7.087609323207e-03
5.360803179717e-03,3.437089633895e+05,3.437089704690e+05,-7.079522474669e-03
5.359254709705e-03,3.438075863823e+05,3.438075934537e+05,-7.071425905451e-03
5.357707133988e-03,3.439062089815e+05,3.439062160448e+05,-7.063319906592e-03
5.356160451790e-03,3.440048311871e+05,3.440048382423e+05,-7.055202848278e-03
5.354614662338e-03,3.441034529992e+05,3.441034600463e+05,-7.047077873722e-03
5.353069764859e-03,3.442020744178e+05,3.442020814567e+05,-7.038942247164e-03
5.351525758581e-03,3.443006954427e+05,3.443007024735e+05,-7.030796899926e-03
5.349982642734e-03,3.443993160742e+05,3.443993230968e+05,-7.022642996162e-03
5.348440416547e-03,3.444979363121e+05,3.444979433266e+05,-7.014477625489e-03
5.346899079251e-03,3.445965561564e+05,3.445965631627e+05,-7.006304978859e-03
5.345358630078e-03,3.446951756072e+05,3.446951826054e+05,-6.998120981734e-03
5.343819068260e-03,3.447937946645e+05,3.447938016545e+05,-6.989927438553e-03
5.342280393032e-03,3.448924133283e+05,3.448924203100e+05,-6.981725397054e-03
5.340742603627e-03,3.449910315985e+05,3.449910385720e+05,-6.973513111006e-03
5.339205699281e-03,3.450896494752e+05,3.450896564405e+05,-6.965291337110e-03
5.337669679229e-03,3.451882669583e+05,3.451882739154e+05,-6.957059609704e-03
5.336134542709e-03,3.452868840479e+05,3.452868909968e+05,-6.948819849640e-03
5.334600288959e-03,3.453855007441e+05,3.453855076846e+05,-6.940569088329e-03
5.333066917218e-03,3.454841170466e+05,3.454841239789e+05,-6.932309712283e-03
5.331534426724e-03,3.455827329557e+05,3.455827398797e+05,-6.924040499143e-03
5.330002816719e-03,3.456813484713e+05,3.456813553870e+05,-6.915761565324e-03
5.328472086445e-03,3.457799635933e+05,3.457799705008e+05,-6.907474482432e-03
5.326942235142e-03,3.458785783218e+05,3.458785852210e+05,-6.899176922161e-03
5.325413262055e-03,3.459771926569e+05,3.459771995477e+05,-6.890870048665e-03
5.323885166428e-03,3.460758065984e+05,3.460758134809e+05,-6.882553570904e-03
5.322357947504e-03,3.461744201464e+05,3.461744270206e+05,-6.874229293317e-03
5.320831604531e-03,3.462730333009e+05,3.462730401668e+05,-6.865894189104e-03
5.319306136755e-03,3.463716460619e+05,3.463716529195e+05,-6.857550702989e-03
5.317781543422e-03,3.464702584295e+05,3.464702652786e+05,-6.849197496194e-03
5.316257823782e-03,3.465688704035e+05,3.465688772443e+05,-6.840835965704e-03
5.314734977084e-03,3.466674819840e+05,3.466674888165e+05,-6.832463375758e-03
5.313213002577e-03,3.467660931711e+05,3.467660999952e+05,-6.824082869571e-03
5.311691899513e-03,3.468647039646e+05,3.468647107803e+05,-6.815692991950e-03
5.310171667144e-03,3.469633143647e+05,3.469633211720e+05,-6.807294324972e-03
5.308652304721e-03,3.470619243713e+05,3.470619311702e+05,-6.798886461183e-03
5.307133811499e-03,3.471605339844e+05,3.471605407749e+05,-6.790468352847e-03
5.305616186731e-03,3.472591432041e+05,3.472591499861e+05,-6.782043259591e-03
5.304099429674e-03,3.473577520303e+05,3.473577588039e+05,-6.773606815841e-03
5.302583539583e-03,3.474563604630e+05,3.474563672281e+05,-6.765162164811e-03
5.301068515714e-03,3.475549685022e+05,3.475549752589e+05,-6.756709248293e-03
5.299554357326e-03,3.476535761480e+05,3.476535828962e+05,-6.748246611096e-03
5.298041063678e-03,3.477521834003e+05,3.477521901401e+05,-6.739773787558e-03
5.296528634028e-03,3.478507902591e+05,3.478507969904e+05,-6.731293105986e-03
5.295017067637e-03,3.479493967245e+05,3.479494034473e+05,-6.722803693265e-03
5.293506363766e-03,3.480480027965e+05,3.480480095108e+05,-6.714306306094e-03
5.291996521677e-03,3.481466084749e+05,3.481466151807e+05,-6.705797568429e-03
5.290487540633e-03,3.482452137600e+05,3.482452204572e+05,-6.697282544337e-03
5.288979419897e-03,3.483438186515e+05,3.483438253403e+05,-6.688756926451e-03
5.287472158735e-03,3.484424231497e+05,3.484424298299e+05,-6.680223450530e-03
5.285965756410e-03,3.485410272544e+05,3.485410339260e+05,-6.671679962892e-03
5.284460212190e-03,3.486396309656e+05,3.486396376287e+05,-6.663128093351e-03
5.282955525342e-03,3.487382342834e+05,3.487382409380e+05,-6.654566386715e-03
5.281451695132e-03,3.488368372078e+05,3.488368438538e+05,-6.645996822044e-03
5.279948720831e-03,3.489354397387e+05,3.489354463761e+05,-6.637419282924e-03
5.278446601707e-03,3.490340418762e+05,3.490340485051e+05,-6.628832721617e-03
5.276945337031e-03,3.491326436203e+05,3.491326502405e+05,-6.620236148592e-03
5.275444926073e-03,3.492312449710e+05,3.492312515826e+05,-6.611632124986e-03
5.273945368107e-03,3.493298459282e+05,3.493298525312e+05,-6.603019020986e-03
5.272446662404e-03,3.494284464920e+05,3.494284530864e+05,-6.594398058951e-03
5.270948808239e-03,3.495270466624e+05,3.495270532481e+05,-6.585767085198e-03
5.269451804885e-03,3.496256464393e+05,3.496256530165e+05,-6.577128078789e-03
5.267955651618e-03,3.497242458229e+05,3.497242523914e+05,-6.568480806891e-03
5.266460347715e-03,3.498228448130e+05,3.498228513729e+05,-6.559823057614e-03
5.264965892452e-03,3.499214434098e+05,3.499214499609e+05,-6.551158265211e-03
5.263472285106e-03,3.500200416131e+05,3.500200481556e+05,-6.542485614773e-03
5.261979524957e-03,3.501186394230e+05,3.501186459568e+05,-6.533803243656e-03
5.260487611284e-03,3.502172368395e+05,3.502172433647e+05,-6.525112898089e-03
5.258996543367e-03,3.503158338627e+05,3.503158403791e+05,-6.516412890051e-03
5.257506320487e-03,3.504144304924e+05,3.504144370001e+05,-6.507706188131e-03
5.256016941926e-03,3.505130267287e+05,3.505130332277e+05,-6.498990172986e-03
5.254528406967e-03,3.506116225717e+05,3.506116290619e+05,-6.490265310276e-03
5.253040714892e-03,3.507102180212e+05,3.507102245027e+05,-6.481532182079e-03
5.251553864987e-03,3.508088130774e+05,3.508088195502e+05,-6.472791894339e-03
5.250067856537e-03,3.509074077402e+05,3.509074142042e+05,-6.464042060543e-03
5.248582688826e-03,3.510060020095e+05,3.510060084648e+05,-6.455283612013e-03
5.247098361143e-03,3.511045958856e+05,3.511046023321e+05,-6.446517538279e-03
5.245614872774e-03,3.512031893682e+05,3.512031958059e+05,-6.437741918489e-03
5.244132223007e-03,3.513017824575e+05,3.513017888864e+05,-6.428959255572e-03
5.242650411133e-03,3.514003751534e+05,3.514003815735e+05,-6.420167279430e-03
5.241169436441e-03,3.514989674559e+05,3.514989738672e+05,-6.411367503460e-03
5.239689298221e-03,3.515975593650e+05,3.515975657676e+05,-6.402559927665e-03
5.238209995765e-03,3.516961508808e+05,3.516961572746e+05,-6.393743969966e-03
5.236731528366e-03,3.517947420032e+05,3.517947483882e+05,-6.384919222910e-03
5.235253895316e-03,3.518933327323e+05,3.518933391084e+05,-6.376086908858e-03
5.233777095910e-03,3.519919230680e+05,3.519919294353e+05,-6.367246503942e-03
5.232301129442e-03,3.520905130104e+05,3.520905193688e+05,-6.358396785799e-03
5.230825995207e-03,3.521891025594e+05,3.521891089089e+05,-6.349539966322e-03
5.229351692503e-03,3.522876917150e+05,3.522876980557e+05,-6.340674182866e-03
5.227878220626e-03,3.523862804773e+05,3.523862868091e+05,-6.331801414490e-03
5.226405578873e-03,3.524848688463e+05,3.524848751692e+05,-6.322920206003e-03
5.224933766545e-03,3.525834568219e+05,3.525834631359e+05,-6.314030790236e-03
5.223462782939e-03,3.526820444042e+05,3.526820507093e+05,-6.305132876150e-03
5.221992627357e-03,3.527806315931e+05,3.527806378893e+05,-6.296226754785e-03
5.220523299100e-03,3.528792183887e+05,3.528792246760e+05,-6.287313357461e-03
5.219054797468e-03,3.529778047910e+05,3.529778110693e+05,-6.278391578235e-03
5.217587121766e-03,3.530763907999e+05,3.530763970693e+05,-6.269461824559e-03
5.216120271296e-03,3.531749764155e+05,3.531749826760e+05,-6.260523980018e-03
5.214654245363e-03,3.532735616378e+05,3.532735678894e+05,-6.251579441596e-03
5.213189043271e-03,3.533721464667e+05,3.533721527094e+05,-6.242625415325e-03
5.211724664326e-03,3.534707309024e+05,3.534707371360e+05,-6.233664054889e-03
5.210261107835e-03,3.535693149447e+05,3.535693211694e+05,-6.224694254342e-03
5.208798373105e-03,3.536678985937e+05,3.536679048094e+05,-6.215718167368e-03
5.207336459444e-03,3.537664818494e+05,3.537664880561e+05,-6.206732476130e-03
5.205875366162e-03,3.538650647118e+05,3.538650709095e+05,-6.197739567142e-03
5.204415092567e-03,3.539636471808e+05,3.539636533696e+05,-6.188739731442e-03
5.202955637970e-03,3.540622292566e+05,3.540622354363e+05,-6.179732386954e-03
5.201497001682e-03,3.541608109391e+05,3.541608171098e+05,-6.170715379994e-03
5.200039183016e-03,3.542593922282e+05,3.542593983899e+05,-6.161690922454e-03
5.198582181283e-03,3.543579731241e+05,3.543579792767e+05,-6.152660294902e-03
5.197125995798e-03,3.544565536266e+05,3.544565597703e+05,-6.143620819785e-03
5.195670625875e-03,3.545551337359e+05,3.545551398705e+05,-6.134574825410e-03
5.194216070829e-03,3.546537134519e+05,3.546537195774e+05,-6.125519226771e-03
5.192762329975e-03,3.547522927746e+05,3.547522988910e+05,-6.116456992459e-03
5.191309402630e-03,3.548508717040e+05,3.548508778114e+05,-6.107387947850e-03
5.189857288112e-03,3.549494502401e+05,3.549494563384e+05,-6.098310113885e-03
5.188405985738e-03,3.550480283830e+05,3.550480344722e+05,-6.089225993492e-03
5.186955494828e-03,3.551466061325e+05,3.551466122127e+05,-6.080132559873e-03
5.185505814701e-03,3.552451834888e+05,3.552451895598e+05,-6.071032839827e-03
5.184056944677e-03,3.553437604518e+05,3.553437665137e+05,-6.061924679670e-03
5.182608884078e-03,3.554423370216e+05,3.554423430744e+05,-6.052810116671e-03
5.181161632226e-03,3.555409131980e+05,3.555409192417e+05,-6.043685891200e-03
5.179715188442e-03,3.556394889812e+05,3.556394950158e+05,-6.034556310624e-03
5.178269552051e-03,3.557380643712e+05,3.557380703966e+05,-6.025418522768e-03
5.176824722377e-03,3.558366393678e+05,3.558366453841e+05,-6.016273458954e-03
5.175380698745e-03,3.559352139713e+05,3.559352199784e+05,-6.007121293806e-03
5.173937480480e-03,3.560337881814e+05,3.560337941794e+05,-5.997961096000e-03
5.172495066908e-03,3.561323619983e+05,3.561323679871e+05,-5.988794204313e-03
5.171053457358e-03,3.562309354220e+05,3.562309414016e+05,-5.979618697893e-03
5.169612651156e-03,3.563295084524e+05,3.563295144228e+05,-5.970438069198e-03
5.168172647632e-03,3.564280810895e+05,3.564280870508e+05,-5.961248243693e-03
5.166733446115e-03,3.565266533335e+05,3.565266592855e+05,-5.952051084023e-03
5.165295045935e-03,3.566252251841e+05,3.566252311270e+05,-5.942847579718e-03
5.163857446424e-03,3.567237966416e+05,3.567238025752e+05,-5.933636392001e-03
5.162420646912e-03,3.568223677058e+05,3.568223736302e+05,-5.924417637289e-03
5.160984646732e-03,3.569209383767e+05,3.569209442919e+05,-5.915193178225e-03
5.159549445217e-03,3.570195086544e+05,3.570195145604e+05,-5.905958998483e-03
5.158115041701e-03,3.571180785389e+05,3.571180844357e+05,-5.896719812881e-03
5.156681435520e-03,3.572166480302e+05,3.572166539177e+05,-5.887472827453e-03
5.155248626007e-03,3.573152171283e+05,3.573152230065e+05,-5.878218682483e-03
5.153816612500e-03,3.574137858331e+05,3.574137917020e+05,-5.868956795894e-03
5.152385394335e-03,3.575123541447e+05,3.575123600044e+05,-5.859687575139e-03
5.150954970850e-03,3.576109220631e+05,3.576109279135e+05,-5.850412475411e-03
5.149525341382e-03,3.577094895882e+05,3.577094954294e+05,-5.841129808687e-03
5.148096505272e-03,3.578080567202e+05,3.578080625520e+05,-5.831840040628e-03
5.146668461859e-03,3.579066234590e+05,3.579066292815e+05,-5.822542414535e-03
5.145241210483e-03,3.580051898045e+05,3.580051956177e+05,-5.813238967676e-03
5.143814750485e-03,3.581037557568e+05,3.581037615608e+05,-5.803928419482e-03
5.142389081208e-03,3.582023213160e+05,3.582023271106e+05,-5.794610362500e-03
5.140964201995e-03,3.583008864819e+05,3.583008922672e+05,-5.785285262391e-03
5.139540112188e-03,3.583994512546e+05,3.583994570306e+05,-5.775952944532e-03
5.138116811133e-03,3.584980156342e+05,3.584980214008e+05,-5.766614747699e-03
5.136694298173e-03,3.585965796205e+05,3.585965853778e+05,-5.757269333117e-03
5.135272572654e-03,3.586951432137e+05,3.586951489616e+05,-5.747917457484e-03
5.133851633924e-03,3.587937064136e+05,3.587937121522e+05,-5.738557782024e-03
5.132431481328e-03,3.588922692204e+05,3.588922749496e+05,-5.729192285798e-03
5.131012114215e-03,3.589908316340e+05,3.589908373538e+05,-5.719819513615e-03
5.129593531933e-03,3.590893936544e+05,3.590893993649e+05,-5.710438650567e-03
5.128175733831e-03,3.591879552817e+05,3.591879609827e+05,-5.701052257791e-03
5.126758719259e-03,3.592865165157e+05,3.592865222074e+05,-5.691660218872e-03
5.125342487569e-03,3.593850773566e+05,3.593850830389e+05,-5.682258924935e-03
5.123927038111e-03,3.594836378044e+05,3.594836434772e+05,-5.672851984855e-03
5.122512370237e-03,3.595821978589e+05,3.595822035224e+05,-5.663439107593e-03
5.121098483301e-03,3.596807575203e+05,3.596807631743e+05,-5.654019012582e-03
5.119685376656e-03,3.597793167885e+05,3.597793224331e+05,-5.644591990858e-03
5.118273049655e-03,3.598778756636e+05,3.598778812987e+05,-5.635158857331e-03
5.116861501655e-03,3.599764341455e+05,3.599764397712e+05,-5.625718447845e-03
5.115450732010e-03,3.600749922342e+05,3.600749978505e+05,-5.616271460894e-03
5.114040740077e-03,3.601735499298e+05,3.601735555367e+05,-5.606818769593e-03
5.112631525214e-03,3.602721072323e+05,3.602721128296e+05,-5.597358627710e-03
5.111223086777e-03,3.603706641416e+05,3.603706697295e+05,-5.587892374024e-03
5.109815424126e-03,3.604692206577e+05,3.604692262361e+05,-5.578418204095e-03
5.108408536619e-03,3.605677767807e+05,3.605677823497e+05,-5.568939552177e-03
5.107002423617e-03,3.606663325106e+05,3.606663380700e+05,-5.559452984016e-03
5.105597084480e-03,3.607648878473e+05,3.607648933973e+05,-5.549960653298e-03
5.104192518569e-03,3.608634427909e+05,3.608634483314e+05,-5.540462152567e-03
5.102788725248e-03,3.609619973414e+05,3.609620028723e+05,-5.530957540032e-03
5.101385703877e-03,3.610605514987e+05,3.610605570201e+05,-5.521445302293e-03
5.099983453821e-03,3.611591052629e+05,3.611591107748e+05,-5.511926778127e-03
5.098581974444e-03,3.612576586339e+05,3.612576641364e+05,-5.502401676495e-03
5.097181265110e-03,3.613562116119e+05,3.613562171048e+05,-5.492871452589e-03
5.095781325185e-03,3.614547641967e+05,3.614547696801e+05,-5.483334127348e-03
5.094382154036e-03,3.615533163884e+05,3.615533218622e+05,-5.473790108226e-03
5.092983751029e-03,3.616518681870e+05,3.616518736512e+05,-5.464239744470e-03
5.091586115532e-03,3.617504195925e+05,3.617504250472e+05,-5.454684549477e-03
5.090189246914e-03,3.618489706048e+05,3.618489760500e+05,-5.445121729281e-03
5.088793144542e-03,3.619475212241e+05,3.619475266596e+05,-5.435552855488e-03
5.087397807787e-03,3.620460714502e+05,3.620460768762e+05,-5.425977986306e-03
5.086003236020e-03,3.621446212833e+05,3.621446266997e+05,-5.416396132205e-03
5.084609428611e-03,3.622431707232e+05,3.622431761300e+05,-5.406808922999e-03
5.083216384932e-03,3.623417197701e+05,3.623417251673e+05,-5.397215718403e-03
5.081824104355e-03,3.624402684238e+05,3.624402738114e+05,-5.387615354266e-03
5.080432586254e-03,3.625388166844e+05,3.625388220625e+05,-5.378009402193e-03
5.079041830003e-03,3.626373645520e+05,3.626373699204e+05,-5.368397629354e-03
5.077651834975e-03,3.627359120265e+05,3.627359173853e+05,-5.358780152164e-03
5.076262600547e-03,3.628344591078e+05,3.628344644570e+05,-5.349155573640e-03
5.074874126094e-03,3.629330057961e+05,3.629330111357e+05,-5.339525989257e-03
5.073486410993e-03,3.630315520914e+05,3.630315574212e+05,-5.329889652785e-03
5.072099454620e-03,3.631300979935e+05,3.631301033137e+05,-5.320246564224e-03
5.070713256354e-03,3.632286435025e+05,3.632286488131e+05,-5.310599226505e-03
5.069327815574e-03,3.633271886185e+05,3.633271939195e+05,-5.300944787450e-03
5.067943131658e-03,3.634257333414e+05,3.634257386327e+05,-5.291284411214e-03
5.066559203987e-03,3.635242776713e+05,3.635242829529e+05,-5.281619145535e-03
5.065176031941e-03,3.636228216080e+05,3.636228268800e+05,-5.271946371067e-03
5.063793614902e-03,3.637213651517e+05,3.637213704140e+05,-5.262267601211e-03
5.062411952251e-03,3.638199083024e+05,3.638199135550e+05,-5.252584698610e-03
5.061031043372e-03,3.639184510600e+05,3.639184563029e+05,-5.242894985713e-03
5.059650887647e-03,3.640169934245e+05,3.640169986577e+05,-5.233198695350e-03
5.058271484460e-03,3.641155353960e+05,3.641155406195e+05,-5.223497224506e-03
5.056892833197e-03,3.642140769744e+05,3.642140821882e+05,-5.213790398557e-03
5.055514933243e-03,3.643126181598e+05,3.643126233638e+05,-5.204077984672e-03
5.054137783983e-03,3.644111589521e+05,3.644111641464e+05,-5.194358120207e-03
5.052761384804e-03,3.645096993513e+05,3.645097045360e+05,-5.184634122998e-03
5.051385735094e-03,3.646082393576e+05,3.646082445325e+05,-5.174904479645e-03
5.050010834241e-03,3.647067789708e+05,3.647067841359e+05,-5.165168840904e-03
5.048636681633e-03,3.648053181909e+05,3.648053233464e+05,-5.155426624697e-03
5.047263276659e-03,3.649038570180e+05,3.649038621637e+05,-5.145678645931e-03
5.045890618711e-03,3.650023954521e+05,3.650024005881e+05,-5.135925894137e-03
5.044518707178e-03,3.651009334932e+05,3.651009386193e+05,-5.126167321578e-03
5.043147541451e-03,3.651994711412e+05,3.651994762576e+05,-5.116402811836e-03
5.041777120924e-03,3.652980083962e+05,3.652980135028e+05,-5.106634111144e-03
5.040407444988e-03,3.653965452582e+05,3.653965503550e+05,-5.096858716570e-03
5.039038513036e-03,3.654950817271e+05,3.654950868142e+05,-5.087077850476e-03
5.037670324464e-03,3.655936178031e+05,3.655936228804e+05,-5.077290348709e-03
5.036302878664e-03,3.656921534860e+05,3.656921585535e+05,-5.067498772405e-03
5.034936175034e-03,3.657906887759e+05,3.657906938336e+05,-5.057700851467e-03
5.033570212968e-03,3.658892236728e+05,3.658892287207e+05,-5.047898215707e-03
5.032204991863e-03,3.659877581767e+05,3.659877632148e+05,-5.038090108428e-03
5.030840511117e-03,3.660862922876e+05,3.660862973159e+05,-5.028274783399e-03
5.029476770127e-03,3.661848260055e+05,3.661848310239e+05,-5.018455791287e-03
5.028113768293e-03,3.662833593303e+05,3.662833643390e+05,-5.008632084355e-03
5.026751505012e-03,3.663818922622e+05,3.663818972610e+05,-4.998800635803e-03
5.025389979686e-03,3.664804248011e+05,3.664804297901e+05,-4.988965927623e-03
5.024029191714e-03,3.665789569470e+05,3.665789619261e+05,-4.979124758393e-03
5.022669140498e-03,3.666774886999e+05,3.666774936692e+05,-4.969277477358e-03
5.021309825440e-03,3.667760200598e+05,3.667760250192e+05,-4.959427868016e-03
5.019951245942e-03,3.668745510267e+05,3.668745559763e+05,-4.949570575263e-03
5.018593401407e-03,3.669730816007e+05,3.669730865404e+05,-4.939708160236e-03
5.017236291239e-03,3.670716117816e+05,3.670716167115e+05,-4.929840273689e-03
5.015879914842e-03,3.671701415696e+05,3.671701464896e+05,-4.919968196191e-03
5.014524271622e-03,3.672686709646e+05,3.672686758747e+05,-4.910090006888e-03
5.013169360984e-03,3.673671999666e+05,3.673672048669e+05,-4.900206637103e-03
5.011815182334e-03,3.674657285757e+05,3.674657334660e+05,-4.890318843536e-03
5.010461735080e-03,3.675642567918e+05,3.675642616722e+05,-4.880424763542e-03
5.009109018629e-03,3.676627846149e+05,3.676627894854e+05,-4.870527714957e-03
5.007757032389e-03,3.677613120451e+05,3.677613169057e+05,-4.860623681452e-03
5.006405775769e-03,3.678598390823e+05,3.678598439330e+05,-4.850714758504e-03
5.005055248179e-03,3.679583657265e+05,3.679583705673e+05,-4.840801062528e-03
5.003705449029e-03,3.680568919778e+05,3.680568968087e+05,-4.830881196540e-03
5.002356377730e-03,3.681554178361e+05,3.681554226571e+05,-4.820957896300e-03
5.001008033693e-03,3.682539433015e+05,3.682539481125e+05,-4.811029939447e-03
4.999660416330e-03,3.683524683739e+05,3.683524731750e+05,-4.801096045412e-03
4.998313525054e-03,3.684509930534e+05,3.684509978446e+05,-4.791156330612e-03
4.996967359278e-03,3.685495173399e+05,3.685495221211e+05,-4.781212890521e-03
4.995621918417e-03,3.686480412335e+05,3.686480460048e+05,-4.771262931172e-03
4.994277201884e-03,3.687465647342e+05,3.687465694955e+05,-4.761309886817e-03
4.992933209096e-03,3.688450878419e+05,3.688450925932e+05,-4.751351603772e-03
4.991589939467e-03,3.689436105567e+05,3.689436152981e+05,-4.741388082039e-03
4.990247392415e-03,3.690421328785e+05,3.690421376099e+05,-4.731419030577e-03
4.988905567357e-03,3.691406548074e+05,3.691406595289e+05,-4.721444624010e-03
4.987564463710e-03,3.692391763434e+05,3.692391810549e+05,-4.711467307061e-03
4.986224080892e-03,3.693376974865e+05,3.693377021880e+05,-4.701484576799e-03
4.984884418323e-03,3.694362182366e+05,3.694362229281e+05,-4.691496433225e-03
4.983545475423e-03,3.695347385939e+05,3.695347432754e+05,-4.681504331529e-03
4.982207251611e-03,3.696332585582e+05,3.696332632297e+05,-4.671506525483e-03
4.980869746309e-03,3.697317781296e+05,3.697317827911e+05,-4.661504586693e-03
4.979532958937e-03,3.698302973081e+05,3.698303019595e+05,-4.651497816667e-03
4.978196888919e-03,3.699288160936e+05,3.699288207351e+05,-4.641485866159e-03
4.976861535676e-03,3.700273344863e+05,3.700273391178e+05,-4.631470132153e-03
4.975526898632e-03,3.701258524860e+05,3.701258571075e+05,-4.621448984835e-03
4.974192977212e-03,3.702243700929e+05,3.702243747043e+05,-4.611423762981e-03
4.972859770839e-03,3.703228873069e+05,3.703228919082e+05,-4.601393593475e-03
4.971527278939e-03,3.704214041279e+05,3.704214087193e+05,-4.591358127072e-03
4.970195500938e-03,3.705199205561e+05,3.705199251374e+05,-4.581320332363e-03
4.968864436261e-03,3.706184365913e+05,3.706184411626e+05,-4.571276134811e-03
4.967534084337e-03,3.707169522337e+05,3.707169567949e+05,-4.561227338854e-03
4.966204444593e-03,3.708154674832e+05,3.708154720344e+05,-4.551173886284e-03
4.964875516457e-03,3.709139823398e+05,3.709139868809e+05,-4.541117465124e-03
4.963547299358e-03,3.710124968035e+05,3.710125013346e+05,-4.531054233667e-03
4.962219792725e-03,3.711110108744e+05,3.711110153954e+05,-4.520987800788e-03
4.960892995989e-03,3.712095245523e+05,3.712095290633e+05,-4.510916769505e-03
4.959566908581e-03,3.713080378374e+05,3.713080423383e+05,-4.500842303969e-03
4.958241529931e-03,3.714065507296e+05,3.714065552204e+05,-4.490761552006e-03
4.956916859471e-03,3.715050632290e+05,3.715050677097e+05,-4.480678238906e-03
4.955592896635e-03,3.716035753355e+05,3.716035798060e+05,-4.470588988625e-03
4.954269640854e-03,3.717020870491e+05,3.717020915096e+05,-4.460495838430e-03
4.952947091564e-03,3.718005983698e+05,3.718006028202e+05,-4.450399545021e-03
4.951625248199e-03,3.718991092977e+05,3.718991137380e+05,-4.440297489055e-03
4.950304110192e-03,3.719976198327e+05,3.719976242629e+05,-4.430191591382e-03
4.948983676981e-03,3.720961299749e+05,3.720961343950e+05,-4.420080687851e-03
4.947663948000e-03,3.721946397242e+05,3.721946441342e+05,-4.409966815729e-03
4.946344922687e-03,3.722931490807e+05,3.722931534805e+05,-4.399848286994e-03
4.945026600480e-03,3.723916580443e+05,3.723916624340e+05,-4.389725683723e-03
4.943708980815e-03,3.724901666151e+05,3.724901709947e+05,-4.379597259685e-03
4.942392063133e-03,3.725886747930e+05,3.725886791625e+05,-4.369466798380e-03
4.941075846871e-03,3.726871825781e+05,3.726871869374e+05,-4.359330516309e-03
4.939760331470e-03,3.727856899703e+05,3.727856943195e+05,-4.349191207439e-03
4.938445516369e-03,3.728841969698e+05,3.728842013088e+05,-4.339047241956e-03
4.937131401011e-03,3.729827035763e+05,3.729827079052e+05,-4.328899260145e-03
4.935817984836e-03,3.730812097901e+05,3.730812141088e+05,-4.318746912759e-03
4.934505267287e-03,3.731797156110e+05,3.731797199196e+05,-4.308591771405e-03
4.933193247806e-03,3.732782210391e+05,3.732782253375e+05,-4.298430343624e-03
4.931881925837e-03,3.733767260744e+05,3.733767303626e+05,-4.288265889045e-03
4.930571300824e-03,3.734752307168e+05,3.734752349949e+05,-4.278097825591e-03
4.929261372210e-03,3.735737349664e+05,3.735737392344e+05,-4.267926618923e-03
4.927952139442e-03,3.736722388233e+05,3.736722430810e+05,-4.257750231773e-03
4.926643601965e-03,3.737707422872e+05,3.737707465348e+05,-4.247570061125e-03
4.925335759225e-03,3.738692453584e+05,3.738692495958e+05,-4.237384768203e-03
4.924028610669e-03,3.739677480368e+05,3.739677522640e+05,-4.227197030559e-03
4.922722155744e-03,3.740662503224e+05,3.740662545394e+05,-4.217004869133e-03
4.921416393899e-03,3.741647522151e+05,3.741647564220e+05,-4.206809855532e-03
4.920111324582e-03,3.742632537151e+05,3.742632579117e+05,-4.196609603241e-03
4.918806947243e-03,3.743617548223e+05,3.743617590087e+05,-4.186406498775e-03
4.917503261331e-03,3.744602555366e+05,3.744602597128e+05,-4.176197515335e-03
4.916200266296e-03,3.745587558582e+05,3.745587600242e+05,-4.165986552835e-03
4.914897961589e-03,3.746572557870e+05,3.746572599428e+05,-4.155772156082e-03
4.913596346663e-03,3.747557553230e+05,3.747557594685e+05,-4.145552346017e-03
4.912295420969e-03,3.748542544662e+05,3.748542586015e+05,-4.135330498684e-03
4.910995183960e-03,3.749527532166e+05,3.749527573417e+05,-4.125104402192e-03
4.909695635089e-03,3.750512515743e+05,3.750512556891e+05,-4.114873998333e-03
4.908396773810e-03,3.751497495391e+05,3.751497536438e+05,-4.104640334845e-03
4.907098599577e-03,3.752482471112e+05,3.752482512056e+05,-4.094402305782e-03
4.905801111846e-03,3.753467442905e+05,3.753467483747e+05,-4.084161948413e-03
4.904504310071e-03,3.754452410770e+05,3.754452451510e+05,-4.073916818015e-03
4.903208193710e-03,3.755437374708e+05,3.755437415345e+05,-4.063668660820e-03
4.901912762219e-03,3.756422334718e+05,3.756422375252e+05,-4.053415963426e-03
4.900618015055e-03,3.757407290800e+05,3.757407331232e+05,-4.043160064612e-03
4.899323951677e-03,3.758392242955e+05,3.758392283284e+05,-4.032902012113e-03
4.898030571542e-03,3.759377191182e+05,3.759377231408e+05,-4.022638720926e-03
4.896737874109e-03,3.760362135482e+05,3.760362175605e+05,-4.012372810394e-03
4.895445858839e-03,3.761347075854e+05,3.761347115875e+05,-4.002102185041e-03
4.894154525191e-03,3.762332012298e+05,3.762332052216e+05,-3.991828940343e-03
4.892863872627e-03,3.763316944815e+05,3.763316984631e+05,-3.981552436016e-03
4.891573900606e-03,3.764301873404e+05,3.764301913117e+05,-3.971272264607e-03
4.890284608593e-03,3.765286798066e+05,3.765286837676e+05,-3.960988949984e-03
4.888995996047e-03,3.766271718801e+05,3.766271758308e+05,-3.950701269787e-03
4.887708062434e-03,3.767256635608e+05,3.767256675012e+05,-3.940411203075e-03
4.886420807216e-03,3.768241548488e+05,3.768241587789e+05,-3.930117003620e-03
4.885134229858e-03,3.769226457441e+05,3.769226496639e+05,-3.919819602743e-03
4.883848329824e-03,3.770211362466e+05,3.770211401561e+05,-3.909518767614e-03
4.882563106579e-03,3.771196263563e+05,3.771196302556e+05,-3.899214789271e-03
4.881278559590e-03,3.772181160734e+05,3.772181199623e+05,-3.888907667715e-03
4.879994688322e-03,3.773166053977e+05,3.773166092763e+05,-3.878597228322e-03
4.878711492243e-03,3.774150943293e+05,3.774150981976e+05,-3.868283296470e-03
4.877428970820e-03,3.775135828682e+05,3.775135867262e+05,-3.857966745272e-03
4.876147123522e-03,3.776120710144e+05,3.776120748620e+05,-3.847645828500e-03
4.874865949816e-03,3.777105587678e+05,3.777105626052e+05,-3.837322641630e-03
4.873585449173e-03,3.778090461286e+05,3.778090499556e+05,-3.826995962299e-03
4.872305621061e-03,3.779075330966e+05,3.779075369133e+05,-3.816666605417e-03
4.871026464951e-03,3.780060196719e+05,3.780060234783e+05,-3.806332650129e-03
4.869747980315e-03,3.781045058545e+05,3.781045096505e+05,-3.795996308327e-03
4.868470166623e-03,3.782029916444e+05,3.782029954301e+05,-3.785657347180e-03
4.867193023347e-03,3.783014770417e+05,3.783014808170e+05,-3.775315301027e-03
4.865916549961e-03,3.783999620462e+05,3.783999658111e+05,-3.764969820622e-03
4.864640745936e-03,3.784984466580e+05,3.784984504126e+05,-3.754620673135e-03
4.863365610747e-03,3.785969308771e+05,3.785969346214e+05,-3.744268789887e-03
4.862091143868e-03,3.786954147035e+05,3.786954184374e+05,-3.733914461918e-03
4.860817344773e-03,3.787938981373e+05,3.787939018608e+05,-3.723557048943e-03
4.859544212939e-03,3.788923811783e+05,3.788923848915e+05,-3.713196958415e-03
4.858271747840e-03,3.789908638267e+05,3.789908675295e+05,-3.702832444105e-03
4.856999948953e-03,3.790893460824e+05,3.790893497749e+05,-3.692466358189e-03
4.855728815755e-03,3.791878279454e+05,3.791878316275e+05,-3.682096838020e-03
4.854458347724e-03,3.792863094157e+05,3.792863130875e+05,-3.671723417938e-03
4.853188544337e-03,3.793847904934e+05,3.793847941547e+05,-3.661348368041e-03
4.851919405073e-03,3.794832711784e+05,3.794832748294e+05,-3.650970582385e-03
4.850650929412e-03,3.795817514707e+05,3.795817551113e+05,-3.640590235591e-03
4.849383116832e-03,3.796802313704e+05,3.796802350006e+05,-3.630206047092e-03
4.848115966815e-03,3.797787108774e+05,3.797787144972e+05,-3.619818890002e-03
4.846849478840e-03,3.798771899917e+05,3.798771936011e+05,-3.609428647906e-03
4.845583652390e-03,3.799756687133e+05,3.799756723124e+05,-3.599036484957e-03
4.844318486945e-03,3.800741470424e+05,3.800741506310e+05,-3.588641935494e-03
4.843053981989e-03,3.801726249787e+05,3.801726285570e+05,-3.578243136872e-03
4.841790137004e-03,3.802711025224e+05,3.802711060903e+05,-3.567842941266e-03
4.840526951474e-03,3.803695796735e+05,3.803695832309e+05,-3.557439136785e-03
4.839264424883e-03,3.804680564319e+05,3.804680599789e+05,-3.547032945789e-03
4.838002556714e-03,3.805665327977e+05,3.805665363343e+05,-3.536625066772e-03
4.836741346455e-03,3.806650087708e+05,3.806650122970e+05,-3.526213404257e-03
4.835480793589e-03,3.807634843513e+05,3.807634878671e+05,-3.515799588058e-03
4.834220897603e-03,3.808619595391e+05,3.808619630445e+05,-3.505382977892e-03
4.832961657984e-03,3.809604343343e+05,3.809604378293e+05,-3.494963923004e-03
4.831703074219e-03,3.810589087369e+05,3.810589122215e+05,-3.484541899525e-03
4.830445145795e-03,3.811573827469e+05,3.811573862210e+05,-3.474117896985e-03
4.829187872202e-03,3.812558563642e+05,3.812558598279e+05,-3.463690925855e-03
4.827931252927e-03,3.813543295889e+05,3.813543330422e+05,-3.453260578681e-03
4.826675287461e-03,3.814528024210e+05,3.814528058638e+05,-3.442828718107e-03
4.825419975293e-03,3.815512748604e+05,3.815512782928e+05,-3.432394703850e-03
4.824165315913e-03,3.816497469073e+05,3.816497503292e+05,-3.421957779210e-03
4.822911308812e-03,3.817482185615e+05,3.817482219730e+05,-3.411518409848e-03
4.821657953482e-03,3.818466898231e+05,3.818466932242e+05,-3.401076886803e-03
4.820405249415e-03,3.819451606921e+05,3.819451640828e+05,-3.390632511582e-03
4.819153196104e-03,3.820436311685e+05,3.820436345487e+05,-3.380185225978e-03
4.817901793041e-03,3.821421012523e+05,3.821421046220e+05,-3.369736310560e-03
4.816651039720e-03,3.822405709435e+05,3.822405743028e+05,-3.359284542967e-03
4.815400935635e-03,3.823390402421e+05,3.823390435909e+05,-3.348831902258e-03
4.814151480280e-03,3.824375091481e+05,3.824375124865e+05,-3.338375943713e-03
4.812902673152e-03,3.825359776615e+05,3.825359809894e+05,-3.327917307615e-03
4.811654513745e-03,3.826344457823e+05,3.826344490997e+05,-3.317456576042e-03
4.810407001556e-03,3.827329135105e+05,3.827329168175e+05,-3.306993690785e-03
4.809160136081e-03,3.828313808461e+05,3.828313841426e+05,-3.296528360806e-03
4.807913916818e-03,3.829298477892e+05,3.829298510752e+05,-3.286060644314e-03
4.806668343264e-03,3.830283143396e+05,3.830283176152e+05,-3.275591589045e-03
4.805423414918e-03,3.831267804975e+05,3.831267837626e+05,-3.265119565185e-03
4.804179131279e-03,3.832252462628e+05,3.832252495174e+05,-3.254644980188e-03
4.802935491846e-03,3.833237116355e+05,3.833237148797e+05,-3.244169289246e-03
4.801692496118e-03,3.834221766157e+05,3.834221798494e+05,-3.233690920752e-03
4.800450143596e-03,3.835206412032e+05,3.835206444265e+05,-3.223210922442e-03
4.799208433782e-03,3.836191053983e+05,3.836191086110e+05,-3.212727198843e-03
4.797967366175e-03,3.837175692007e+05,3.837175724030e+05,-3.202242602129e-03
4.796726940279e-03,3.838160326106e+05,3.838160358023e+05,-3.191756608430e-03
4.795487155596e-03,3.839144956279e+05,3.839144988092e+05,-3.181268344633e-03
4.794248011628e-03,3.840129582527e+05,3.840129614235e+05,-3.170776763000e-03
4.793009507879e-03,3.841114204849e+05,3.841114236452e+05,-3.160283784382e-03
4.791771643853e-03,3.842098823245e+05,3.842098854743e+05,-3.149789175950e-03
4.790534419055e-03,3.843083437717e+05,3.843083469109e+05,-3.139292646665e-03
4.789297832989e-03,3.844068048262e+05,3.844068079550e+05,-3.128793556243e-03
4.788061885161e-03,3.845052654882e+05,3.845052686065e+05,-3.118292952422e-03
4.786826575077e-03,3.846037257577e+05,3.846037288655e+05,-3.107790311333e-03
4.785591902244e-03,3.847021856346e+05,3.847021887319e+05,-3.097286506090e-03
4.784357866168e-03,3.848006451190e+05,3.848006482058e+05,-3.086779790465e-03
4.783124466357e-03,3.848991042109e+05,3.848991072871e+05,-3.076271328609e-03
4.781891702320e-03,3.849975629102e+05,3.849975659759e+05,-3.065761644393e-03
4.780659573564e-03,3.850960212170e+05,3.850960242722e+05,-3.055249981117e-03
4.779428079598e-03,3.851944791312e+05,3.851944821760e+05,-3.044735582080e-03
4.778197219933e-03,3.852929366529e+05,3.852929396872e+05,-3.034220717382e-03
4.776966994078e-03,3.853913937822e+05,3.853913968059e+05,-3.023703524377e-03
4.775737401544e-03,3.854898505188e+05,3.854898535320e+05,-3.013184526935e-03
4.774508441843e-03,3.855883068630e+05,3.855883098657e+05,-3.002663201187e-03
4.773280114484e-03,3.856867628147e+05,3.856867658068e+05,-2.992140420247e-03
4.772052418981e-03,3.857852183738e+05,3.857852213554e+05,-2.981617057230e-03
4.770825354847e-03,3.858836735404e+05,3.858836765115e+05,-2.971090958454e-03
4.769598921594e-03,3.859821283145e+05,3.859821312751e+05,-2.960562531371e-03
4.768373118736e-03,3.860805826962e+05,3.860805856462e+05,-2.950034278911e-03
4.767147945786e-03,3.861790366853e+05,3.861790396248e+05,-2.939503348898e-03
4.765923402260e-03,3.862774902819e+05,3.862774932108e+05,-2.928970498033e-03
4.764699487673e-03,3.863759434860e+05,3.863759464044e+05,-2.918435842730e-03
4.763476201540e-03,3.864743962976e+05,3.864743992055e+05,-2.907900314312e-03
4.762253543378e-03,3.865728487167e+05,3.865728516141e+05,-2.897363272496e-03
4.761031512702e-03,3.866713007433e+05,3.866713036301e+05,-2.886824833695e-03
4.759810109030e-03,3.867697523775e+05,3.867697552537e+05,-2.876284066588e-03
4.758589331880e-03,3.868682036191e+05,3.868682064848e+05,-2.865741844289e-03
4.757369180769e-03,3.869666544683e+05,3.869666573235e+05,-2.855199563783e-03
4.756149655217e-03,3.870651049249e+05,3.870651077696e+05,-2.844654722139e-03
4.754930754741e-03,3.871635549891e+05,3.871635578233e+05,-2.834108192474e-03
4.753712478862e-03,3.872620046609e+05,3.872620074844e+05,-2.823561080731e-03
4.752494827100e-03,3.873604539401e+05,3.873604567531e+05,-2.813011640683e-03
4.751277798976e-03,3.874589028269e+05,3.874589056294e+05,-2.802462317050e-03
4.750061394009e-03,3.875573513212e+05,3.875573541131e+05,-2.791908977088e-03
4.748845611723e-03,3.876557994230e+05,3.876558022044e+05,-2.781356743071e-03
4.747630451638e-03,3.877542471324e+05,3.877542499032e+05,-2.770801773295e-03
4.746415913277e-03,3.878526944493e+05,3.878526972096e+05,-2.760246570688e-03
4.745201996164e-03,3.879511413738e+05,3.879511441235e+05,-2.749689214397e-03
4.743988699821e-03,3.880495879058e+05,3.880495906449e+05,-2.739131450653e-03
4.742776023773e-03,3.881480340453e+05,3.881480367739e+05,-2.728570660111e-03
4.741563967544e-03,3.882464797924e+05,3.882464825104e+05,-2.718011615798e-03
4.740352530659e-03,3.883449251471e+05,3.883449278545e+05,-2.707448147703e-03
4.739141712644e-03,3.884433701092e+05,3.884433728061e+05,-2.696884854231e-03
4.737931513023e-03,3.885418146790e+05,3.885418173653e+05,-2.686321211513e-03
4.736721931325e-03,3.886402588563e+05,3.886402615320e+05,-2.675755764358e-03
4.735512967075e-03,3.887387026412e+05,3.887387053063e+05,-2.665188279934e-03
4.734304619801e-03,3.888371460336e+05,3.888371486882e+05,-2.654619573150e-03
4.733096889031e-03,3.889355890336e+05,3.889355916776e+05,-2.644051972311e-03
4.731889774292e-03,3.890340316411e+05,3.890340342746e+05,-2.633480413351e-03
4.730683275115e-03,3.891324738563e+05,3.891324764792e+05,-2.622908912599e-03
4.729477391027e-03,3.892309156790e+05,3.892309182913e+05,-2.612337353639e-03
4.728272121560e-03,3.893293571092e+05,3.893293597110e+05,-2.601763640996e-03
4.727067466242e-03,3.894277981471e+05,3.894278007383e+05,-2.591189637315e-03
4.725863424605e-03,3.895262387925e+05,3.895262413731e+05,-2.580614062026e-03
4.724659996180e-03,3.896246790455e+05,3.896246816156e+05,-2.570037031546e-03
4.723457180499e-03,3.897231189061e+05,3.897231214656e+05,-2.559460408520e-03
4.722254977093e-03,3.898215583743e+05,3.898215609232e+05,-2.548880991526e-03
4.721053385496e-03,3.899199974501e+05,3.899199999884e+05,-2.538302564062e-03
4.719852405240e-03,3.900184361335e+05,3.900184386612e+05,-2.527721808292e-03
4.718652035860e-03,3.901168744244e+05,3.901168769416e+05,-2.517140819691e-03
4.717452276888e-03,3.902153123230e+05,3.902153148295e+05,-2.506558608729e-03
4.716253127860e-03,3.903137498291e+05,3.903137523251e+05,-2.495976339560e-03
4.715054588310e-03,3.904121869429e+05,3.904121894283e+05,-2.485391101800e-03
4.713856657774e-03,3.905106236643e+05,3.905106261391e+05,-2.474807028193e-03
4.712659335789e-03,3.906090599932e+05,3.906090624574e+05,-2.464221790433e-03
4.711462621889e-03,3.907074959298e+05,3.907074983834e+05,-2.453635563143e-03
4.710266515613e-03,3.908059314740e+05,3.908059339170e+05,-2.443048346322e-03
4.709071016497e-03,3.909043666258e+05,3.909043690583e+05,-2.432461420540e-03
4.707876124080e-03,3.910028013852e+05,3.910028038071e+05,-2.421872457489e-03
4.706681837900e-03,3.911012357523e+05,3.911012381635e+05,-2.411282854155e-03
4.705488157494e-03,3.911996697269e+05,3.911996721276e+05,-2.400693483651e-03
4.704295082404e-03,3.912981033092e+05,3.912981056993e+05,-2.390102890786e-03
4.703102612167e-03,3.913965364991e+05,3.913965388786e+05,-2.379511366598e-03
4.701910746325e-03,3.914949692967e+05,3.914949716656e+05,-2.368919784203e-03
4.700719484419e-03,3.915934017018e+05,3.915934040602e+05,-2.358325757086e-03
4.699528825988e-03,3.916918337146e+05,3.916918360624e+05,-2.347733592615e-03
4.698338770575e-03,3.917902653351e+05,3.917902676722e+05,-2.337140031159e-03
4.697149317722e-03,3.918886965632e+05,3.918886988897e+05,-2.326544665266e-03
4.695960466970e-03,3.919871273989e+05,3.919871297148e+05,-2.315949299373e-03
4.694772217864e-03,3.920855578422e+05,3.920855601476e+05,-2.305354515556e-03
4.693584569947e-03,3.921839878933e+05,3.921839901880e+05,-2.294758625794e-03
4.692397522762e-03,3.922824175519e+05,3.922824198361e+05,-2.284162095748e-03
4.691211075853e-03,3.923808468182e+05,3.923808490918e+05,-2.273564692587e-03
4.690025228766e-03,3.924792756922e+05,3.924792779552e+05,-2.262967987917e-03
4.688839981046e-03,3.925777041738e+05,3.925777064262e+05,-2.252368663903e-03
4.687655332239e-03,3.926761322631e+05,3.926761345049e+05,-2.241770736873e-03
4.686471281889e-03,3.927745599600e+05,3.927745621912e+05,-2.231171471067e-03
4.685287829545e-03,3.928729872646e+05,3.928729894852e+05,-2.220573485829e-03
4.684104974754e-03,3.929714141769e+05,3.929714163869e+05,-2.209972706623e-03
4.682922717062e-03,3.930698406968e+05,3.930698428962e+05,-2.199373382609e-03
4.681741056018e-03,3.931682668244e+05,3.931682690132e+05,-2.188772952650e-03
4.680559991171e-03,3.932666925597e+05,3.932666947379e+05,-2.178172755521e-03
4.679379522068e-03,3.933651179027e+05,3.933651200702e+05,-2.167570055462e-03
4.678199648260e-03,3.934635428533e+05,3.934635450103e+05,-2.156970032956e-03
4.677020369297e-03,3.935619674116e+05,3.935619695580e+05,-2.146367798559e-03
4.675841684728e-03,3.936603915776e+05,3.936603937134e+05,-2.135765971616e-03
4.674663594104e-03,3.937588153513e+05,3.937588174764e+05,-2.125162864104e-03
4.673486096977e-03,3.938572387327e+05,3.938572408472e+05,-2.114561095368e-03
4.672309192899e-03,3.939556617217e+05,3.939556638257e+05,-2.103958686348e-03
4.671132881420e-03,3.940540843185e+05,3.940540864118e+05,-2.093355811667e-03
4.669957162094e-03,3.941525065229e+05,3.941525086057e+05,-2.082753228024e-03
4.668782034474e-03,3.942509283351e+05,3.942509304072e+05,-2.072150004096e-03
4.667607498113e-03,3.943493497549e+05,3.943493518165e+05,-2.061547071207e-03
4.666433552565e-03,3.944477707825e+05,3.944477728334e+05,-2.050942915957e-03
4.665260197385e-03,3.945461914177e+05,3.945461934580e+05,-2.040340856183e-03
4.664087432127e-03,3.946446116607e+05,3.946446136904e+05,-2.029735769611e-03
4.662915256346e-03,3.947430315113e+05,3.947430335305e+05,-2.019132778514e-03
4.661743669598e-03,3.948414509697e+05,3.948414529783e+05,-2.008529088926e-03
4.660572671439e-03,3.949398700358e+05,3.949398720337e+05,-1.997924875468e-03
4.659402261426e-03,3.950382887096e+05,3.950382906970e+05,-1.987322117202e-03
4.658232439116e-03,3.951367069912e+05,3.951367089679e+05,-1.976717845537e-03
4.657063204066e-03,3.952351248804e+05,3.952351268465e+05,-1.966113224626e-03
4.655894555834e-03,3.953335423774e+05,3.953335443329e+05,-1.955510117114e-03
4.654726493979e-03,3.954319594821e+05,3.954319614270e+05,-1.944906776771e-03
4.653559018059e-03,3.955303761946e+05,3.955303781289e+05,-1.934302912559e-03
4.652392127633e-03,3.956287925147e+05,3.956287944384e+05,-1.923699863255e-03
4.651225822261e-03,3.957272084426e+05,3.957272103557e+05,-1.913096697535e-03
4.650060101504e-03,3.958256239783e+05,3.958256258808e+05,-1.902493182570e-03
4.648894964921e-03,3.959240391217e+05,3.959240410136e+05,-1.891890773550e-03
4.647730412074e-03,3.960224538728e+05,3.960224557541e+05,-1.881286851130e-03
4.646566442524e-03,3.961208682317e+05,3.961208701023e+05,-1.870683801826e-03
4.645403055834e-03,3.962192821983e+05,3.962192840584e+05,-1.860082207713e-03
4.644240251564e-03,3.963176957726e+05,3.963176976221e+05,-1.849478867371e-03
4.643078029279e-03,3.964161089548e+05,3.964161107936e+05,-1.838877331465e-03
4.641916388541e-03,3.965145217446e+05,3.965145235729e+05,-1.828274922445e-03
4.640755328914e-03,3.966129341423e+05,3.966129359599e+05,-1.817673561163e-03
4.639594849962e-03,3.967113461476e+05,3.967113479547e+05,-1.807072898373e-03
4.638434951250e-03,3.968097577608e+05,3.968097595573e+05,-1.796471071430e-03
4.637275632342e-03,3.969081689817e+05,3.969081707676e+05,-1.785871223547e-03
4.636116892804e-03,3.970065798104e+05,3.970065815857e+05,-1.775270444341e-03
4.634958732201e-03,3.971049902468e+05,3.971049920115e+05,-1.764670072589e-03
4.633801150100e-03,3.972034002911e+05,3.972034020451e+05,-1.754070748575e-03
4.632644146067e-03,3.973018099431e+05,3.973018116865e+05,-1.743470318615e-03
4.631487719670e-03,3.974002192028e+05,3.974002209357e+05,-1.732873031870e-03
4.630331870477e-03,3.974986280704e+05,3.974986297926e+05,-1.722273300402e-03
4.629176598054e-03,3.975970365457e+05,3.975970382574e+05,-1.711676421110e-03
4.628021901971e-03,3.976954446288e+05,3.976954463299e+05,-1.701077271719e-03
4.626867781796e-03,3.977938523197e+05,3.977938540102e+05,-1.690481381956e-03
4.625714237098e-03,3.978922596184e+05,3.978922612983e+05,-1.679884735495e-03
4.624561267448e-03,3.979906665249e+05,3.979906681942e+05,-1.669287274126e-03
4.623408872415e-03,3.980890730392e+05,3.980890746979e+05,-1.658692723140e-03
4.622257051570e-03,3.981874791612e+05,3.981874808093e+05,-1.648097473662e-03
4.621105804483e-03,3.982858848911e+05,3.982858865286e+05,-1.637503039092e-03
4.619955130727e-03,3.983842902288e+05,3.983842918557e+05,-1.626909011975e-03
4.618805029873e-03,3.984826951743e+05,3.984826967906e+05,-1.616315566935e-03
4.617655501493e-03,3.985810997275e+05,3.985811013333e+05,-1.605723402463e-03
4.616506545160e-03,3.986795038886e+05,3.986795054838e+05,-1.595130364876e-03
4.615358160448e-03,3.987779076575e+05,3.987779092421e+05,-1.584540004842e-03
4.614210346929e-03,3.988763110342e+05,3.988763126082e+05,-1.573948597070e-03
4.613063104177e-03,3.989747140188e+05,3.989747155821e+05,-1.563357771374e-03
4.611916431767e-03,3.990731166111e+05,3.990731181639e+05,-1.552769332193e-03
4.610770329274e-03,3.991715188113e+05,3.991715203535e+05,-1.542180951219e-03
4.609624796273e-03,3.992699206193e+05,3.992699221509e+05,-1.531593035907e-03
4.608479832340e-03,3.993683220351e+05,3.993683235561e+05,-1.521006110124e-03
4.607335437050e-03,3.994667230587e+05,3.994667245692e+05,-1.510418776888e-03
4.606191609980e-03,3.995651236902e+05,3.995651251900e+05,-1.499833888374e-03
4.605048350707e-03,3.996635239295e+05,3.996635254188e+05,-1.489248592407e-03
4.603905658809e-03,3.997619237767e+05,3.997619252553e+05,-1.478664518800e-03
4.602763533863e-03,3.998603232316e+05,3.998603246997e+05,-1.468081085477e-03
4.601621975446e-03,3.999587222945e+05,3.999587237520e+05,-1.457499398384e-03
4.600480983139e-03,4.000571209651e+05,4.000571224121e+05,-1.446917478461e-03
4.599340556520e-03,4.001555192436e+05,4.001555206800e+05,-1.436337246560e-03
4.598200695167e-03,4.002539171300e+05,4.002539185558e+05,-1.425756781828e-03
4.597061398662e-03,4.003523146242e+05,4.003523160394e+05,-1.415178994648e-03
4.595922666584e-03,4.004507117263e+05,4.004507131309e+05,-1.404600508977e-03
4.594784498514e-03,4.005491084362e+05,4.005491098302e+05,-1.394023536704e-03
4.593646894033e-03,4.006475047540e+05,4.006475061374e+05,-1.383447845001e-03
4.592509852723e-03,4.007459006796e+05,4.007459020525e+05,-1.372873375658e-03
4.591373374165e-03,4.008442962131e+05,4.008442975754e+05,-1.362299080938e-03
4.590237457942e-03,4.009426913545e+05,4.009426927062e+05,-1.351726881694e-03
4.589102103636e-03,4.010410861037e+05,4.010410874448e+05,-1.341154798865e-03
4.587967310831e-03,4.011394804608e+05,4.011394817914e+05,-1.330583938397e-03
4.586833079110e-03,4.012378744258e+05,4.012378757458e+05,-1.320014649536e-03
4.585699408057e-03,4.013362679986e+05,4.013362693081e+05,-1.309444895014e-03
4.584566297257e-03,4.014346611793e+05,4.014346624782e+05,-1.298877177760e-03
4.583433746294e-03,4.015330539679e+05,4.015330552563e+05,-1.288311672397e-03
4.582301754754e-03,4.016314463644e+05,4.016314476422e+05,-1.277745817788e-03
4.581170322222e-03,4.017298383688e+05,4.017298396360e+05,-1.267182815354e-03
4.580039448284e-03,4.018282299811e+05,4.018282312377e+05,-1.256619929336e-03
4.578909132527e-03,4.019266212012e+05,4.019266224473e+05,-1.246057450771e-03
4.577779374537e-03,4.020250120293e+05,4.020250132647e+05,-1.235497125890e-03
4.576650173902e-03,4.021234024652e+05,4.021234036901e+05,-1.224937033840e-03
4.575521530210e-03,4.022217925090e+05,4.022217937234e+05,-1.214379386511e-03
4.574393443047e-03,4.023201821608e+05,4.023201833646e+05,-1.203822088428e-03
4.573265912004e-03,4.024185714204e+05,4.024185726137e+05,-1.193267176859e-03
4.572138936668e-03,4.025169602879e+05,4.025169614706e+05,-1.182712730952e-03
4.571012516630e-03,4.026153487634e+05,4.026153499355e+05,-1.172160031274e-03
4.569886651478e-03,4.027137368467e+05,4.027137380083e+05,-1.161608495750e-03
4.568761340803e-03,4.028121245380e+05,4.028121256890e+05,-1.151058822870e-03
4.567636584195e-03,4.029105118372e+05,4.029105129777e+05,-1.140510197729e-03
4.566512381245e-03,4.030088987443e+05,4.030088998742e+05,-1.129962678533e-03
4.565388731545e-03,4.031072852593e+05,4.031072863787e+05,-1.119415333960e-03
4.564265634686e-03,4.032056713822e+05,4.032056724911e+05,-1.108871772885e-03
4.563143090261e-03,4.033040571131e+05,4.033040582114e+05,-1.098328502849e-03
4.562021097861e-03,4.034024424519e+05,4.034024435397e+05,-1.087786222342e-03
4.560899657080e-03,4.035008273986e+05,4.035008284758e+05,-1.077245629858e-03
4.559778767510e-03,4.035992119532e+05,4.035992130199e+05,-1.066708297003e-03
4.558658428747e-03,4.036975961158e+05,4.036975971720e+05,-1.056170265656e-03
4.557538640383e-03,4.037959798863e+05,4.037959809320e+05,-1.045634387992e-03
4.556419402014e-03,4.038943632648e+05,4.038943642999e+05,-1.035100372974e-03
4.555300713233e-03,4.039927462512e+05,4.039927472758e+05,-1.024566998240e-03
4.554182573638e-03,4.040911288455e+05,4.040911298596e+05,-1.014036824927e-03
4.553064982822e-03,4.041895110478e+05,4.041895120513e+05,-1.003506709822e-03
4.551947940383e-03,4.042878928581e+05,4.042878938511e+05,-9.929781081155e-04
4.550831445916e-03,4.043862742763e+05,4.043862752587e+05,-9.824523003772e-04
4.549715499019e-03,4.044846553024e+05,4.044846562743e+05,-9.719273657538e-04
4.548600099289e-03,4.045830359365e+05,4.045830368979e+05,-9.614055161364e-04
4.547485246324e-03,4.046814161786e+05,4.046814171295e+05,-9.508829680271e-04
4.546370939721e-03,4.047797960286e+05,4.047797969690e+05,-9.403629228473e-04
4.545257179079e-03,4.048781754866e+05,4.048781764164e+05,-9.298459626734e-04
4.544143963997e-03,4.049765545525e+05,4.049765554719e+05,-9.193291771226e-04
4.543031294074e-03,4.050749332264e+05,4.050749341353e+05,-9.088139631785e-04
4.541919168911e-03,4.051733115083e+05,4.051733124066e+05,-8.983024163172e-04
4.540807588106e-03,4.052716893982e+05,4.052716902860e+05,-8.877907530405e-04
4.539696551260e-03,4.053700668960e+05,4.053700677733e+05,-8.772824658081e-04
4.538586057975e-03,4.054684440018e+05,4.054684448686e+05,-8.667747024447e-04
4.537476107850e-03,4.055668207156e+05,4.055668215719e+05,-8.562679286115e-04
4.536366700489e-03,4.056651970374e+05,4.056651978832e+05,-8.457646472380e-04
4.535257835493e-03,4.057635729672e+05,4.057635738024e+05,-8.352618315257e-04
4.534149512463e-03,4.058619485049e+05,4.058619493297e+05,-8.247630903497e-04
4.533041731004e-03,4.059603236507e+05,4.059603244649e+05,-8.142652804963e-04
4.531934490718e-03,4.060586984044e+05,4.060586992082e+05,-8.037688094191e-04
4.530827791209e-03,4.061570727662e+05,4.061570735594e+05,-7.932745502330e-04
4.529721632080e-03,4.062554467359e+05,4.062554475187e+05,-7.827812805772e-04
4.528616012936e-03,4.063538203136e+05,4.063538210859e+05,-7.722909795120e-04
4.527510933382e-03,4.064521934993e+05,4.064521942612e+05,-7.618015515618e-04
4.526406393023e-03,4.065505662931e+05,4.065505670444e+05,-7.513157324865e-04
4.525302391463e-03,4.066489386948e+05,4.066489394357e+05,-7.408320088871e-04
4.524198928310e-03,4.067473107046e+05,4.067473114349e+05,-7.303486927412e-04
4.523096003169e-03,4.068456823224e+05,4.068456830422e+05,-7.198681705631e-04
4.521993615647e-03,4.069440535481e+05,4.069440542575e+05,-7.093891617842e-04
4.520891765351e-03,4.070424243820e+05,4.070424250809e+05,-6.989131798036e-04
4.519790451888e-03,4.071407948238e+05,4.071407955122e+05,-6.884384783916e-04
4.518689674866e-03,4.072391648736e+05,4.072391655516e+05,-6.779663963243e-04
4.517589433893e-03,4.073375345315e+05,4.073375351990e+05,-6.674975156784e-04
4.516489728578e-03,4.074359037974e+05,4.074359044544e+05,-6.570286350325e-04
4.515390558530e-03,4.075342726713e+05,4.075342733179e+05,-6.465626647696e-04
4.514291923358e-03,4.076326411533e+05,4.076326417894e+05,-6.360994302668e-04
4.513193822671e-03,4.077310092433e+05,4.077310098689e+05,-6.256386404857e-04
4.512096256080e-03,4.078293769413e+05,4.078293775565e+05,-6.151781417429e-04
4.510999223195e-03,4.079277442474e+05,4.079277448521e+05,-6.047216593288e-04
4.509902723627e-03,4.080261111615e+05,4.080261117558e+05,-5.942666321062e-04
4.508806756987e-03,4.081244776837e+05,4.081244782675e+05,-5.838135839440e-04
4.507711322886e-03,4.082228438139e+05,4.082228443872e+05,-5.733640282415e-04
4.506616420938e-03,4.083212095521e+05,4.083212101150e+05,-5.629150546156e-04
4.505522050753e-03,4.084195748984e+05,4.084195754509e+05,-5.524702137336e-04
4.504428211945e-03,4.085179398528e+05,4.085179403948e+05,-5.420264787972e-04
4.503334904126e-03,4.086163044152e+05,4.086163049468e+05,-5.315857124515e-04
4.502242126911e-03,4.087146685857e+05,4.087146691068e+05,-5.211470997892e-04
4.501149879913e-03,4.088130323642e+05,4.088130328749e+05,-5.107113393024e-04
4.500058162746e-03,4.089113957508e+05,4.089113962511e+05,-5.002768593840e-04
4.498966975024e-03,4.090097587455e+05,4.090097592354e+05,-4.898442421108e-04
4.497876316364e-03,4.091081213483e+05,4.091081218277e+05,-4.794155829586e-04
4.496786186379e-03,4.092064835591e+05,4.092064840281e+05,-4.689892521128e-04
4.495696584686e-03,4.093048453780e+05,4.093048458365e+05,-4.585646674968e-04
4.494607510901e-03,4.094032068049e+05,4.094032072531e+05,-4.481429932639e-04
4.493518964640e-03,4.095015678400e+05,4.095015682777e+05,-4.377237055451e-04
4.492430945521e-03,4.095999284831e+05,4.095999289104e+05,-4.273075610399e-04
4.491343453159e-03,4.096982887343e+05,4.096982891512e+05,-4.168921150267e-04
4.490256487173e-03,4.097966485936e+05,4.097966490001e+05,-4.064805689268e-04
4.489170047181e-03,4.098950080610e+05,4.098950084571e+05,-3.960708854720e-04
4.488084132801e-03,4.099933671365e+05,4.099933675221e+05,-3.856639959849e-04
4.486998743652e-03,4.100917258200e+05,4.100917261953e+05,-3.752605989575e-04
4.485913879352e-03,4.101900841117e+05,4.101900844766e+05,-3.648583660834e-04
4.484829539521e-03,4.102884420115e+05,4.102884423659e+05,-3.544604405761e-04
4.483745723780e-03,4.103867995193e+05,4.103867998634e+05,-3.440635045990e-04
4.482662431747e-03,4.104851566353e+05,4.104851569690e+05,-3.336694207974e-04
4.481579663043e-03,4.105835133594e+05,4.105835136827e+05,-3.232779563405e-04
4.480497417291e-03,4.106818696916e+05,4.106818700045e+05,-3.128897515126e-04
4.479415694109e-03,4.107802256319e+05,4.107802259344e+05,-3.025041660294e-04
4.478334493121e-03,4.108785811803e+05,4.108785814724e+05,-2.921205013990e-04
4.477253813948e-03,4.109769363368e+05,4.109769366186e+05,-2.817406202666e-04
4.476173656212e-03,4.110752911015e+05,4.110752913728e+05,-2.713637659326e-04
4.475094019537e-03,4.111736454742e+05,4.111736457352e+05,-2.609885996208e-04
4.474014903545e-03,4.112719994551e+05,4.112719997058e+05,-2.506166347302e-04
4.472936307859e-03,4.113703530442e+05,4.113703532844e+05,-2.402478712611e-04
4.471858232104e-03,4.114687062413e+05,4.114687064712e+05,-2.298811450601e-04
4.470780675904e-03,4.115670590466e+05,4.115670592661e+05,-2.195163979195e-04
4.469703638882e-03,4.116654114600e+05,4.116654116691e+05,-2.091566566378e-04
4.468627120665e-03,4.117637634815e+05,4.117637636803e+05,-1.987991272472e-04
4.467551120876e-03,4.118621151112e+05,4.118621152997e+05,-1.884441589937e-04
4.466475639143e-03,4.119604663490e+05,4.119604665271e+05,-1.780922175385e-04
4.465400675090e-03,4.120588171950e+05,4.120588173628e+05,-1.677417894825e-04
4.464326228345e-03,4.121571676491e+05,4.121571678065e+05,-1.573961344548e-04
4.463252298533e-03,4.122555177114e+05,4.122555178584e+05,-1.470526331104e-04
4.462178885281e-03,4.123538673818e+05,4.123538675185e+05,-1.367109362036e-04
4.461105988218e-03,4.124522166604e+05,4.124522167867e+05,-1.263750600629e-04
4.460033606971e-03,4.125505655471e+05,4.125505656631e+05,-1.160395913757e-04
4.458961741168e-03,4.126489140420e+05,4.126489141477e+05,-1.057084882632e-04
4.457890390437e-03,4.127472621450e+05,4.127472622404e+05,-9.537965524942e-05
4.456819554408e-03,4.128456098562e+05,4.128456099413e+05,-8.505373261869e-05
4.455749232709e-03,4.129439571756e+05,4.129439572503e+05,-7.473246660084e-05
4.454679424970e-03,4.130423041031e+05,4.130423041675e+05,-6.441149162129e-05
4.453610130821e-03,4.131406506388e+05,4.131406506929e+05,-5.409523146227e-05
4.452541349892e-03,4.132389967827e+05,4.132389968265e+05,-4.378217272460e-05
4.451473081814e-03,4.133373425347e+05,4.133373425682e+05,-3.347278106958e-05
4.450405326217e-03,4.134356878950e+05,4.134356879181e+05,-2.316501922905e-05
4.449338082734e-03,4.135340328634e+05,4.135340328763e+05,-1.286098267883e-05
4.448271350995e-03,4.136323774400e+05,4.136323774425e+05,-2.560729626566e-06
4.447205130633e-03,4.137307216248e+05,4.137307216170e+05,7.737486157566e-06
4.446139421280e-03,4.138290654177e+05,4.138290653997e+05,1.803168561310e-05
4.445074222568e-03,4.139274088189e+05,4.139274087906e+05,2.832285827026e-05
4.444009534132e-03,4.140257518282e+05,4.140257517896e+05,3.861129516736e-05
4.442945355603e-03,4.141240944458e+05,4.141240943969e+05,4.889589035884e-05
4.441881686617e-03,4.142224366715e+05,4.142224366123e+05,5.917769158259e-05
4.440818526807e-03,4.143207785055e+05,4.143207784360e+05,6.945570930839e-05
4.439755875808e-03,4.144191199476e+05,4.144191198679e+05,7.973023457453e-05
4.438693733254e-03,4.145174609980e+05,4.145174609080e+05,9.000272257254e-05
4.437632098780e-03,4.146158016565e+05,4.146158015562e+05,1.002703793347e-04
4.436570972023e-03,4.147141419233e+05,4.147141418127e+05,1.105355913751e-04
4.435510352618e-03,4.148124817983e+05,4.148124816775e+05,1.207976019941e-04
4.434450240201e-03,4.149108212815e+05,4.149108211504e+05,1.310569932684e-04
4.433390634409e-03,4.150091603729e+05,4.150091602316e+05,1.413110294379e-04
4.432331534878e-03,4.151074990725e+05,4.151074989209e+05,1.515623298474e-04
4.431272941247e-03,4.152058373803e+05,4.152058372185e+05,1.618104870431e-04
4.430214853152e-03,4.153041752964e+05,4.153041751244e+05,1.720558502711e-04
4.429157270232e-03,4.154025128207e+05,4.154025126384e+05,1.822971971706e-04
4.428100192124e-03,4.155008499533e+05,4.155008497607e+05,1.925345859490e-04
4.427043618468e-03,4.155991866940e+05,4.155991864912e+05,2.027702284977e-04
4.425987548903e-03,4.156975230430e+05,4.156975228300e+05,2.130001084879e-04
4.424931983067e-03,4.157958590002e+05,4.157958587770e+05,2.232285332866e-04
4.423876920601e-03,4.158941945657e+05,4.158941943323e+05,2.334509044886e-04
4.422822361144e-03,4.159925297394e+05,4.159925294958e+05,2.436725771986e-04
4.421768304337e-03,4.160908645214e+05,4.160908642675e+05,2.538888948038e-04
4.420714749821e-03,4.161891989116e+05,4.161891986475e+05,2.641028258950e-04
4.419661697237e-03,4.162875329101e+05,4.162875326357e+05,2.743119257502e-04
4.418609146225e-03,4.163858665168e+05,4.163858662322e+05,2.845178823918e-04
4.417557096429e-03,4.164841997317e+05,4.164841994370e+05,2.947201719508e-04
4.416505547489e-03,4.165825325549e+05,4.165825322500e+05,3.049195511267e-04
4.415454499048e-03,4.166808649864e+05,4.166808646713e+05,3.151141572744e-04
4.414403950749e-03,4.167791970262e+05,4.167791967009e+05,3.253064933233e-04
4.413353902236e-03,4.168775286742e+05,4.168775283387e+05,3.354951622896e-04
4.412304353151e-03,4.169758599304e+05,4.169758595847e+05,3.456781269051e-04
4.411255303138e-03,4.170741907950e+05,4.170741904391e+05,3.558582975529e-04
4.410206751842e-03,4.171725212678e+05,4.171725209017e+05,3.660367219709e-04
4.409158698907e-03,4.172708513489e+05,4.172708509726e+05,3.762084525079e-04
4.408111143977e-03,4.173691810382e+05,4.173691806518e+05,3.863789606839e-04
4.407064086698e-03,4.174675103358e+05,4.174675099393e+05,3.965446376242e-04
4.406017526716e-03,4.175658392418e+05,4.175658388351e+05,4.067071713507e-04
4.404971463675e-03,4.176641677560e+05,4.176641673391e+05,4.168637096882e-04
4.403925897223e-03,4.177624958785e+05,4.177624954514e+05,4.270186764188e-04
4.402880827005e-03,4.178608236092e+05,4.178608231721e+05,4.371693357825e-04
4.401836252669e-03,4.179591509483e+05,4.179591505010e+05,4.473160952330e-04
4.400792173861e-03,4.180574778957e+05,4.180574774382e+05,4.574576742016e-04
4.399748590230e-03,4.181558044513e+05,4.181558039837e+05,4.675971576944e-04
4.398705501422e-03,4.182541306153e+05,4.182541301375e+05,4.777316353284e-04
4.397662907087e-03,4.183524563875e+05,4.183524558997e+05,4.878626787104e-04
4.396620806872e-03,4.184507817681e+05,4.184507812701e+05,4.979900550097e-04
4.395579200426e-03,4.185491067569e+05,4.185491062488e+05,5.081133567728e-04
4.394538087399e-03,4.186474313541e+05,4.186474308359e+05,5.182330496609e-04
4.393497467440e-03,4.187457555596e+05,4.187457550312e+05,5.283486098051e-04
4.392457340199e-03,4.188440793734e+05,4.188440788349e+05,5.384589894675e-04
4.391417705325e-03,4.189424027955e+05,4.189424022469e+05,5.485667497851e-04
4.390378562470e-03,4.190407258259e+05,4.190407252673e+05,5.586700281128e-04
4.389339911285e-03,4.191390484647e+05,4.191390478959e+05,5.687691154890e-04
4.388301751419e-03,4.192373707118e+05,4.192373701329e+05,5.788650596514e-04
4.387264082525e-03,4.193356925671e+05,4.193356919782e+05,5.889559397474e-04
4.386226904255e-03,4.194340140309e+05,4.194340134318e+05,5.990430363454e-04
4.385190216261e-03,4.195323351029e+05,4.195323344938e+05,6.091265240684e-04
4.384154018195e-03,4.196306557833e+05,4.196306551641e+05,6.192058790475e-04
4.383118309709e-03,4.197289760720e+05,4.197289754428e+05,6.292804609984e-04
4.382083090458e-03,4.198272959691e+05,4.198272953298e+05,6.393519579433e-04
4.381048360094e-03,4.199256154745e+05,4.199256148251e+05,6.494174594991e-04
4.380014118272e-03,4.200239345883e+05,4.200239339288e+05,6.594791193493e-04
4.378980364645e-03,4.201222533103e+05,4.201222526408e+05,6.695384508930e-04
4.377947098867e-03,4.202205716408e+05,4.202205709612e+05,6.795916706324e-04
4.376914320594e-03,4.203188895796e+05,4.203188888899e+05,6.896418635733e-04
4.375882029481e-03,4.204172071267e+05,4.204172064270e+05,6.996873999014e-04
4.374850225183e-03,4.205155242822e+05,4.205155235725e+05,7.097289781086e-04
4.373818907355e-03,4.206138410461e+05,4.206138403263e+05,7.197661907412e-04
4.372788075654e-03,4.207121574183e+05,4.207121566885e+05,7.297998527065e-04
4.371757729736e-03,4.208104733988e+05,4.208104726590e+05,7.398282177746e-04
4.370727869258e-03,4.209087889878e+05,4.209087882379e+05,7.498526247218e-04
4.369698493877e-03,4.210071041851e+05,4.210071034252e+05,7.598727825098e-04
4.368669603249e-03,4.211054189908e+05,4.211054182209e+05,7.698881672695e-04
4.367641197034e-03,4.212037334048e+05,4.212037326249e+05,7.798998849466e-04
4.366613274888e-03,4.213020474272e+05,4.213020466373e+05,7.899068878032e-04
4.365585836471e-03,4.214003610580e+05,4.214003602581e+05,7.999087101780e-04
4.364558881440e-03,4.214986742972e+05,4.214986734873e+05,8.099066908471e-04
4.363532409454e-03,4.215969871448e+05,4.215969863249e+05,8.199008880183e-04
4.362506420174e-03,4.216952996007e+05,4.216952987708e+05,8.298907778226e-04
4.361480913258e-03,4.217936116651e+05,4.217936108252e+05,8.398754289374e-04
4.360455888367e-03,4.218919233378e+05,4.218919224879e+05,8.498566458002e-04
4.359431345160e-03,4.219902346189e+05,4.219902337591e+05,8.598315762356e-04
4.358407283298e-03,4.220885455084e+05,4.220885446386e+05,8.698039455339e-04
4.357383702442e-03,4.221868560063e+05,4.221868551265e+05,8.797714253888e-04
4.356360602254e-03,4.222851661126e+05,4.222851652229e+05,8.897332008928e-04
4.355337982394e-03,4.223834758273e+05,4.223834749276e+05,8.996918913908e-04
4.354315842525e-03,4.224817851504e+05,4.224817842408e+05,9.096454596147e-04
4.353294182309e-03,4.225800940819e+05,4.225800931623e+05,9.195953025483e-04
4.352273001407e-03,4.226784026219e+05,4.226784016923e+05,9.295388590544e-04
4.351252299484e-03,4.227767107702e+05,4.227767098307e+05,9.394786320627e-04
4.350232076202e-03,4.228750185270e+05,4.228750175775e+05,9.494136902504e-04
4.349212331224e-03,4.229733258921e+05,4.229733249328e+05,9.593454888090e-04
4.348193064214e-03,4.230716328657e+05,4.230716318964e+05,9.692702442408e-04
4.347174274836e-03,4.231699394477e+05,4.231699384685e+05,9.791929624043e-04
4.346155962755e-03,4.232682456382e+05,4.232682446490e+05,9.891089866869e-04
4.345138127635e-03,4.233665514370e+05,4.233665504380e+05,9.990215767175e-04
4.344120769141e-03,4.234648568443e+05,4.234648558354e+05,1.008929044474e-03
4.343103886938e-03,4.235631618600e+05,4.235631608412e+05,1.018831739202e-03
4.342087480693e-03,4.236614664842e+05,4.236614654554e+05,1.028730184771e-03
4.341071550070e-03,4.237597707168e+05,4.237597696781e+05,1.038622518536e-03
4.340056094737e-03,4.238580745578e+05,4.238580735093e+05,1.048511592671e-03
4.339041114359e-03,4.239563780073e+05,4.239563769489e+05,1.058394904248e-03
4.338026608604e-03,4.240546810652e+05,4.240546799969e+05,1.068274490535e-03
4.337012577139e-03,4.241529837315e+05,4.241529826534e+05,1.078148663510e-03
4.335999019631e-03,4.242512860063e+05,4.242512849183e+05,1.088018412702e-03
4.334985935748e-03,4.243495878896e+05,4.243495867917e+05,1.097882515751e-03
4.333973325158e-03,4.244478893813e+05,4.244478882736e+05,1.107741845772e-03
4.332961187529e-03,4.245461904815e+05,4.245461893639e+05,1.117598032579e-03
4.331949522531e-03,4.246444911901e+05,4.246444900627e+05,1.127448922489e-03
4.330938329832e-03,4.247427915072e+05,4.247427903699e+05,1.137293293141e-03
4.329927609102e-03,4.248410914327e+05,4.248410902856e+05,1.147134695202e-03
4.328917360009e-03,4.249393909668e+05,4.249393898098e+05,1.156968472060e-03
4.327907582225e-03,4.250376901092e+05,4.250376889424e+05,1.166799513157e-03
4.326898275420e-03,4.251359888602e+05,4.251359876836e+05,1.176626305096e-03
4.325889439263e-03,4.252342872196e+05,4.252342860332e+05,1.186446053907e-03
4.324881073427e-03,4.253325851875e+05,4.253325839913e+05,1.196261786390e-03
4.323873177581e-03,4.254308827639e+05,4.254308815578e+05,1.206072163768e-03
4.322865751398e-03,4.255291799488e+05,4.255291787329e+05,1.215878932271e-03
4.321858794549e-03,4.256274767421e+05,4.256274755164e+05,1.225679297931e-03
4.320852306707e-03,4.257257731439e+05,4.257257719085e+05,1.235474948771e-03
4.319846287544e-03,4.258240691543e+05,4.258240679090e+05,1.245265186299e-03
4.318840736732e-03,4.259223647731e+05,4.259223635180e+05,1.255051000044e-03
4.317835653945e-03,4.260206600004e+05,4.260206587355e+05,1.264831284061e-03
4.316831038855e-03,4.261189548362e+05,4.261189535616e+05,1.274607260711e-03
4.315826891137e-03,4.262172492805e+05,4.262172479961e+05,1.284377649426e-03
4.314823210465e-03,4.263155433333e+05,4.263155420391e+05,1.294143788982e-03
4.313819996512e-03,4.264138369946e+05,4.264138356906e+05,1.303904165979e-03
4.312817248954e-03,4.265121302644e+05,4.265121289507e+05,1.313657965511e-03
4.311814967465e-03,4.266104231427e+05,4.266104218193e+05,1.323408447206e-03
4.310813151719e-03,4.267087156295e+05,4.267087142963e+05,1.333153748419e-03
4.309811801394e-03,4.268070077248e+05,4.268070063819e+05,1.342892704997e-03
4.308810916163e-03,4.269052994287e+05,4.269052980760e+05,1.352626946755e-03
4.307810495705e-03,4.270035907410e+05,4.270035893787e+05,1.362357172184e-03
4.306810539694e-03,4.271018816619e+05,4.271018802898e+05,1.372079830617e-03
4.305811047807e-03,4.272001721913e+05,4.272001708095e+05,1.381800335366e-03
4.304812019722e-03,4.272984623293e+05,4.272984609377e+05,1.391512923874e-03
4.303813455115e-03,4.273967520757e+05,4.273967506745e+05,1.401220622938e-03
4.302815353664e-03,4.274950414307e+05,4.274950400198e+05,1.410923490766e-03
4.301817715048e-03,4.275933303942e+05,4.275933289736e+05,1.420622400474e-03
4.300820538943e-03,4.276916189663e+05,4.276916175360e+05,1.430315081961e-03
4.299823825029e-03,4.277899071469e+05,4.277899057069e+05,1.440002350137e-03
4.298827572984e-03,4.278881949360e+05,4.278881934863e+05,1.449683797546e-03
4.297831782488e-03,4.279864823337e+05,4.279864808743e+05,1.459360239096e-03
4.296836453219e-03,4.280847693399e+05,4.280847678709e+05,1.469030743465e-03
4.295841584858e-03,4.281830559547e+05,4.281830544760e+05,1.478696998674e-03
4.294847177083e-03,4.282813421780e+05,4.282813406896e+05,1.488356327172e-03
4.293853229576e-03,4.283796280099e+05,4.283796265118e+05,1.498012046795e-03
4.292859742018e-03,4.284779134503e+05,4.284779119426e+05,1.507661247160e-03
4.291866714087e-03,4.285761984993e+05,4.285761969819e+05,1.517305616289e-03
4.290874145467e-03,4.286744831568e+05,4.286744816298e+05,1.526943640783e-03
4.289882035838e-03,4.287727674229e+05,4.287727658863e+05,1.536577241495e-03
4.288890384882e-03,4.288710512976e+05,4.288710497514e+05,1.546204322949e-03
4.287899192281e-03,4.289693347808e+05,4.289693332250e+05,1.555827329867e-03
4.286908457717e-03,4.290676178726e+05,4.290676163071e+05,1.565443235449e-03
4.285918180873e-03,4.291659005730e+05,4.291658989979e+05,1.575054542627e-03
4.284928361432e-03,4.292641828819e+05,4.292641812972e+05,1.584659854416e-03
4.283938999076e-03,4.293624647994e+05,4.293624632052e+05,1.594260975253e-03
4.282950093490e-03,4.294607463255e+05,4.294607447217e+05,1.603855169378e-03
4.281961644357e-03,4.295590274602e+05,4.295590258468e+05,1.613443891983e-03
4.280973651361e-03,4.296573082035e+05,4.296573065805e+05,1.623027957976e-03
4.279986114187e-03,4.297555885553e+05,4.297555869227e+05,1.632605388295e-03
4.278999032518e-03,4.298538685158e+05,4.298538668736e+05,1.642178103793e-03
4.278012406041e-03,4.299521480848e+05,4.299521464331e+05,1.651744474657e-03
4.277026234440e-03,4.300504272624e+05,4.300504256011e+05,1.661304966547e-03
4.276040517400e-03,4.301487060487e+05,4.301487043778e+05,1.670859986916e-03
4.275055254608e-03,4.302469844435e+05,4.302469827631e+05,1.680410117842e-03
4.274070445750e-03,4.303452624469e+05,4.303452607570e+05,1.689954020549e-03
4.273086090511e-03,4.304435400589e+05,4.304435383594e+05,1.699492102489e-03
4.272102188579e-03,4.305418172796e+05,4.305418155705e+05,1.709024771117e-03
4.271118739641e-03,4.306400941088e+05,4.306400923903e+05,1.718551269732e-03
4.270135743383e-03,4.307383705467e+05,4.307383688186e+05,1.728072413243e-03
4.269153199494e-03,4.308366465931e+05,4.308366448555e+05,1.737587386742e-03
4.268171107660e-03,4.309349222482e+05,4.309349205011e+05,1.747098169290e-03
4.267189467571e-03,4.310331975119e+05,4.310331957553e+05,1.756602141540e-03
4.266208278915e-03,4.311314723842e+05,4.311314706181e+05,1.766098954249e-03
4.265227541379e-03,4.312297468652e+05,4.312297450896e+05,1.775591750629e-03
4.264247254654e-03,4.313280209548e+05,4.313280191697e+05,1.785077853128e-03
4.263267418428e-03,4.314262946530e+05,4.314262928584e+05,1.794558775146e-03
4.262288032391e-03,4.315245679598e+05,4.315245661558e+05,1.804033061489e-03
4.261309096233e-03,4.316228408752e+05,4.316228390617e+05,1.813501527067e-03
4.260330609644e-03,4.317211133993e+05,4.317211115764e+05,1.822964171879e-03
4.259352572314e-03,4.318193855321e+05,4.318193836997e+05,1.832421170548e-03
4.258374983934e-03,4.319176572735e+05,4.319176554316e+05,1.841872290242e-03
4.257397844195e-03,4.320159286235e+05,4.320159267722e+05,1.851318113040e-03
4.256421152787e-03,4.321141995822e+05,4.321141977214e+05,1.860757998656e-03
4.255444909404e-03,4.322124701495e+05,4.322124682793e+05,1.870190957561e-03
4.254469113735e-03,4.323107403254e+05,4.323107384458e+05,1.879618503153e-03
4.253493765475e-03,4.324090101100e+05,4.324090082210e+05,1.889039645903e-03
4.252518864314e-03,4.325072795033e+05,4.325072776049e+05,1.898456190247e-03
4.251544409945e-03,4.326055485052e+05,4.326055465974e+05,1.907863595989e-03
4.250570402062e-03,4.327038171158e+05,4.327038151986e+05,1.917267974932e-03
4.249596840357e-03,4.328020853351e+05,4.328020834084e+05,1.926665601786e-03
4.248623724525e-03,4.329003531630e+05,4.329003512270e+05,1.936057407875e-03
4.247651054258e-03,4.329986205996e+05,4.329986186542e+05,1.945441763382e-03
4.246678829252e-03,4.330968876449e+05,4.330968856900e+05,1.954821113031e-03
4.245707049199e-03,4.331951542988e+05,4.331951523346e+05,1.964194292668e-03
4.244735713795e-03,4.332934205614e+05,4.332934185878e+05,1.973561535124e-03
4.243764822736e-03,4.333916864327e+05,4.333916844498e+05,1.982922258321e-03
4.242794375715e-03,4.334899519126e+05,4.334899499204e+05,1.992276695091e-03
4.241824372428e-03,4.335882170013e+05,4.335882149997e+05,2.001625776757e-03
4.240854812571e-03,4.336864816986e+05,4.336864796876e+05,2.010969677940e-03
4.239885695841e-03,4.337847460046e+05,4.337847439843e+05,2.020304964390e-03
4.238917021933e-03,4.338830099193e+05,4.338830078897e+05,2.029635244980e-03
4.237948790544e-03,4.339812734427e+05,4.339812714038e+05,2.038959530182e-03
4.236981001370e-03,4.340795365748e+05,4.340795345265e+05,2.048277528957e-03
4.236013654110e-03,4.341777993156e+05,4.341777972580e+05,2.057589299511e-03
4.235046748459e-03,4.342760616651e+05,4.342760595982e+05,2.066895831376e-03
4.234080284117e-03,4.343743236233e+05,4.343743215471e+05,2.076194388792e-03
4.233114260780e-03,4.344725851902e+05,4.344725831047e+05,2.085487591103e-03
4.232148678148e-03,4.345708463658e+05,4.345708442710e+05,2.094773401041e-03
4.231183535918e-03,4.346691071501e+05,4.346691050461e+05,2.104054321535e-03
4.230218833789e-03,4.347673675431e+05,4.347673654298e+05,2.113328315318e-03
4.229254571461e-03,4.348656275449e+05,4.348656254223e+05,2.122596546542e-03
4.228290748633e-03,4.349638871553e+05,4.349638850235e+05,2.131857792847e-03
4.227327365003e-03,4.350621463745e+05,4.350621442334e+05,2.141113625839e-03
4.226364420273e-03,4.351604052024e+05,4.351604030521e+05,2.150362008251e-03
4.225401914143e-03,4.352586636390e+05,4.352586614794e+05,2.159603347536e-03
4.224439846311e-03,4.353569216844e+05,4.353569195155e+05,2.168841368984e-03
4.223478216481e-03,4.354551793385e+05,4.354551771604e+05,2.178069902584e-03
4.222517024351e-03,4.355534366013e+05,4.355534344140e+05,2.187294303440e-03
4.221556269625e-03,4.356516934728e+05,4.356516912763e+05,2.196510264184e-03
4.220595952002e-03,4.357499499531e+05,4.357499477474e+05,2.205720345955e-03
4.219636071185e-03,4.358482060421e+05,4.358482038272e+05,2.214924723376e-03
4.218676626876e-03,4.359464617399e+05,4.359464595158e+05,2.224122232292e-03
4.217717618777e-03,4.360447170464e+05,4.360447148131e+05,2.233314444311e-03
4.216759046591e-03,4.361429719616e+05,4.361429697191e+05,2.242499438580e-03
4.215800910020e-03,4.362412264856e+05,4.362412242340e+05,2.251676109154e-03
4.214843208769e-03,4.363394806184e+05,4.363394783576e+05,2.260848297738e-03
4.213885942539e-03,4.364377343599e+05,4.364377320899e+05,2.270014199894e-03
4.212929111035e-03,4.365359877102e+05,4.365359854310e+05,2.279172651470e-03
4.211972713961e-03,4.366342406692e+05,4.366342383809e+05,2.288324059919e-03
4.211016751021e-03,4.367324932370e+05,4.367324909395e+05,2.297469414771e-03
4.210061221920e-03,4.368307454135e+05,4.368307431069e+05,2.306608075742e-03
4.209106126361e-03,4.369289971988e+05,4.369289948831e+05,2.315740915947e-03
4.208151464051e-03,4.370272485929e+05,4.370272462681e+05,2.324866189156e-03
4.207197234694e-03,4.371254995958e+05,4.371254972618e+05,2.333986805752e-03
4.206243437996e-03,4.372237502074e+05,4.372237478643e+05,2.343098749407e-03
4.205290073663e-03,4.373220004278e+05,4.373219980756e+05,2.352205512580e-03
4.204337141400e-03,4.374202502570e+05,4.374202478957e+05,2.361304766964e-03
4.203384640915e-03,4.375184996949e+05,4.375184973246e+05,2.370396221522e-03
4.202432571914e-03,4.376167487417e+05,4.376167463622e+05,2.379483426921e-03
4.201480934103e-03,4.377149973972e+05,4.377149950087e+05,2.388562017586e-03
4.200529727190e-03,4.378132456615e+05,4.378132432639e+05,2.397635253146e-03
4.199578950883e-03,4.379114935347e+05,4.379114911280e+05,2.406700339634e-03
4.198628604888e-03,4.380097410166e+05,4.380097386008e+05,2.415760187432e-03
4.197678688914e-03,4.381079881073e+05,4.381079856824e+05,2.424813050311e-03
4.196729202669e-03,4.382062348068e+05,4.382062323729e+05,2.433857764117e-03
4.195780145862e-03,4.383044811151e+05,4.383044786722e+05,2.442896715365e-03
4.194831518200e-03,4.384027270322e+05,4.384027245802e+05,2.451929030940e-03
4.193883319394e-03,4.385009725581e+05,4.385009700971e+05,2.460954769049e-03
4.192935549153e-03,4.385992176928e+05,4.385992152228e+05,2.469973172992e-03
4.191988207185e-03,4.386974624363e+05,4.386974599573e+05,2.478985581547e-03
4.191041293201e-03,4.387957067886e+05,4.387957043007e+05,2.487989026122e-03
4.190094806911e-03,4.388939507498e+05,4.388939482528e+05,2.496987581253e-03
4.189148748024e-03,4.389921943198e+05,4.389921918138e+05,2.505979151465e-03
4.188203116253e-03,4.390904374986e+05,4.390904349836e+05,2.514963329304e-03
4.187257911307e-03,4.391886802862e+05,4.391886777622e+05,2.523941453546e-03
4.186313132897e-03,4.392869226826e+05,4.392869201497e+05,2.532911777962e-03
4.185368780735e-03,4.393851646879e+05,4.393851621460e+05,2.541875233874e-03
4.184424854533e-03,4.394834063020e+05,4.394834037512e+05,2.550832752604e-03
4.183481354002e-03,4.395816475249e+05,4.395816449651e+05,2.559781249147e-03
4.182538278855e-03,4.396798883567e+05,4.396798857880e+05,2.568725438323e-03
4.181595628803e-03,4.397781287973e+05,4.397781262196e+05,2.577661944088e-03
4.180653403560e-03,4.398763688467e+05,4.398763662601e+05,2.586589893326e-03
4.179711602838e-03,4.399746085050e+05,4.399746059095e+05,2.595512487460e-03
4.178770226351e-03,4.400728477722e+05,4.400728451677e+05,2.604427689221e-03
4.177829273812e-03,4.401710866481e+05,4.401710840348e+05,2.613335323986e-03
4.176888744935e-03,4.402693251330e+05,4.402693225107e+05,2.622235973831e-03
4.175948639433e-03,4.403675632266e+05,4.403675605955e+05,2.631131384987e-03
4.175008957021e-03,4.404658009292e+05,4.404657982892e+05,2.640016959049e-03
4.174069697413e-03,4.405640382406e+05,4.405640355917e+05,2.648897527251e-03
4.173130860324e-03,4.406622751608e+05,4.406622725031e+05,2.657770819496e-03
4.172192445469e-03,4.407605116899e+05,4.407605090233e+05,2.666637068614e-03
4.171254452563e-03,4.408587478279e+05,4.408587451524e+05,2.675495168660e-03
4.170316881322e-03,4.409569835748e+05,4.409569808904e+05,2.684346749447e-03
4.169379731461e-03,4.410552189305e+05,4.410552162373e+05,2.693191054277e-03
4.168443002696e-03,4.411534538951e+05,4.411534511931e+05,2.702027792111e-03
4.167506694744e-03,4.412516884685e+05,4.412516857577e+05,2.710859931540e-03
4.166570807321e-03,4.413499226509e+05,4.413499199312e+05,2.719683048781e-03
4.165635340144e-03,4.414481564421e+05,4.414481537136e+05,2.728497958742e-03
4.164700292929e-03,4.415463898422e+05,4.415463871049e+05,2.737306931522e-03
4.163765665395e-03,4.416446228512e+05,4.416446201051e+05,2.746108686551e-03
4.162831457258e-03,4.417428554691e+05,4.417428527142e+05,2.754903805908e-03
4.161897668237e-03,4.418410876958e+05,4.418410849321e+05,2.763689670246e-03
4.160964298049e-03,4.419393195315e+05,4.419393167590e+05,2.772470063064e-03
4.160031346413e-03,4.420375509760e+05,4.420375481948e+05,2.781242888886e-03
4.159098813046e-03,4.421357820295e+05,4.421357792395e+05,2.790008380543e-03
4.158166697669e-03,4.422340126918e+05,4.422340098931e+05,2.798767352942e-03
4.157235000000e-03,4.423322429631e+05,4.423322401556e+05,2.807517943438e-03
4.156303719758e-03,4.424304728432e+05,4.424304700270e+05,2.816262247507e-03
4.155372856663e-03,4.425287023323e+05,4.425286995073e+05,2.824996714480e-03
4.154442410434e-03,4.426269314303e+05,4.426269285965e+05,2.833726466633e-03
4.153512380792e-03,4.427251601371e+05,4.427251572947e+05,2.842448884621e-03
4.152582767457e-03,4.428233884529e+05,4.428233856018e+05,2.851163269952e-03
4.151653570150e-03,4.429216163776e+05,4.429216135178e+05,2.859868924133e-03
4.150724788591e-03,4.430198439113e+05,4.430198410427e+05,2.868569048587e-03
4.149796422501e-03,4.431180710538e+05,4.431180681765e+05,2.877261256799e-03
4.148868471601e-03,4.432162978053e+05,4.432162949193e+05,2.885946887545e-03
4.147940935614e-03,4.433145241657e+05,4.433145212711e+05,2.894624718465e-03
4.147013814260e-03,4.434127501350e+05,4.434127472317e+05,2.903294807766e-03
4.146087107263e-03,4.435109757133e+05,4.435109728013e+05,2.911956922617e-03
4.145160814343e-03,4.436092009005e+05,4.436091979798e+05,2.920612168964e-03
4.144234935224e-03,4.437074256966e+05,4.437074227673e+05,2.929260837846e-03
4.143309469629e-03,4.438056501017e+05,4.438056471638e+05,2.937900833786e-03
4.142384417281e-03,4.439038741157e+05,4.439038711691e+05,2.946533088107e-03
4.141459777902e-03,4.440020977386e+05,4.440020947835e+05,2.955159696285e-03
4.140535551216e-03,4.441003209705e+05,4.441003180067e+05,2.963777573314e-03
4.139611736948e-03,4.441985438114e+05,4.441985408390e+05,2.972387126647e-03
4.138688334820e-03,4.442967662612e+05,4.442967632802e+05,2.980990742799e-03
4.137765344558e-03,4.443949883199e+05,4.443949853303e+05,2.989585918840e-03
4.136842765886e-03,4.444932099876e+05,4.444932069894e+05,2.998174168169e-03
4.135920598529e-03,4.445914312643e+05,4.445914282575e+05,3.006755141541e-03
4.134998842211e-03,4.446896521499e+05,4.446896491346e+05,3.015327267349e-03
4.134077496658e-03,4.447878726445e+05,4.447878696206e+05,3.023891476914e-03
4.133156561595e-03,4.448860927481e+05,4.448860897156e+05,3.032449982129e-03
4.132236036748e-03,4.449843124606e+05,4.449843094196e+05,3.041000629310e-03
4.131315921844e-03,4.450825317821e+05,4.450825287325e+05,3.049542719964e-03
4.130396216607e-03,4.451807507125e+05,4.451807476545e+05,3.058076719753e-03
4.129476920766e-03,4.452789692520e+05,4.452789661854e+05,3.066604898777e-03
4.128558034045e-03,4.453771874004e+05,4.453771843253e+05,3.075123415329e-03
4.127639556174e-03,4.454754051578e+05,4.454754020742e+05,3.083635820076e-03
4.126721486877e-03,4.455736225242e+05,4.455736194320e+05,3.092139901128e-03
4.125803825884e-03,4.456718394995e+05,4.456718363989e+05,3.100636007730e-03
4.124886572921e-03,4.457700560839e+05,4.457700529748e+05,3.109126293566e-03
4.123969727717e-03,4.458682722773e+05,4.458682691596e+05,3.117606218439e-03
4.123053290000e-03,4.459664880796e+05,4.459664849535e+05,3.126080729999e-03
4.122137259498e-03,4.460647034909e+05,4.460647003564e+05,3.134545695502e-03
4.121221635940e-03,4.461629185113e+05,4.461629153683e+05,3.143003559671e-03
4.120306419054e-03,4.462611331406e+05,4.462611299891e+05,3.151453740429e-03
4.119391608570e-03,4.463593473789e+05,4.463593442190e+05,3.159897052683e-03
4.118477204218e-03,4.464575612263e+05,4.464575580579e+05,3.168331750203e-03
4.117563205726e-03,4.465557746826e+05,4.465557715059e+05,3.176758240443e-03
4.116649612824e-03,4.466539877480e+05,4.466539845628e+05,3.185176232364e-03
4.115736425244e-03,4.467522004223e+05,4.467521972288e+05,3.193588403519e-03
4.114823642715e-03,4.468504127057e+05,4.468504095037e+05,3.201992309187e-03
4.113911264967e-03,4.469486245981e+05,4.469486213878e+05,3.210386901628e-03
4.112999291731e-03,4.470468360996e+05,4.470468328808e+05,3.218775091227e-03
4.112087722739e-03,4.471450472100e+05,4.471450439829e+05,3.227155015338e-03
4.111176557722e-03,4.472432579295e+05,4.472432546940e+05,3.235527954530e-03
4.110265796411e-03,4.473414682580e+05,4.473414650141e+05,3.243892278988e-03
4.109355438538e-03,4.474396781955e+05,4.474396749433e+05,3.252248221543e-03
4.108445483835e-03,4.475378877421e+05,4.475378844815e+05,3.260595607571e-03
4.107535932035e-03,4.476360968977e+05,4.476360936287e+05,3.268937813118e-03
4.106626782869e-03,4.477343056623e+05,4.477343023850e+05,3.277270763647e-03
4.105718036070e-03,4.478325140360e+05,4.478325107504e+05,3.285594400950e-03
4.104809691372e-03,4.479307220187e+05,4.479307187248e+05,3.293910878710e-03
4.103901748507e-03,4.480289296104e+05,4.480289263082e+05,3.302219789475e-03
4.102994207209e-03,4.481271368112e+05,4.481271335007e+05,3.310521133244e-03
4.102087067212e-03,4.482253436211e+05,4.482253403023e+05,3.318813920487e-03
4.101180328249e-03,4.483235500400e+05,4.483235467129e+05,3.327098442242e-03
4.100273990055e-03,4.484217560680e+05,4.484217527326e+05,3.335375397000e-03
4.099368052364e-03,4.485199617050e+05,4.485199583613e+05,3.343643678818e-03
4.098462514911e-03,4.486181669511e+05,4.486181635991e+05,3.351905033924e-03
4.097557377429e-03,4.487163718062e+05,4.487163684460e+05,3.360157657880e-03
4.096652639656e-03,4.488145762704e+05,4.488145729020e+05,3.368401899934e-03
4.095748301324e-03,4.489127803437e+05,4.489127769670e+05,3.376638633199e-03
4.094844362172e-03,4.490109840260e+05,4.490109806411e+05,3.384868381545e-03
4.093940821933e-03,4.491091873174e+05,4.491091839243e+05,3.393088001758e-03
4.093037680344e-03,4.492073902179e+05,4.492073868166e+05,3.401300637051e-03
4.092134937142e-03,4.493055927275e+05,4.493055893180e+05,3.409505414311e-03
4.091232592062e-03,4.494037948461e+05,4.494037914284e+05,3.417700820137e-03
4.090330644841e-03,4.495019965738e+05,4.495019931479e+05,3.425888891798e-03
4.089429095217e-03,4.496001979106e+05,4.496001944766e+05,3.434068406932e-03
4.088527942926e-03,4.496983988565e+05,4.496983954143e+05,3.442240995355e-03
4.087627187707e-03,4.497965994115e+05,4.497965959611e+05,3.450403804891e-03
4.086726829295e-03,4.498947995756e+05,4.498947961170e+05,3.458559629507e-03
4.085826867430e-03,4.499929993487e+05,4.499929958820e+05,3.466707130428e-03
4.084927301849e-03,4.500911987310e+05,4.500911952562e+05,3.474846947938e-03
4.084028132291e-03,4.501893977224e+05,4.501893942394e+05,3.482977743261e-03
4.083129358495e-03,4.502875963228e+05,4.502875928317e+05,3.491099399980e-03
4.082230980198e-03,4.503857945324e+05,4.503857910332e+05,3.499214537442e-03
4.081332997140e-03,4.504839923511e+05,4.504839888437e+05,3.507320594508e-03
4.080435409061e-03,4.505821897788e+05,4.505821862634e+05,3.515418735333e-03
4.079538215699e-03,4.506803868157e+05,4.506803832922e+05,3.523508086801e-03
4.078641416795e-03,4.507785834617e+05,4.507785799301e+05,3.531590395141e-03
4.077745012088e-03,4.508767797169e+05,4.508767761772e+05,3.539662982803e-03
4.076849001318e-03,4.509749755811e+05,4.509749720334e+05,3.547728003468e-03
4.075953384227e-03,4.510731710545e+05,4.510731674987e+05,3.555783769116e-03
4.075058160553e-03,4.511713661369e+05,4.511713625731e+05,3.563832491636e-03
4.074163330040e-03,4.512695608285e+05,4.512695572567e+05,3.571872832254e-03
4.073268892426e-03,4.513677551293e+05,4.513677515494e+05,3.579905140214e-03
4.072374847454e-03,4.514659490392e+05,4.514659454512e+05,3.587928076740e-03
4.071481194865e-03,4.515641425582e+05,4.515641389622e+05,3.595942223910e-03
4.070587934401e-03,4.516623356863e+05,4.516623320823e+05,3.603947872762e-03
4.069695065804e-03,4.517605284236e+05,4.517605248116e+05,3.611947002355e-03
4.068802588816e-03,4.518587207700e+05,4.518587171500e+05,3.619936527684e-03
4.067910503179e-03,4.519569127255e+05,4.519569090976e+05,3.627918544225e-03
4.067018808637e-03,4.520551042902e+05,4.520551006544e+05,3.635891305748e-03
4.066127504931e-03,4.521532954641e+05,4.521532918202e+05,3.643855568953e-03
4.065236591805e-03,4.522514862471e+05,4.522514825953e+05,3.651811741292e-03
4.064346069003e-03,4.523496766393e+05,4.523496729795e+05,3.659760172013e-03
4.063455936268e-03,4.524478666406e+05,4.524478629729e+05,3.667698532809e-03
4.062566193344e-03,4.525460562510e+05,4.525460525754e+05,3.675629501231e-03
4.061676839974e-03,4.526442454707e+05,4.526442417871e+05,3.683552029543e-03
4.060787875903e-03,4.527424342995e+05,4.527424306080e+05,3.691465884913e-03
4.059899300875e-03,4.528406227374e+05,4.528406190381e+05,3.699370252434e-03
4.059011114636e-03,4.529388107845e+05,4.529388070773e+05,3.707267285790e-03
4.058123316929e-03,4.530369984408e+05,4.530369947257e+05,3.715155005921e-03
4.057235907501e-03,4.531351857063e+05,4.531351819833e+05,3.723036614247e-03
4.056348886095e-03,4.532333725810e+05,4.532333688500e+05,3.730906755663e-03
4.055462252459e-03,4.533315590648e+05,4.533315553260e+05,3.738770727068e-03
4.054576006337e-03,4.534297451578e+05,4.534297414112e+05,3.746623522602e-03
4.053690147477e-03,4.535279308600e+05,4.535279271055e+05,3.754468983971e-03
4.052804675623e-03,4.536261161713e+05,4.536261124090e+05,3.762306296267e-03
4.051919590522e-03,4.537243010919e+05,4.537242973217e+05,3.770134760998e-03
4.051034891921e-03,4.538224856216e+05,4.538224818437e+05,3.777955367696e-03
4.050150579568e-03,4.539206697606e+05,4.539206659748e+05,3.785765147768e-03
4.049266653208e-03,4.540188535087e+05,4.540188497151e+05,3.793568524998e-03
4.048383112590e-03,4.541170368660e+05,4.541170330647e+05,3.801363054663e-03
4.047499957461e-03,4.542152198326e+05,4.542152160234e+05,3.809147456195e-03
4.046617187568e-03,4.543134024083e+05,4.543133985914e+05,3.816923475824e-03
4.045734802660e-03,4.544115845932e+05,4.544115807685e+05,3.824692161288e-03
4.044852802485e-03,4.545097663874e+05,4.545097625549e+05,3.832451708149e-03
4.043971186792e-03,4.546079477907e+05,4.546079439505e+05,3.840202174615e-03
4.043089955328e-03,4.547061288033e+05,4.547061249553e+05,3.847943677101e-03
4.042209107843e-03,4.548043094251e+05,4.548043055694e+05,3.855676797684e-03
4.041328644086e-03,4.549024896561e+05,4.549024857927e+05,3.863401652779e-03
4.040448563807e-03,4.550006694963e+05,4.550006656252e+05,3.871116379742e-03
4.039568866754e-03,4.550988489457e+05,4.550988450669e+05,3.878824471030e-03
4.038689552677e-03,4.551970280044e+05,4.551970241179e+05,3.886522958055e-03
4.037810621328e-03,4.552952066723e+05,4.552952027781e+05,3.894212073646e-03
4.036932072454e-03,4.553933849494e+05,4.553933810475e+05,3.901893505827e-03
4.036053905808e-03,4.554915628357e+05,4.554915589262e+05,3.909565042704e-03
4.035176121140e-03,4.555897403313e+05,4.555897364141e+05,3.917228139471e-03
4.034298718200e-03,4.556879174362e+05,4.556879135113e+05,3.924882912543e-03
4.033421696739e-03,4.557860941502e+05,4.557860902177e+05,3.932527499273e-03
4.032545056509e-03,4.558842704735e+05,4.558842665333e+05,3.940163878724e-03
4.031668797262e-03,4.559824464061e+05,4.559824424583e+05,3.947792574763e-03
4.030792918749e-03,4.560806219479e+05,4.560806179924e+05,3.955410735216e-03
4.029917420721e-03,4.561787970989e+05,4.561787931359e+05,3.963021968957e-03
4.029042302932e-03,4.562769718592e+05,4.562769678886e+05,3.970623074565e-03
4.028167565132e-03,4.563751462287e+05,4.563751422505e+05,3.978216787800e-03
4.027293207076e-03,4.564733202075e+05,4.564733162217e+05,3.985799907241e-03
4.026419228516e-03,4.565714937956e+05,4.565714898022e+05,3.993373480625e-03
4.025545629204e-03,4.566696669929e+05,4.566696629920e+05,4.000939312391e-03
4.024672408894e-03,4.567678397995e+05,4.567678357910e+05,4.008496296592e-03
4.023799567339e-03,4.568660122154e+05,4.568660081993e+05,4.016044724267e-03
4.022927104293e-03,4.569641842405e+05,4.569641802169e+05,4.023584246170e-03
4.022055019510e-03,4.570623558749e+05,4.570623518438e+05,4.031113698147e-03
4.021183312744e-03,4.571605271186e+05,4.571605230799e+05,4.038635350298e-03
4.020311983749e-03,4.572586979715e+05,4.572586939253e+05,4.046147980262e-03
4.019441032279e-03,4.573568684337e+05,4.573568643801e+05,4.053650423884e-03
4.018570458090e-03,4.574550385052e+05,4.574550344441e+05,4.061144951265e-03
4.017700260935e-03,4.575532081860e+05,4.575532041174e+05,4.068630805705e-03
4.016830440572e-03,4.576513774761e+05,4.576513734000e+05,4.076106939465e-03
4.015960996753e-03,4.577495463754e+05,4.577495422919e+05,4.083574982360e-03
4.015091929236e-03,4.578477148841e+05,4.578477107931e+05,4.091033013538e-03
4.014223237776e-03,4.579458830020e+05,4.579458789036e+05,4.098481324036e-03
4.013354922128e-03,4.580440507293e+05,4.580440466234e+05,4.105922474992e-03
4.012486982050e-03,4.581422180658e+05,4.581422139525e+05,4.113352508284e-03
4.011619417297e-03,4.582403850117e+05,4.582403808909e+05,4.120775382034e-03
4.010752227626e-03,4.583385515668e+05,4.583385474386e+05,4.128188011236e-03
4.009885412794e-03,4.584367177313e+05,4.584367135957e+05,4.135592898820e-03
4.009018972558e-03,4.585348835050e+05,4.585348793620e+05,4.142986959778e-03
4.008152906675e-03,4.586330488881e+05,4.586330447377e+05,4.150374035817e-03
4.007287214903e-03,4.587312138805e+05,4.587312097227e+05,4.157749353908e-03
4.006421896998e-03,4.588293784822e+05,4.588293743170e+05,4.165117512457e-03
4.005556952720e-03,4.589275426932e+05,4.589275385207e+05,4.172476183157e-03
4.004692381826e-03,4.590257065135e+05,4.590257023337e+05,4.179824958555e-03
4.003828184074e-03,4.591238699432e+05,4.591238657560e+05,4.187164420728e-03
4.002964359223e-03,4.592220329821e+05,4.592220287877e+05,4.194496897981e-03
4.002100907032e-03,4.593201956305e+05,4.593201914286e+05,4.201818432193e-03
4.001237827259e-03,4.594183578881e+05,4.594183536790e+05,4.209130245727e-03
4.000375119664e-03,4.595165197551e+05,4.595165155386e+05,4.216434201226e-03
3.999512784005e-03,4.596146812314e+05,4.596146770077e+05,4.223728552461e-03
3.998650820043e-03,4.597128423170e+05,4.597128380860e+05,4.231014172547e-03
3.997789227537e-03,4.598110030120e+05,4.598109987737e+05,4.238289606292e-03
3.996928006247e-03,4.599091633163e+05,4.599091590708e+05,4.245557007380e-03
3.996067155934e-03,4.600073232300e+05,4.600073189772e+05,4.252813232597e-03
3.995206676357e-03,4.601054827530e+05,4.601054784930e+05,4.260062123649e-03
3.994346567277e-03,4.602036418854e+05,4.602036376181e+05,4.267300420906e-03
3.993486828455e-03,4.603018006271e+05,4.603017963526e+05,4.274530336261e-03
3.992627459651e-03,4.603999589782e+05,4.603999546965e+05,4.281751869712e-03
3.991768460628e-03,4.604981169387e+05,4.604981126497e+05,4.288962169085e-03
3.990909831146e-03,4.605962745085e+05,4.605962702123e+05,4.296163911931e-03
3.990051570968e-03,4.606944316876e+05,4.606944273843e+05,4.303356457967e-03
3.989193679854e-03,4.607925884761e+05,4.607925841656e+05,4.310540971346e-03
3.988336157567e-03,4.608907448740e+05,4.608907405563e+05,4.317714367062e-03
3.987479003868e-03,4.609889008813e+05,4.609888965564e+05,4.324878216721e-03
3.986622218522e-03,4.610870564979e+05,4.610870521659e+05,4.332032985985e-03
3.985765801289e-03,4.611852117239e+05,4.611852073848e+05,4.339179256931e-03
3.984909751933e-03,4.612833665593e+05,4.612833622130e+05,4.346316854935e-03
3.984054070217e-03,4.613815210041e+05,4.613815166506e+05,4.353443509899e-03
3.983198755904e-03,4.614796750582e+05,4.614796706977e+05,4.360560851637e-03
3.982343808757e-03,4.615778287218e+05,4.615778243541e+05,4.367669811472e-03
3.981489228541e-03,4.616759819947e+05,4.616759776199e+05,4.374768352136e-03
3.980635015018e-03,4.617741348770e+05,4.617741304951e+05,4.381858103443e-03
3.979781167954e-03,4.618722873687e+05,4.618722829798e+05,4.388939181808e-03
3.978927687111e-03,4.619704394698e+05,4.619704350738e+05,4.396009433549e-03
3.978074572256e-03,4.620685911803e+05,4.620685867772e+05,4.403071070556e-03
3.977221823151e-03,4.621667425002e+05,4.621667380901e+05,4.410122695845e-03
3.976369439563e-03,4.622648934295e+05,4.622648890123e+05,4.417165357154e-03
3.975517421256e-03,4.623630439682e+05,4.623630395440e+05,4.424197890330e-03
3.974665767995e-03,4.624611941163e+05,4.624611896850e+05,4.431221983396e-03
3.973814479546e-03,4.625593438738e+05,4.625593394355e+05,4.438235773705e-03
3.972963555675e-03,4.626574932407e+05,4.626574887955e+05,4.445241298527e-03
3.972112996146e-03,4.627556422170e+05,4.627556377648e+05,4.452236637007e-03
3.971262800728e-03,4.628537908028e+05,4.628537863436e+05,4.459221032448e-03
3.970412969185e-03,4.629519389980e+05,4.629519345318e+05,4.466198035516e-03
3.969563501284e-03,4.630500868026e+05,4.630500823294e+05,4.473165143281e-03
3.968714396791e-03,4.631482342166e+05,4.631482297365e+05,4.480120784137e-03
3.967865655475e-03,4.632463812400e+05,4.632463767530e+05,4.487069323659e-03
3.967017277101e-03,4.633445278729e+05,4.633445233789e+05,4.494007269386e-03
3.966169261437e-03,4.634426741152e+05,4.634426696143e+05,4.500936192926e-03
3.965321608250e-03,4.635408199670e+05,4.635408154591e+05,4.507854871918e-03
3.964474317308e-03,4.636389654281e+05,4.636389609134e+05,4.514764004853e-03
3.963627388379e-03,4.637371104987e+05,4.637371059771e+05,4.521663067862e-03
3.962780821230e-03,4.638352551788e+05,4.638352506502e+05,4.528553807177e-03
3.961934615631e-03,4.639333994683e+05,4.639333949329e+05,4.535435116850e-03
3.961088771349e-03,4.640315433672e+05,4.640315388249e+05,4.542304552160e-03
3.960243288154e-03,4.641296868756e+05,4.641296823265e+05,4.549166304059e-03
3.959398165813e-03,4.642278299935e+05,4.642278254375e+05,4.556017927825e-03
3.958553404096e-03,4.643259727208e+05,4.643259681579e+05,4.562861577142e-03
3.957709002773e-03,4.644241150575e+05,4.644241104878e+05,4.569693817757e-03
3.956864961612e-03,4.645222570038e+05,4.645222524272e+05,4.576514766086e-03
3.956021280384e-03,4.646203985594e+05,4.646203939761e+05,4.583329660818e-03
3.955177958857e-03,4.647185397246e+05,4.647185351344e+05,4.590133146849e-03
3.954334996803e-03,4.648166804992e+05,4.648166759022e+05,4.596926446538e-03
3.953492393991e-03,4.649148208832e+05,4.649148162795e+05,4.603710025549e-03
3.952650150192e-03,4.650129608768e+05,4.650129562663e+05,4.610483476426e-03
3.951808265176e-03,4.651111004798e+05,4.651110958626e+05,4.617248720024e-03
3.950966738714e-03,4.652092396923e+05,4.652092350683e+05,4.624004010111e-03
3.950125570577e-03,4.653073785143e+05,4.653073738835e+05,4.630749404896e-03
3.949284760536e-03,4.654055169457e+05,4.654055123082e+05,4.637484729756e-03
3.948444308363e-03,4.655036549866e+05,4.655036503424e+05,4.644210217521e-03
3.947604213830e-03,4.656017926371e+05,4.656017879861e+05,4.650926683098e-03
3.946764476707e-03,4.656999298970e+05,4.656999252393e+05,4.657632322051e-03
3.945925096767e-03,4.657980667664e+05,4.657980621020e+05,4.664329171646e-03
3.945086073783e-03,4.658962032453e+05,4.658961985742e+05,4.671015543863e-03
3.944247407526e-03,4.659943393336e+05,4.659943346560e+05,4.677693010308e-03
3.943409097768e-03,4.660924750315e+05,4.660924703472e+05,4.684359708335e-03
3.942571144284e-03,4.661906103389e+05,4.661906056479e+05,4.691017849836e-03
3.941733546845e-03,4.662887452558e+05,4.662887405581e+05,4.697664582636e-03
3.940896305225e-03,4.663868797822e+05,4.663868750779e+05,4.704302758910e-03
3.940059419197e-03,4.664850139181e+05,4.664850092072e+05,4.710930574220e-03
3.939222888535e-03,4.665831476635e+05,4.665831429460e+05,4.717549309134e-03
3.938386713012e-03,4.666812810184e+05,4.666812762943e+05,4.724157974124e-03
3.937550892402e-03,4.667794139829e+05,4.667794092521e+05,4.730756278150e-03
3.936715426480e-03,4.668775465568e+05,4.668775418195e+05,4.737344279420e-03
3.935880315019e-03,4.669756787403e+05,4.669756739964e+05,4.743922210764e-03
3.935045557794e-03,4.670738105333e+05,4.670738057828e+05,4.750490828883e-03
3.934211154580e-03,4.671719419358e+05,4.671719371788e+05,4.757050366607e-03
3.933377105152e-03,4.672700729479e+05,4.672700681843e+05,4.763599485159e-03
3.932543409284e-03,4.673682035695e+05,4.673681987993e+05,4.770138533786e-03
3.931710066751e-03,4.674663338006e+05,4.674663290239e+05,4.776667337865e-03
3.930877077331e-03,4.675644636412e+05,4.675644588580e+05,4.783187119756e-03
3.930044440796e-03,4.676625930914e+05,4.676625883017e+05,4.789696482476e-03
3.929212156925e-03,4.677607221511e+05,4.677607173549e+05,4.796195251402e-03
3.928380225492e-03,4.678588508204e+05,4.678588460177e+05,4.802684881724e-03
3.927548646274e-03,4.679569790992e+05,4.679569742900e+05,4.809164907783e-03
3.926717419048e-03,4.680551069876e+05,4.680551021719e+05,4.815635329578e-03
3.925886543589e-03,4.681532344855e+05,4.681532296634e+05,4.822093818802e-03
3.925056019674e-03,4.682513615929e+05,4.682513567644e+05,4.828543227632e-03
3.924225847081e-03,4.683494883099e+05,4.683494834750e+05,4.834983730689e-03
3.923396025587e-03,4.684476146365e+05,4.684476097951e+05,4.841413116083e-03
3.922566554968e-03,4.685457405726e+05,4.685457357248e+05,4.847832780797e-03
3.921737435003e-03,4.686438661183e+05,4.686438612641e+05,4.854243015870e-03
3.920908665469e-03,4.687419912736e+05,4.687419864130e+05,4.860642424319e-03
3.920080246144e-03,4.688401160384e+05,4.688401111714e+05,4.867031646427e-03
3.919252176806e-03,4.689382404128e+05,4.689382355394e+05,4.873410623986e-03
3.918424457233e-03,4.690363643968e+05,4.690363595170e+05,4.879781743512e-03
3.917597087204e-03,4.691344879903e+05,4.691344831042e+05,4.886139533482e-03
3.916770066498e-03,4.692326111934e+05,4.692326063010e+05,4.892489640042e-03
3.915943394892e-03,4.693307340061e+05,4.693307291073e+05,4.898828454316e-03
3.915117072167e-03,4.694288564284e+05,4.694288515233e+05,4.905157489702e-03
3.914291098101e-03,4.695269784603e+05,4.695269735488e+05,4.911477968562e-03
3.913465472474e-03,4.696251001017e+05,4.696250951839e+05,4.917786631268e-03
3.912640195065e-03,4.697232213528e+05,4.697232164287e+05,4.924086213578e-03
3.911815265655e-03,4.698213422134e+05,4.698213372830e+05,4.930374270771e-03
3.910990684022e-03,4.699194626836e+05,4.699194577470e+05,4.936653596815e-03
3.910166449947e-03,4.700175827634e+05,4.700175778205e+05,4.942922561895e-03
3.909342563211e-03,4.701157024529e+05,4.701156975037e+05,4.949179827236e-03
3.908519023594e-03,4.702138217519e+05,4.702138167964e+05,4.955429350957e-03
3.907695830876e-03,4.703119406605e+05,4.703119356988e+05,4.961668222677e-03
3.906872984839e-03,4.704100591787e+05,4.704100542108e+05,4.967895627487e-03
3.906050485263e-03,4.705081773066e+05,4.705081723325e+05,4.974114650395e-03
3.905228331930e-03,4.706062950440e+05,4.706062900637e+05,4.980322206393e-03
3.904406524621e-03,4.707044123911e+05,4.707044074046e+05,4.986519285012e-03
3.903585063118e-03,4.708025293478e+05,4.708025243551e+05,4.992706584744e-03
3.902763947202e-03,4.709006459141e+05,4.709006409152e+05,4.998884047382e-03
3.901943176656e-03,4.709987620900e+05,4.709987570849e+05,5.005050625186e-03
3.901122751262e-03,4.710968778755e+05,4.710968728643e+05,5.011207831558e-03
3.900302670801e-03,4.711949932707e+05,4.711949882533e+05,5.017354444135e-03
3.899482935057e-03,4.712931082755e+05,4.712931032520e+05,5.023491568863e-03
3.898663543812e-03,4.713912228899e+05,4.713912178603e+05,5.029617517721e-03
3.897844496849e-03,4.714893371140e+05,4.714893320783e+05,5.035733804107e-03
3.897025793951e-03,4.715874509477e+05,4.715874459058e+05,5.041839147452e-03
3.896207434901e-03,4.716855643910e+05,4.716855593431e+05,5.047934653703e-03
3.895389419484e-03,4.717836774440e+05,4.717836723900e+05,5.054019740783e-03
3.894571747481e-03,4.718817901066e+05,4.718817850465e+05,5.060094874352e-03
3.893754418678e-03,4.719799023789e+05,4.719798973127e+05,5.066159472335e-03
3.892937432858e-03,4.720780142608e+05,4.720780091886e+05,5.072213418316e-03
3.892120789805e-03,4.721761257524e+05,4.721761206741e+05,5.078257876448e-03
3.891304489304e-03,4.722742368536e+05,4.722742317693e+05,5.084291798994e-03
3.890488531139e-03,4.723723475645e+05,4.723723424741e+05,5.090314545669e-03
3.889672915094e-03,4.724704578850e+05,4.724704527887e+05,5.096328211948e-03
3.888857640956e-03,4.725685678152e+05,4.725685627129e+05,5.102331633680e-03
3.888042708508e-03,4.726666773550e+05,4.726666722467e+05,5.108323821332e-03
3.887228117536e-03,4.727647865046e+05,4.727647813903e+05,5.114305822644e-03
3.886413867826e-03,4.728628952637e+05,4.728628901435e+05,5.120278568938e-03
3.885599959162e-03,4.729610036326e+05,4.729609985064e+05,5.126238567755e-03
3.884786391332e-03,4.730591116111e+05,4.730591064789e+05,5.132191115990e-03
3.883973164120e-03,4.731572191993e+05,4.731572140612e+05,5.138131615240e-03
3.883160277313e-03,4.732553263972e+05,4.732553212532e+05,5.144061637111e-03
3.882347730697e-03,4.733534332048e+05,4.733534280548e+05,5.149983277079e-03
3.881535524059e-03,4.734515396220e+05,4.734515344662e+05,5.155892577022e-03
3.880723657185e-03,4.735496456490e+05,4.735496404872e+05,5.161791632418e-03
3.879912129862e-03,4.736477512856e+05,4.736477461179e+05,5.167680443265e-03
3.879100941877e-03,4.737458565319e+05,4.737458513584e+05,5.173558718525e-03
3.878290093018e-03,4.738439613879e+05,4.738439562085e+05,5.179425817914e-03
3.877479583072e-03,4.739420658536e+05,4.739420606683e+05,5.185284186155e-03
3.876669411826e-03,4.740401699290e+05,4.740401647379e+05,5.191131902393e-03
3.875859579068e-03,4.741382736141e+05,4.741382684171e+05,5.196968850214e-03
3.875050084586e-03,4.742363769089e+05,4.742363717061e+05,5.202795087826e-03
3.874240928169e-03,4.743344798134e+05,4.743344746048e+05,5.208610382397e-03
3.873432109603e-03,4.744325823276e+05,4.744325771132e+05,5.214416480158e-03
3.872623628679e-03,4.745306844515e+05,4.745306792313e+05,5.220210121479e-03
3.871815485184e-03,4.746287861852e+05,4.746287809592e+05,5.225995148066e-03
3.871007678907e-03,4.747268875285e+05,4.747268822968e+05,5.231769289821e-03
3.870200209637e-03,4.748249884816e+05,4.748249832441e+05,5.237533594482e-03
3.869393077164e-03,4.749230890444e+05,4.749230838011e+05,5.243285326287e-03
3.868586281276e-03,4.750211892169e+05,4.750211839678e+05,5.249027803075e-03
3.867779821764e-03,4.751192889991e+05,4.751192837443e+05,5.254760675598e-03
3.866973698416e-03,4.752173883911e+05,4.752173831306e+05,5.260482197627e-03
3.866167911023e-03,4.753154873928e+05,4.753154821266e+05,5.266193300486e-03
3.865362459375e-03,4.754135860042e+05,4.754135807323e+05,5.271894217003e-03
3.864557343262e-03,4.755116842253e+05,4.755116789477e+05,5.277583724819e-03
3.863752562474e-03,4.756097820562e+05,4.756097767730e+05,5.283263220917e-03
3.862948116802e-03,4.757078794969e+05,4.757078742079e+05,5.288931541145e-03
3.862144006037e-03,4.758059765472e+05,4.758059712526e+05,5.294590373524e-03
3.861340229969e-03,4.759040732073e+05,4.759040679071e+05,5.300237389747e-03
3.860536788390e-03,4.760021694772e+05,4.760021641713e+05,5.305874394253e-03
3.859733681090e-03,4.761002653568e+05,4.761002600453e+05,5.311501969118e-03
3.858930907862e-03,4.761983608462e+05,4.761983555291e+05,5.317117203958e-03
3.858128468497e-03,4.762964559453e+05,4.762964506226e+05,5.322723591235e-03
3.857326362786e-03,4.763945506542e+05,4.763945453259e+05,5.328317172825e-03
3.856524590522e-03,4.764926449728e+05,4.764926396389e+05,5.333901848644e-03
3.855723151496e-03,4.765907389012e+05,4.765907335617e+05,5.339475697838e-03
3.854922045502e-03,4.766888324394e+05,4.766888270943e+05,5.345039302483e-03
3.854121272331e-03,4.767869255873e+05,4.767869202367e+05,5.350590043236e-03
3.853320831776e-03,4.768850183450e+05,4.768850129889e+05,5.356132634915e-03
3.852520723630e-03,4.769831107125e+05,4.769831053508e+05,5.361664225347e-03
3.851720947685e-03,4.770812026897e+05,4.770811973225e+05,5.367183999624e-03
3.850921503736e-03,4.771792942767e+05,4.771792889040e+05,5.372693412937e-03
3.850122391575e-03,4.772773854735e+05,4.772773800953e+05,5.378193804063e-03
3.849323610996e-03,4.773754762801e+05,4.773754708964e+05,5.383681098465e-03
3.848525161792e-03,4.774735666965e+05,4.774735613073e+05,5.389158963226e-03
3.847727043758e-03,4.775716567226e+05,4.775716513280e+05,5.394626641646e-03
3.846929256687e-03,4.776697463585e+05,4.776697409585e+05,5.400082620326e-03
3.846131800373e-03,4.777678356043e+05,4.777678301987e+05,5.405528529081e-03
3.845334674611e-03,4.778659244598e+05,4.778659190488e+05,5.410963261966e-03
3.844537879196e-03,4.779640129251e+05,4.779640075087e+05,5.416387808509e-03
3.843741413922e-03,4.780621010002e+05,4.780620955784e+05,5.421800946351e-03
3.842945278583e-03,4.781601886851e+05,4.781601832579e+05,5.427203199361e-03
3.842149472976e-03,4.782582759799e+05,4.782582705473e+05,5.432596080936e-03
3.841353996894e-03,4.783563628844e+05,4.783563574464e+05,5.437977670226e-03
3.840558850135e-03,4.784544493987e+05,4.784544439554e+05,5.443349538837e-03
3.839764032492e-03,4.785525355229e+05,4.785525300741e+05,5.448708543554e-03
3.838969543762e-03,4.786506212568e+05,4.786506158028e+05,5.454057711177e-03
3.838175383740e-03,4.787487066006e+05,4.787487011412e+05,5.459395411890e-03
3.837381552223e-03,4.788467915542e+05,4.788467860895e+05,5.464723624755e-03
3.836588049007e-03,4.789448761176e+05,4.789448706476e+05,5.470039963257e-03
3.835794873889e-03,4.790429602908e+05,4.790429548155e+05,5.475346755702e-03
3.835002026664e-03,4.791410440739e+05,4.791410385933e+05,5.480642896146e-03
3.834209507130e-03,4.792391274668e+05,4.792391219809e+05,5.485926230904e-03
3.833417315083e-03,4.793372104695e+05,4.793372049783e+05,5.491200194228e-03
3.832625450320e-03,4.794352930821e+05,4.794352875856e+05,5.496463098098e-03
3.831833912639e-03,4.795333753045e+05,4.795333698027e+05,5.501716106664e-03
3.831042701838e-03,4.796314571367e+05,4.796314516297e+05,5.506957240868e-03
3.830251817713e-03,4.797295385787e+05,4.797295330666e+05,5.512186849955e-03
3.829461260062e-03,4.798276196307e+05,4.798276141133e+05,5.517407495063e-03
3.828671028683e-03,4.799257002924e+05,4.799256947698e+05,5.522616731469e-03
3.827881123375e-03,4.800237805640e+05,4.800237750362e+05,5.527813569643e-03
3.827091543936e-03,4.801218604455e+05,4.801218549125e+05,5.533001734875e-03
3.826302290163e-03,4.802199399368e+05,4.802199343986e+05,5.538177618291e-03
3.825513361856e-03,4.803180190379e+05,4.803180134946e+05,5.543342966121e-03
3.824724758813e-03,4.804160977490e+05,4.804160922005e+05,5.548499117140e-03
3.823936480833e-03,4.805141760698e+05,4.805141705162e+05,5.553642346058e-03
3.823148527715e-03,4.806122540006e+05,4.806122484418e+05,5.558774981182e-03
3.822360899258e-03,4.807103315412e+05,4.807103259773e+05,5.563895916566e-03
3.821573595263e-03,4.808084086917e+05,4.808084031227e+05,5.569008295424e-03
3.820786615527e-03,4.809064854520e+05,4.809064798779e+05,5.574107577559e-03
3.819999959852e-03,4.810045618222e+05,4.810045562430e+05,5.579198070336e-03
3.819213628036e-03,4.811026378023e+05,4.811026322181e+05,5.584275990259e-03
3.818427619881e-03,4.812007133923e+05,4.812007078030e+05,5.589343374595e-03
3.817641935185e-03,4.812987885921e+05,4.812987829978e+05,5.594399233814e-03
3.816856573750e-03,4.813968634019e+05,4.813968578024e+05,5.599445721600e-03
3.816071535376e-03,4.814949378215e+05,4.814949322170e+05,5.604480684269e-03
3.815286819864e-03,4.815930118510e+05,4.815930062415e+05,5.609504005406e-03
3.814502427015e-03,4.816910854904e+05,4.816910798759e+05,5.614517664071e-03
3.813718356629e-03,4.817891587397e+05,4.817891531202e+05,5.619519099128e-03
3.812934608508e-03,4.818872315989e+05,4.818872259744e+05,5.624509183690e-03
3.812151182453e-03,4.819853040679e+05,4.819852984385e+05,5.629489896819e-03
3.811368078266e-03,4.820833761469e+05,4.820833705125e+05,5.634459084831e-03
3.810585295749e-03,4.821814478358e+05,4.821814421964e+05,5.639417271595e-03
3.809802834702e-03,4.822795191346e+05,4.822795134902e+05,5.644364224281e-03
3.809020694929e-03,4.823775900433e+05,4.823775843940e+05,5.649300059304e-03
3.808238876232e-03,4.824756605619e+05,4.824756549077e+05,5.654226115439e-03
3.807457378412e-03,4.825737306904e+05,4.825737250313e+05,5.659140588250e-03
3.806676201272e-03,4.826718004288e+05,4.826717947648e+05,5.664043070283e-03
3.805895344615e-03,4.827698697772e+05,4.827698641082e+05,5.668933968991e-03
3.805114808244e-03,4.828679387354e+05,4.828679330616e+05,5.673816020135e-03
3.804334591962e-03,4.829660073036e+05,4.829660016249e+05,5.678686487954e-03
3.803554695572e-03,4.830640754817e+05,4.830640697982e+05,5.683546303771e-03
3.802775118877e-03,4.831621432698e+05,4.831621375814e+05,5.688394128811e-03
3.801995861680e-03,4.832602106677e+05,4.832602049745e+05,5.693230195902e-03
3.801216923786e-03,4.833582776756e+05,4.833582719776e+05,5.698056775145e-03
3.800438304998e-03,4.834563442935e+05,4.834563385906e+05,5.702871421818e-03
3.799660005120e-03,4.835544105212e+05,4.835544048136e+05,5.707674659789e-03
3.798882023956e-03,4.836524763589e+05,4.836524706465e+05,5.712468002457e-03
3.798104361310e-03,4.837505418066e+05,4.837505360893e+05,5.717249121517e-03
3.797327016987e-03,4.838486068642e+05,4.838486011422e+05,5.722020578105e-03
3.796549990792e-03,4.839466715317e+05,4.839466658049e+05,5.726780218538e-03
3.795773282529e-03,4.840447358092e+05,4.840447300777e+05,5.731528392062e-03
3.794996892002e-03,4.841427996966e+05,4.841427939604e+05,5.736266088206e-03
3.794220819018e-03,4.842408631940e+05,4.842408574530e+05,5.740992783103e-03
3.793445063382e-03,4.843389263014e+05,4.843389205557e+05,5.745707196184e-03
3.792669624898e-03,4.844369890187e+05,4.844369832683e+05,5.750411364716e-03
3.791894503372e-03,4.845350513460e+05,4.845350455909e+05,5.755104357377e-03
3.791119698611e-03,4.846331132832e+05,4.846331075234e+05,5.759787221905e-03
3.790345210419e-03,4.847311748304e+05,4.847311690659e+05,5.764457629994e-03
3.789571038603e-03,4.848292359876e+05,4.848292302185e+05,5.769117211457e-03
3.788797182969e-03,4.849272967547e+05,4.849272909809e+05,5.773765675258e-03
3.788023643324e-03,4.850253571318e+05,4.850253513534e+05,5.778404476587e-03
3.787250419473e-03,4.851234171189e+05,4.851234113359e+05,5.783030122984e-03
3.786477511224e-03,4.852214767160e+05,4.852214709283e+05,5.787646165118e-03
3.785704918384e-03,4.853195359230e+05,4.853195301308e+05,5.792249285150e-03
3.784932640759e-03,4.854175947401e+05,4.854175889432e+05,5.796842335258e-03
3.784160678156e-03,4.855156531671e+05,4.855156473657e+05,5.801424209494e-03
3.783389030383e-03,4.856137112041e+05,4.856137053981e+05,5.805994325783e-03
3.782617697248e-03,4.857117688511e+05,4.857117630405e+05,5.810555012431e-03
3.781846678557e-03,4.858098261081e+05,4.858098202930e+05,5.815102427732e-03
3.781075974119e-03,4.859078829751e+05,4.859078771554e+05,5.819639773108e-03
3.780305583741e-03,4.860059394520e+05,4.860059336279e+05,5.824165360536e-03
3.779535507232e-03,4.861039955390e+05,4.861039897103e+05,5.828680645209e-03
3.778765744399e-03,4.862020512360e+05,4.862020454028e+05,5.833183473442e-03
3.777996295052e-03,4.863001065430e+05,4.863001007053e+05,5.837675067596e-03
3.777227158998e-03,4.863981614600e+05,4.863981556178e+05,5.842157115694e-03
3.776458336047e-03,4.864962159870e+05,4.864962101404e+05,5.846626299899e-03
3.775689826007e-03,4.865942701240e+05,4.865942642730e+05,5.851085530594e-03
3.774921628688e-03,4.866923238711e+05,4.866923180156e+05,5.855532770511e-03
3.774153743897e-03,4.867903772281e+05,4.867903713682e+05,5.859969300218e-03
3.773386171446e-03,4.868884301952e+05,4.868884243308e+05,5.864392907824e-03
3.772618911143e-03,4.869864827723e+05,4.869864769035e+05,5.868807900697e-03
3.771851962797e-03,4.870845349594e+05,4.870845290862e+05,5.873210437130e-03
3.771085326220e-03,4.871825867566e+05,4.871825808790e+05,5.877600749955e-03
3.770319001219e-03,4.872806381638e+05,4.872806322818e+05,5.881980760023e-03
3.769552987607e-03,4.873786891810e+05,4.873786832947e+05,5.886349186767e-03
3.768787285192e-03,4.874767398083e+05,4.874767339176e+05,5.890708125662e-03
3.768021893786e-03,4.875747900456e+05,4.875747841505e+05,5.895054142457e-03
3.767256813198e-03,4.876728398929e+05,4.876728339935e+05,5.899387993850e-03
3.766492043240e-03,4.877708893503e+05,4.877708834465e+05,5.903711949941e-03
3.765727583722e-03,4.878689384177e+05,4.878689325096e+05,5.908025777899e-03
3.764963434456e-03,4.879669870951e+05,4.879669811828e+05,5.912326450925e-03
3.764199595253e-03,4.880650353827e+05,4.880650294660e+05,5.916615948081e-03
3.763436065923e-03,4.881630832802e+05,4.881630773593e+05,5.920894269366e-03
3.762672846279e-03,4.882611307878e+05,4.882611248627e+05,5.925162346102e-03
3.761909936131e-03,4.883591779055e+05,4.883591719761e+05,5.929418199230e-03
3.761147335293e-03,4.884572246333e+05,4.884572186996e+05,5.933662177995e-03
3.760385043575e-03,4.885552709711e+05,4.885552650332e+05,5.937895446550e-03
3.759623060790e-03,4.886533169189e+05,4.886533109768e+05,5.942116142251e-03
3.758861386750e-03,4.887513624769e+05,4.887513565305e+05,5.946328747086e-03
3.758100021268e-03,4.888494076449e+05,4.888494016944e+05,5.950527323876e-03
3.757338964156e-03,4.889474524230e+05,4.889474464682e+05,5.954715597909e-03
3.756578215226e-03,4.890454968111e+05,4.890454908522e+05,5.958890949842e-03
3.755817774292e-03,4.891435408093e+05,4.891435348463e+05,5.963056697510e-03
3.755057641166e-03,4.892415844176e+05,4.892415784504e+05,5.967211152893e-03
3.754297815662e-03,4.893396276360e+05,4.893396216647e+05,5.971354665235e-03
3.753538297593e-03,4.894376704645e+05,4.894376644890e+05,5.975483800285e-03
3.752779086772e-03,4.895357129031e+05,4.895357069235e+05,5.979603971355e-03
3.752020183013e-03,4.896337549517e+05,4.896337489680e+05,5.983712791931e-03
3.751261586130e-03,4.897317966105e+05,4.897317906227e+05,5.987811309751e-03
3.750503295937e-03,4.898298378793e+05,4.898298318874e+05,5.991895974148e-03
3.749745312247e-03,4.899278787582e+05,4.899278727623e+05,5.995970219374e-03
3.748987634876e-03,4.900259192473e+05,4.900259132472e+05,6.000033987220e-03
3.748230263636e-03,4.901239593464e+05,4.901239533423e+05,6.004084716551e-03
3.747473198344e-03,4.902219990556e+05,4.902219930475e+05,6.008125899825e-03
3.746716438813e-03,4.903200383750e+05,4.903200323628e+05,6.012154917698e-03
3.745959984858e-03,4.904180773044e+05,4.904180712883e+05,6.016171479132e-03
3.745203836294e-03,4.905161158440e+05,4.905161098238e+05,6.020176922902e-03
3.744447992936e-03,4.906141539937e+05,4.906141479695e+05,6.024172820617e-03
3.743692454600e-03,4.907121917535e+05,4.907121857253e+05,6.028155097738e-03
3.742937221101e-03,4.908102291234e+05,4.908102230913e+05,6.032128119841e-03
3.742182292255e-03,4.909082661034e+05,4.909082600674e+05,6.036088103428e-03
3.741427667877e-03,4.910063026936e+05,4.910062966536e+05,6.040037202183e-03
3.740673347782e-03,4.911043388939e+05,4.911043328499e+05,6.043974834029e-03
3.739919331788e-03,4.912023747043e+05,4.912023686564e+05,6.047901639249e-03
3.739165619710e-03,4.913004101249e+05,4.913004040730e+05,6.051815289538e-03
3.738412211364e-03,4.913984451555e+05,4.913984390998e+05,6.055717996787e-03
3.737659106567e-03,4.914964797964e+05,4.914964737367e+05,6.059610401280e-03
3.736906305136e-03,4.915945140473e+05,4.915945079838e+05,6.063490407541e-03
3.736153806887e-03,4.916925479084e+05,4.916925418411e+05,6.067359005101e-03
3.735401611637e-03,4.917905813797e+05,4.917905753084e+05,6.071215844713e-03
3.734649719203e-03,4.918886144610e+05,4.918886083860e+05,6.075062905438e-03
3.733898129402e-03,4.919866471526e+05,4.919866410737e+05,6.078896753024e-03
3.733146842052e-03,4.920846794543e+05,4.920846733715e+05,6.082719482947e-03
3.732395856970e-03,4.921827113661e+05,4.921827052796e+05,6.086532608606e-03
3.731645173974e-03,4.922807428881e+05,4.922807367978e+05,6.090332579333e-03
3.730894792882e-03,4.923787740203e+05,4.923787679261e+05,6.094120442867e-03
3.730144713510e-03,4.924768047626e+05,4.924767986647e+05,6.097897596192e-03
3.729394935678e-03,4.925748351151e+05,4.925748290134e+05,6.101662991568e-03
3.728645459204e-03,4.926728650777e+05,4.926728589723e+05,6.105417909566e-03
3.727896283906e-03,4.927708946505e+05,4.927708885414e+05,6.109159789048e-03
3.727147409602e-03,4.928689238335e+05,4.928689177206e+05,6.112890841905e-03
3.726398836112e-03,4.929669526267e+05,4.929669465100e+05,6.116610951722e-03
3.725650563253e-03,4.930649810300e+05,4.930649749097e+05,6.120318081230e-03
3.724902590845e-03,4.931630090435e+05,4.931630029195e+05,6.124014616944e-03
3.724154918707e-03,4.932610366672e+05,4.932610305395e+05,6.127701082733e-03
3.723407546659e-03,4.933590639011e+05,4.933590577697e+05,6.131373113021e-03
3.722660474518e-03,4.934570907451e+05,4.934570846101e+05,6.135035422631e-03
3.721913702106e-03,4.935551171994e+05,4.935551110607e+05,6.138685974292e-03
3.721167229242e-03,4.936531432638e+05,4.936531371215e+05,6.142325582914e-03
3.720421055745e-03,4.937511689385e+05,4.937511627925e+05,6.145952502266e-03
3.719675181435e-03,4.938491942233e+05,4.938491880737e+05,6.149568594992e-03
3.718929606133e-03,4.939472191183e+05,4.939472129651e+05,6.153171416372e-03
3.718184329659e-03,4.940452436235e+05,4.940452374668e+05,6.156765506603e-03
3.717439351833e-03,4.941432677390e+05,4.941432615786e+05,6.160345801618e-03
3.716694672476e-03,4.942412914646e+05,4.942412853007e+05,6.163915735669e-03
3.715950291408e-03,4.943393148004e+05,4.943393086330e+05,6.167473504320e-03
3.715206208450e-03,4.944373377465e+05,4.944373315755e+05,6.171019980684e-03
3.714462423423e-03,4.945353603028e+05,4.945353541282e+05,6.174555339385e-03
3.713718936149e-03,4.946333824692e+05,4.946333762912e+05,6.178078299854e-03
3.712975746448e-03,4.947314042459e+05,4.947313980644e+05,6.181590259075e-03
3.712232854142e-03,4.948294256329e+05,4.948294194478e+05,6.185090751387e-03
3.711490259052e-03,4.949274466300e+05,4.949274404414e+05,6.188579078298e-03
3.710747961000e-03,4.950254672374e+05,4.950254610453e+05,6.192055414431e-03
3.710005959808e-03,4.951234874550e+05,4.951234812594e+05,6.195522320922e-03
3.709264255298e-03,4.952215072828e+05,4.952215010838e+05,6.198975082953e-03
3.708522847292e-03,4.953195267208e+05,4.953195205184e+05,6.202418298926e-03
3.707781735612e-03,4.954175457691e+05,4.954175395633e+05,6.205848359969e-03
3.707040920080e-03,4.955155644277e+05,4.955155582184e+05,6.209267419763e-03
3.706300400519e-03,4.956135826964e+05,4.956135764838e+05,6.212674430571e-03
3.705560176753e-03,4.957116005754e+05,4.957115943594e+05,6.216071022209e-03
3.704820248602e-03,4.958096180647e+05,4.958096118452e+05,6.219455332030e-03
3.704080615891e-03,4.959076351642e+05,4.959076289414e+05,6.222827651072e-03
3.703341278443e-03,4.960056518739e+05,4.960056456478e+05,6.226188212167e-03
3.702602236081e-03,4.961036681939e+05,4.961036619644e+05,6.229536840692e-03
3.701863488627e-03,4.962016841242e+05,4.962016778913e+05,6.232874933630e-03
3.701125035907e-03,4.962996996647e+05,4.962996934285e+05,6.236200977582e-03
3.700386877742e-03,4.963977148155e+05,4.963977085760e+05,6.239515845664e-03
3.699649013958e-03,4.964957295765e+05,4.964957233337e+05,6.242818955798e-03
3.698911444378e-03,4.965937439478e+05,4.965937377017e+05,6.246109842323e-03
3.698174168826e-03,4.966917579294e+05,4.966917516800e+05,6.249388155993e-03
3.697437187126e-03,4.967897715212e+05,4.967897652686e+05,6.252657156438e-03
3.696700499103e-03,4.968877847234e+05,4.968877784674e+05,6.255913467612e-03
3.695964104582e-03,4.969857975357e+05,4.969857912766e+05,6.259156623855e-03
3.695228003386e-03,4.970838099584e+05,4.970838036960e+05,6.262390059419e-03
3.694492195341e-03,4.971818219913e+05,4.971818157257e+05,6.265610398259e-03
3.693756680271e-03,4.972798336346e+05,4.972798273657e+05,6.268820317928e-03
3.693021458002e-03,4.973778448881e+05,4.973778386160e+05,6.272018654272e-03
3.692286528358e-03,4.974758557519e+05,4.974758494767e+05,6.275204534177e-03
3.691551891166e-03,4.975738662259e+05,4.975738599476e+05,6.278379936703e-03
3.690817546250e-03,4.976718763103e+05,4.976718700288e+05,6.281542417128e-03
3.690083493437e-03,4.977698860050e+05,4.977698797203e+05,6.284693256021e-03
3.689349732551e-03,4.978678953099e+05,4.978678890221e+05,6.287832919043e-03
3.688616263419e-03,4.979659042252e+05,4.979658979342e+05,6.290960474871e-03
3.687883085868e-03,4.980639127508e+05,4.980639064567e+05,6.294076505583e-03
3.687150199722e-03,4.981619208866e+05,4.981619145895e+05,6.297180661932e-03
3.686417604808e-03,4.982599286328e+05,4.982599223325e+05,6.300274282694e-03
3.685685300954e-03,4.983579359893e+05,4.983579296859e+05,6.303355796263e-03
3.684953287984e-03,4.984559429561e+05,4.984559366497e+05,6.306424445938e-03
3.684221565727e-03,4.985539495332e+05,4.985539432237e+05,6.309482152574e-03
3.683490134008e-03,4.986519557206e+05,4.986519494081e+05,6.312527286354e-03
3.682758992656e-03,4.987499615184e+05,4.987499552028e+05,6.315562583040e-03
3.682028141496e-03,4.988479669264e+05,4.988479606079e+05,6.318584317341e-03
3.681297580357e-03,4.989459719448e+05,4.989459656232e+05,6.321594584733e-03
3.680567309066e-03,4.990439765735e+05,4.990439702489e+05,6.324594432954e-03
3.679837327449e-03,4.991419808126e+05,4.991419744850e+05,6.327581300866e-03
3.679107635336e-03,4.992399846620e+05,4.992399783314e+05,6.330557400361e-03
3.678378232554e-03,4.993379881217e+05,4.993379817881e+05,6.333521159831e-03
3.677649118930e-03,4.994359911917e+05,4.994359848552e+05,6.336472288240e-03
3.676920294293e-03,4.995339938721e+05,4.995339875327e+05,6.339413172100e-03
3.676191758470e-03,4.996319961628e+05,4.996319898205e+05,6.342342414428e-03
3.675463511292e-03,4.997299980639e+05,4.997299917186e+05,6.345258851070e-03
3.674735552585e-03,4.998279995753e+05,4.998279932271e+05,6.348163355142e-03
3.674007882178e-03,4.999260006971e+05,4.999259943460e+05,6.351057614665e-03
3.673280499901e-03,5.000240014292e+05,5.000239950752e+05,6.353939301334e-03
3.672553405582e-03,5.001220017716e+05,5.001219954148e+05,6.356808764394e-03
3.671826599050e-03,5.002200017245e+05,5.002199953648e+05,6.359667575452e-03
3.671100080135e-03,5.003180012876e+05,5.003179949251e+05,6.362514337525e-03
3.670373848665e-03,5.004160004612e+05,5.004159940958e+05,6.365348235704e-03
3.669647904470e-03,5.005139992451e+05,5.005139928769e+05,6.368171772920e-03
3.668922247380e-03,5.006119976393e+05,5.006119912684e+05,6.370982737280e-03
3.668196877224e-03,5.007099956440e+05,5.007099892702e+05,6.373782292940e-03
3.667471793833e-03,5.008079932590e+05,5.008079868824e+05,6.376568519045e-03
3.666746997036e-03,5.009059904844e+05,5.009059841050e+05,6.379343918525e-03
3.666022486663e-03,5.010039873201e+05,5.010039809380e+05,6.382107851095e-03
3.665298262544e-03,5.011019837662e+05,5.011019773814e+05,6.384860666003e-03
3.664574324511e-03,5.011999798228e+05,5.011999734352e+05,6.387601664755e-03
3.663850672393e-03,5.012979754897e+05,5.012979690993e+05,6.390331545845e-03
3.663127306022e-03,5.013959707669e+05,5.013959643739e+05,6.393047340680e-03
3.662404225227e-03,5.014939656546e+05,5.014939592589e+05,6.395751377568e-03
3.661681429840e-03,5.015919601527e+05,5.015919537542e+05,6.398444937076e-03
3.660958919692e-03,5.016899542611e+05,5.016899478600e+05,6.401127960999e-03
3.660236694614e-03,5.017879479800e+05,5.017879415762e+05,6.403797364328e-03
3.659514754438e-03,5.018859413092e+05,5.018859349028e+05,6.406455708202e-03
3.658793098994e-03,5.019839342489e+05,5.019839278398e+05,6.409101712052e-03
3.658071728115e-03,5.020819267989e+05,5.020819203872e+05,6.411734735593e-03
3.657350641632e-03,5.021799189594e+05,5.021799125450e+05,6.414357980248e-03
3.656629839377e-03,5.022779107302e+05,5.022779043132e+05,6.416969001293e-03
3.655909321182e-03,5.023759021115e+05,5.023758956919e+05,6.419568671845e-03
3.655189086879e-03,5.024738931032e+05,5.024738866810e+05,6.422154838219e-03
3.654469136301e-03,5.025718837053e+05,5.025718772805e+05,6.424731167499e-03
3.653749469279e-03,5.026698739178e+05,5.026698674905e+05,6.427293585148e-03
3.653030085647e-03,5.027678637407e+05,5.027678573109e+05,6.429844710510e-03
3.652310985236e-03,5.028658531741e+05,5.028658467417e+05,6.432385183871e-03
3.651592167880e-03,5.029638422178e+05,5.029638357829e+05,6.434913259000e-03
3.650873633412e-03,5.030618308721e+05,5.030618244346e+05,6.437428528443e-03
3.650155381664e-03,5.031598191367e+05,5.031598126968e+05,6.439933495130e-03
3.649437412470e-03,5.032578070118e+05,5.032578005693e+05,6.442427227739e-03
3.648719725664e-03,5.033557944973e+05,5.033557880524e+05,6.444906874094e-03
3.648002321077e-03,5.034537815932e+05,5.034537751458e+05,6.447376508731e-03
3.647285198545e-03,5.035517682996e+05,5.035517618498e+05,6.449832930230e-03
3.646568357901e-03,5.036497546164e+05,5.036497481641e+05,6.452277302742e-03
3.645851798978e-03,5.037477405437e+05,5.037477340890e+05,6.454711488914e-03
3.645135521611e-03,5.038457260814e+05,5.038457196243e+05,6.457132578362e-03
3.644419525633e-03,5.039437112296e+05,5.039437047700e+05,6.459542317316e-03
3.643703810880e-03,5.040416959882e+05,5.040416895262e+05,6.461940181907e-03
3.642988377184e-03,5.041396803572e+05,5.041396738929e+05,6.464326754212e-03
3.642273224382e-03,5.042376643368e+05,5.042376578701e+05,6.466701452155e-03
3.641558352306e-03,5.043356479268e+05,5.043356414577e+05,6.469063227996e-03
3.640843760793e-03,5.044336311272e+05,5.044336246558e+05,6.471414293628e-03
3.640129449676e-03,5.045316139381e+05,5.045316074644e+05,6.473752728198e-03
3.639415418792e-03,5.046295963595e+05,5.046295898834e+05,6.476078939158e-03
3.638701667974e-03,5.047275783913e+05,5.047275719130e+05,6.478394148871e-03
3.637988197059e-03,5.048255600337e+05,5.048255535530e+05,6.480696436483e-03
3.637275005881e-03,5.049235412865e+05,5.049235348035e+05,6.482987955678e-03
3.636562094277e-03,5.050215221497e+05,5.050215156645e+05,6.485266203526e-03
3.635849462081e-03,5.051195026235e+05,5.051194961359e+05,6.487534905318e-03
3.635137109130e-03,5.052174827077e+05,5.052174762179e+05,6.489790102933e-03
3.634425035260e-03,5.053154624024e+05,5.053154559104e+05,6.492033717223e-03
3.633713240306e-03,5.054134417076e+05,5.054134352134e+05,6.494265864603e-03
3.633001724104e-03,5.055114206233e+05,5.055114141268e+05,6.496486137621e-03
3.632290486492e-03,5.056093991495e+05,5.056093926508e+05,6.498694070615e-03
3.631579527305e-03,5.057073772862e+05,5.057073707853e+05,6.500890769530e-03
3.630868846380e-03,5.058053550333e+05,5.058053485303e+05,6.503074895591e-03
3.630158443553e-03,5.059033323910e+05,5.059033258858e+05,6.505246972665e-03
3.629448318662e-03,5.060013093592e+05,5.060013028518e+05,6.507407582831e-03
3.628738471543e-03,5.060992859379e+05,5.060992794283e+05,6.509556551464e-03
3.628028902034e-03,5.061972621270e+05,5.061972556154e+05,6.511692074127e-03
3.627319609971e-03,5.062952379267e+05,5.062952314129e+05,6.513817410450e-03
3.626610595192e-03,5.063932133369e+05,5.063932068210e+05,6.515931861941e-03
3.625901857534e-03,5.064911883576e+05,5.064911818396e+05,6.518032518215e-03
3.625193396835e-03,5.065891629889e+05,5.065891564688e+05,6.520120543428e-03
3.624485212932e-03,5.066871372306e+05,5.066871307084e+05,6.522198091261e-03
3.623777305664e-03,5.067851110829e+05,5.067851045586e+05,6.524264405016e-03
3.623069674868e-03,5.068830845457e+05,5.068830780194e+05,6.526317272801e-03
3.622362320383e-03,5.069810576190e+05,5.069810510907e+05,6.528359430376e-03
3.621655242046e-03,5.070790303029e+05,5.070790237725e+05,6.530389480758e-03
3.620948439696e-03,5.071770025972e+05,5.071769960648e+05,6.532407482155e-03
3.620241913171e-03,5.072749745021e+05,5.072749679677e+05,6.534412677865e-03
3.619535662310e-03,5.073729460176e+05,5.073729394812e+05,6.536406290252e-03
3.618829686951e-03,5.074709171436e+05,5.074709106052e+05,6.538388610352e-03
3.618123986934e-03,5.075688878801e+05,5.075688813397e+05,6.540359521750e-03
3.617418562098e-03,5.076668582272e+05,5.076668516849e+05,6.542318849824e-03
3.616713412281e-03,5.077648281848e+05,5.077648216405e+05,6.544264790136e-03
3.616008537322e-03,5.078627977529e+05,5.078627912068e+05,6.546198448632e-03
3.615303937062e-03,5.079607669317e+05,5.079607603835e+05,6.548121047672e-03
3.614599611338e-03,5.080587357209e+05,5.080587291709e+05,6.550032063387e-03
3.613895559992e-03,5.081567041207e+05,5.081566975688e+05,6.551930913702e-03
3.613191782863e-03,5.082546721311e+05,5.082546655773e+05,6.553817773238e-03
3.612488279790e-03,5.083526397521e+05,5.083526331964e+05,6.555692874826e-03
3.611785050613e-03,5.084506069836e+05,5.084506004260e+05,6.557556509506e-03
3.611082095173e-03,5.085485738256e+05,5.085485672662e+05,6.559406872839e-03
3.610379413310e-03,5.086465402783e+05,5.086465337170e+05,6.561246351339e-03
3.609677004864e-03,5.087445063415e+05,5.087444997784e+05,6.563073373400e-03
3.608974869675e-03,5.088424720153e+05,5.088424654504e+05,6.564888404682e-03
3.608273007585e-03,5.089404372996e+05,5.089404307329e+05,6.566692376509e-03
3.607571418433e-03,5.090384021945e+05,5.090383956261e+05,6.568483076990e-03
3.606870102061e-03,5.091363667001e+05,5.091363601298e+05,6.570263532922e-03
3.606169058309e-03,5.092343308161e+05,5.092343242441e+05,6.572031823453e-03
3.605468287019e-03,5.093322945428e+05,5.093322879690e+05,6.573786784429e-03
3.604767788032e-03,5.094302578801e+05,5.094302513046e+05,6.575530103873e-03
3.604067561189e-03,5.095282208280e+05,5.095282142507e+05,6.577262247447e-03
3.603367606331e-03,5.096261833864e+05,5.096261768074e+05,6.578982633073e-03
3.602667923301e-03,5.097241455554e+05,5.097241389748e+05,6.580690795090e-03
3.601968511939e-03,5.098221073351e+05,5.098221007527e+05,6.582386442460e-03
3.601269372089e-03,5.099200687253e+05,5.099200621413e+05,6.584071612451e-03
3.600570503590e-03,5.100180297262e+05,5.100180231404e+05,6.585743511096e-03
3.599871906286e-03,5.101159903376e+05,5.101159837502e+05,6.587403302547e-03
3.599173580019e-03,5.102139505597e+05,5.102139439706e+05,6.589052034542e-03
3.598475524631e-03,5.103119103923e+05,5.103119038017e+05,6.590688193683e-03
3.597777739965e-03,5.104098698356e+05,5.104098632433e+05,6.592313817237e-03
3.597080225863e-03,5.105078288895e+05,5.105078222956e+05,6.593925820198e-03
3.596382982167e-03,5.106057875540e+05,5.106057809585e+05,6.595526472665e-03
3.595686008721e-03,5.107037458291e+05,5.107037392320e+05,6.597114901524e-03
3.594989305367e-03,5.108017037149e+05,5.108016971162e+05,6.598691805266e-03
3.594292871949e-03,5.108996612113e+05,5.108996546110e+05,6.600255903322e-03
3.593596708309e-03,5.109976183183e+05,5.109976117165e+05,6.601808243431e-03
3.592900814291e-03,5.110955750359e+05,5.110955684326e+05,6.603350164369e-03
3.592205189739e-03,5.111935313642e+05,5.111935247593e+05,6.604879454244e-03
3.591509834495e-03,5.112914873031e+05,5.112914806967e+05,6.606394890696e-03
3.590814748403e-03,5.113894428526e+05,5.113894362447e+05,6.607900373638e-03
3.590119931308e-03,5.114873980128e+05,5.114873914034e+05,6.609394098632e-03
3.589425383053e-03,5.115853527836e+05,5.115853461727e+05,6.610876007471e-03
3.588731103482e-03,5.116833071651e+05,5.116833005527e+05,6.612343830056e-03
3.588037092439e-03,5.117812611572e+05,5.117812545434e+05,6.613801699132e-03
3.587343349768e-03,5.118792147599e+05,5.118792081447e+05,6.615247053560e-03
3.586649875314e-03,5.119771679733e+05,5.119771613566e+05,6.616679660510e-03
3.585956668922e-03,5.120751207974e+05,5.120751141793e+05,6.618102313951e-03
3.585263730435e-03,5.121730732321e+05,5.121730666126e+05,6.619510764722e-03
3.584571059699e-03,5.122710252775e+05,5.122710186566e+05,6.620909145568e-03
3.583878656558e-03,5.123689769335e+05,5.123689703112e+05,6.622294487897e-03
3.583186520857e-03,5.124669282002e+05,5.124669215765e+05,6.623667897657e-03
3.582494652443e-03,5.125648790776e+05,5.125648724526e+05,6.625029782299e-03
3.581803051158e-03,5.126628295656e+05,5.126628229392e+05,6.626379850786e-03
3.581111716850e-03,5.127607796643e+05,5.127607730366e+05,6.627716822550e-03
3.580420649363e-03,5.128587293737e+05,5.128587227447e+05,6.629042269196e-03
3.579729848543e-03,5.129566786938e+05,5.129566720634e+05,6.630356307141e-03
3.579039314236e-03,5.130546276245e+05,5.130546209929e+05,6.631658179685e-03
3.578349046287e-03,5.131525761659e+05,5.131525695330e+05,6.632949691266e-03
3.577659044543e-03,5.132505243180e+05,5.132505176838e+05,6.634227174800e-03
3.576969308849e-03,5.133484720808e+05,5.133484654453e+05,6.635492958594e-03
3.576279839052e-03,5.134464194543e+05,5.134464128176e+05,6.636746518780e-03
3.575590634997e-03,5.135443664385e+05,5.135443598005e+05,6.637989194132e-03
3.574901696532e-03,5.136423130333e+05,5.136423063941e+05,6.639218365308e-03
3.574213023502e-03,5.137402592389e+05,5.137402525985e+05,6.640438048635e-03
3.573524615755e-03,5.138382050551e+05,5.138381984135e+05,6.641643471085e-03
3.572836473137e-03,5.139361504821e+05,5.139361438393e+05,6.642837834079e-03
3.572148595495e-03,5.140340955198e+05,5.140340888757e+05,6.644019624218e-03
3.571460982676e-03,5.141320401681e+05,5.141320335229e+05,6.645190180279e-03
3.570773634527e-03,5.142299844272e+05,5.142299777809e+05,6.646349676885e-03
3.570086550895e-03,5.143279282970e+05,5.143279216495e+05,6.647495843936e-03
3.569399731628e-03,5.144258717775e+05,5.144258651289e+05,6.648629438132e-03
3.568713176572e-03,5.145238148687e+05,5.145238082190e+05,6.649753428064e-03
3.568026885577e-03,5.146217575706e+05,5.146217509198e+05,6.650862167589e-03
3.567340858489e-03,5.147196998833e+05,5.147196932313e+05,6.651961826719e-03
3.566655095156e-03,5.148176418067e+05,5.148176351536e+05,6.653047807049e-03
3.565969595426e-03,5.149155833408e+05,5.149155766867e+05,6.654123251792e-03
3.565284359147e-03,5.150135244856e+05,5.150135178304e+05,6.655185599811e-03
3.564599386167e-03,5.151114652412e+05,5.151114585849e+05,6.656236888375e-03
3.563914676335e-03,5.152094056075e+05,5.152093989502e+05,6.657276302576e-03
3.563230229499e-03,5.153073455845e+05,5.153073389262e+05,6.658302270807e-03
3.562546045507e-03,5.154052851723e+05,5.154052785129e+05,6.659316306468e-03
3.561862124208e-03,5.155032243708e+05,5.155032177105e+05,6.660319399089e-03
3.561178465451e-03,5.156011631800e+05,5.156011565187e+05,6.661311257631e-03
3.560495069085e-03,5.156991016000e+05,5.156990949377e+05,6.662291125394e-03
3.559811934958e-03,5.157970396308e+05,5.157970329675e+05,6.663256790489e-03
3.559129062920e-03,5.158949772723e+05,5.158949706080e+05,6.664211687166e-03
3.558446452819e-03,5.159929145245e+05,5.159929078594e+05,6.665154825896e-03
3.557764104506e-03,5.160908513875e+05,5.160908447214e+05,6.666086614132e-03
3.557082017830e-03,5.161887878613e+05,5.161887811943e+05,6.667005713098e-03
3.556400192639e-03,5.162867239458e+05,5.162867172779e+05,6.667914101854e-03
3.555718628785e-03,5.163846596411e+05,5.163846529723e+05,6.668809917755e-03
3.555037326116e-03,5.164825949471e+05,5.164825882774e+05,6.669691007119e-03
3.554356284483e-03,5.165805298639e+05,5.165805231934e+05,6.670564063825e-03
3.553675503735e-03,5.166784643915e+05,5.166784577201e+05,6.671422743239e-03
3.552994983723e-03,5.167763985299e+05,5.167763918576e+05,6.672270537820e-03
3.552314724296e-03,5.168743322790e+05,5.168743256059e+05,6.673105701338e-03
3.551634725306e-03,5.169722656389e+05,5.169722589650e+05,6.673930329271e-03
3.550954986603e-03,5.170701986096e+05,5.170701919349e+05,6.674741220195e-03
3.550275508037e-03,5.171681311911e+05,5.171681245155e+05,6.675540935248e-03
3.549596289459e-03,5.172660633833e+05,5.172660567070e+05,6.676328834146e-03
3.548917330719e-03,5.173639951864e+05,5.173639885093e+05,6.677103869151e-03
3.548238631670e-03,5.174619266002e+05,5.174619199224e+05,6.677868368570e-03
3.547560192161e-03,5.175598576249e+05,5.175598509462e+05,6.678619771264e-03
3.546882012044e-03,5.176577882603e+05,5.176577815809e+05,6.679359823465e-03
3.546204091170e-03,5.177557185065e+05,5.177557118264e+05,6.680088583380e-03
3.545526429390e-03,5.178536483635e+05,5.178536416827e+05,6.680804013740e-03
3.544849026557e-03,5.179515778313e+05,5.179515711498e+05,6.681508501060e-03
3.544171882521e-03,5.180495069100e+05,5.180495002278e+05,6.682199833449e-03
3.543494997135e-03,5.181474355994e+05,5.181474289165e+05,6.682879931759e-03
3.542818370250e-03,5.182453638996e+05,5.182453572161e+05,6.683548039291e-03
3.542142001718e-03,5.183432918107e+05,5.183432851265e+05,6.684203806799e-03
3.541465891391e-03,5.184412193326e+05,5.184412126477e+05,6.684848747682e-03
3.540790039122e-03,5.185391464652e+05,5.185391397798e+05,6.685481115710e-03
3.540114444762e-03,5.186370732087e+05,5.186370665226e+05,6.686101900414e-03
3.539439108165e-03,5.187349995631e+05,5.187349928764e+05,6.686708948109e-03
3.538764029182e-03,5.188329255282e+05,5.188329188409e+05,6.687306566164e-03
3.538089207666e-03,5.189308511042e+05,5.189308444163e+05,6.687889923342e-03
3.537414643470e-03,5.190287762910e+05,5.190287696025e+05,6.688463035971e-03
3.536740336447e-03,5.191267010886e+05,5.191266943996e+05,6.689024856314e-03
3.536066286449e-03,5.192246254971e+05,5.192246188075e+05,6.689572823234e-03
3.535392493331e-03,5.193225495164e+05,5.193225428263e+05,6.690109556075e-03
3.534718956944e-03,5.194204731466e+05,5.194204664559e+05,6.690634822007e-03
3.534045677143e-03,5.195183963876e+05,5.195183896964e+05,6.691147806123e-03
3.533372653780e-03,5.196163192394e+05,5.196163125477e+05,6.691647751722e-03
3.532699886710e-03,5.197142417021e+05,5.197142350099e+05,6.692136463244e-03
3.532027375785e-03,5.198121637756e+05,5.198121570830e+05,6.692615163047e-03
3.531355120860e-03,5.199100854600e+05,5.199100787669e+05,6.693079834804e-03
3.530683121789e-03,5.200080067552e+05,5.200080000617e+05,6.693532573991e-03
3.530011378425e-03,5.201059276613e+05,5.201059209673e+05,6.693974602968e-03
3.529339890622e-03,5.202038481782e+05,5.202038414838e+05,6.694404000882e-03
3.528668658235e-03,5.203017683061e+05,5.203017616112e+05,6.694820884150e-03
3.527997681118e-03,5.203996880447e+05,5.203996813495e+05,6.695224845316e-03
3.527326959125e-03,5.204976073943e+05,5.204976006987e+05,6.695620075334e-03
3.526656492112e-03,5.205955263547e+05,5.205955196587e+05,6.696001684759e-03
3.525986279932e-03,5.206934449260e+05,5.206934382296e+05,6.696371128783e-03
3.525316322440e-03,5.207913631081e+05,5.207913564114e+05,6.696726952214e-03
3.524646619491e-03,5.208892809011e+05,5.208892742041e+05,6.697073520627e-03
3.523977170940e-03,5.209871983051e+05,5.209871916076e+05,6.697408272885e-03
3.523307976643e-03,5.210851153198e+05,5.210851086221e+05,6.697729462758e-03
3.522639036453e-03,5.211830319455e+05,5.211830252475e+05,6.698040291667e-03
3.521970350228e-03,5.212809481821e+05,5.212809414837e+05,6.698337791022e-03
3.521301917821e-03,5.213788640295e+05,5.213788573309e+05,6.698623357806e-03
3.520633739089e-03,5.214767794879e+05,5.214767727890e+05,6.698897224851e-03
3.519965813887e-03,5.215746945571e+05,5.215746878579e+05,6.699160556309e-03
3.519298142071e-03,5.216726092372e+05,5.216726025378e+05,6.699411256704e-03
3.518630723497e-03,5.217705235282e+05,5.217705168286e+05,6.699648976792e-03
3.517963558020e-03,5.218684374302e+05,5.218684307303e+05,6.699876161292e-03
3.517296645498e-03,5.219663509430e+05,5.219663442429e+05,6.700090132654e-03
3.516629985785e-03,5.220642640667e+05,5.220642573664e+05,6.700293917675e-03
3.515963578738e-03,5.221621768014e+05,5.221621701009e+05,6.700483325403e-03
3.515297424214e-03,5.222600891469e+05,5.222600824463e+05,6.700663070660e-03
3.514631522069e-03,5.223580011034e+05,5.223579944026e+05,6.700828613248e-03
3.513965872159e-03,5.224559126708e+05,5.224559059698e+05,6.700983911287e-03
3.513300474342e-03,5.225538238491e+05,5.225538171480e+05,6.701127451379e-03
3.512635328474e-03,5.226517346383e+05,5.226517279370e+05,6.701258535031e-03
3.511970434412e-03,5.227496450384e+05,5.227496383371e+05,6.701378733851e-03
3.511305792014e-03,5.228475550495e+05,5.228475483480e+05,6.701485835947e-03
3.510641401135e-03,5.229454646715e+05,5.229454579699e+05,6.701580598019e-03
3.509977261635e-03,5.230433739044e+05,5.230433672028e+05,6.701664766297e-03
3.509313373369e-03,5.231412827483e+05,5.231412760466e+05,6.701735372189e-03
3.508649736195e-03,5.232391912031e+05,5.232391845013e+05,6.701795209665e-03
3.507986349972e-03,5.233370992688e+05,5.233370925670e+05,6.701843987685e-03
3.507323214556e-03,5.234350069455e+05,5.234350002436e+05,6.701879901811e-03
3.506660329805e-03,5.235329142331e+05,5.235329075312e+05,6.701902777422e-03
3.505997695578e-03,5.236308211317e+05,5.236308144298e+05,6.701915699523e-03
3.505335311732e-03,5.237287276412e+05,5.237287209393e+05,6.701916747261e-03
3.504673178126e-03,5.238266337616e+05,5.238266270597e+05,6.701903825160e-03
3.504011294618e-03,5.239245394931e+05,5.239245327912e+05,6.701879785396e-03
3.503349661065e-03,5.240224448354e+05,5.240224381336e+05,6.701843987685e-03
3.502688277327e-03,5.241203497888e+05,5.241203430870e+05,6.701798352879e-03
3.502027143262e-03,5.242182543530e+05,5.242182476513e+05,6.701738922857e-03
3.501366258728e-03,5.243161585283e+05,5.243161518266e+05,6.701667211019e-03
3.500705623585e-03,5.244140623145e+05,5.244140556129e+05,6.701585371047e-03
3.500045237691e-03,5.245119657117e+05,5.245119590102e+05,6.701489211991e-03
3.499385100905e-03,5.246098687198e+05,5.246098620184e+05,6.701383506879e-03
3.498725213087e-03,5.247077713389e+05,5.247077646377e+05,6.701264530420e-03
3.498065574095e-03,5.248056735690e+05,5.248056668679e+05,6.701134028845e-03
3.497406183789e-03,5.249035754101e+05,5.249035687091e+05,6.700992584229e-03
3.496747042028e-03,5.250014768622e+05,5.250014701613e+05,6.700836820528e-03
3.496088148672e-03,5.250993779252e+05,5.250993712245e+05,6.700671510771e-03
3.495429503580e-03,5.251972785992e+05,5.251972718987e+05,6.700493046083e-03
3.494771106611e-03,5.252951788842e+05,5.252951721839e+05,6.700302823447e-03
3.494112957627e-03,5.253930787802e+05,5.253930720801e+05,6.700101657771e-03
3.493455056487e-03,5.254909782872e+05,5.254909715873e+05,6.699888035655e-03
3.492797403050e-03,5.255888774052e+05,5.255888707055e+05,6.699663703330e-03
3.492139997177e-03,5.256867761342e+05,5.256867694347e+05,6.699425750412e-03
3.491482838728e-03,5.257846744741e+05,5.257846677750e+05,6.699177087285e-03
3.490825927563e-03,5.258825724251e+05,5.258825657262e+05,6.698914803565e-03
3.490169263544e-03,5.259804699871e+05,5.259804632885e+05,6.698642275296e-03
3.489512846530e-03,5.260783671601e+05,5.260783604617e+05,6.698358571157e-03
3.488856676382e-03,5.261762639441e+05,5.261762572460e+05,6.698061828502e-03
3.488200752961e-03,5.262741603391e+05,5.262741536414e+05,6.697752978653e-03
3.487545076128e-03,5.263720563451e+05,5.263720496477e+05,6.697432254441e-03
3.486889645743e-03,5.264699519622e+05,5.264699452651e+05,6.697099655867e-03
3.486234461669e-03,5.265678471902e+05,5.265678404935e+05,6.696757394820e-03
3.485579523765e-03,5.266657420293e+05,5.266657353329e+05,6.696400465444e-03
3.484924831893e-03,5.267636364794e+05,5.267636297834e+05,6.696031894535e-03
3.484270385915e-03,5.268615305406e+05,5.268615238449e+05,6.695653079078e-03
3.483616185693e-03,5.269594242127e+05,5.269594175175e+05,6.695263204165e-03
3.482962231087e-03,5.270573174959e+05,5.270573108011e+05,6.694860057905e-03
3.482308521959e-03,5.271552103902e+05,5.271552036957e+05,6.694443756714e-03
3.481655058172e-03,5.272531028954e+05,5.272530962014e+05,6.694016279653e-03
3.481001839587e-03,5.273509950117e+05,5.273509883182e+05,6.693577975966e-03
3.480348866066e-03,5.274488867391e+05,5.274488800460e+05,6.693127099425e-03
3.479696137472e-03,5.275467780775e+05,5.275467713848e+05,6.692665745504e-03
3.479043653666e-03,5.276446690269e+05,5.276446623347e+05,6.692191120237e-03
3.478391414511e-03,5.277425595874e+05,5.277425528957e+05,6.691705784760e-03
3.477739419869e-03,5.278404497589e+05,5.278404430677e+05,6.691207876429e-03
3.477087669603e-03,5.279383395415e+05,5.279383328508e+05,6.690698559396e-03
3.476436163575e-03,5.280362289352e+05,5.280362222450e+05,6.690176669508e-03
3.475784901649e-03,5.281341179399e+05,5.281341112502e+05,6.689644069411e-03
3.475133883686e-03,5.282320065556e+05,5.282319998665e+05,6.689098314382e-03
3.474483109551e-03,5.283298947825e+05,5.283298880939e+05,6.688540917821e-03
3.473832579105e-03,5.284277826204e+05,5.284277759324e+05,6.687974440865e-03
3.473182292213e-03,5.285256700693e+05,5.285256633819e+05,6.687392131425e-03
3.472532248737e-03,5.286235571294e+05,5.286235504426e+05,6.686800159514e-03
3.471882448540e-03,5.287214438005e+05,5.287214371143e+05,6.686197244562e-03
3.471232891487e-03,5.288193300827e+05,5.288193233971e+05,6.685580243357e-03
3.470583577441e-03,5.289172159759e+05,5.289172092910e+05,6.684953812510e-03
3.469934506265e-03,5.290151014803e+05,5.290150947959e+05,6.684314575978e-03
3.469285677823e-03,5.291129865957e+05,5.291129799120e+05,6.683662533760e-03
3.468637091980e-03,5.292108713222e+05,5.292108646392e+05,6.683000479825e-03
3.467988748598e-03,5.293087556598e+05,5.293087489775e+05,6.682325387374e-03
3.467340647543e-03,5.294066396085e+05,5.294066329269e+05,6.681639351882e-03
3.466692788677e-03,5.295045231683e+05,5.295045164873e+05,6.680940394290e-03
3.466045171866e-03,5.296024063392e+05,5.296023996589e+05,6.680228747427e-03
3.465397796974e-03,5.297002891211e+05,5.297002824416e+05,6.679507554509e-03
3.464750663866e-03,5.297981715142e+05,5.297981648354e+05,6.678775534965e-03
3.464103772405e-03,5.298960535184e+05,5.298960468404e+05,6.678029429168e-03
3.463457122457e-03,5.299939351337e+05,5.299939284564e+05,6.677272263914e-03
3.462810713886e-03,5.300918163601e+05,5.300918096836e+05,6.676503107883e-03
3.462164546557e-03,5.301896971976e+05,5.301896905219e+05,6.675721611828e-03
3.461518620336e-03,5.302875776462e+05,5.302875709713e+05,6.674929987639e-03
3.460872935087e-03,5.303854577059e+05,5.303854510318e+05,6.674126023427e-03
3.460227490675e-03,5.304833373768e+05,5.304833307035e+05,6.673309952021e-03
3.459582286966e-03,5.305812166588e+05,5.305812099863e+05,6.672482704744e-03
3.458937323825e-03,5.306790955519e+05,5.306790888802e+05,6.671642651781e-03
3.458292601118e-03,5.307769740561e+05,5.307769673853e+05,6.670792354271e-03
3.457648118710e-03,5.308748521714e+05,5.308748455015e+05,6.669928552583e-03
3.457003876467e-03,5.309727298979e+05,5.309727232288e+05,6.669054622762e-03
3.456359874255e-03,5.310706072355e+05,5.310706005673e+05,6.668166490272e-03
3.455716111939e-03,5.311684841843e+05,5.311684775170e+05,6.667268928140e-03
3.455072589385e-03,5.312663607441e+05,5.312663540778e+05,6.666360422969e-03
3.454429306461e-03,5.313642369152e+05,5.313642302497e+05,6.665437482297e-03
3.453786263031e-03,5.314621126973e+05,5.314621060328e+05,6.664505461231e-03
3.453143458961e-03,5.315599880906e+05,5.315599814271e+05,6.663559586741e-03
3.452500894120e-03,5.316578630951e+05,5.316578564325e+05,6.662603234872e-03
3.451858568372e-03,5.317557377107e+05,5.317557310491e+05,6.661633728072e-03
3.451216481585e-03,5.318536119375e+05,5.318536052768e+05,6.660654675215e-03
3.450574633625e-03,5.319514857754e+05,5.319514791157e+05,6.659662583843e-03
3.449933024358e-03,5.320493592245e+05,5.320493525658e+05,6.658659665845e-03
3.449291653653e-03,5.321472322847e+05,5.321472256270e+05,6.657644407824e-03
3.448650521375e-03,5.322451049561e+05,5.322450982995e+05,6.656615762040e-03
3.448009627393e-03,5.323429772386e+05,5.323429705831e+05,6.655578734353e-03
3.447368971572e-03,5.324408491324e+05,5.324408424778e+05,6.654528668150e-03
3.446728553780e-03,5.325387206373e+05,5.325387139838e+05,6.653465679847e-03
3.446088373886e-03,5.326365917533e+05,5.326365851009e+05,6.652391864918e-03
3.445448431755e-03,5.327344624806e+05,5.327344558293e+05,6.651305011474e-03
3.444808727256e-03,5.328323328190e+05,5.328323261688e+05,6.650209892541e-03
3.444169260256e-03,5.329302027686e+05,5.329301961195e+05,6.649099639617e-03
3.443530030624e-03,5.330280723294e+05,5.330280656814e+05,6.647979491390e-03
3.442891038226e-03,5.331259415013e+05,5.331259348545e+05,6.646848283708e-03
3.442252282931e-03,5.332238102845e+05,5.332238036388e+05,6.645703339018e-03
3.441613764608e-03,5.333216786788e+05,5.333216720343e+05,6.644548848271e-03
3.440975483123e-03,5.334195466844e+05,5.334195400410e+05,6.643381202593e-03
3.440337438346e-03,5.335174143011e+05,5.335174076589e+05,6.642201915383e-03
3.439699630145e-03,5.336152815290e+05,5.336152748880e+05,6.641012616456e-03
3.439062058387e-03,5.337131483681e+05,5.337131417283e+05,6.639810977504e-03
3.438424722943e-03,5.338110148185e+05,5.338110081799e+05,6.638595368713e-03
3.437787623680e-03,5.339088808800e+05,5.339088742426e+05,6.637369515374e-03
3.437150760467e-03,5.340067465527e+05,5.340067399166e+05,6.636134115979e-03
3.436514133173e-03,5.341046118367e+05,5.341046052018e+05,6.634884397499e-03
3.435877741667e-03,5.342024767318e+05,5.342024700982e+05,6.633624900132e-03
3.435241585817e-03,5.343003412382e+05,5.343003346059e+05,6.632351898588e-03
3.434605665494e-03,5.343982053558e+05,5.343981987247e+05,6.631069118157e-03
3.433969980566e-03,5.344960690846e+05,5.344960624548e+05,6.629772484303e-03
3.433334530903e-03,5.345939324246e+05,5.345939257962e+05,6.628466653638e-03
3.432699316374e-03,5.346917953759e+05,5.346917887487e+05,6.627148017287e-03
3.432064336848e-03,5.347896579384e+05,5.347896513126e+05,6.625818437897e-03
3.431429592195e-03,5.348875201121e+05,5.348875134876e+05,6.624475237913e-03
3.430795082285e-03,5.349853818970e+05,5.349853752739e+05,6.623122142628e-03
3.430160806988e-03,5.350832432932e+05,5.350832366714e+05,6.621756823733e-03
3.429526766174e-03,5.351811043006e+05,5.351810976802e+05,6.620381143875e-03
3.428892959712e-03,5.352789649192e+05,5.352789583003e+05,6.618992891163e-03
3.428259387472e-03,5.353768251491e+05,5.353768185315e+05,6.617592996918e-03
3.427626049326e-03,5.354746849903e+05,5.354746783741e+05,6.616182508878e-03
3.426992945142e-03,5.355725444426e+05,5.355725378279e+05,6.614758865908e-03
3.426360074792e-03,5.356704035063e+05,5.356703968930e+05,6.613323814236e-03
3.425727438146e-03,5.357682621812e+05,5.357682555693e+05,6.611878285185e-03
3.425095035075e-03,5.358661204673e+05,5.358661138569e+05,6.610420881771e-03
3.424462865449e-03,5.359639783647e+05,5.359639717557e+05,6.608950439841e-03
3.423830929138e-03,5.360618358733e+05,5.360618292659e+05,6.607471266761e-03
3.423199226015e-03,5.361596929932e+05,5.361596863873e+05,6.605977891013e-03
3.422567755949e-03,5.362575497244e+05,5.362575431199e+05,6.604474619962e-03
3.421936518812e-03,5.363554060668e+05,5.363553994639e+05,6.602959940210e-03
3.421305514475e-03,5.364532620205e+05,5.364532554191e+05,6.601430941373e-03
3.420674742810e-03,5.365511175855e+05,5.365511109856e+05,6.599892396480e-03
3.420044203687e-03,5.366489727618e+05,5.366489661634e+05,6.598343839869e-03
3.419413896978e-03,5.367468275493e+05,5.367468209525e+05,6.596782826819e-03
3.418783822554e-03,5.368446819481e+05,5.368446753529e+05,6.595208891667e-03
3.418153980287e-03,5.369425359582e+05,5.369425293646e+05,6.593624246307e-03
3.417524370050e-03,5.370403895795e+05,5.370403829875e+05,6.592027144507e-03
3.416894991713e-03,5.371382428122e+05,5.371382362218e+05,6.590419448912e-03
3.416265845148e-03,5.372360956561e+05,5.372360890673e+05,6.588799878955e-03
3.415636930228e-03,5.373339481114e+05,5.373339415242e+05,6.587169482373e-03
3.415008246825e-03,5.374318001779e+05,5.374317935924e+05,6.585526512936e-03
3.414379794810e-03,5.375296518557e+05,5.375296452718e+05,6.583872251213e-03
3.413751574057e-03,5.376275031448e+05,5.376274965626e+05,6.582207162865e-03
3.413123584437e-03,5.377253540452e+05,5.377253474647e+05,6.580530898646e-03
3.412495825823e-03,5.378232045570e+05,5.378231979781e+05,6.578841479495e-03
3.411868298088e-03,5.379210546800e+05,5.379210481029e+05,6.577140651643e-03
3.411241001103e-03,5.380189044143e+05,5.380188978389e+05,6.575429229997e-03
3.410613934743e-03,5.381167537600e+05,5.381167471863e+05,6.573708145879e-03
3.409987098879e-03,5.382146027169e+05,5.382145961450e+05,6.571972859092e-03
3.409360493385e-03,5.383124512852e+05,5.383124447150e+05,6.570225697942e-03
3.408734118133e-03,5.384102994648e+05,5.384102928963e+05,6.568468990736e-03
3.408107972998e-03,5.385081472557e+05,5.385081406890e+05,6.566701224074e-03
3.407482057851e-03,5.386059946579e+05,5.386059880930e+05,6.564920535311e-03
3.406856372567e-03,5.387038416715e+05,5.387038351084e+05,6.563127390109e-03
3.406230917019e-03,5.388016882964e+05,5.388016817351e+05,6.561324815266e-03
3.405605691079e-03,5.388995345326e+05,5.388995279731e+05,6.559511297382e-03
3.404980694623e-03,5.389973803801e+05,5.389973738225e+05,6.557684624568e-03
3.404355927523e-03,5.390952258390e+05,5.390952192832e+05,6.555847357959e-03
3.403731389653e-03,5.391930709092e+05,5.391930643552e+05,6.553996121511e-03
3.403107080888e-03,5.392909155908e+05,5.392909090387e+05,6.552137201652e-03
3.402483001100e-03,5.393887598837e+05,5.393887533334e+05,6.550263962708e-03
3.401859150165e-03,5.394866037880e+05,5.394865972396e+05,6.548381177709e-03
3.401235527956e-03,5.395844473035e+05,5.395844407571e+05,6.546485703439e-03
3.400612134348e-03,5.396822904305e+05,5.396822838859e+05,6.544580566697e-03
3.399988969214e-03,5.397801331688e+05,5.397801266261e+05,6.542661809362e-03
3.399366032429e-03,5.398779755184e+05,5.398779689777e+05,6.540732807480e-03
3.398743323869e-03,5.399758174795e+05,5.399758109407e+05,6.538792280480e-03
3.398120843407e-03,5.400736590518e+05,5.400736525150e+05,6.536839995533e-03
3.397498590917e-03,5.401715002355e+05,5.401714937007e+05,6.534875836223e-03
3.396876566276e-03,5.402693410306e+05,5.402693344977e+05,6.532902247272e-03
3.396254769358e-03,5.403671814371e+05,5.403671749062e+05,6.530916434713e-03
3.395633200037e-03,5.404650214549e+05,5.404650149260e+05,6.528918747790e-03
3.395011858188e-03,5.405628610841e+05,5.405628545572e+05,6.526909419335e-03
3.394390743688e-03,5.406607003247e+05,5.406606937998e+05,6.524888565764e-03
3.393769856411e-03,5.407585391767e+05,5.407585326538e+05,6.522857118398e-03
3.393149196233e-03,5.408563776400e+05,5.408563711192e+05,6.520815892145e-03
3.392528763028e-03,5.409542157147e+05,5.409542091960e+05,6.518760463223e-03
3.391908556673e-03,5.410520534008e+05,5.410520468841e+05,6.516695138998e-03
3.391288577043e-03,5.411498906983e+05,5.411498841837e+05,6.514618173242e-03
3.390668824013e-03,5.412477276072e+05,5.412477210947e+05,6.512529216707e-03
3.390049297460e-03,5.413455641275e+05,5.413455576170e+05,6.510429317132e-03
3.389429997260e-03,5.414434002591e+05,5.414433937508e+05,6.508317892440e-03
3.388810923288e-03,5.415412360022e+05,5.415412294960e+05,6.506195524707e-03
3.388192075420e-03,5.416390713566e+05,5.416390648526e+05,6.504060234874e-03
3.387573453533e-03,5.417369063225e+05,5.417368998206e+05,6.501916795969e-03
3.386955057503e-03,5.418347408998e+05,5.418347344000e+05,6.499760085717e-03
3.386336887206e-03,5.419325750884e+05,5.419325685908e+05,6.497591733932e-03
3.385718942518e-03,5.420304088885e+05,5.420304023931e+05,6.495412904769e-03
3.385101223317e-03,5.421282423000e+05,5.421282358068e+05,6.493221386336e-03
3.384483729478e-03,5.422260753229e+05,5.422260688319e+05,6.491020321846e-03
3.383866460879e-03,5.423239079572e+05,5.423239014684e+05,6.488807615824e-03
3.383249417396e-03,5.424217402030e+05,5.424217337164e+05,6.486582919024e-03
3.382632598906e-03,5.425195720601e+05,5.425195655758e+05,6.484347628430e-03
3.382016005286e-03,5.426174035287e+05,5.426173970466e+05,6.482099764980e-03
3.381399636413e-03,5.427152346087e+05,5.427152281289e+05,6.479840842076e-03
3.380783492165e-03,5.428130653002e+05,5.428130588226e+05,6.477572023869e-03
3.380167572418e-03,5.429108956030e+05,5.429108891277e+05,6.475290283561e-03
3.379551877049e-03,5.430087255173e+05,5.430087190443e+05,6.472998531535e-03
3.378936405937e-03,5.431065550431e+05,5.431065485724e+05,6.470695487224e-03
3.378321158958e-03,5.432043841802e+05,5.432043777119e+05,6.468379404396e-03
3.377706135991e-03,5.433022129289e+05,5.433022064628e+05,6.466054241173e-03
3.377091336913e-03,5.434000412889e+05,5.434000348252e+05,6.463718484156e-03
3.376476761601e-03,5.434978692604e+05,5.434978627991e+05,6.461370154284e-03
3.375862409934e-03,5.435956968434e+05,5.435956903844e+05,6.459009484388e-03
3.375248281790e-03,5.436935240378e+05,5.436935175812e+05,6.456638919190e-03
3.374634377046e-03,5.437913508437e+05,5.437913443894e+05,6.454256945290e-03
3.374020695581e-03,5.438891772610e+05,5.438891708091e+05,6.451862980612e-03
3.373407237273e-03,5.439870032898e+05,5.439869968403e+05,6.449458887801e-03
3.372794002000e-03,5.440848289300e+05,5.440848224830e+05,6.447042920627e-03
3.372180989640e-03,5.441826541817e+05,5.441826477371e+05,6.444615777582e-03
3.371568200073e-03,5.442804790449e+05,5.442804726027e+05,6.442177924328e-03
3.370955633176e-03,5.443783035195e+05,5.443782970798e+05,6.439727731049e-03
3.370343288828e-03,5.444761276056e+05,5.444761211683e+05,6.437267293222e-03
3.369731166909e-03,5.445739513032e+05,5.445739448684e+05,6.434795563109e-03
3.369119267296e-03,5.446717746122e+05,5.446717681799e+05,6.432312540710e-03
3.368507589869e-03,5.447695975328e+05,5.447695911030e+05,6.429818691686e-03
3.367896134507e-03,5.448674200648e+05,5.448674136375e+05,6.427313550375e-03
3.367284901089e-03,5.449652422083e+05,5.449652357835e+05,6.424796883948e-03
3.366673889494e-03,5.450630639633e+05,5.450630575410e+05,6.422268808819e-03
3.366063099601e-03,5.451608853297e+05,5.451608789100e+05,6.419729324989e-03
3.365452531290e-03,5.452587063077e+05,5.452586998905e+05,6.417180760764e-03
3.364842184440e-03,5.453565268971e+05,5.453565204825e+05,6.414618343115e-03
3.364232058930e-03,5.454543470981e+05,5.454543406860e+05,6.412046495825e-03
3.363622154641e-03,5.455521669105e+05,5.455521605011e+05,6.409462774172e-03
3.363012471452e-03,5.456499863345e+05,5.456499799276e+05,6.406869390048e-03
3.362403009242e-03,5.457478053699e+05,5.457477989657e+05,6.404262850992e-03
3.361793767893e-03,5.458456240169e+05,5.458456176152e+05,6.401645136066e-03
3.361184747283e-03,5.459434422754e+05,5.459434358763e+05,6.399018107913e-03
3.360575947292e-03,5.460412601453e+05,5.460412537489e+05,6.396378390491e-03
3.359967367802e-03,5.461390776268e+05,5.461390712331e+05,6.393728777766e-03
3.359359008691e-03,5.462368947198e+05,5.462368883287e+05,6.391067290679e-03
3.358750869841e-03,5.463347114243e+05,5.463347050359e+05,6.388395908289e-03
3.358142951131e-03,5.464325277404e+05,5.464325213546e+05,6.385710323229e-03
3.357535252443e-03,5.465303436679e+05,5.465303372849e+05,6.383017054759e-03
3.356927773657e-03,5.466281592070e+05,5.466281528267e+05,6.380311097018e-03
3.356320514653e-03,5.467259743576e+05,5.467259679800e+05,6.377594079822e-03
3.355713475312e-03,5.468237891198e+05,5.468237827449e+05,6.374866119586e-03
3.355106655515e-03,5.469216034934e+05,5.469215971213e+05,6.372127798386e-03
3.354500055144e-03,5.470194174786e+05,5.470194111093e+05,6.369377369992e-03
3.353893674078e-03,5.471172310754e+05,5.471172247088e+05,6.366615532897e-03
3.353287512200e-03,5.472150442837e+05,5.472150379198e+05,6.363843916915e-03
3.352681569389e-03,5.473128571035e+05,5.473128507424e+05,6.361061357893e-03
3.352075845528e-03,5.474106695349e+05,5.474106631766e+05,6.358267855830e-03
3.351470340499e-03,5.475084815778e+05,5.475084752223e+05,6.355460383929e-03
3.350865054181e-03,5.476062932323e+05,5.476062868796e+05,6.352644530125e-03
3.350259986457e-03,5.477041044983e+05,5.477040981485e+05,6.349818897434e-03
3.349655137209e-03,5.478019153759e+05,5.478019090289e+05,6.346979644150e-03
3.349050506318e-03,5.478997258650e+05,5.478997195209e+05,6.344131194055e-03
3.348446093665e-03,5.479975359657e+05,5.479975296244e+05,6.341269705445e-03
3.347841899134e-03,5.480953456779e+05,5.480953393395e+05,6.338399602100e-03
3.347237922605e-03,5.481931550018e+05,5.481931486662e+05,6.335516809486e-03
3.346634163961e-03,5.482909639372e+05,5.482909576045e+05,6.332624005154e-03
3.346030623084e-03,5.483887724841e+05,5.483887661544e+05,6.329718860798e-03
3.345427299856e-03,5.484865806426e+05,5.484865743158e+05,6.326803821139e-03
3.344824194159e-03,5.485843884127e+05,5.485843820889e+05,6.323876557872e-03
3.344221305876e-03,5.486821957944e+05,5.486821894735e+05,6.320940214209e-03
3.343618634889e-03,5.487800027877e+05,5.487799964697e+05,6.317993043922e-03
3.343016181081e-03,5.488778093925e+05,5.488778030775e+05,6.315034115687e-03
3.342413944334e-03,5.489756156089e+05,5.489756092969e+05,6.312063662335e-03
3.341811924532e-03,5.490734214370e+05,5.490734151279e+05,6.309083197266e-03
3.341210121556e-03,5.491712268765e+05,5.491712205705e+05,6.306090741418e-03
3.340608535290e-03,5.492690319277e+05,5.492690256247e+05,6.303087575361e-03
3.340007165617e-03,5.493668365905e+05,5.493668302905e+05,6.300073466264e-03
3.339406012419e-03,5.494646408649e+05,5.494646345679e+05,6.297050160356e-03
3.338805075580e-03,5.495624447509e+05,5.495624384569e+05,6.294014165178e-03
3.338204354984e-03,5.496602482485e+05,5.496602419575e+05,6.290967809036e-03
3.337603850513e-03,5.497580513577e+05,5.497580450697e+05,6.287909462117e-03
3.337003562050e-03,5.498558540785e+05,5.498558477936e+05,6.284841685556e-03
3.336403489480e-03,5.499536564109e+05,5.499536501291e+05,6.281763082370e-03
3.335803632686e-03,5.500514583549e+05,5.500514520762e+05,6.278671789914e-03
3.335203991551e-03,5.501492599105e+05,5.501492536349e+05,6.275572115555e-03
3.334604565960e-03,5.502470610777e+05,5.502470548053e+05,6.272458937019e-03
3.334005355795e-03,5.503448618566e+05,5.503448555873e+05,6.269337027334e-03
3.333406360941e-03,5.504426622471e+05,5.504426559809e+05,6.266203010455e-03
3.332807581283e-03,5.505404622492e+05,5.505404559861e+05,6.263059563935e-03
3.332209016703e-03,5.506382618629e+05,5.506382556030e+05,6.259904126637e-03
3.331610667086e-03,5.507360610883e+05,5.507360548315e+05,6.256737047806e-03
3.331012532316e-03,5.508338599253e+05,5.508338536717e+05,6.253561936319e-03
3.330414612278e-03,5.509316583739e+05,5.509316521235e+05,6.250373902731e-03
3.329816906856e-03,5.510294564342e+05,5.510294501870e+05,6.247174576856e-03
3.329219415934e-03,5.511272541061e+05,5.511272478621e+05,6.243966054171e-03
3.328622139397e-03,5.512250513896e+05,5.512250451489e+05,6.240744842216e-03
3.328025077130e-03,5.513228482848e+05,5.513228420473e+05,6.237515131943e-03
3.327428229017e-03,5.514206447916e+05,5.514206385574e+05,6.234272615984e-03
3.326831594944e-03,5.515184409101e+05,5.515184346791e+05,6.231020553969e-03
3.326235174794e-03,5.516162366402e+05,5.516162304125e+05,6.227755337022e-03
3.325638968453e-03,5.517140319820e+05,5.517140257575e+05,6.224482320249e-03
3.325042975806e-03,5.518118269355e+05,5.518118207143e+05,6.221197312698e-03
3.324447196739e-03,5.519096215006e+05,5.519096152827e+05,6.217901827767e-03
3.323851631136e-03,5.520074156773e+05,5.520074094627e+05,6.214594352059e-03
3.323256278882e-03,5.521052094657e+05,5.521052032545e+05,6.211277097464e-03
3.322661139864e-03,5.522030028658e+05,5.522029966579e+05,6.207950296812e-03
3.322066213966e-03,5.523007958776e+05,5.523007896730e+05,6.204611388966e-03
3.321471501074e-03,5.523985885010e+05,5.523985822997e+05,6.201260257512e-03
3.320877001074e-03,5.524963807361e+05,5.524963745382e+05,6.197900976986e-03
3.320282713851e-03,5.525941725829e+05,5.525941663883e+05,6.194530404173e-03
3.319688639291e-03,5.526919640413e+05,5.526919578502e+05,6.191149703227e-03
3.319094777281e-03,5.527897551115e+05,5.527897489237e+05,6.187756662257e-03
3.318501127705e-03,5.528875457933e+05,5.528875396089e+05,6.184354075231e-03
3.317907690451e-03,5.529853360868e+05,5.529853299058e+05,6.180939264596e-03
3.317314465403e-03,5.530831259920e+05,5.530831198144e+05,6.177514558658e-03
3.316721452449e-03,5.531809155088e+05,5.531809093348e+05,6.174080655910e-03
3.316128651475e-03,5.532787046374e+05,5.532786984668e+05,6.170633947477e-03
3.315536062366e-03,5.533764933777e+05,5.533764872105e+05,6.167179439217e-03
3.314943685010e-03,5.534742817296e+05,5.534742755659e+05,6.163711193949e-03
3.314351519293e-03,5.535720696933e+05,5.535720635331e+05,6.160232238472e-03
3.313759565101e-03,5.536698572687e+05,5.536698511119e+05,6.156744551845e-03
3.313167822321e-03,5.537676444558e+05,5.537676383025e+05,6.153246271424e-03
3.312576290841e-03,5.538654312545e+05,5.538654251048e+05,6.149735418148e-03
3.311984970546e-03,5.539632176650e+05,5.539632115188e+05,6.146215600893e-03
3.311393861324e-03,5.540610036872e+05,5.540609975445e+05,6.142684374936e-03
3.310802963062e-03,5.541587893211e+05,5.541587831820e+05,6.139143370092e-03
3.310212275647e-03,5.542565745668e+05,5.542565684312e+05,6.135590258054e-03
3.309621798965e-03,5.543543594241e+05,5.543543532921e+05,6.132027250715e-03
3.309031532905e-03,5.544521438932e+05,5.544521377648e+05,6.128455395810e-03
3.308441477354e-03,5.545499279740e+05,5.545499218491e+05,6.124871200882e-03
3.307851632198e-03,5.546477116665e+05,5.546477055453e+05,6.121276179329e-03
3.307261997326e-03,5.547454949708e+05,5.547454888531e+05,6.117670214735e-03
3.306672572625e-03,5.548432778868e+05,5.548432717727e+05,6.114055286162e-03
3.306083357983e-03,5.549410604145e+05,5.549410543041e+05,6.110428599641e-03
3.305494353287e-03,5.550388425540e+05,5.550388364472e+05,6.106791901402e-03
3.304905558425e-03,5.551366243052e+05,5.551366182020e+05,6.103146122769e-03
3.304316973286e-03,5.552344056681e+05,5.552343995687e+05,6.099486839958e-03
3.303728597756e-03,5.553321866428e+05,5.553321805470e+05,6.095818593167e-03
3.303140431725e-03,5.554299672293e+05,5.554299611371e+05,6.092139286920e-03
3.302552475080e-03,5.555277474275e+05,5.555277413390e+05,6.088449386880e-03
3.301964727710e-03,5.556255272374e+05,5.556255211526e+05,6.084750290029e-03
3.301377189502e-03,5.557233066591e+05,5.557233005780e+05,6.081040017307e-03
3.300789860345e-03,5.558210856925e+05,5.558210796152e+05,6.077317870222e-03
3.300202740128e-03,5.559188643377e+05,5.559188582642e+05,6.073587690480e-03
3.299615828739e-03,5.560166425947e+05,5.560166365249e+05,6.069845287129e-03
3.299029126067e-03,5.561144204635e+05,5.561144143974e+05,6.066093454137e-03
3.298442632000e-03,5.562121979440e+05,5.562121918816e+05,6.062328582630e-03
3.297856346427e-03,5.563099750362e+05,5.563099689777e+05,6.058554979973e-03
3.297270269238e-03,5.564077517403e+05,5.564077456855e+05,6.054771132767e-03
3.296684400320e-03,5.565055280561e+05,5.565055220051e+05,6.050976924598e-03
3.296098739563e-03,5.566033039837e+05,5.566032979365e+05,6.047172239050e-03
3.295513286856e-03,5.567010795231e+05,5.567010734797e+05,6.043357658200e-03
3.294928042088e-03,5.567988546742e+05,5.567988486347e+05,6.039531901479e-03
3.294343005149e-03,5.568966294372e+05,5.568966234015e+05,6.035694968887e-03
3.293758175928e-03,5.569944038119e+05,5.569943977800e+05,6.031848140992e-03
3.293173554313e-03,5.570921777984e+05,5.570921717704e+05,6.027991767041e-03
3.292589140195e-03,5.571899513967e+05,5.571899453726e+05,6.024123867974e-03
3.292004933463e-03,5.572877246068e+05,5.572877185866e+05,6.020245840773e-03
3.291420934007e-03,5.573854974287e+05,5.573854914124e+05,6.016358733177e-03
3.290837141717e-03,5.574832698624e+05,5.574832638499e+05,6.012459285557e-03
3.290253556482e-03,5.575810419079e+05,5.575810358994e+05,6.008551339619e-03
3.289670178191e-03,5.576788135652e+05,5.576788075606e+05,6.004631984979e-03
3.289087006736e-03,5.577765848343e+05,5.577765788336e+05,6.000701105222e-03
3.288504042006e-03,5.578743557152e+05,5.578743497185e+05,5.996761377901e-03
3.287921283892e-03,5.579721262080e+05,5.579721202151e+05,5.992812337354e-03
3.287338732282e-03,5.580698963125e+05,5.580698903237e+05,5.988851189613e-03
3.286756387068e-03,5.581676660289e+05,5.581676600440e+05,5.984879564494e-03
3.286174248140e-03,5.582654353570e+05,5.582654293761e+05,5.980898858979e-03
3.285592315389e-03,5.583632042970e+05,5.583631983201e+05,5.976906162687e-03
3.285010588704e-03,5.584609728489e+05,5.584609668760e+05,5.972905200906e-03
3.284429067977e-03,5.585587410125e+05,5.585587350436e+05,5.968891317025e-03
3.283847753097e-03,5.586565087880e+05,5.586565028231e+05,5.964870098978e-03
3.283266643957e-03,5.587542761753e+05,5.587542702145e+05,5.960836890154e-03
3.282685740446e-03,5.588520431744e+05,5.588520372176e+05,5.956793553196e-03
3.282105042455e-03,5.589498097854e+05,5.589498038327e+05,5.952738923952e-03
3.281524549876e-03,5.590475760082e+05,5.590475700595e+05,5.948676262051e-03
3.280944262599e-03,5.591453418429e+05,5.591453358983e+05,5.944602889940e-03
3.280364180516e-03,5.592431072894e+05,5.592431013489e+05,5.940518574789e-03
3.279784303518e-03,5.593408723477e+05,5.593408664113e+05,5.936424015090e-03
3.279204631495e-03,5.594386370179e+05,5.594386310856e+05,5.932319909334e-03
3.278625164340e-03,5.595364013000e+05,5.595363953718e+05,5.928204278462e-03
3.278045901943e-03,5.596341651939e+05,5.596341592698e+05,5.924077937379e-03
3.277466844197e-03,5.597319286996e+05,5.597319227797e+05,5.919944611378e-03
3.276887990993e-03,5.598296918172e+05,5.598296859014e+05,5.915797082707e-03
3.276309342221e-03,5.599274545467e+05,5.599274486350e+05,5.911643151194e-03
3.275730897775e-03,5.600252168880e+05,5.600252109806e+05,5.907476064749e-03
3.275152657546e-03,5.601229788412e+05,5.601229729379e+05,5.903301294893e-03
3.274574621426e-03,5.602207404063e+05,5.602207345072e+05,5.899114301428e-03
3.273996789307e-03,5.603185015832e+05,5.603184956883e+05,5.894917412661e-03
3.273419161080e-03,5.604162623720e+05,5.604162564813e+05,5.890712025575e-03
3.272841736638e-03,5.605140227727e+05,5.605140168862e+05,5.886494531296e-03
3.272264515873e-03,5.606117827853e+05,5.606117769030e+05,5.882267607376e-03
3.271687498677e-03,5.607095424097e+05,5.607095365317e+05,5.878029158339e-03
3.271110684944e-03,5.608073016461e+05,5.608072957723e+05,5.873782327399e-03
3.270534074564e-03,5.609050604943e+05,5.609050546248e+05,5.869524087757e-03
3.269957667430e-03,5.610028189544e+05,5.610028130891e+05,5.865257233381e-03
3.269381463436e-03,5.611005770264e+05,5.611005711654e+05,5.860979668796e-03
3.268805462474e-03,5.611983347103e+05,5.611983288536e+05,5.856692325324e-03
3.268229664435e-03,5.612960920060e+05,5.612960861537e+05,5.852394504473e-03
3.267654069215e-03,5.613938489137e+05,5.613938430656e+05,5.848087137565e-03
3.267078676704e-03,5.614916054333e+05,5.614915995895e+05,5.843767663464e-03
3.266503486796e-03,5.615893615648e+05,5.615893557253e+05,5.839440156706e-03
3.265928499384e-03,5.616871173082e+05,5.616871114731e+05,5.835101939738e-03
3.265353714361e-03,5.617848726635e+05,5.617848668327e+05,5.830755224451e-03
3.264779131621e-03,5.618826276307e+05,5.618826218043e+05,5.826396634802e-03
3.264204751056e-03,5.619803822098e+05,5.619803763877e+05,5.822027800605e-03
3.263630572559e-03,5.620781364008e+05,5.620781305832e+05,5.817650235258e-03
3.263056596025e-03,5.621758902038e+05,5.621758843905e+05,5.813262891024e-03
3.262482821347e-03,5.622736436186e+05,5.622736378098e+05,5.808862973936e-03
3.261909248418e-03,5.623713966454e+05,5.623713908410e+05,5.804455257021e-03
3.261335877131e-03,5.624691492841e+05,5.624691434841e+05,5.800037994049e-03
3.260762707381e-03,5.625669015348e+05,5.625668957392e+05,5.795608041808e-03
3.260189739062e-03,5.626646533973e+05,5.626646476062e+05,5.791170638986e-03
3.259616972066e-03,5.627624048718e+05,5.627623990851e+05,5.786723224446e-03
3.259044406288e-03,5.628601559583e+05,5.628601501760e+05,5.782263586298e-03
3.258472041623e-03,5.629579066567e+05,5.629579008789e+05,5.777795915492e-03
3.257899877963e-03,5.630556569670e+05,5.630556511937e+05,5.773318815045e-03
3.257327915204e-03,5.631534068892e+05,5.631534011204e+05,5.768830189481e-03
3.256756153239e-03,5.632511564234e+05,5.632511506591e+05,5.764333182015e-03
3.256184591962e-03,5.633489055696e+05,5.633488998098e+05,5.759823834524e-03
3.255613231269e-03,5.634466543277e+05,5.634466485724e+05,5.755306337960e-03
3.255042071053e-03,5.635444026977e+05,5.635443969470e+05,5.750777898356e-03
3.254471111209e-03,5.636421506797e+05,5.636421449335e+05,5.746241309680e-03
3.253900351631e-03,5.637398982737e+05,5.637398925320e+05,5.741694010794e-03
3.253329792215e-03,5.638376454796e+05,5.638376397425e+05,5.737135768868e-03
3.252759432854e-03,5.639353922975e+05,5.639353865649e+05,5.732569028623e-03
3.252189273444e-03,5.640331387273e+05,5.640331329994e+05,5.727992742322e-03
3.251619313880e-03,5.641308847692e+05,5.641308790458e+05,5.723404814489e-03
3.251049554056e-03,5.642286304229e+05,5.642286247041e+05,5.718807457015e-03
3.250479993868e-03,5.643263756887e+05,5.643263699745e+05,5.714202532545e-03
3.249910633211e-03,5.644241205664e+05,5.644241148568e+05,5.709584802389e-03
3.249341471979e-03,5.645218650561e+05,5.645218593512e+05,5.704957875423e-03
3.248772510068e-03,5.646196091578e+05,5.646196034575e+05,5.700322333723e-03
3.248203747374e-03,5.647173528715e+05,5.647173471758e+05,5.695675732568e-03
3.247635183791e-03,5.648150961971e+05,5.648150905061e+05,5.691019818187e-03
3.247066819216e-03,5.649128391348e+05,5.649128334484e+05,5.686355056241e-03
3.246498653543e-03,5.650105816844e+05,5.650105760027e+05,5.681679933332e-03
3.245930686669e-03,5.651083238460e+05,5.651083181690e+05,5.676994565874e-03
3.245362918489e-03,5.652060656196e+05,5.652060599473e+05,5.672299070284e-03
3.244795348898e-03,5.653038070052e+05,5.653038013376e+05,5.667594843544e-03
3.244227977793e-03,5.654015480028e+05,5.654015423400e+05,5.662879440933e-03
3.243660805070e-03,5.654992886125e+05,5.654992829543e+05,5.658156354912e-03
3.243093830624e-03,5.655970288341e+05,5.655970231806e+05,5.653422907926e-03
3.242527054352e-03,5.656947686677e+05,5.656947630190e+05,5.648679565638e-03
3.241960476149e-03,5.657925081133e+05,5.657925024694e+05,5.643924348988e-03
3.241394095912e-03,5.658902471709e+05,5.658902415318e+05,5.639161914587e-03
3.240827913537e-03,5.659879858406e+05,5.659879802062e+05,5.634389119223e-03
3.240261928921e-03,5.660857241223e+05,5.660857184927e+05,5.629606544971e-03
3.239696141959e-03,5.661834620160e+05,5.661834563911e+05,5.624813959002e-03
3.239130552549e-03,5.662811995217e+05,5.662811939017e+05,5.620012641884e-03
3.238565160586e-03,5.663789366394e+05,5.663789310242e+05,5.615201545879e-03
3.237999965969e-03,5.664766733692e+05,5.664766677588e+05,5.610381485894e-03
3.237434968592e-03,5.665744097109e+05,5.665744041054e+05,5.605550017208e-03
3.236870168353e-03,5.666721456648e+05,5.666721400640e+05,5.600709584542e-03
3.236305565149e-03,5.667698812306e+05,5.667698756347e+05,5.595859955065e-03
3.235741158877e-03,5.668676164085e+05,5.668676108175e+05,5.590997869149e-03
3.235176949433e-03,5.669653511984e+05,5.669653456123e+05,5.586129380390e-03
3.234612936715e-03,5.670630856004e+05,5.670630800191e+05,5.581251229160e-03
3.234049120621e-03,5.671608196144e+05,5.671608140380e+05,5.576361319982e-03
3.233485501046e-03,5.672585532404e+05,5.672585476690e+05,5.571463610977e-03
3.232922077888e-03,5.673562864785e+05,5.673562809120e+05,5.566556239501e-03
3.232358851045e-03,5.674540193287e+05,5.674540137671e+05,5.561639787629e-03
3.231795820415e-03,5.675517517909e+05,5.675517462342e+05,5.556711461395e-03
3.231232985893e-03,5.676494838652e+05,5.676494783134e+05,5.551776965149e-03
3.230670347379e-03,5.677472155515e+05,5.677472100047e+05,5.546830012463e-03
3.230107904770e-03,5.678449468499e+05,5.678449413080e+05,5.541874095798e-03
3.229545657963e-03,5.679426777603e+05,5.679426722234e+05,5.536909913644e-03
3.228983606857e-03,5.680404082828e+05,5.680404027509e+05,5.531933973543e-03
3.228421751349e-03,5.681381384174e+05,5.681381328904e+05,5.526950932108e-03
3.227860091336e-03,5.682358681640e+05,5.682358626421e+05,5.521958111785e-03
3.227298626718e-03,5.683335975228e+05,5.683335920058e+05,5.516954930499e-03
3.226737357391e-03,5.684313264936e+05,5.684313209816e+05,5.511941271834e-03
3.226176283255e-03,5.685290550764e+05,5.685290495695e+05,5.506920977496e-03
3.225615404207e-03,5.686267832714e+05,5.686267777695e+05,5.501888459548e-03
3.225054720146e-03,5.687245110784e+05,5.687245055816e+05,5.496847443283e-03
3.224494230970e-03,5.688222384975e+05,5.688222330058e+05,5.491796997376e-03
3.223933936577e-03,5.689199655288e+05,5.689199600420e+05,5.486736888997e-03
3.223373836866e-03,5.690176921721e+05,5.690176866904e+05,5.481668165885e-03
3.222813931735e-03,5.691154184275e+05,5.691154129509e+05,5.476590245962e-03
3.222254221084e-03,5.692131442949e+05,5.692131388234e+05,5.471500917338e-03
3.221694704810e-03,5.693108697745e+05,5.693108643081e+05,5.466403905302e-03
3.221135382812e-03,5.694085948662e+05,5.694085894049e+05,5.461297347210e-03
3.220576254990e-03,5.695063195700e+05,5.695063141138e+05,5.456180078909e-03
3.220017321243e-03,5.696040438859e+05,5.696040384348e+05,5.451054195873e-03
3.219458581468e-03,5.697017678139e+05,5.697017623680e+05,5.445920862257e-03
3.218900035566e-03,5.697994913540e+05,5.697994859132e+05,5.440776585601e-03
3.218341683435e-03,5.698972145062e+05,5.698972090706e+05,5.435622064397e-03
3.217783524974e-03,5.699949372706e+05,5.699949318401e+05,5.430459626950e-03
3.217225560083e-03,5.700926596470e+05,5.700926542217e+05,5.425285664387e-03
3.216667788662e-03,5.701903816356e+05,5.701903762155e+05,5.420104484074e-03
3.216110210608e-03,5.702881032363e+05,5.702880978214e+05,5.414912942797e-03
3.215552825823e-03,5.703858244491e+05,5.703858190394e+05,5.409713252448e-03
3.214995634206e-03,5.704835452741e+05,5.704835398696e+05,5.404504365288e-03
3.214438635655e-03,5.705812657111e+05,5.705812603119e+05,5.399285582826e-03
3.213881830071e-03,5.706789857604e+05,5.706789803663e+05,5.394055857323e-03
3.213325217354e-03,5.707767054217e+05,5.707767000329e+05,5.388818099163e-03
3.212768797403e-03,5.708744246952e+05,5.708744193116e+05,5.383573356085e-03
3.212212570118e-03,5.709721435808e+05,5.709721382025e+05,5.378316622227e-03
3.211656535399e-03,5.710698620786e+05,5.710698567055e+05,5.373052088544e-03
3.211100693146e-03,5.711675801885e+05,5.711675748207e+05,5.367776844651e-03
3.210545043260e-03,5.712652979105e+05,5.712652925480e+05,5.362493218854e-03
3.209989585640e-03,5.713630152447e+05,5.713630098875e+05,5.357200861908e-03
3.209434320187e-03,5.714607321911e+05,5.714607268392e+05,5.351898493245e-03
3.208879246800e-03,5.715584487496e+05,5.715584434030e+05,5.346588441171e-03
3.208324365381e-03,5.716561649203e+05,5.716561595790e+05,5.341266049072e-03
3.207769675830e-03,5.717538807031e+05,5.717538753672e+05,5.335937021300e-03
3.207215178047e-03,5.718515960981e+05,5.718515907675e+05,5.330597748980e-03
3.206660871932e-03,5.719493111053e+05,5.719493057800e+05,5.325250327587e-03
3.206106757387e-03,5.720470257246e+05,5.720470204047e+05,5.319893942215e-03
3.205552834312e-03,5.721447399561e+05,5.721447346415e+05,5.314527195878e-03
3.204999102608e-03,5.722424537997e+05,5.722424484906e+05,5.309151834808e-03
3.204445562176e-03,5.723401672556e+05,5.723401619518e+05,5.303767975420e-03
3.203892212917e-03,5.724378803236e+05,5.724378750252e+05,5.298372707330e-03
3.203339054731e-03,5.725355930038e+05,5.725355877108e+05,5.292969872244e-03
3.202786087519e-03,5.726333052962e+05,5.726333000086e+05,5.287559004501e-03
3.202233311184e-03,5.727310172007e+05,5.727310119186e+05,5.282138008624e-03
3.201680725626e-03,5.728287287175e+05,5.728287234407e+05,5.276707699522e-03
3.201128330745e-03,5.729264398464e+05,5.729264345751e+05,5.271269008517e-03
3.200576126445e-03,5.730241505875e+05,5.730241453217e+05,5.265820422210e-03
3.200024112625e-03,5.731218609408e+05,5.731218556805e+05,5.260363803245e-03
3.199472289188e-03,5.732195709063e+05,5.732195656514e+05,5.254897754639e-03
3.198920656034e-03,5.733172804841e+05,5.733172752346e+05,5.249422276393e-03
3.198369213067e-03,5.734149896740e+05,5.734149844300e+05,5.243937717751e-03
3.197817960186e-03,5.735126984761e+05,5.735126932376e+05,5.238445475698e-03
3.197266897295e-03,5.736104068904e+05,5.736104016575e+05,5.232943338342e-03
3.196716024294e-03,5.737081149169e+05,5.737081096895e+05,5.227431771345e-03
3.196165341085e-03,5.738058225557e+05,5.738058173338e+05,5.221911356784e-03
3.195614847571e-03,5.739035298067e+05,5.739035245903e+05,5.216382560320e-03
3.195064543654e-03,5.740012366698e+05,5.740012314590e+05,5.210844567046e-03
3.194514429236e-03,5.740989431452e+05,5.740989379399e+05,5.205298541114e-03
3.193964504218e-03,5.741966492328e+05,5.741966440331e+05,5.199740990065e-03
3.193414768503e-03,5.742943549327e+05,5.742943497385e+05,5.194176221266e-03
3.192865221993e-03,5.743920602447e+05,5.743920550561e+05,5.188602488488e-03
3.192315864591e-03,5.744897651690e+05,5.744897599860e+05,5.183019558899e-03
3.191766696198e-03,5.745874697056e+05,5.745874645281e+05,5.177429644391e-03
3.191217716718e-03,5.746851738543e+05,5.746851686825e+05,5.171828554012e-03
3.190668926053e-03,5.747828776153e+05,5.747828724491e+05,5.166218965314e-03
3.190120324106e-03,5.748805809885e+05,5.748805758279e+05,5.160599364899e-03
3.189571910779e-03,5.749782839740e+05,5.749782788190e+05,5.154972546734e-03
3.189023685975e-03,5.750759865717e+05,5.750759814224e+05,5.149336997420e-03
3.188475649596e-03,5.751736887817e+05,5.751736836380e+05,5.143692367710e-03
3.187927801546e-03,5.752713906039e+05,5.752713854658e+05,5.138039472513e-03
3.187380141728e-03,5.753690920383e+05,5.753690869060e+05,5.132377496921e-03
3.186832670045e-03,5.754667930851e+05,5.754667879584e+05,5.126705393195e-03
3.186285386399e-03,5.755644937440e+05,5.755644886230e+05,5.121023976244e-03
3.185738290694e-03,5.756621940153e+05,5.756621888999e+05,5.115335807204e-03
3.185191382833e-03,5.757598938987e+05,5.757598887891e+05,5.109639838338e-03
3.184644662719e-03,5.758575933945e+05,5.758575882906e+05,5.103932577185e-03
3.184098130256e-03,5.759552925025e+05,5.759552874043e+05,5.098217865452e-03
3.183551785347e-03,5.760529912228e+05,5.760529861303e+05,5.092492559925e-03
3.183005627895e-03,5.761506895553e+05,5.761506844686e+05,5.086760967970e-03
3.182459657804e-03,5.762483875002e+05,5.762483824192e+05,5.081019829959e-03
3.181913874979e-03,5.763460850573e+05,5.763460799820e+05,5.075268796645e-03
3.181368279321e-03,5.764437822267e+05,5.764437771571e+05,5.069511244074e-03
3.180822870735e-03,5.765414790083e+05,5.765414739446e+05,5.063742981292e-03
3.180277649126e-03,5.766391754023e+05,5.766391703443e+05,5.057965870947e-03
3.179732614396e-03,5.767368714085e+05,5.767368663563e+05,5.052183289081e-03
3.179187766450e-03,5.768345670270e+05,5.768345619806e+05,5.046388367191e-03
3.178643105191e-03,5.769322622578e+05,5.769322572172e+05,5.040586111136e-03
3.178098630524e-03,5.770299571009e+05,5.770299520661e+05,5.034775123931e-03
3.177554342353e-03,5.771276515563e+05,5.771276465273e+05,5.028955405578e-03
3.177010240582e-03,5.772253456240e+05,5.772253406009e+05,5.023127188906e-03
3.176466325116e-03,5.773230393040e+05,5.773230342867e+05,5.017291288823e-03
3.175922595858e-03,5.774207325963e+05,5.774207275848e+05,5.011445493437e-03
3.175379052713e-03,5.775184255009e+05,5.775184204953e+05,5.005592131056e-03
3.174835695585e-03,5.776161180178e+05,5.776161130181e+05,4.999730153941e-03
3.174292524380e-03,5.777138101470e+05,5.777138051531e+05,4.993858514354e-03
3.173749539001e-03,5.778115018885e+05,5.778114969006e+05,4.987978842109e-03
3.173206739354e-03,5.779091932424e+05,5.779091882603e+05,4.982088808902e-03
3.172664125342e-03,5.780068842085e+05,5.780068792323e+05,4.976194584742e-03
3.172121696871e-03,5.781045747870e+05,5.781045698167e+05,4.970288719051e-03
3.171579453846e-03,5.782022649778e+05,5.782022600135e+05,4.964373889379e-03
3.171037396172e-03,5.782999547810e+05,5.782999498225e+05,4.958450677805e-03
3.170495523753e-03,5.783976441964e+05,5.783976392439e+05,4.952519782819e-03
3.169953836494e-03,5.784953332242e+05,5.784953282776e+05,4.946582717821e-03
3.169412334301e-03,5.785930218643e+05,5.785930169237e+05,4.940633894876e-03
3.168871017079e-03,5.786907101168e+05,5.786907051821e+05,4.934677155688e-03
3.168329884734e-03,5.787883979816e+05,5.787883930528e+05,4.928713198751e-03
3.167788937169e-03,5.788860854587e+05,5.788860805359e+05,4.922739928588e-03
3.167248174292e-03,5.789837725482e+05,5.789837676314e+05,4.916758742183e-03
3.166707596006e-03,5.790814592500e+05,5.790814543392e+05,4.910766496323e-03
3.166167202218e-03,5.791791455641e+05,5.791791406594e+05,4.904768778943e-03
3.165626992834e-03,5.792768314906e+05,5.792768265919e+05,4.898762213998e-03
3.165086967758e-03,5.793745170295e+05,5.793745121368e+05,4.892745404504e-03
3.164547126897e-03,5.794722021807e+05,5.794721972940e+05,4.886721959338e-03
3.164007470157e-03,5.795698869443e+05,5.795698820636e+05,4.880690714344e-03
3.163467997442e-03,5.796675713202e+05,5.796675664456e+05,4.874650388956e-03
3.162928708660e-03,5.797652553085e+05,5.797652504399e+05,4.868601681665e-03
3.162389603716e-03,5.798629389092e+05,5.798629340467e+05,4.862544010393e-03
3.161850682515e-03,5.799606221222e+05,5.799606172657e+05,4.856479703449e-03
3.161311944965e-03,5.800583049476e+05,5.800583000972e+05,4.850404802710e-03
3.160773390971e-03,5.801559873854e+05,5.801559825411e+05,4.844322684221e-03
3.160235020439e-03,5.802536694355e+05,5.802536645973e+05,4.838231485337e-03
3.159696833277e-03,5.803513510980e+05,5.803513462659e+05,4.832133534364e-03
3.159158829389e-03,5.804490323729e+05,5.804490275469e+05,4.826025338843e-03
3.158621008682e-03,5.805467132602e+05,5.805467084403e+05,4.819911089726e-03
3.158083371064e-03,5.806443937599e+05,5.806443889461e+05,4.813787061721e-03
3.157545916440e-03,5.807420738719e+05,5.807420690643e+05,4.807655815966e-03
3.157008644717e-03,5.808397535964e+05,5.808397487949e+05,4.801514674909e-03
3.156471555801e-03,5.809374329332e+05,5.809374281378e+05,4.795365501195e-03
3.155934649600e-03,5.810351118824e+05,5.810351070932e+05,4.789208644070e-03
3.155397926020e-03,5.811327904441e+05,5.811327856610e+05,4.783045500517e-03
3.154861384969e-03,5.812304686181e+05,5.812304638412e+05,4.776870599017e-03
3.154325026352e-03,5.813281464045e+05,5.813281416338e+05,4.770690109581e-03
3.153788850076e-03,5.814258238033e+05,5.814258190388e+05,4.764501005411e-03
3.153252856050e-03,5.815235008146e+05,5.815234960562e+05,4.758303868584e-03
3.152717044180e-03,5.816211774382e+05,5.816211726861e+05,4.752097418532e-03
3.152181414373e-03,5.817188536742e+05,5.817188489284e+05,4.745884216391e-03
3.151645966536e-03,5.818165295227e+05,5.818165247830e+05,4.739662748761e-03
3.151110700577e-03,5.819142049836e+05,5.819142002502e+05,4.733432433568e-03
3.150575616403e-03,5.820118800569e+05,5.820118753297e+05,4.727192339487e-03
3.150040713922e-03,5.821095547426e+05,5.821095500217e+05,4.720946657471e-03
3.149505993040e-03,5.822072290408e+05,5.822072243261e+05,4.714692360722e-03
3.148971453666e-03,5.823049029513e+05,5.823048982429e+05,4.708429914899e-03
3.148437095707e-03,5.824025764743e+05,5.824025717722e+05,4.702158970758e-03
3.147902919070e-03,5.825002496097e+05,5.825002449139e+05,4.695879993960e-03
3.147368923664e-03,5.825979223576e+05,5.825979176680e+05,4.689592635259e-03
3.146835109396e-03,5.826955947179e+05,5.826955900346e+05,4.683297825977e-03
3.146301476174e-03,5.827932666906e+05,5.827932620137e+05,4.676996963099e-03
3.145768023906e-03,5.828909382758e+05,5.828909336051e+05,4.670684458688e-03
3.145234752500e-03,5.829886094734e+05,5.829886048091e+05,4.664365435019e-03
3.144701661864e-03,5.830862802835e+05,5.830862756255e+05,4.658040124923e-03
3.144168751906e-03,5.831839507060e+05,5.831839460543e+05,4.651705035940e-03
3.143636022535e-03,5.832816207410e+05,5.832816160956e+05,4.645360517316e-03
3.143103473657e-03,5.833792903884e+05,5.833792857494e+05,4.639009828679e-03
3.142571105183e-03,5.834769596483e+05,5.834769550156e+05,4.632652155124e-03
3.142038917019e-03,5.835746285206e+05,5.835746238943e+05,4.626284469850e-03
3.141506909076e-03,5.836722970054e+05,5.836722923855e+05,4.619910963811e-03
3.140975081260e-03,5.837699651027e+05,5.837699604891e+05,4.613527911715e-03
3.140443433480e-03,5.838676328124e+05,5.838676282053e+05,4.607137409039e-03
3.139911965646e-03,5.839653001346e+05,5.839652955338e+05,4.600739339367e-03
3.139380677665e-03,5.840629670692e+05,5.840629624749e+05,4.594331607223e-03
3.138849569447e-03,5.841606336164e+05,5.841606290285e+05,4.587918054312e-03
3.138318640900e-03,5.842582997760e+05,5.842582951945e+05,4.581495653838e-03
3.137787891933e-03,5.843559655481e+05,5.843559609730e+05,4.575067083351e-03
3.137257322455e-03,5.844536309326e+05,5.844536263640e+05,4.568628617562e-03
3.136726932375e-03,5.845512959297e+05,5.845512913675e+05,4.562183632515e-03
3.136196721602e-03,5.846489605392e+05,5.846489559835e+05,4.555729683489e-03
3.135666690046e-03,5.847466247612e+05,5.847466202120e+05,4.549268865958e-03
3.135136837614e-03,5.848442885958e+05,5.848442840530e+05,4.542800365016e-03
3.134607164217e-03,5.849419520428e+05,5.849419475064e+05,4.536323947832e-03
3.134077669764e-03,5.850396151023e+05,5.850396105724e+05,4.529838566668e-03
3.133548354163e-03,5.851372777743e+05,5.851372732509e+05,4.523346666247e-03
3.133019217325e-03,5.852349400588e+05,5.852349355419e+05,4.516847198829e-03
3.132490259159e-03,5.853326019558e+05,5.853325974454e+05,4.510338301770e-03
3.131961479575e-03,5.854302634653e+05,5.854302589614e+05,4.503823118284e-03
3.131432878481e-03,5.855279245873e+05,5.855279200900e+05,4.497299552895e-03
3.130904455788e-03,5.856255853218e+05,5.856255808310e+05,4.490768886171e-03
3.130376211405e-03,5.857232456688e+05,5.857232411846e+05,4.484229953960e-03
3.129848145243e-03,5.858209056284e+05,5.858209011507e+05,4.477682639845e-03
3.129320257210e-03,5.859185652005e+05,5.859185607293e+05,4.471129621379e-03
3.128792547218e-03,5.860162243850e+05,5.860162199205e+05,4.464569152333e-03
3.128265015175e-03,5.861138831822e+05,5.861138787242e+05,4.457999602892e-03
3.127737660991e-03,5.862115415918e+05,5.862115371404e+05,4.451421089470e-03
3.127210484578e-03,5.863091996140e+05,5.863091951691e+05,4.444838734344e-03
3.126683485844e-03,5.864068572486e+05,5.864068528104e+05,4.438246018253e-03
3.126156664701e-03,5.865045144959e+05,5.865045100642e+05,4.431645967998e-03
3.125630021058e-03,5.866021713556e+05,5.866021669306e+05,4.425038583577e-03
3.125103554826e-03,5.866998278279e+05,5.866998234095e+05,4.418423399329e-03
3.124577265914e-03,5.867974839128e+05,5.867974795010e+05,4.411800764501e-03
3.124051154235e-03,5.868951396101e+05,5.868951352050e+05,4.405170795508e-03
3.123525219697e-03,5.869927949201e+05,5.869927905215e+05,4.398532561027e-03
3.122999462212e-03,5.870904498425e+05,5.870904454506e+05,4.391887923703e-03
3.122473881690e-03,5.871881043775e+05,5.871880999923e+05,4.385234671645e-03
3.121948478041e-03,5.872857585251e+05,5.872857541465e+05,4.378573154099e-03
3.121423251178e-03,5.873834122852e+05,5.873834079133e+05,4.371906630695e-03
3.120898201009e-03,5.874810656579e+05,5.874810612927e+05,4.365231143311e-03
3.120373327447e-03,5.875787186432e+05,5.875787142846e+05,4.358547856100e-03
3.119848630402e-03,5.876763712410e+05,5.876763668891e+05,4.351857933216e-03
3.119324109785e-03,5.877740234513e+05,5.877740191062e+05,4.345160792582e-03
3.118799765507e-03,5.878716752743e+05,5.878716709358e+05,4.338455852121e-03
3.118275597479e-03,5.879693267098e+05,5.879693223780e+05,4.331742296927e-03
3.117751605613e-03,5.880669777579e+05,5.880669734328e+05,4.325022106059e-03
3.117227789819e-03,5.881646284185e+05,5.881646241002e+05,4.318295395933e-03
3.116704150008e-03,5.882622786917e+05,5.882622743802e+05,4.311561351642e-03
3.116180686093e-03,5.883599285775e+05,5.883599242727e+05,4.304817295633e-03
3.115657397985e-03,5.884575780759e+05,5.884575737778e+05,4.298070096411e-03
3.115134285594e-03,5.885552271869e+05,5.885552228956e+05,4.291312303394e-03
3.114611348833e-03,5.886528759104e+05,5.886528716259e+05,4.284548223950e-03
3.114088587613e-03,5.887505242466e+05,5.887505199688e+05,4.277774947695e-03
3.113566001846e-03,5.888481721953e+05,5.888481679243e+05,4.270997247659e-03
3.113043591443e-03,5.889458197567e+05,5.889458154925e+05,4.264210700057e-03
3.112521356316e-03,5.890434669306e+05,5.890434626732e+05,4.257417051122e-03
3.111999296377e-03,5.891411137171e+05,5.891411094665e+05,4.250615835190e-03
3.111477411538e-03,5.892387601162e+05,5.892387558724e+05,4.243809147738e-03
3.110955701710e-03,5.893364061280e+05,5.893364018910e+05,4.236992564984e-03
3.110434166806e-03,5.894340517523e+05,5.894340475221e+05,4.230170161463e-03
3.109912806738e-03,5.895316969893e+05,5.895316927659e+05,4.223340190947e-03
3.109391621418e-03,5.896293418388e+05,5.896293376223e+05,4.216503701173e-03
3.108870610757e-03,5.897269863010e+05,5.897269820913e+05,4.209657898173e-03
3.108349774669e-03,5.898246303758e+05,5.898246261730e+05,4.202806274407e-03
3.107829113065e-03,5.899222740632e+05,5.899222698672e+05,4.195948946290e-03
3.107308625858e-03,5.900199173632e+05,5.900199131741e+05,4.189083469100e-03
3.106788312960e-03,5.901175602759e+05,5.901175560937e+05,4.182208329439e-03
3.106268174284e-03,5.902152028011e+05,5.902151986258e+05,4.175328183919e-03
3.105748209742e-03,5.903128449391e+05,5.903128407706e+05,4.168441635557e-03
3.105228419247e-03,5.904104866896e+05,5.904104825280e+05,4.161546006799e-03
3.104708802711e-03,5.905081280528e+05,5.905081238981e+05,4.154643393122e-03
3.104189360047e-03,5.906057690286e+05,5.906057648808e+05,4.147737170570e-03
3.103670091168e-03,5.907034096170e+05,5.907034054762e+05,4.140819422901e-03
3.103150995986e-03,5.908010498181e+05,5.908010456842e+05,4.133896902204e-03
3.102632074415e-03,5.908986896318e+05,5.908986855049e+05,4.126967163756e-03
3.102113326367e-03,5.909963290582e+05,5.909963249382e+05,4.120029392652e-03
3.101594751755e-03,5.910939680972e+05,5.910939639841e+05,4.113085218705e-03
3.101076350493e-03,5.911916067489e+05,5.911916026428e+05,4.106133128516e-03
3.100558122493e-03,5.912892450132e+05,5.912892409140e+05,4.099175799638e-03
3.100040067669e-03,5.913868828902e+05,5.913868787980e+05,4.092208459042e-03
3.099522185934e-03,5.914845203798e+05,5.914845162946e+05,4.085237276740e-03
3.099004477201e-03,5.915821574821e+05,5.915821534039e+05,4.078257363290e-03
3.098486941383e-03,5.916797941971e+05,5.916797901258e+05,4.071271978319e-03
3.097969578394e-03,5.917774305247e+05,5.917774264605e+05,4.064278211445e-03
3.097452388147e-03,5.918750664650e+05,5.918750624078e+05,4.057277459651e-03
3.096935370556e-03,5.919727020180e+05,5.919726979677e+05,4.050269257277e-03
3.096418525534e-03,5.920703371837e+05,5.920703331404e+05,4.043257562444e-03
3.095901852995e-03,5.921679719620e+05,5.921679679257e+05,4.036235390231e-03
3.095385352853e-03,5.922656063530e+05,5.922656023238e+05,4.029206465930e-03
3.094869025021e-03,5.923632403566e+05,5.923632363345e+05,4.022172070108e-03
3.094352869413e-03,5.924608739730e+05,5.924608699579e+05,4.015129758045e-03
3.093836885943e-03,5.925585072020e+05,5.925585031940e+05,4.008080926724e-03
3.093321074525e-03,5.926561400438e+05,5.926561360427e+05,4.001025110483e-03
3.092805435073e-03,5.927537724982e+05,5.927537685042e+05,3.993962542154e-03
3.092289967500e-03,5.928514045653e+05,5.928514005784e+05,3.986894385889e-03
3.091774671721e-03,5.929490362451e+05,5.929490322653e+05,3.979817964137e-03
3.091259547651e-03,5.930466675376e+05,5.930466635649e+05,3.972733742557e-03
3.090744595202e-03,5.931442984428e+05,5.931442944772e+05,3.965645213611e-03
3.090229814290e-03,5.932419289607e+05,5.932419250022e+05,3.958548186347e-03
3.089715204829e-03,5.933395590914e+05,5.933395551399e+05,3.951444872655e-03
3.089200766733e-03,5.934371888347e+05,5.934371848903e+05,3.944335854612e-03
3.088686499917e-03,5.935348181907e+05,5.935348142535e+05,3.937217639759e-03
3.088172404294e-03,5.936324471595e+05,5.936324432294e+05,3.930093487725e-03
3.087658479780e-03,5.937300757409e+05,5.937300718180e+05,3.922964097001e-03
3.087144726290e-03,5.938277039351e+05,5.938277000193e+05,3.915827488527e-03
3.086631143736e-03,5.939253317420e+05,5.939253278333e+05,3.908682730980e-03
3.086117732036e-03,5.940229591616e+05,5.940229552601e+05,3.901533200406e-03
3.085604491103e-03,5.941205861940e+05,5.941205822996e+05,3.894375870004e-03
3.085091420851e-03,5.942182128390e+05,5.942182089518e+05,3.887212602422e-03
3.084578521197e-03,5.943158390968e+05,5.943158352168e+05,3.880042582750e-03
3.084065792055e-03,5.944134649674e+05,5.944134610945e+05,3.872864646837e-03
3.083553233339e-03,5.945110904506e+05,5.945110865850e+05,3.865680308081e-03
3.083040844965e-03,5.946087155466e+05,5.946087116881e+05,3.858489450067e-03
3.082528626848e-03,5.947063402554e+05,5.947063364041e+05,3.851292654872e-03
3.082016578904e-03,5.948039645769e+05,5.948039607328e+05,3.844089456834e-03
3.081504701046e-03,5.949015885111e+05,5.949015846742e+05,3.836880205199e-03
3.080992993192e-03,5.949992120581e+05,5.949992082284e+05,3.829661989585e-03
3.080481455255e-03,5.950968352178e+05,5.950968313954e+05,3.822439699434e-03
3.079970087151e-03,5.951944579903e+05,5.951944541751e+05,3.815208212472e-03
3.079458888797e-03,5.952920803755e+05,5.952920765676e+05,3.807972650975e-03
3.078947860106e-03,5.953897023735e+05,5.953896985728e+05,3.800730919465e-03
3.078437000996e-03,5.954873239843e+05,5.954873201908e+05,3.793481388129e-03
3.077926311380e-03,5.955849452078e+05,5.955849414216e+05,3.786225104704e-03
3.077415791176e-03,5.956825660441e+05,5.956825622651e+05,3.778962069191e-03
3.076905440299e-03,5.957801864931e+05,5.957801827214e+05,3.771694726311e-03
3.076395258664e-03,5.958778065549e+05,5.958778027905e+05,3.764417720959e-03
3.075885246187e-03,5.959754262295e+05,5.959754224724e+05,3.757136291824e-03
3.075375402785e-03,5.960730455169e+05,5.960730417670e+05,3.749847295694e-03
3.074865728373e-03,5.961706644170e+05,5.961706606744e+05,3.742555389181e-03
3.074356222867e-03,5.962682829299e+05,5.962682791947e+05,3.735252539627e-03
3.073846886183e-03,5.963659010556e+05,5.963658973277e+05,3.727945149876e-03
3.073337718238e-03,5.964635187941e+05,5.964635150735e+05,3.720632637851e-03
3.072828718947e-03,5.965611361454e+05,5.965611324320e+05,3.713310929015e-03
3.072319888227e-03,5.966587531094e+05,5.966587494034e+05,3.705985145643e-03
3.071811225993e-03,5.967563696863e+05,5.967563659876e+05,3.698652610183e-03
3.071302732164e-03,5.968539858759e+05,5.968539821846e+05,3.691313671879e-03
3.070794406653e-03,5.969516016783e+05,5.969515979944e+05,3.683967632242e-03
3.070286249379e-03,5.970492170936e+05,5.970492134170e+05,3.676616586745e-03
3.069778260258e-03,5.971468321216e+05,5.971468284524e+05,3.669258090667e-03
3.069270439206e-03,5.972444467625e+05,5.972444431006e+05,3.661893424578e-03
3.068762786140e-03,5.973420610161e+05,5.973420573616e+05,3.654523519799e-03
3.068255300976e-03,5.974396748826e+05,5.974396712354e+05,3.647145815194e-03
3.067747983631e-03,5.975372883618e+05,5.975372847221e+05,3.639761358500e-03
3.067240834022e-03,5.976349014539e+05,5.976348978216e+05,3.632372128777e-03
3.066733852066e-03,5.977325141588e+05,5.977325105338e+05,3.624977427535e-03
3.066227037680e-03,5.978301264765e+05,5.978301228590e+05,3.617574926466e-03
3.065720390780e-03,5.979277384071e+05,5.979277347969e+05,3.610167303123e-03
3.065213911284e-03,5.980253499504e+05,5.980253463477e+05,3.602753626183e-03
3.064707599108e-03,5.981229611066e+05,5.981229575113e+05,3.595332615077e-03
3.064201454170e-03,5.982205718757e+05,5.982205682877e+05,3.587906830944e-03
3.063695476387e-03,5.983181822575e+05,5.983181786770e+05,3.580472897738e-03
3.063189665676e-03,5.984157922522e+05,5.984157886792e+05,3.573035239242e-03
3.062684021954e-03,5.985134018597e+05,5.985133982941e+05,3.565589431673e-03
3.062178545139e-03,5.986110110801e+05,5.986110075219e+05,3.558137803338e-03
3.061673235149e-03,5.987086199133e+05,5.987086163626e+05,3.550680121407e-03
3.061168091899e-03,5.988062283593e+05,5.988062248161e+05,3.543219063431e-03
3.060663115308e-03,5.989038364182e+05,5.989038328824e+05,3.535748925060e-03
3.060158305294e-03,5.990014440899e+05,5.990014405616e+05,3.528274479322e-03
3.059653661774e-03,5.990990513745e+05,5.990990478537e+05,3.520793630742e-03
3.059149184666e-03,5.991966582719e+05,5.991966547586e+05,3.513304982334e-03
3.058644873887e-03,5.992942647822e+05,5.992942612764e+05,3.505811211653e-03
3.058140729356e-03,5.993918709054e+05,5.993918674071e+05,3.498312667944e-03
3.057636750989e-03,5.994894766414e+05,5.994894731506e+05,3.490806207992e-03
3.057132938705e-03,5.995870819903e+05,5.995870785070e+05,3.483295207843e-03
3.056629292422e-03,5.996846869520e+05,5.996846834763e+05,3.475779318251e-03
3.056125812057e-03,5.997822915266e+05,5.997822880584e+05,3.468254697509e-03
3.055622497530e-03,5.998798957141e+05,5.998798922534e+05,3.460724838078e-03
3.055119348757e-03,5.999774995145e+05,5.999774960613e+05,3.453189856373e-03
3.054616365657e-03,6.000751029277e+05,6.000750994821e+05,3.445649985224e-03
3.054113548148e-03,6.001727059538e+05,6.001727025157e+05,3.438103478402e-03
3.053610896149e-03,6.002703085928e+05,6.002703051623e+05,3.430549986660e-03
3.053108409577e-03,6.003679108447e+05,6.003679074217e+05,3.422990674153e-03
3.052606088351e-03,6.004655127094e+05,6.004655092940e+05,3.415426006541e-03
3.052103932390e-03,6.005631141871e+05,6.005631107792e+05,3.407857613638e-03
3.051601941612e-03,6.006607152776e+05,6.006607118773e+05,3.400279441848e-03
3.051100115935e-03,6.007583159810e+05,6.007583125883e+05,3.392698010430e-03
3.050598455278e-03,6.008559162974e+05,6.008559129122e+05,3.385110758245e-03
3.050096959559e-03,6.009535162266e+05,6.009535128491e+05,3.377517568879e-03
3.049595628698e-03,6.010511157687e+05,6.010511123988e+05,3.369918325916e-03
3.049094462613e-03,6.011487149237e+05,6.011487115614e+05,3.362312330864e-03
3.048593461222e-03,6.012463136917e+05,6.012463103370e+05,3.354701795615e-03
3.048092624446e-03,6.013439120725e+05,6.013439087254e+05,3.347084275447e-03
3.047591952201e-03,6.014415100662e+05,6.014415067268e+05,3.339461865835e-03
3.047091444408e-03,6.015391076729e+05,6.015391043411e+05,3.331834799610e-03
3.046591100985e-03,6.016367048925e+05,6.016367015683e+05,3.324199584313e-03
3.046090921852e-03,6.017343017250e+05,6.017342984084e+05,3.316560992971e-03
3.045590906927e-03,6.018318981704e+05,6.018318948615e+05,3.308916464448e-03
3.045091056130e-03,6.019294942287e+05,6.019294909274e+05,3.301265882328e-03
3.044591369380e-03,6.020270899000e+05,6.020270866064e+05,3.293609013781e-03
3.044091846596e-03,6.021246851842e+05,6.021246818982e+05,3.285947022960e-03
3.043592487697e-03,6.022222800813e+05,6.022222768030e+05,3.278279094957e-03
3.043093292603e-03,6.023198745913e+05,6.023198713207e+05,3.270605229773e-03
3.042594261233e-03,6.024174687143e+05,6.024174654514e+05,3.262926125899e-03
3.042095393507e-03,6.025150624502e+05,6.025150591950e+05,3.255241899751e-03
3.041596689344e-03,6.026126557991e+05,6.026126525515e+05,3.247552202083e-03
3.041098148664e-03,6.027102487609e+05,6.027102455210e+05,3.239855635911e-03
3.040599771386e-03,6.028078413356e+05,6.028078381035e+05,3.232154995203e-03
3.040101557431e-03,6.029054335233e+05,6.029054302989e+05,3.224448533729e-03
3.039603506717e-03,6.030030253240e+05,6.030030221072e+05,3.216737299226e-03
3.039105619165e-03,6.031006167376e+05,6.031006135285e+05,3.209019196220e-03
3.038607894694e-03,6.031982077641e+05,6.031982045628e+05,3.201294573955e-03
3.038110333224e-03,6.032957984036e+05,6.032957952101e+05,3.193567157723e-03
3.037612934676e-03,6.033933886561e+05,6.033933854703e+05,3.185832058080e-03
3.037115698969e-03,6.034909785215e+05,6.034909753434e+05,3.178091719747e-03
3.036618626023e-03,6.035885679999e+05,6.035885648296e+05,3.170347423293e-03
3.036121715758e-03,6.036861570913e+05,6.036861539287e+05,3.162597655319e-03
3.035624968096e-03,6.037837457956e+05,6.037837426408e+05,3.154841135256e-03
3.035128382954e-03,6.038813341129e+05,6.038813309658e+05,3.147081006318e-03
3.034631960255e-03,6.039789220432e+05,6.039789189039e+05,3.139313543215e-03
3.034135699918e-03,6.040765095864e+05,6.040765064549e+05,3.131541423500e-03
3.033639601864e-03,6.041740967427e+05,6.041740936189e+05,3.123763599433e-03
3.033143666013e-03,6.042716835119e+05,6.042716803959e+05,3.115981584415e-03
3.032647892285e-03,6.043692698941e+05,6.043692667859e+05,3.108193632215e-03
3.032152280601e-03,6.044668558893e+05,6.044668527889e+05,3.100402187556e-03
3.031656830882e-03,6.045644414974e+05,6.045644384048e+05,3.092601778917e-03
3.031161543049e-03,6.046620267186e+05,6.046620236338e+05,3.084797994234e-03
3.030666417021e-03,6.047596115528e+05,6.047596084758e+05,3.076988970861e-03
3.030171452719e-03,6.048571959999e+05,6.048571929307e+05,3.069175407290e-03
3.029676650065e-03,6.049547800601e+05,6.049547769987e+05,3.061355790123e-03
3.029182008980e-03,6.050523637332e+05,6.050523606797e+05,3.053530119359e-03
3.028687529383e-03,6.051499470194e+05,6.051499439737e+05,3.045700606890e-03
3.028193211196e-03,6.052475299185e+05,6.052475268807e+05,3.037864225917e-03
3.027699054341e-03,6.053451124307e+05,6.053451094007e+05,3.030023071915e-03
3.027205058737e-03,6.054426945559e+05,6.054426915337e+05,3.022178309038e-03
3.026711224307e-03,6.055402762941e+05,6.055402732798e+05,3.014327958226e-03
3.026217550970e-03,6.056378576453e+05,6.056378546389e+05,3.006471553817e-03
3.025724038650e-03,6.057354386096e+05,6.057354356109e+05,2.998611424118e-03
3.025230687266e-03,6.058330191868e+05,6.058330161961e+05,2.990743028931e-03
3.024737496739e-03,6.059305993771e+05,6.059305963942e+05,2.982873935252e-03
3.024244466993e-03,6.060281791804e+05,6.060281762054e+05,2.974996808916e-03
3.023751597947e-03,6.061257585967e+05,6.061257556296e+05,2.967115375213e-03
3.023258889523e-03,6.062233376261e+05,6.062233346669e+05,2.959228819236e-03
3.022766341642e-03,6.063209162685e+05,6.063209133172e+05,2.951335976832e-03
3.022273954227e-03,6.064184945239e+05,6.064184915805e+05,2.943438594230e-03
3.021781727199e-03,6.065160723924e+05,6.065160694569e+05,2.935538184829e-03
3.021289660479e-03,6.066136498739e+05,6.066136469463e+05,2.927630906925e-03
3.020797753989e-03,6.067112269685e+05,6.067112240488e+05,2.919720020145e-03
3.020306007651e-03,6.068088036761e+05,6.068088007643e+05,2.911801799200e-03
3.019814421387e-03,6.069063799968e+05,6.069063770929e+05,2.903881599195e-03
3.019322995118e-03,6.070039559305e+05,6.070039530345e+05,2.895954414271e-03
3.018831728767e-03,6.071015314772e+05,6.071015285892e+05,2.888023504056e-03
3.018340622255e-03,6.071991066370e+05,6.071991037569e+05,2.880086540245e-03
3.017849675504e-03,6.072966814099e+05,6.072966785378e+05,2.872144919820e-03
3.017358888437e-03,6.073942557958e+05,6.073942529316e+05,2.864197944291e-03
3.016868260976e-03,6.074918297948e+05,6.074918269386e+05,2.856247243471e-03
3.016377793042e-03,6.075894034069e+05,6.075894005586e+05,2.848289790563e-03
3.015887484558e-03,6.076869766320e+05,6.076869737917e+05,2.840329543687e-03
3.015397335446e-03,6.077845494702e+05,6.077845466379e+05,2.832363592461e-03
3.014907345629e-03,6.078821219215e+05,6.078821190971e+05,2.824393799528e-03
3.014417515028e-03,6.079796939858e+05,6.079796911694e+05,2.816416439600e-03
3.013927843567e-03,6.080772656633e+05,6.080772628548e+05,2.808436867781e-03
3.013438331168e-03,6.081748369538e+05,6.081748341533e+05,2.800452406518e-03
3.012948977753e-03,6.082724078574e+05,6.082724050649e+05,2.792463172227e-03
3.012459783244e-03,6.083699783741e+05,6.083699755896e+05,2.784467535093e-03
3.011970747565e-03,6.084675485038e+05,6.084675457273e+05,2.776469918899e-03
3.011481870638e-03,6.085651182467e+05,6.085651154782e+05,2.768462989479e-03
3.010993152386e-03,6.086626876026e+05,6.086626848422e+05,2.760455361567e-03
3.010504592731e-03,6.087602565717e+05,6.087602538192e+05,2.752440748736e-03
3.010016191596e-03,6.088578251538e+05,6.088578224094e+05,2.744424040429e-03
3.009527948905e-03,6.089553933490e+05,6.089553906126e+05,2.736400114372e-03
3.009039864580e-03,6.090529611574e+05,6.090529584290e+05,2.728372230195e-03
3.008551938544e-03,6.091505285788e+05,6.091505258585e+05,2.720339922234e-03
3.008064170720e-03,6.092480956134e+05,6.092480929011e+05,2.712302259170e-03
3.007576561031e-03,6.093456622611e+05,6.093456595568e+05,2.704262267798e-03
3.007089109400e-03,6.094432285218e+05,6.094432258256e+05,2.696214360185e-03
3.006601815751e-03,6.095407943957e+05,6.095407917076e+05,2.688164822757e-03
3.006114680006e-03,6.096383598827e+05,6.096383572026e+05,2.680109231733e-03
3.005627702090e-03,6.097359249829e+05,6.097359223108e+05,2.672050497495e-03
3.005140881924e-03,6.098334896961e+05,6.098334870322e+05,2.663985826075e-03
3.004654219433e-03,6.099310540225e+05,6.099310513666e+05,2.655917196535e-03
3.004167714540e-03,6.100286179620e+05,6.100286153142e+05,2.647843561135e-03
3.003681367169e-03,6.101261815147e+05,6.101261788749e+05,2.639764687046e-03
3.003195177242e-03,6.102237446804e+05,6.102237420488e+05,2.631683251821e-03
3.002709144684e-03,6.103213074593e+05,6.103213048357e+05,2.623596577905e-03
3.002223269417e-03,6.104188698514e+05,6.104188672359e+05,2.615505014546e-03
3.001737551367e-03,6.105164318566e+05,6.105164292492e+05,2.607407630421e-03
3.001251990456e-03,6.106139934749e+05,6.106139908756e+05,2.599307452329e-03
3.000766586608e-03,6.107115547064e+05,6.107115521152e+05,2.591201686300e-03
3.000281339748e-03,6.108091155510e+05,6.108091129679e+05,2.583093591966e-03
2.999796249798e-03,6.109066760087e+05,6.109066734338e+05,2.574980026111e-03
2.999311316683e-03,6.110042360797e+05,6.110042335128e+05,2.566861221567e-03
2.998826540326e-03,6.111017957637e+05,6.111017932050e+05,2.558739157394e-03
2.998341920653e-03,6.111993550610e+05,6.111993525103e+05,2.550613251515e-03
2.997857457586e-03,6.112969139714e+05,6.112969114289e+05,2.542481641285e-03
2.997373151050e-03,6.113944724949e+05,6.113944699606e+05,2.534345374443e-03
2.996889000969e-03,6.114920306316e+05,6.114920281054e+05,2.526205847971e-03
2.996405007267e-03,6.115895883815e+05,6.115895858634e+05,2.518061781302e-03
2.995921169869e-03,6.116871457446e+05,6.116871432346e+05,2.509913290851e-03
2.995437488699e-03,6.117847027208e+05,6.117847002190e+05,2.501760376617e-03
2.994953963680e-03,6.118822593102e+05,6.118822568166e+05,2.493604319170e-03
2.994470594739e-03,6.119798155128e+05,6.119798130273e+05,2.485443023033e-03
2.993987381798e-03,6.120773713285e+05,6.120773688512e+05,2.477276604623e-03
2.993504324782e-03,6.121749267575e+05,6.121749242883e+05,2.469108672813e-03
2.993021423617e-03,6.122724817996e+05,6.122724793386e+05,2.460933756083e-03
2.992538678226e-03,6.123700364549e+05,6.123700340021e+05,2.452756511047e-03
2.992056088534e-03,6.124675907234e+05,6.124675882788e+05,2.444574842229e-03
2.991573654466e-03,6.125651446051e+05,6.125651421687e+05,2.436387352645e-03
2.991091375947e-03,6.126626981000e+05,6.126626956718e+05,2.428196487017e-03
2.990609252901e-03,6.127602512080e+05,6.127602487880e+05,2.420001779683e-03
2.990127285254e-03,6.128578039293e+05,6.128578015175e+05,2.411803929135e-03
2.989645472929e-03,6.129553562638e+05,6.129553538602e+05,2.403600490652e-03
2.989163815853e-03,6.130529082115e+05,6.130529058161e+05,2.395394607447e-03
2.988682313950e-03,6.131504597724e+05,6.131504573852e+05,2.387183136307e-03
2.988200967144e-03,6.132480109465e+05,6.132480085675e+05,2.378968172707e-03
2.987719775362e-03,6.133455617338e+05,6.133455593630e+05,2.370749250986e-03
2.987238738528e-03,6.134431121343e+05,6.134431097718e+05,2.362526254728e-03
2.986757856568e-03,6.135406621481e+05,6.135406597938e+05,2.354298718274e-03
2.986277129406e-03,6.136382117750e+05,6.136382094289e+05,2.346066059545e-03
2.985796556968e-03,6.137357610152e+05,6.137357586774e+05,2.337833750062e-03
2.985316139179e-03,6.138333098686e+05,6.138333075390e+05,2.329593058676e-03
2.984835875965e-03,6.139308583352e+05,6.139308560139e+05,2.321350621060e-03
2.984355767251e-03,6.140284064151e+05,6.140284041020e+05,2.313103759661e-03
2.983875812962e-03,6.141259541082e+05,6.141259518033e+05,2.304853522219e-03
2.983396013025e-03,6.142235014145e+05,6.142234991179e+05,2.296597929671e-03
2.982916367363e-03,6.143210483341e+05,6.143210460457e+05,2.288337564096e-03
2.982436875904e-03,6.144185948669e+05,6.144185925868e+05,2.280077780597e-03
2.981957538573e-03,6.145161410129e+05,6.145161387411e+05,2.271810779348e-03
2.981478355295e-03,6.146136867722e+05,6.146136845087e+05,2.263539121486e-03
2.980999325996e-03,6.147112321447e+05,6.147112298895e+05,2.255263854750e-03
2.980520450602e-03,6.148087771305e+05,6.148087748835e+05,2.246987656690e-03
2.980041729040e-03,6.149063217296e+05,6.149063194909e+05,2.238704590127e-03
2.979563161233e-03,6.150038659418e+05,6.150038637114e+05,2.230419660918e-03
2.979084747110e-03,6.151014097674e+05,6.151014075453e+05,2.222130657174e-03
2.978606486595e-03,6.151989532062e+05,6.151989509923e+05,2.213836880401e-03
2.978128379615e-03,6.152964962582e+05,6.152964940527e+05,2.205540658906e-03
2.977650426095e-03,6.153940389236e+05,6.153940367263e+05,2.197238500230e-03
2.977172625963e-03,6.154915812022e+05,6.154915790132e+05,2.188933664002e-03
2.976694979143e-03,6.155891230940e+05,6.155891209134e+05,2.180627081543e-03
2.976217485563e-03,6.156866645991e+05,6.156866624268e+05,2.172313979827e-03
2.975740145148e-03,6.157842057175e+05,6.157842035535e+05,2.163999713957e-03
2.975262957826e-03,6.158817464492e+05,6.158817442935e+05,2.155680558644e-03
2.974785923521e-03,6.159792867942e+05,6.159792846468e+05,2.147356164642e-03
2.974309042161e-03,6.160768267524e+05,6.160768246134e+05,2.139030373655e-03
2.973832313672e-03,6.161743663239e+05,6.161743641932e+05,2.130700158887e-03
2.973355737981e-03,6.162719055087e+05,6.162719033864e+05,2.122367382981e-03
2.972879315014e-03,6.163694443068e+05,6.163694421928e+05,2.114029717632e-03
2.972403044697e-03,6.164669827182e+05,6.164669806125e+05,2.105687977746e-03
2.971926926958e-03,6.165645207429e+05,6.165645186456e+05,2.097343094647e-03
2.971450961723e-03,6.166620583809e+05,6.166620562919e+05,2.088995068334e-03
2.970975148919e-03,6.167595956321e+05,6.167595935515e+05,2.080645877868e-03
2.970499488473e-03,6.168571324967e+05,6.168571304244e+05,2.072289469652e-03
2.970023980311e-03,6.169546689746e+05,6.169546669107e+05,2.063931198791e-03
2.969548624360e-03,6.170522050658e+05,6.170522030102e+05,2.055569319054e-03
2.969073420547e-03,6.171497407703e+05,6.171497387231e+05,2.047204063274e-03
2.968598368800e-03,6.172472760881e+05,6.172472740492e+05,2.038833801635e-03
2.968123469045e-03,6.173448110192e+05,6.173448089887e+05,2.030460629612e-03
2.967648721209e-03,6.174423455636e+05,6.174423435415e+05,2.022084896453e-03
2.967174125220e-03,6.175398797213e+05,6.175398777076e+05,2.013705088757e-03
2.966699681004e-03,6.176374134924e+05,6.176374114871e+05,2.005324466154e-03
2.966225388489e-03,6.177349468768e+05,6.177349448798e+05,1.996937207878e-03
2.965751247602e-03,6.178324798745e+05,6.178324778859e+05,1.988547854125e-03
2.965277258271e-03,6.179300124855e+05,6.179300105054e+05,1.980155124329e-03
2.964803420422e-03,6.180275447099e+05,6.180275427381e+05,1.971759367734e-03
2.964329733983e-03,6.181250765476e+05,6.181250745842e+05,1.963357790373e-03
2.963856198882e-03,6.182226079986e+05,6.182226060437e+05,1.954955747351e-03
2.963382815046e-03,6.183201390630e+05,6.183201371165e+05,1.946550328285e-03
2.962909582402e-03,6.184176697407e+05,6.184176678026e+05,1.938141649589e-03
2.962436500878e-03,6.185152000318e+05,6.185151981021e+05,1.929727033712e-03
2.961963570402e-03,6.186127299362e+05,6.186127280149e+05,1.921312999912e-03
2.961490790902e-03,6.187102594539e+05,6.187102575410e+05,1.912894193083e-03
2.961018162305e-03,6.188077885850e+05,6.188077866806e+05,1.904469914734e-03
2.960545684538e-03,6.189053173295e+05,6.189053154334e+05,1.896045054309e-03
2.960073357530e-03,6.190028456873e+05,6.190028437997e+05,1.887614722364e-03
2.959601181209e-03,6.191003736585e+05,6.191003717793e+05,1.879182993434e-03
2.959129155502e-03,6.191979012430e+05,6.191978993722e+05,1.870747888461e-03
2.958657280338e-03,6.192954284409e+05,6.192954265786e+05,1.862308941782e-03
2.958185555644e-03,6.193929552521e+05,6.193929533982e+05,1.853868016042e-03
2.957713981349e-03,6.194904816767e+05,6.194904798313e+05,1.845424063504e-03
2.957242557380e-03,6.195880077147e+05,6.195880058777e+05,1.836975687183e-03
2.956771283665e-03,6.196855333661e+05,6.196855315376e+05,1.828525681049e-03
2.956300160134e-03,6.197830586308e+05,6.197830568107e+05,1.820070901886e-03
2.955829186713e-03,6.198805835089e+05,6.198805816973e+05,1.811615074985e-03
2.955358363332e-03,6.199781080004e+05,6.199781061973e+05,1.803153776564e-03
2.954887689919e-03,6.200756321053e+05,6.200756303106e+05,1.794691081159e-03
2.954417166401e-03,6.201731558235e+05,6.201731540373e+05,1.786223845556e-03
2.953946792708e-03,6.202706791552e+05,6.202706773774e+05,1.777755911462e-03
2.953476568768e-03,6.203682021002e+05,6.203682003309e+05,1.769284717739e-03
2.953006494509e-03,6.204657246586e+05,6.204657228978e+05,1.760808168910e-03
2.952536569860e-03,6.205632468305e+05,6.205632450781e+05,1.752329990268e-03
2.952066794749e-03,6.206607686157e+05,6.206607668718e+05,1.743848784827e-03
2.951597169106e-03,6.207582900143e+05,6.207582882789e+05,1.735365949571e-03
2.951127692858e-03,6.208558110263e+05,6.208558092994e+05,1.726879272610e-03
2.950658365935e-03,6.209533316517e+05,6.209533299333e+05,1.718389219604e-03
2.950189188265e-03,6.210508518905e+05,6.210508501807e+05,1.709897886030e-03
2.949720159777e-03,6.211483717428e+05,6.211483700414e+05,1.701400964521e-03
2.949251280401e-03,6.212458912084e+05,6.212458895155e+05,1.692902413197e-03
2.948782550064e-03,6.213434102875e+05,6.213434086031e+05,1.684400835074e-03
2.948313968695e-03,6.214409289800e+05,6.214409273041e+05,1.675898791291e-03
2.947845536225e-03,6.215384472859e+05,6.215384456185e+05,1.667391508818e-03
2.947377252581e-03,6.216359652052e+05,6.216359635463e+05,1.658880966716e-03
2.946909117694e-03,6.217334827379e+05,6.217334810876e+05,1.650367863476e-03
2.946441131491e-03,6.218309998841e+05,6.218309982423e+05,1.641854643822e-03
2.945973293903e-03,6.219285166437e+05,6.219285150104e+05,1.633336418308e-03
2.945505604858e-03,6.220260330167e+05,6.220260313919e+05,1.624813652597e-03
2.945038064286e-03,6.221235490032e+05,6.221235473869e+05,1.616290654056e-03
2.944570672116e-03,6.222210646031e+05,6.222210629953e+05,1.607765676454e-03
2.944103428277e-03,6.223185798164e+05,6.223185782172e+05,1.599237788469e-03
2.943636332699e-03,6.224160946432e+05,6.224160930525e+05,1.590704196133e-03
2.943169385311e-03,6.225136090834e+05,6.225136075013e+05,1.582171069458e-03
2.942702586043e-03,6.226111231371e+05,6.226111215635e+05,1.573634101078e-03
2.942235934824e-03,6.227086368042e+05,6.227086352391e+05,1.565095852129e-03
2.941769431584e-03,6.228061500848e+05,6.228061485282e+05,1.556552946568e-03
2.941303076252e-03,6.229036629788e+05,6.229036614308e+05,1.548008527607e-03
2.940836868759e-03,6.230011754863e+05,6.230011739468e+05,1.539462944493e-03
2.940370809033e-03,6.230986876072e+05,6.230986860763e+05,1.530912122689e-03
2.939904897005e-03,6.231961993416e+05,6.231961978193e+05,1.522359787486e-03
2.939439132605e-03,6.232937106895e+05,6.232937091757e+05,1.513804076239e-03
2.938973515761e-03,6.233912216508e+05,6.233912201456e+05,1.505248364992e-03
2.938508046405e-03,6.234887322256e+05,6.234887307289e+05,1.496686949395e-03
2.938042724466e-03,6.235862424139e+05,6.235862409258e+05,1.488125300966e-03
2.937577549873e-03,6.236837522156e+05,6.236837507361e+05,1.479560858570e-03
2.937112522558e-03,6.237812616309e+05,6.237812601599e+05,1.470994087867e-03
2.936647642450e-03,6.238787706596e+05,6.238787691971e+05,1.462422311306e-03
2.936182909479e-03,6.239762793017e+05,6.239762778479e+05,1.453851815313e-03
2.935718323576e-03,6.240737875574e+05,6.240737861121e+05,1.445277011953e-03
2.935253884670e-03,6.241712954265e+05,6.241712939898e+05,1.436700928025e-03
2.934789592692e-03,6.242688029092e+05,6.242688014811e+05,1.428120420314e-03
2.934325447572e-03,6.243663100053e+05,6.243663085858e+05,1.419538864866e-03
2.933861449241e-03,6.244638167149e+05,6.244638153040e+05,1.410955679603e-03
2.933397597628e-03,6.245613230380e+05,6.245613216357e+05,1.402367488481e-03
2.932933892665e-03,6.246588289746e+05,6.246588275809e+05,1.393778482452e-03
2.932470334282e-03,6.247563345248e+05,6.247563331396e+05,1.385188428685e-03
2.932006922408e-03,6.248538396884e+05,6.248538383118e+05,1.376593136229e-03
2.931543656976e-03,6.249513444655e+05,6.249513430975e+05,1.367999007925e-03
2.931080537915e-03,6.250488488561e+05,6.250488474967e+05,1.359400805086e-03
2.930617565156e-03,6.251463528603e+05,6.251463515095e+05,1.350799691863e-03
2.930154738629e-03,6.252438564779e+05,6.252438551357e+05,1.342199044302e-03
2.929692058266e-03,6.253413597091e+05,6.253413583755e+05,1.333592459559e-03
2.929229523997e-03,6.254388625538e+05,6.254388612288e+05,1.324986573309e-03
2.928767135754e-03,6.255363650120e+05,6.255363636956e+05,1.316378707998e-03
2.928304893466e-03,6.256338670837e+05,6.256338657759e+05,1.307767000981e-03
2.927842797065e-03,6.257313687690e+05,6.257313674698e+05,1.299153664149e-03
2.927380846482e-03,6.258288700677e+05,6.258288687772e+05,1.290537300520e-03
2.926919041647e-03,6.259263709801e+05,6.259263696981e+05,1.281921286136e-03
2.926457382492e-03,6.260238715059e+05,6.260238702326e+05,1.273299218155e-03
2.925995868948e-03,6.261213716453e+05,6.261213703806e+05,1.264679827727e-03
2.925534500946e-03,6.262188713982e+05,6.262188701421e+05,1.256054267287e-03
2.925073278417e-03,6.263163707647e+05,6.263163695172e+05,1.247428590432e-03
2.924612201293e-03,6.264138697447e+05,6.264138685059e+05,1.238801050931e-03
2.924151269504e-03,6.265113683382e+05,6.265113671080e+05,1.230171532370e-03
2.923690482981e-03,6.266088665453e+05,6.266088653238e+05,1.221539569087e-03
2.923229841657e-03,6.267063643659e+05,6.267063631530e+05,1.212905859575e-03
2.922769345463e-03,6.268038618001e+05,6.268038605959e+05,1.204269239679e-03
2.922308994330e-03,6.269013588479e+05,6.269013576523e+05,1.195630873553e-03
2.921848788189e-03,6.269988555092e+05,6.269988543222e+05,1.186990994029e-03
2.921388726972e-03,6.270963517841e+05,6.270963506057e+05,1.178348436952e-03
2.920928810611e-03,6.271938476725e+05,6.271938465028e+05,1.169704599306e-03
2.920469039037e-03,6.272913431745e+05,6.272913420134e+05,1.161059248261e-03
2.920009412181e-03,6.273888382900e+05,6.273888371376e+05,1.152411103249e-03
2.919549929976e-03,6.274863330192e+05,6.274863318754e+05,1.143761794083e-03
2.919090592354e-03,6.275838273619e+05,6.275838262268e+05,1.135110505857e-03
2.918631399245e-03,6.276813213182e+05,6.276813201917e+05,1.126457937062e-03
2.918172350582e-03,6.277788148880e+05,6.277788137702e+05,1.117800828069e-03
2.917713446297e-03,6.278763080715e+05,6.278763069623e+05,1.109144766815e-03
2.917254686321e-03,6.279738008685e+05,6.279737997680e+05,1.100485795178e-03
2.916796070586e-03,6.280712932791e+05,6.280712921873e+05,1.091826125048e-03
2.916337599025e-03,6.281687853033e+05,6.281687842201e+05,1.083163195290e-03
2.915879271570e-03,6.282662769410e+05,6.282662758665e+05,1.074498519301e-03
2.915421088152e-03,6.283637681924e+05,6.283637671266e+05,1.065834891051e-03
2.914963048704e-03,6.284612590574e+05,6.284612580002e+05,1.057165791281e-03
2.914505153157e-03,6.285587495359e+05,6.285587484874e+05,1.048497157171e-03
2.914047401445e-03,6.286562396281e+05,6.286562385883e+05,1.039825379848e-03
2.913589793499e-03,6.287537293339e+05,6.287537283027e+05,1.031152089126e-03
2.913132329251e-03,6.288512186532e+05,6.288512176308e+05,1.022479380481e-03
2.912675008634e-03,6.289487075862e+05,6.289487065724e+05,1.013802131638e-03
2.912217831581e-03,6.290461961328e+05,6.290461951277e+05,1.005125348456e-03
2.911760798023e-03,6.291436842930e+05,6.291436832966e+05,9.964462369680e-04
2.911303907893e-03,6.292411720668e+05,6.292411710790e+05,9.877653792500e-04
2.910847161123e-03,6.293386594542e+05,6.293386584752e+05,9.790832409635e-04
2.910390557647e-03,6.294361464553e+05,6.294361454849e+05,9.704004041851e-04
2.909934097396e-03,6.295336330700e+05,6.295336321082e+05,9.617147734389e-04
2.909477780304e-03,6.296311192982e+05,6.296311183452e+05,9.530275128782e-04
2.909021606303e-03,6.297286051402e+05,6.297286041958e+05,9.443396702409e-04
2.908565575325e-03,6.298260905957e+05,6.298260896601e+05,9.356494992971e-04
2.908109687304e-03,6.299235756649e+05,6.299235747379e+05,9.269573492929e-04
2.907653942172e-03,6.300210603477e+05,6.300210594294e+05,9.182633366436e-04
2.907198339862e-03,6.301185446442e+05,6.301185437346e+05,9.095690911636e-04
2.906742880307e-03,6.302160285542e+05,6.302160276534e+05,9.008740307763e-04
2.906287563440e-03,6.303135120780e+05,6.303135111858e+05,8.921764092520e-04
2.905832389193e-03,6.304109952154e+05,6.304109943319e+05,8.834773907438e-04
2.905377357501e-03,6.305084779664e+05,6.305084770916e+05,8.747772080824e-04
2.904922468295e-03,6.306059603310e+05,6.306059594650e+05,8.660746971145e-04
2.904467721509e-03,6.307034423094e+05,6.307034414520e+05,8.573726518080e-04
2.904013117076e-03,6.308009239013e+05,6.308009230527e+05,8.486674632877e-04
2.903558654930e-03,6.308984051070e+05,6.308984042670e+05,8.399633225054e-04
2.903104335002e-03,6.309958859263e+05,6.309958850950e+05,8.312572026625e-04
2.902650157228e-03,6.310933663592e+05,6.310933655367e+05,8.225467754528e-04
2.902196121539e-03,6.311908464058e+05,6.311908455920e+05,8.138382108882e-04
2.901742227870e-03,6.312883260661e+05,6.312883252610e+05,8.051283657551e-04
2.901288476153e-03,6.313858053401e+05,6.313858045437e+05,7.964150281623e-04
2.900834866323e-03,6.314832842277e+05,6.314832834400e+05,7.877018069848e-04
2.900381398312e-03,6.315807627290e+05,6.315807619500e+05,7.789884693921e-04
2.899928072054e-03,6.316782408440e+05,6.316782400737e+05,7.702731527388e-04
2.899474887482e-03,6.317757185726e+05,6.317757178110e+05,7.615557406098e-04
2.899021844531e-03,6.318731959149e+05,6.318731951621e+05,7.528377464041e-04
2.898568943134e-03,6.319706728709e+05,6.319706721268e+05,7.441198686138e-04
2.898116183224e-03,6.320681494406e+05,6.320681487052e+05,7.353974506259e-04
2.897663564735e-03,6.321656256240e+05,6.321656248974e+05,7.266764296219e-04
2.897211087602e-03,6.322631014211e+05,6.322631007032e+05,7.179540116340e-04
2.896758751756e-03,6.323605768319e+05,6.323605761227e+05,7.092294981703e-04
2.896306557134e-03,6.324580518564e+05,6.324580511558e+05,7.005049847066e-04
2.895854503668e-03,6.325555264945e+05,6.325555258027e+05,6.917786085978e-04
2.895402591292e-03,6.326530007464e+05,6.326530000633e+05,6.830514175817e-04
2.894950819941e-03,6.327504746120e+05,6.327504739376e+05,6.743238773197e-04
2.894499189548e-03,6.328479480912e+05,6.328479474256e+05,6.655954057351e-04
2.894047700047e-03,6.329454211842e+05,6.329454205274e+05,6.568642565981e-04
2.893596351372e-03,6.330428938909e+05,6.330428932428e+05,6.481354357675e-04
2.893145143459e-03,6.331403662113e+05,6.331403655719e+05,6.394021911547e-04
2.892694076239e-03,6.332378381454e+05,6.332378375148e+05,6.306705763564e-04
2.892243149649e-03,6.333353096933e+05,6.333353090714e+05,6.219357019290e-04
2.891792363622e-03,6.334327808549e+05,6.334327802417e+05,6.132000125945e-04
2.891341718093e-03,6.335302516301e+05,6.335302510257e+05,6.044659530744e-04
2.890891212995e-03,6.336277220191e+05,6.336277214234e+05,5.957273533568e-04
2.890440848263e-03,6.337251920219e+05,6.337251914349e+05,5.869910819456e-04
2.889990623832e-03,6.338226616384e+05,6.338226610601e+05,5.782539956272e-04
2.889540539636e-03,6.339201308686e+05,6.339201302990e+05,5.695129511878e-04
2.889090595609e-03,6.340175997125e+05,6.340175991517e+05,5.607719067484e-04
2.888640791686e-03,6.341150681702e+05,6.341150676181e+05,5.520328413695e-04
2.888191127802e-03,6.342125362416e+05,6.342125356983e+05,5.432899342850e-04
2.887741603891e-03,6.343100039267e+05,6.343100033922e+05,5.345486570150e-04
2.887292219888e-03,6.344074712257e+05,6.344074706998e+05,5.258038872853e-04
2.886842975727e-03,6.345049381383e+05,6.345049376212e+05,5.170616786927e-04
2.886393871344e-03,6.346024046647e+05,6.346024041564e+05,5.083164433017e-04
2.885944906673e-03,6.346998708049e+05,6.346998703053e+05,4.995714407414e-04
2.885496081649e-03,6.347973365588e+05,6.347973360679e+05,4.908250411972e-04
2.885047396206e-03,6.348948019264e+05,6.348948014444e+05,4.820792237297e-04
2.884598850280e-03,6.349922669079e+05,6.349922664345e+05,4.733308451250e-04
2.884150443805e-03,6.350897315031e+05,6.350897310385e+05,4.645829321817e-04
2.883702176717e-03,6.351871957120e+05,6.351871952562e+05,4.558336222544e-04
2.883254048951e-03,6.352846595347e+05,6.352846590876e+05,4.470840794966e-04
2.882806060441e-03,6.353821229712e+05,6.353821225329e+05,4.383348859847e-04
2.882358211123e-03,6.354795860215e+05,6.354795855919e+05,4.295826656744e-04
2.881910500932e-03,6.355770486855e+05,6.355770482647e+05,4.208338214085e-04
2.881462929803e-03,6.356745109633e+05,6.356745105513e+05,4.120804369450e-04
2.881015497671e-03,6.357719728549e+05,6.357719724516e+05,4.033297300339e-04
2.880568204471e-03,6.358694343603e+05,6.358694339657e+05,3.945764619857e-04
2.880121050140e-03,6.359668954795e+05,6.359668950937e+05,3.858228446916e-04
2.879674034611e-03,6.360643562124e+05,6.360643558354e+05,3.770692273974e-04
2.879227157821e-03,6.361618165592e+05,6.361618161909e+05,3.683147951961e-04
2.878780419705e-03,6.362592765197e+05,6.362592761602e+05,3.595602465793e-04
2.878333820199e-03,6.363567360940e+05,6.363567357432e+05,3.508033696562e-04
2.877887359237e-03,6.364541952822e+05,6.364541949401e+05,3.420484717935e-04
2.877441036756e-03,6.365516540841e+05,6.365516537508e+05,3.332921769470e-04
2.876994852690e-03,6.366491124998e+05,6.366491121753e+05,3.245366970077e-04
2.876548806977e-03,6.367465705294e+05,6.367465702136e+05,3.157793544233e-04
2.876102899550e-03,6.368440281727e+05,6.368440278657e+05,3.070234088227e-04
2.875657130347e-03,6.369414854298e+05,6.369414851316e+05,2.982651349157e-04
2.875211499303e-03,6.370389423008e+05,6.370389420113e+05,2.895074430853e-04
2.874766006353e-03,6.371363987856e+05,6.371363985048e+05,2.807484706864e-04
2.874320651433e-03,6.372338548842e+05,6.372338546122e+05,2.719898475334e-04
2.873875434480e-03,6.373313105966e+05,6.373313103333e+05,2.632306423038e-04
2.873430355428e-03,6.374287659228e+05,6.374287656683e+05,2.544732997194e-04
2.872985414215e-03,6.375262208629e+05,6.375262206172e+05,2.457135124132e-04
2.872540610776e-03,6.376236754168e+05,6.376236751798e+05,2.369522117078e-04
2.872095945046e-03,6.377211295845e+05,6.377211293563e+05,2.281933557242e-04
2.871651416963e-03,6.378185833660e+05,6.378185831466e+05,2.194339176640e-04
2.871207026462e-03,6.379160367614e+05,6.379160365507e+05,2.106733154505e-04
2.870762773480e-03,6.380134897706e+05,6.380134895687e+05,2.019132953137e-04
2.870318657952e-03,6.381109423937e+05,6.381109422005e+05,1.931521110237e-04
2.869874679814e-03,6.382083946306e+05,6.382083944462e+05,1.843925565481e-04
2.869430839004e-03,6.383058464813e+05,6.383058463057e+05,1.756296260282e-04
2.868987135457e-03,6.384032979459e+05,6.384032977790e+05,1.668703043833e-04
2.868543569109e-03,6.385007490243e+05,6.385007488662e+05,1.581083051860e-04
2.868100139898e-03,6.385981997166e+05,6.385981995673e+05,1.493480522186e-04
2.867656847759e-03,6.386956500228e+05,6.386956498822e+05,1.405860530213e-04
2.867213692629e-03,6.387930999428e+05,6.387930998109e+05,1.318241702393e-04
2.866770674444e-03,6.388905494766e+05,6.388905493535e+05,1.230633351952e-04
2.866327793141e-03,6.389879986243e+05,6.389879985100e+05,1.143026165664e-04
2.865885048656e-03,6.390854473859e+05,6.390854472804e+05,1.055396860465e-04
2.865442440927e-03,6.391828957614e+05,6.391828956646e+05,9.677943307906e-05
2.864999969889e-03,6.392803437507e+05,6.392803436627e+05,8.801778312773e-05
2.864557635479e-03,6.393777913539e+05,6.393777912746e+05,7.925718091428e-05
2.864115437635e-03,6.394752385709e+05,6.394752385004e+05,7.049576379359e-05
2.863673376293e-03,6.395726854019e+05,6.395726853401e+05,6.173586007208e-05
2.863231451389e-03,6.396701318467e+05,6.396701317937e+05,5.297444295138e-05
2.862789662861e-03,6.397675779054e+05,6.397675778612e+05,4.421337507665e-05
2.862348010645e-03,6.398650235780e+05,6.398650235425e+05,3.545160870999e-05
2.861906494678e-03,6.399624688644e+05,6.399624688378e+05,2.669182140380e-05
2.861465114898e-03,6.400599137648e+05,6.400599137469e+05,1.793145202100e-05
2.861023871241e-03,6.401573582791e+05,6.401573582699e+05,9.172246791422e-06
2.860582763645e-03,6.402548024072e+05,6.402548024068e+05,4.098983481526e-07
2.860141792046e-03,6.403522461492e+05,6.403522461576e+05,-8.348724804819e-06
2.859700956381e-03,6.404496895052e+05,6.404496895223e+05,-1.710827928036e-05
2.859260256588e-03,6.405471324750e+05,6.405471325009e+05,-2.586876507849e-05
2.858819692604e-03,6.406445750588e+05,6.406445750934e+05,-3.462587483227e-05
2.858379264366e-03,6.407420172564e+05,6.407420172998e+05,-4.338473081589e-05
2.857938971811e-03,6.408394590680e+05,6.408394591201e+05,-5.214498378336e-05
2.857498814878e-03,6.409369004934e+05,6.409369005543e+05,-6.090314127505e-05
2.857058793502e-03,6.410343415328e+05,6.410343416025e+05,-6.966199725866e-05
2.856618907621e-03,6.411317821861e+05,6.411317822645e+05,-7.841829210520e-05
2.856179157174e-03,6.412292224533e+05,6.412292225405e+05,-8.717528544366e-05
2.855739542096e-03,6.413266623345e+05,6.413266624304e+05,-9.593332652003e-05
2.855300062327e-03,6.414241018295e+05,6.414241019342e+05,-1.046898541972e-04
2.854860717803e-03,6.415215409385e+05,6.415215410519e+05,-1.134454505518e-04
2.854421508462e-03,6.416189796614e+05,6.416189797836e+05,-1.222015125677e-04
2.853982434241e-03,6.417164179982e+05,6.417164181292e+05,-1.309550134465e-04
2.853543495078e-03,6.418138559490e+05,6.418138560887e+05,-1.397106098011e-04
2.853104690912e-03,6.419112935137e+05,6.419112936622e+05,-1.484651584178e-04
2.852666021679e-03,6.420087306924e+05,6.420087308496e+05,-1.572190085426e-04
2.852227487317e-03,6.421061674850e+05,6.421061676509e+05,-1.659719273448e-04
2.851789087765e-03,6.422036038915e+05,6.422036040662e+05,-1.747251953930e-04
2.851350822960e-03,6.423010399120e+05,6.423010400955e+05,-1.834778813645e-04
2.850912692840e-03,6.423984755464e+05,6.423984757386e+05,-1.922295195982e-04
2.850474697342e-03,6.424959107948e+05,6.424959109958e+05,-2.009811578318e-04
2.850036836406e-03,6.425933456571e+05,6.425933458669e+05,-2.097318647429e-04
2.849599109968e-03,6.426907801334e+05,6.426907803519e+05,-2.184810582548e-04
2.849161517967e-03,6.427882142237e+05,6.427882144509e+05,-2.272308338434e-04
2.848724060341e-03,6.428856479279e+05,6.428856481638e+05,-2.359787467867e-04
2.848286737028e-03,6.429830812460e+05,6.429830814907e+05,-2.447279402986e-04
2.847849547966e-03,6.430805141782e+05,6.430805144316e+05,-2.534764353186e-04
2.847412493094e-03,6.431779467243e+05,6.431779469865e+05,-2.622224856168e-04
2.846975572349e-03,6.432753788843e+05,6.432753791553e+05,-2.709685359150e-04
2.846538785670e-03,6.433728106584e+05,6.433728109381e+05,-2.797136548907e-04
2.846102132996e-03,6.434702420464e+05,6.434702423348e+05,-2.884584246203e-04
2.845665614264e-03,6.435676730484e+05,6.435676733456e+05,-2.972033107653e-04
2.845229229413e-03,6.436651036643e+05,6.436651039703e+05,-3.059450536966e-04
2.844792978381e-03,6.437625338943e+05,6.437625342090e+05,-3.146895905957e-04
2.844356861107e-03,6.438599637382e+05,6.438599640617e+05,-3.234309842810e-04
2.843920877529e-03,6.439573931962e+05,6.439573935284e+05,-3.321717958897e-04
2.843485027586e-03,6.440548222681e+05,6.440548226090e+05,-3.409098135307e-04
2.843049311217e-03,6.441522509540e+05,6.441522513037e+05,-3.496502758935e-04
2.842613728359e-03,6.442496792539e+05,6.442496796123e+05,-3.583882935345e-04
2.842178278952e-03,6.443471071678e+05,6.443471075349e+05,-3.671250306070e-04
2.841742962935e-03,6.444445346957e+05,6.444445350716e+05,-3.758621169254e-04
2.841307780245e-03,6.445419618376e+05,6.445419622222e+05,-3.845982719213e-04
2.840872730822e-03,6.446393885935e+05,6.446393889869e+05,-3.933323314413e-04
2.840437814605e-03,6.447368149635e+05,6.447368153655e+05,-4.020661581308e-04
2.840003031532e-03,6.448342409474e+05,6.448342413582e+05,-4.107987042516e-04
2.839568381543e-03,6.449316665453e+05,6.449316669649e+05,-4.195302026346e-04
2.839133864575e-03,6.450290917573e+05,6.450290921856e+05,-4.282622830942e-04
2.838699480569e-03,6.451265165833e+05,6.451265170203e+05,-4.369897069409e-04
2.838265229463e-03,6.452239410233e+05,6.452239414690e+05,-4.457189934328e-04
2.837831111196e-03,6.453213650773e+05,6.453213655317e+05,-4.544486291707e-04
2.837397125707e-03,6.454187887453e+05,6.454187892085e+05,-4.631751216948e-04
2.836963272936e-03,6.455162120274e+05,6.455162124993e+05,-4.718999844044e-04
2.836529552821e-03,6.456136349235e+05,6.456136354041e+05,-4.806251963601e-04
2.836095965301e-03,6.457110574336e+05,6.457110579230e+05,-4.893485456705e-04
2.835662510316e-03,6.458084795578e+05,6.458084800558e+05,-4.980699159205e-04
2.835229187806e-03,6.459059012960e+05,6.459059018028e+05,-5.067921010777e-04
2.834795997708e-03,6.460033226482e+05,6.460033231637e+05,-5.155127728358e-04
2.834362939963e-03,6.461007436145e+05,6.461007441387e+05,-5.242299521342e-04
2.833930014510e-03,6.461981641948e+05,6.461981647278e+05,-5.329498089850e-04
2.833497221289e-03,6.462955843892e+05,6.462955849308e+05,-5.416660569608e-04
2.833064560238e-03,6.463930041976e+05,6.463930047480e+05,-5.503817228600e-04
2.832632031298e-03,6.464904236201e+05,6.464904241792e+05,-5.590948276222e-04
2.832199634407e-03,6.465878426566e+05,6.465878432244e+05,-5.678076995537e-04
2.831767369505e-03,6.466852613072e+05,6.466852618837e+05,-5.765196401626e-04
2.831335236533e-03,6.467826795718e+05,6.467826801571e+05,-5.852280883119e-04
2.830903235429e-03,6.468800974505e+05,6.468800980445e+05,-5.939380498603e-04
2.830471366133e-03,6.469775149433e+05,6.469775155459e+05,-6.026474293321e-04
2.830039628585e-03,6.470749320501e+05,6.470749326615e+05,-6.113535491750e-04
2.829608022724e-03,6.471723487710e+05,6.471723493911e+05,-6.200575735420e-04
2.829176548490e-03,6.472697651060e+05,6.472697657348e+05,-6.287626456469e-04
2.828745205824e-03,6.473671810551e+05,6.473671816925e+05,-6.374632939696e-04
2.828313994665e-03,6.474645966182e+05,6.474645972644e+05,-6.461656885222e-04
2.827882914952e-03,6.475620117954e+05,6.475620124503e+05,-6.548636592925e-04
2.827451966626e-03,6.476594265867e+05,6.476594272502e+05,-6.635613972321e-04
2.827021149627e-03,6.477568409921e+05,6.477568416643e+05,-6.722597172484e-04
2.826590463894e-03,6.478542550115e+05,6.478542556925e+05,-6.809530314058e-04
2.826159909368e-03,6.479516686451e+05,6.479516693347e+05,-6.896471604705e-04
2.825729485988e-03,6.480490818927e+05,6.480490825910e+05,-6.983414059505e-04
2.825299193696e-03,6.481464947544e+05,6.481464954615e+05,-7.070300634950e-04
2.824869032430e-03,6.482439072303e+05,6.482439079460e+05,-7.157202344388e-04
2.824439002131e-03,6.483413193202e+05,6.483413200446e+05,-7.244072621688e-04
2.824009102740e-03,6.484387310242e+05,6.484387317573e+05,-7.330918451771e-04
2.823579334196e-03,6.485361423423e+05,6.485361430841e+05,-7.417767774314e-04
2.823149696439e-03,6.486335532746e+05,6.486335540250e+05,-7.504607783630e-04
2.822720189411e-03,6.487309638209e+05,6.487309645801e+05,-7.591408211738e-04
2.822290813051e-03,6.488283739814e+05,6.488283747492e+05,-7.678217953071e-04
2.821861567300e-03,6.489257837559e+05,6.489257845324e+05,-7.764991605654e-04
2.821432452099e-03,6.490231931446e+05,6.490231939298e+05,-7.851760601625e-04
2.821003467386e-03,6.491206021474e+05,6.491206029413e+05,-7.938493508846e-04
2.820574613104e-03,6.492180107644e+05,6.492180115669e+05,-8.025233400986e-04
2.820145889193e-03,6.493154189954e+05,6.493154198066e+05,-8.111933711916e-04
2.819717295593e-03,6.494128268406e+05,6.494128276605e+05,-8.198628202081e-04
2.819288832244e-03,6.495102342999e+05,6.495102351284e+05,-8.285323856398e-04
2.818860499088e-03,6.496076413733e+05,6.496076422105e+05,-8.371991571039e-04
2.818432296066e-03,6.497050480609e+05,6.497050489068e+05,-8.458636002615e-04
2.818004223117e-03,6.498024543626e+05,6.498024552171e+05,-8.545245509595e-04
2.817576280182e-03,6.498998602784e+05,6.498998611416e+05,-8.631867822260e-04
2.817148467203e-03,6.499972658084e+05,6.499972666803e+05,-8.718444732949e-04
2.816720784120e-03,6.500946709526e+05,6.500946718331e+05,-8.805006509647e-04
2.816293230874e-03,6.501920757108e+05,6.501920766000e+05,-8.891557808965e-04
2.815865807406e-03,6.502894800832e+05,6.502894809811e+05,-8.978110272437e-04
2.815438513657e-03,6.503868840698e+05,6.503868849763e+05,-9.064604528248e-04
2.815011349568e-03,6.504842876705e+05,6.504842885857e+05,-9.151118574664e-04
2.814584315079e-03,6.505816908854e+05,6.505816918092e+05,-9.237593039870e-04
2.814157410132e-03,6.506790937145e+05,6.506790946469e+05,-9.324039565399e-04
2.813730634668e-03,6.507764961577e+05,6.507764970987e+05,-9.410477941856e-04
2.813303988628e-03,6.508738982150e+05,6.508738991647e+05,-9.496897691861e-04
2.812877471953e-03,6.509712998865e+05,6.509713008449e+05,-9.583292994648e-04
2.812451084584e-03,6.510687011722e+05,6.510687021392e+05,-9.669674327597e-04
2.812024826463e-03,6.511661020721e+05,6.511661030477e+05,-9.756049839780e-04
2.811598697530e-03,6.512635025861e+05,6.512635035704e+05,-9.842372965068e-04
2.811172697727e-03,6.513609027144e+05,6.513609037072e+05,-9.928689105436e-04
2.810746826996e-03,6.514583024568e+05,6.514583034582e+05,-1.001498196274e-03
2.810321085277e-03,6.515557018133e+05,6.515557028234e+05,-1.010126201436e-03
2.809895472512e-03,6.516531007841e+05,6.516531018028e+05,-1.018752693199e-03
2.809469988643e-03,6.517504993690e+05,6.517505003964e+05,-1.027374295518e-03
2.809044633611e-03,6.518478975681e+05,6.518478986041e+05,-1.035996596329e-03
2.808619407357e-03,6.519452953815e+05,6.519452964261e+05,-1.044614822604e-03
2.808194309823e-03,6.520426928090e+05,6.520426938622e+05,-1.053230604157e-03
2.807769340950e-03,6.521400898507e+05,6.521400909125e+05,-1.061847317033e-03
2.807344500681e-03,6.522374865066e+05,6.522374875770e+05,-1.070458325557e-03
2.806919788956e-03,6.523348827767e+05,6.523348838558e+05,-1.079067937098e-03
2.806495205718e-03,6.524322786610e+05,6.524322797487e+05,-1.087677432224e-03
2.806070750907e-03,6.525296741595e+05,6.525296752558e+05,-1.096282969229e-03
2.805646424467e-03,6.526270692722e+05,6.526270703771e+05,-1.104886061512e-03
2.805222226338e-03,6.527244639992e+05,6.527244651126e+05,-1.113488455303e-03
2.804798156463e-03,6.528218583403e+05,6.528218594624e+05,-1.122086192481e-03
2.804374214782e-03,6.529192522956e+05,6.529192534263e+05,-1.130682649091e-03
2.803950401239e-03,6.530166458652e+05,6.530166470045e+05,-1.139278290793e-03
2.803526715775e-03,6.531140390490e+05,6.531140401969e+05,-1.147869043052e-03
2.803103158332e-03,6.532114318470e+05,6.532114330035e+05,-1.156460144557e-03
2.802679728852e-03,6.533088242593e+05,6.533088254243e+05,-1.165046938695e-03
2.802256427277e-03,6.534062162857e+05,6.534062174594e+05,-1.173630589619e-03
2.801833253549e-03,6.535036079264e+05,6.535036091086e+05,-1.182213192806e-03
2.801410207610e-03,6.536009991814e+05,6.536010003722e+05,-1.190794049762e-03
2.800987289402e-03,6.536983900505e+05,6.536983912499e+05,-1.199372461997e-03
2.800564498868e-03,6.537957805339e+05,6.537957817419e+05,-1.207947381772e-03
2.800141835949e-03,6.538931706316e+05,6.538931718481e+05,-1.216518809088e-03
2.799719300588e-03,6.539905603435e+05,6.539905615685e+05,-1.225089770742e-03
2.799296892728e-03,6.540879496696e+05,6.540879509032e+05,-1.233657472767e-03
2.798874612310e-03,6.541853386100e+05,6.541853398522e+05,-1.242221798748e-03
2.798452459276e-03,6.542827271646e+05,6.542827284154e+05,-1.250784029253e-03
2.798030433570e-03,6.543801153335e+05,6.543801165928e+05,-1.259343116544e-03
2.797608535133e-03,6.544775031166e+05,6.544775043845e+05,-1.267901621759e-03
2.797186763908e-03,6.545748905140e+05,6.545748917904e+05,-1.276457798667e-03
2.796765119837e-03,6.546722775256e+05,6.546722788106e+05,-1.285009784624e-03
2.796343602864e-03,6.547696641515e+05,6.547696654451e+05,-1.293558976613e-03
2.795922212929e-03,6.548670503917e+05,6.548670516938e+05,-1.302103628404e-03
2.795500949977e-03,6.549644362462e+05,6.549644375568e+05,-1.310649444349e-03
2.795079813950e-03,6.550618217149e+05,6.550618230341e+05,-1.319189788774e-03
2.794658804790e-03,6.551592067978e+05,6.551592081256e+05,-1.327729318291e-03
2.794237922440e-03,6.552565914951e+05,6.552565928314e+05,-1.336265471764e-03
2.793817166842e-03,6.553539758066e+05,6.553539771514e+05,-1.344800693914e-03
2.793396537940e-03,6.554513597325e+05,6.554513610858e+05,-1.353329862468e-03
2.792976035677e-03,6.555487432725e+05,6.555487446344e+05,-1.361857983284e-03
2.792555659994e-03,6.556461264269e+05,6.556461277973e+05,-1.370382728055e-03
2.792135410835e-03,6.557435091956e+05,6.557435105745e+05,-1.378906774335e-03
2.791715288143e-03,6.558408915785e+05,6.558408929660e+05,-1.387426746078e-03
2.791295291861e-03,6.559382735758e+05,6.559382749717e+05,-1.395941479132e-03
2.790875421931e-03,6.560356551873e+05,6.560356565918e+05,-1.404456212185e-03
2.790455678297e-03,6.561330364132e+05,6.561330378261e+05,-1.412966754287e-03
2.790036060902e-03,6.562304172533e+05,6.562304186748e+05,-1.421474618837e-03
2.789616569689e-03,6.563277977077e+05,6.563277991377e+05,-1.429979573004e-03
2.789197204600e-03,6.564251777765e+05,6.564251792150e+05,-1.438483363017e-03
2.788777965579e-03,6.565225574595e+05,6.565225589065e+05,-1.446981565095e-03
2.788358852570e-03,6.566199367569e+05,6.566199382124e+05,-1.455480000004e-03
2.787939865515e-03,6.567173156685e+05,6.567173171325e+05,-1.463972032070e-03
2.787521004357e-03,6.568146941945e+05,6.568146956670e+05,-1.472462434322e-03
2.787102269040e-03,6.569120723348e+05,6.569120738158e+05,-1.480949926190e-03
2.786683659507e-03,6.570094500894e+05,6.570094515789e+05,-1.489435438998e-03
2.786265175702e-03,6.571068274584e+05,6.571068289563e+05,-1.497916295193e-03
2.785846817568e-03,6.572042044416e+05,6.572042059480e+05,-1.506394590251e-03
2.785428585047e-03,6.573015810392e+05,6.573015825541e+05,-1.514871604741e-03
2.785010478085e-03,6.573989572511e+05,6.573989587745e+05,-1.523342798464e-03
2.784592496623e-03,6.574963330774e+05,6.574963346092e+05,-1.531812944449e-03
2.784174640606e-03,6.575937085180e+05,6.575937100583e+05,-1.540279365145e-03
2.783756909977e-03,6.576910835729e+05,6.576910851216e+05,-1.548742642626e-03
2.783339304680e-03,6.577884582421e+05,6.577884597994e+05,-1.557202078402e-03
2.782921824659e-03,6.578858325257e+05,6.578858340914e+05,-1.565658487380e-03
2.782504469856e-03,6.579832064237e+05,6.579832079978e+05,-1.574112102389e-03
2.782087240216e-03,6.580805799360e+05,6.580805815185e+05,-1.582564204000e-03
2.781670135682e-03,6.581779530626e+05,6.581779546536e+05,-1.591010135598e-03
2.781253156198e-03,6.582753258036e+05,6.582753274030e+05,-1.599453855306e-03
2.780836301709e-03,6.583726981589e+05,6.583726997668e+05,-1.607895828784e-03
2.780419572156e-03,6.584700701286e+05,6.584700717450e+05,-1.616332447156e-03
2.780002967486e-03,6.585674417127e+05,6.585674433374e+05,-1.624765107408e-03
2.779586487640e-03,6.586648129111e+05,6.586648145443e+05,-1.633197767660e-03
2.779170132564e-03,6.587621837239e+05,6.587621853655e+05,-1.641625654884e-03
2.778753902202e-03,6.588595541510e+05,6.588595558011e+05,-1.650049234740e-03
2.778337796496e-03,6.589569241925e+05,6.589569258510e+05,-1.658470369875e-03
2.777921815392e-03,6.590542938484e+05,6.590542955153e+05,-1.666888128966e-03
2.777505958832e-03,6.591516631187e+05,6.591516647940e+05,-1.675301929936e-03
2.777090226762e-03,6.592490320033e+05,6.592490336870e+05,-1.683714450337e-03
2.776674619126e-03,6.593464005023e+05,6.593464021944e+05,-1.692121266387e-03
2.776259135867e-03,6.594437686157e+05,6.594437703162e+05,-1.700524007902e-03
2.775843776930e-03,6.595411363435e+05,6.595411380524e+05,-1.708926982246e-03
2.775428542259e-03,6.596385036856e+05,6.596385054030e+05,-1.717322971672e-03
2.775013431798e-03,6.597358706422e+05,6.597358723679e+05,-1.725716399960e-03
2.774598445491e-03,6.598332372131e+05,6.598332389472e+05,-1.734108314849e-03
2.774183583283e-03,6.599306033984e+05,6.599306051409e+05,-1.742494176142e-03
2.773768845119e-03,6.600279691982e+05,6.600279709490e+05,-1.750878407620e-03
2.773354230942e-03,6.601253346123e+05,6.601253363715e+05,-1.759258215316e-03
2.772939740696e-03,6.602226996408e+05,6.602227014084e+05,-1.767632900737e-03
2.772525374328e-03,6.603200642837e+05,6.603200660597e+05,-1.776004210114e-03
2.772111131779e-03,6.604174285411e+05,6.604174303254e+05,-1.784375403076e-03
2.771697012997e-03,6.605147924128e+05,6.605147942056e+05,-1.792741124518e-03
2.771283017924e-03,6.606121558990e+05,6.606121577001e+05,-1.801102538593e-03
2.770869146505e-03,6.607095189995e+05,6.607095208090e+05,-1.809459528886e-03
2.770455398686e-03,6.608068817145e+05,6.608068835323e+05,-1.817815005779e-03
2.770041774410e-03,6.609042440439e+05,6.609042458701e+05,-1.826165709645e-03
2.769628273623e-03,6.610016059877e+05,6.610016078222e+05,-1.834512338974e-03
2.769214896269e-03,6.610989675460e+05,6.610989693888e+05,-1.842855243012e-03
2.768801642292e-03,6.611963287186e+05,6.611963305698e+05,-1.851195003837e-03
2.768388511638e-03,6.612936895057e+05,6.612936913652e+05,-1.859531621449e-03
2.767975504252e-03,6.613910499072e+05,6.613910517751e+05,-1.867863815278e-03
2.767562620078e-03,6.614884099232e+05,6.614884117994e+05,-1.876192633063e-03
2.767149859060e-03,6.615857695536e+05,6.615857714381e+05,-1.884518889710e-03
2.766737221145e-03,6.616831287984e+05,6.616831306912e+05,-1.892839092761e-03
2.766324706277e-03,6.617804876577e+05,6.617804895588e+05,-1.901156851090e-03
2.765912314401e-03,6.618778461314e+05,6.618778480408e+05,-1.909467740916e-03
2.765500045461e-03,6.619752042195e+05,6.619752061373e+05,-1.917778863572e-03
2.765087899404e-03,6.620725619221e+05,6.620725638482e+05,-1.926085795276e-03
2.764675876173e-03,6.621699192392e+05,6.621699211736e+05,-1.934385043569e-03
2.764263975715e-03,6.622672761707e+05,6.622672781134e+05,-1.942683360539e-03
2.763852197974e-03,6.623646327166e+05,6.623646346676e+05,-1.950977370143e-03
2.763440542895e-03,6.624619888771e+05,6.624619908363e+05,-1.959268702194e-03
2.763029010424e-03,6.625593446519e+05,6.625593466195e+05,-1.967554679140e-03
2.762617600506e-03,6.626567000413e+05,6.626567020171e+05,-1.975837512873e-03
2.762206313086e-03,6.627540550451e+05,6.627540570292e+05,-1.984113827348e-03
2.761795148110e-03,6.628514096633e+05,6.628514116557e+05,-1.992387115024e-03
2.761384105522e-03,6.629487638961e+05,6.629487658967e+05,-2.000657259487e-03
2.760973185268e-03,6.630461177433e+05,6.630461197522e+05,-2.008923445828e-03
2.760562387294e-03,6.631434712050e+05,6.631434732222e+05,-2.017185091972e-03
2.760151711544e-03,6.632408242811e+05,6.632408263066e+05,-2.025445573963e-03
2.759741157965e-03,6.633381769718e+05,6.633381790055e+05,-2.033699303865e-03
2.759330726502e-03,6.634355292769e+05,6.634355313189e+05,-2.041948959231e-03
2.758920417100e-03,6.635328811965e+05,6.635328832467e+05,-2.050194656476e-03
2.758510229706e-03,6.636302327306e+05,6.636302347890e+05,-2.058434998617e-03
2.758100164263e-03,6.637275838792e+05,6.637275859459e+05,-2.066672197543e-03
2.757690220719e-03,6.638249346423e+05,6.638249367172e+05,-2.074906369671e-03
2.757280399019e-03,6.639222850198e+05,6.639222871030e+05,-2.083134953864e-03
2.756870699108e-03,6.640196350119e+05,6.640196371033e+05,-2.091360511258e-03
2.756461120933e-03,6.641169846185e+05,6.641169867181e+05,-2.099579665810e-03
2.756051664439e-03,6.642143338395e+05,6.642143359473e+05,-2.107797306962e-03
2.755642329571e-03,6.643116826751e+05,6.643116847911e+05,-2.116009476595e-03
2.755233116276e-03,6.644090311252e+05,6.644090332494e+05,-2.124216989614e-03
2.754824024499e-03,6.645063791898e+05,6.645063813222e+05,-2.132420311682e-03
2.754415054186e-03,6.646037268689e+05,6.646037290095e+05,-2.140620374121e-03
2.754006205284e-03,6.647010741625e+05,6.647010763113e+05,-2.148816129193e-03
2.753597477738e-03,6.647984210706e+05,6.647984232276e+05,-2.157007227652e-03
2.753188871494e-03,6.648957675933e+05,6.648957697585e+05,-2.165192156099e-03
2.752780386499e-03,6.649931137305e+05,6.649931159038e+05,-2.173374057747e-03
2.752372022697e-03,6.650904594822e+05,6.650904616637e+05,-2.181552932598e-03
2.751963780036e-03,6.651878048484e+05,6.651878070381e+05,-2.189725171775e-03
2.751555658461e-03,6.652851498291e+05,6.652851520270e+05,-2.197894034907e-03
2.751147657918e-03,6.653824944244e+05,6.653824966305e+05,-2.206059754826e-03
2.750739778354e-03,6.654798386342e+05,6.654798408484e+05,-2.214218839072e-03
2.750332019715e-03,6.655771824586e+05,6.655771846810e+05,-2.222374896519e-03
2.749924381948e-03,6.656745258975e+05,6.656745281280e+05,-2.230527112260e-03
2.749516864997e-03,6.657718689509e+05,6.657718711896e+05,-2.238672343083e-03
2.749109468810e-03,6.658692116189e+05,6.658692138657e+05,-2.246816409752e-03
2.748702193333e-03,6.659665539014e+05,6.659665561564e+05,-2.254953724332e-03
2.748295038513e-03,6.660638957985e+05,6.660638980616e+05,-2.263086498715e-03
2.747888004295e-03,6.661612373101e+05,6.661612395813e+05,-2.271214732900e-03
2.747481090626e-03,6.662585784363e+05,6.662585807156e+05,-2.279338426888e-03
2.747074297453e-03,6.663559191770e+05,6.663559214645e+05,-2.287457697093e-03
2.746667624722e-03,6.664532595323e+05,6.664532618279e+05,-2.295572310686e-03
2.746261072380e-03,6.665505995022e+05,6.665506018058e+05,-2.303681802005e-03
2.745854640373e-03,6.666479390866e+05,6.666479413984e+05,-2.311788150109e-03
2.745448328648e-03,6.667452782856e+05,6.667452806054e+05,-2.319888444617e-03
2.745042137150e-03,6.668426170991e+05,6.668426194271e+05,-2.327984082513e-03
2.744636065828e-03,6.669399555272e+05,6.669399578633e+05,-2.336077624932e-03
2.744230114628e-03,6.670372935699e+05,6.670372959141e+05,-2.344164531678e-03
2.743824283496e-03,6.671346312272e+05,6.671346335794e+05,-2.352245035581e-03
2.743418572379e-03,6.672319684991e+05,6.672319708594e+05,-2.360323560424e-03
2.743012981224e-03,6.673293053855e+05,6.673293077539e+05,-2.368395216763e-03
2.742607509978e-03,6.674266418865e+05,6.674266442630e+05,-2.376462565735e-03
2.742202158587e-03,6.675239780021e+05,6.675239803866e+05,-2.384527469985e-03
2.741796926999e-03,6.676213137323e+05,6.676213161249e+05,-2.392584690824e-03
2.741391815160e-03,6.677186490771e+05,6.677186514777e+05,-2.400639466941e-03
2.740986823017e-03,6.678159840364e+05,6.678159864451e+05,-2.408688538708e-03
2.740581950517e-03,6.679133186104e+05,6.679133210271e+05,-2.416729461402e-03
2.740177197607e-03,6.680106527990e+05,6.680106552237e+05,-2.424770384096e-03
2.739772564235e-03,6.681079866021e+05,6.681079890349e+05,-2.432802575640e-03
2.739368050347e-03,6.682053200199e+05,6.682053224607e+05,-2.440832671709e-03
2.738963655890e-03,6.683026530523e+05,6.683026555011e+05,-2.448856132105e-03
2.738559380812e-03,6.683999856993e+05,6.683999881562e+05,-2.456875750795e-03
2.738155225059e-03,6.684973179609e+05,6.684973204258e+05,-2.464890712872e-03
2.737751188579e-03,6.685946498371e+05,6.685946523100e+05,-2.472899970599e-03
2.737347271319e-03,6.686919813279e+05,6.686919838088e+05,-2.480904804543e-03
2.736943473226e-03,6.687893124333e+05,6.687893149222e+05,-2.488903701305e-03
2.736539794248e-03,6.688866431534e+05,6.688866456503e+05,-2.496897359379e-03
2.736136234331e-03,6.689839734881e+05,6.689839759930e+05,-2.504887641408e-03
2.735732793424e-03,6.690813034374e+05,6.690813059503e+05,-2.512872335501e-03
2.735329471473e-03,6.691786330013e+05,6.691786355222e+05,-2.520851674490e-03
2.734926268426e-03,6.692759621799e+05,6.692759647087e+05,-2.528824843466e-03
2.734523184230e-03,6.693732909731e+05,6.693732935099e+05,-2.536794869229e-03
2.734120218833e-03,6.694706193810e+05,6.694706219257e+05,-2.544758608565e-03
2.733717372182e-03,6.695679474034e+05,6.695679499561e+05,-2.552718855441e-03
2.733314644225e-03,6.696652750405e+05,6.696652776012e+05,-2.560671651736e-03
2.732912034909e-03,6.697626022923e+05,6.697626048609e+05,-2.568620839156e-03
2.732509544183e-03,6.698599291587e+05,6.698599317353e+05,-2.576563623734e-03
2.732107171992e-03,6.699572556398e+05,6.699572582243e+05,-2.584501868114e-03
2.731704918286e-03,6.700545817355e+05,6.700545843279e+05,-2.592434640974e-03
2.731302783012e-03,6.701519074458e+05,6.701519100462e+05,-2.600363921374e-03
2.730900766117e-03,6.702492327708e+05,6.702492353791e+05,-2.608285751194e-03
2.730498867550e-03,6.703465577105e+05,6.703465603267e+05,-2.616202458739e-03
2.730097087257e-03,6.704438822648e+05,6.704438848889e+05,-2.624114276841e-03
2.729695425188e-03,6.705412064338e+05,6.705412090658e+05,-2.632021205500e-03
2.729293881289e-03,6.706385302175e+05,6.706385328574e+05,-2.639923593961e-03
2.728892455508e-03,6.707358536158e+05,6.707358562636e+05,-2.647818531841e-03
2.728491147794e-03,6.708331766288e+05,6.708331792845e+05,-2.655708347447e-03
2.728089958094e-03,6.709304992564e+05,6.709305019200e+05,-2.663594670594e-03
2.727688886357e-03,6.710278214988e+05,6.710278241702e+05,-2.671476104297e-03
2.727287932530e-03,6.711251433558e+05,6.711251460351e+05,-2.679348224774e-03
2.726887096561e-03,6.712224648275e+05,6.712224675147e+05,-2.687217900530e-03
2.726486378398e-03,6.713197859139e+05,6.713197886089e+05,-2.695081057027e-03
2.726085777990e-03,6.714171066149e+05,6.714171093179e+05,-2.702940255404e-03
2.725685295284e-03,6.715144269307e+05,6.715144296415e+05,-2.710792468861e-03
2.725284930229e-03,6.716117468611e+05,6.716117495798e+05,-2.718641771935e-03
2.724884682773e-03,6.717090664062e+05,6.717090691327e+05,-2.726483508013e-03
2.724484552863e-03,6.718063855661e+05,6.718063883004e+05,-2.734318841249e-03
2.724084540449e-03,6.719037043406e+05,6.719037070827e+05,-2.742151613347e-03
2.723684645479e-03,6.720010227298e+05,6.720010254798e+05,-2.749975770712e-03
2.723284867900e-03,6.720983407337e+05,6.720983434915e+05,-2.757797017694e-03
2.722885207661e-03,6.721956583524e+05,6.721956611180e+05,-2.765609649941e-03
2.722485664710e-03,6.722929755857e+05,6.722929783591e+05,-2.773418324068e-03
2.722086238996e-03,6.723902924338e+05,6.723902952150e+05,-2.781222457998e-03
2.721686930468e-03,6.724876088965e+05,6.724876116855e+05,-2.789019141346e-03
2.721287739073e-03,6.725849249740e+05,6.725849277708e+05,-2.796811633743e-03
2.720888664760e-03,6.726822406662e+05,6.726822434708e+05,-2.804598305374e-03
2.720489707478e-03,6.727795559731e+05,6.727795587855e+05,-2.812377060764e-03
2.720090867175e-03,6.728768708947e+05,6.728768737149e+05,-2.820153837092e-03
2.719692143799e-03,6.729741854311e+05,6.729741882590e+05,-2.827922697179e-03
2.719293537300e-03,6.730714995822e+05,6.730715024178e+05,-2.835685154423e-03
2.718895047626e-03,6.731688133480e+05,6.731688161914e+05,-2.843442489393e-03
2.718496674725e-03,6.732661267285e+05,6.732661295797e+05,-2.851197263226e-03
2.718098418547e-03,6.733634397238e+05,6.733634425827e+05,-2.858941908926e-03
2.717700279039e-03,6.734607523338e+05,6.734607552005e+05,-2.866683062166e-03
2.717302256151e-03,6.735580645586e+05,6.735580674330e+05,-2.874417696148e-03
2.716904349832e-03,6.736553763981e+05,6.736553792802e+05,-2.882146276534e-03
2.716506560029e-03,6.737526878523e+05,6.737526907422e+05,-2.889869152568e-03
2.716108886693e-03,6.738499989213e+05,6.738500018189e+05,-2.897585858591e-03
2.715711329772e-03,6.739473096050e+05,6.739473125103e+05,-2.905298257247e-03
2.715313889214e-03,6.740446199035e+05,6.740446228165e+05,-2.913003554568e-03
2.714916564969e-03,6.741419298167e+05,6.741419327374e+05,-2.920703031123e-03
2.714519356986e-03,6.742392393447e+05,6.742392422731e+05,-2.928396570496e-03
2.714122265214e-03,6.743365484875e+05,6.743365514236e+05,-2.936083474196e-03
2.713725289601e-03,6.744338572450e+05,6.744338601888e+05,-2.943766652606e-03
2.713328430097e-03,6.745311656173e+05,6.745311685687e+05,-2.951441914774e-03
2.712931686650e-03,6.746284736043e+05,6.746284765635e+05,-2.959113102406e-03
2.712535059211e-03,6.747257812062e+05,6.747257841729e+05,-2.966774976812e-03
2.712138547727e-03,6.748230884228e+05,6.748230913972e+05,-2.974434755743e-03
2.711742152148e-03,6.749203952541e+05,6.749203982362e+05,-2.982086734846e-03
2.711345872424e-03,6.750177017003e+05,6.750177046900e+05,-2.989731263369e-03
2.710949708504e-03,6.751150077612e+05,6.751150107585e+05,-2.997371833771e-03
2.710553660336e-03,6.752123134369e+05,6.752123164419e+05,-3.005005535670e-03
2.710157727870e-03,6.753096187274e+05,6.753096217400e+05,-3.012632601894e-03
2.709761911056e-03,6.754069236326e+05,6.754069266529e+05,-3.020253847353e-03
2.709366209842e-03,6.755042281527e+05,6.755042311805e+05,-3.027869854122e-03
2.708970624179e-03,6.756015322875e+05,6.756015353230e+05,-3.035480272956e-03
2.708575154015e-03,6.756988360372e+05,6.756988390803e+05,-3.043082309887e-03
2.708179799299e-03,6.757961394016e+05,6.757961424523e+05,-3.050680388696e-03
2.707784559982e-03,6.758934423808e+05,6.758934454391e+05,-3.058269154280e-03
2.707389436013e-03,6.759907449749e+05,6.759907480407e+05,-3.065856173635e-03
2.706994427342e-03,6.760880471837e+05,6.760880502572e+05,-3.073433530517e-03
2.706599533917e-03,6.761853490074e+05,6.761853520884e+05,-3.081005532295e-03
2.706204755688e-03,6.762826504458e+05,6.762826535344e+05,-3.088572062552e-03
2.705810092606e-03,6.763799514991e+05,6.763799545952e+05,-3.096131025814e-03
2.705415544619e-03,6.764772521672e+05,6.764772552709e+05,-3.103684983216e-03
2.705021111678e-03,6.765745524501e+05,6.765745555613e+05,-3.111231722869e-03
2.704626793732e-03,6.766718523478e+05,6.766718554666e+05,-3.118771826848e-03
2.704232590730e-03,6.767691518603e+05,6.767691549866e+05,-3.126308089122e-03
2.703838502623e-03,6.768664509877e+05,6.768664541215e+05,-3.133835620247e-03
2.703444529360e-03,6.769637497299e+05,6.769637528712e+05,-3.141357214190e-03
2.703050670892e-03,6.770610480869e+05,6.770610512357e+05,-3.148872405291e-03
2.702656927167e-03,6.771583460587e+05,6.771583492151e+05,-3.156381659210e-03
2.702263298136e-03,6.772556436454e+05,6.772556468093e+05,-3.163884277456e-03
2.701869783748e-03,6.773529408469e+05,6.773529440183e+05,-3.171381074935e-03
2.701476383955e-03,6.774502376633e+05,6.774502408421e+05,-3.178871003911e-03
2.701083098704e-03,6.775475340944e+05,6.775475372808e+05,-3.186354646459e-03
2.700689927948e-03,6.776448301405e+05,6.776448333343e+05,-3.193830489181e-03
2.700296871634e-03,6.777421258014e+05,6.777421290027e+05,-3.201300161891e-03
2.699903929715e-03,6.778394210771e+05,6.778394242858e+05,-3.208766225725e-03
2.699511102139e-03,6.779367159677e+05,6.779367191839e+05,-3.216223674826e-03
2.699118388857e-03,6.780340104731e+05,6.780340136968e+05,-3.223673906177e-03
2.698725789818e-03,6.781313045934e+05,6.781313078245e+05,-3.231118433177e-03
2.698333304974e-03,6.782285983285e+05,6.782286015671e+05,-3.238555858843e-03
2.697940934274e-03,6.783258916785e+05,6.783258949245e+05,-3.245985484682e-03
2.697548677668e-03,6.784231846434e+05,6.784231878968e+05,-3.253409755416e-03
2.697156535107e-03,6.785204772231e+05,6.785204804840e+05,-3.260827623308e-03
2.696764506541e-03,6.786177694177e+05,6.786177726860e+05,-3.268239088356e-03
2.696372591920e-03,6.787150612272e+05,6.787150645028e+05,-3.275645198300e-03
2.695980791194e-03,6.788123526515e+05,6.788123559346e+05,-3.283042926341e-03
2.695589104315e-03,6.789096436908e+05,6.789096469812e+05,-3.290433320217e-03
2.695197531232e-03,6.790069343449e+05,6.790069376427e+05,-3.297819872387e-03
2.694806071895e-03,6.791042246138e+05,6.791042279190e+05,-3.305197460577e-03
2.694414726256e-03,6.792015144977e+05,6.792015178103e+05,-3.312568762340e-03
2.694023494265e-03,6.792988039964e+05,6.792988073164e+05,-3.319931332953e-03
2.693632375871e-03,6.793960931101e+05,6.793960964374e+05,-3.327290643938e-03
2.693241371026e-03,6.794933818386e+05,6.794933851732e+05,-3.334641573019e-03
2.692850479681e-03,6.795906701820e+05,6.795906735240e+05,-3.341984003782e-03
2.692459701785e-03,6.796879581403e+05,6.796879614896e+05,-3.349322243594e-03
2.692069037290e-03,6.797852457135e+05,6.797852490702e+05,-3.356653498486e-03
2.691678486145e-03,6.798825329016e+05,6.798825362656e+05,-3.363978466950e-03
2.691288048303e-03,6.799798197046e+05,6.799798230759e+05,-3.371293540113e-03
2.690897723713e-03,6.800771061225e+05,6.800771095012e+05,-3.378601977602e-03
2.690507512326e-03,6.801743921554e+05,6.801743955413e+05,-3.385905176401e-03
2.690117414093e-03,6.802716778031e+05,6.802716811963e+05,-3.393203951418e-03
2.689727428965e-03,6.803689630657e+05,6.803689664662e+05,-3.400491550565e-03
2.689337556892e-03,6.804662479433e+05,6.804662513511e+05,-3.407774842344e-03
2.688947797826e-03,6.805635324358e+05,6.805635358508e+05,-3.415049402975e-03
2.688558151717e-03,6.806608165432e+05,6.806608199655e+05,-3.422318841331e-03
2.688168618516e-03,6.807581002655e+05,6.807581036951e+05,-3.429580945522e-03
2.687779198175e-03,6.808553836027e+05,6.808553870396e+05,-3.436833387241e-03
2.687389890643e-03,6.809526665549e+05,6.809526699990e+05,-3.444080473855e-03
2.687000695873e-03,6.810499491220e+05,6.810499525733e+05,-3.451321856119e-03
2.686611613814e-03,6.811472313040e+05,6.811472347626e+05,-3.458557068370e-03
2.686222644419e-03,6.812445131010e+05,6.812445165668e+05,-3.465781221166e-03
2.685833787638e-03,6.813417945129e+05,6.813417979859e+05,-3.473002114333e-03
2.685445043422e-03,6.814390755398e+05,6.814390790200e+05,-3.480213577859e-03
2.685056411722e-03,6.815363561815e+05,6.815363596690e+05,-3.487419104204e-03
2.684667892490e-03,6.816336364383e+05,6.816336399329e+05,-3.494616481476e-03
2.684279485677e-03,6.817309163099e+05,6.817309198118e+05,-3.501808503643e-03
2.683891191234e-03,6.818281957966e+05,6.818281993056e+05,-3.508989466354e-03
2.683503009112e-03,6.819254748981e+05,6.819254784143e+05,-3.516166587360e-03
2.683114939262e-03,6.820227536147e+05,6.820227571380e+05,-3.523336839862e-03
2.682726981637e-03,6.821200319462e+05,6.821200354767e+05,-3.530499641784e-03
2.682339136186e-03,6.822173098926e+05,6.822173134303e+05,-3.537652781233e-03
2.681951402862e-03,6.823145874540e+05,6.823145909988e+05,-3.544800449163e-03
2.681563781616e-03,6.824118646304e+05,6.824118681823e+05,-3.551941481419e-03
2.681176272399e-03,6.825091414217e+05,6.825091449808e+05,-3.559075878002e-03
2.680788875163e-03,6.826064178281e+05,6.826064213943e+05,-3.566200030036e-03
2.680401589858e-03,6.827036938493e+05,6.827036974227e+05,-3.573319176212e-03
2.680014416438e-03,6.828009694856e+05,6.828009730660e+05,-3.580430638976e-03
2.679627354853e-03,6.828982447368e+05,6.828982483244e+05,-3.587534069084e-03
2.679240405054e-03,6.829955196030e+05,6.829955231977e+05,-3.594631794840e-03
2.678853566994e-03,6.830927940842e+05,6.830927976859e+05,-3.601719974540e-03
2.678466840624e-03,6.831900681804e+05,6.831900717892e+05,-3.608801518567e-03
2.678080225895e-03,6.832873418916e+05,6.832873455074e+05,-3.615876310505e-03
2.677693722759e-03,6.833846152177e+05,6.833846188407e+05,-3.622942720540e-03
2.677307331169e-03,6.834818881589e+05,6.834818917889e+05,-3.630004357547e-03
2.676921051075e-03,6.835791607150e+05,6.835791643521e+05,-3.637055866420e-03
2.676534882429e-03,6.836764328861e+05,6.836764365302e+05,-3.644101321697e-03
2.676148825184e-03,6.837737046723e+05,6.837737083234e+05,-3.651138977148e-03
2.675762879290e-03,6.838709760734e+05,6.838709797316e+05,-3.658168483526e-03
2.675377044701e-03,6.839682470896e+05,6.839682507547e+05,-3.665190655738e-03
2.674991321367e-03,6.840655177207e+05,6.840655213929e+05,-3.672205028124e-03
2.674605709240e-03,6.841627879669e+05,6.841627916461e+05,-3.679211717099e-03
2.674220208273e-03,6.842600578280e+05,6.842600615142e+05,-3.686211421154e-03
2.673834818418e-03,6.843573273042e+05,6.843573309974e+05,-3.693204023875e-03
2.673449539625e-03,6.844545963954e+05,6.844546000956e+05,-3.700188244693e-03
2.673064371848e-03,6.845518651016e+05,6.845518688088e+05,-3.707165247761e-03
2.672679315039e-03,6.846491334228e+05,6.846491371370e+05,-3.714136197232e-03
2.672294369149e-03,6.847464013591e+05,6.847464050802e+05,-3.721097600646e-03
2.671909534130e-03,6.848436689104e+05,6.848436726384e+05,-3.728051902726e-03
2.671524809935e-03,6.849409360767e+05,6.849409398117e+05,-3.734998987056e-03
2.671140196516e-03,6.850382028580e+05,6.850382066000e+05,-3.741936874576e-03
2.670755693825e-03,6.851354692544e+05,6.851354730033e+05,-3.748867660761e-03
2.670371301813e-03,6.852327352658e+05,6.852327390216e+05,-3.755791811273e-03
2.669987020435e-03,6.853300008923e+05,6.853300046550e+05,-3.762708161958e-03
2.669602849640e-03,6.854272661338e+05,6.854272699034e+05,-3.769613918848e-03
2.669218789383e-03,6.855245309903e+05,6.855245347668e+05,-3.776516299695e-03
2.668834839615e-03,6.856217954619e+05,6.856217992453e+05,-3.783407155424e-03
2.668451000288e-03,6.857190595485e+05,6.857190633388e+05,-3.790290560573e-03
2.668067271355e-03,6.858163232502e+05,6.858163270474e+05,-3.797168028541e-03
2.667683652768e-03,6.859135865670e+05,6.859135903710e+05,-3.804039675742e-03
2.667300144480e-03,6.860108494988e+05,6.860108533097e+05,-3.810898517258e-03
2.666916746442e-03,6.861081120456e+05,6.861081158634e+05,-3.817753167823e-03
2.666533458609e-03,6.862053742075e+05,6.862053780321e+05,-3.824597573839e-03
2.666150280931e-03,6.863026359845e+05,6.863026398159e+05,-3.831436391920e-03
2.665767213362e-03,6.863998973765e+05,6.863999012148e+05,-3.838265780360e-03
2.665384255854e-03,6.864971583836e+05,6.864971622287e+05,-3.845089115202e-03
2.665001408360e-03,6.865944190058e+05,6.865944228577e+05,-3.851901856251e-03
2.664618670832e-03,6.866916792431e+05,6.866916831018e+05,-3.858707379550e-03
2.664236043222e-03,6.867889390954e+05,6.867889429609e+05,-3.865505568683e-03
2.663853525485e-03,6.868861985628e+05,6.868862024351e+05,-3.872295725159e-03
2.663471117571e-03,6.869834576453e+05,6.869834615244e+05,-3.879078780301e-03
2.663088819434e-03,6.870807163429e+05,6.870807202287e+05,-3.885852871463e-03
2.662706631028e-03,6.871779746555e+05,6.871779785481e+05,-3.892620559782e-03
2.662324552303e-03,6.872752325833e+05,6.872752364826e+05,-3.899376722984e-03
2.661942583214e-03,6.873724901261e+05,6.873724940322e+05,-3.906128695235e-03
2.661560723713e-03,6.874697472840e+05,6.874697511969e+05,-3.912870772183e-03
2.661178973752e-03,6.875670040570e+05,6.875670079766e+05,-3.919604117982e-03
2.660797333286e-03,6.876642604452e+05,6.876642643715e+05,-3.926330362447e-03
2.660415802266e-03,6.877615164484e+05,6.877615203814e+05,-3.933046362363e-03
2.660034380645e-03,6.878587720667e+05,6.878587760065e+05,-3.939757589251e-03
2.659653068377e-03,6.879560273001e+05,6.879560312466e+05,-3.946460434236e-03
2.659271865415e-03,6.880532821487e+05,6.880532861018e+05,-3.953153849579e-03
2.658890771711e-03,6.881505366123e+05,6.881505405721e+05,-3.959837718867e-03
2.658509787219e-03,6.882477906911e+05,6.882477946576e+05,-3.966514836065e-03
2.658128911891e-03,6.883450443849e+05,6.883450483581e+05,-3.973183338530e-03
2.657748145681e-03,6.884422976939e+05,6.884423016738e+05,-3.979844972491e-03
2.657367488542e-03,6.885395506180e+05,6.885395546045e+05,-3.986497642472e-03
2.656986940427e-03,6.886368031573e+05,6.886368071504e+05,-3.993140766397e-03
2.656606501289e-03,6.887340553116e+05,6.887340593114e+05,-3.999776905403e-03
2.656226171081e-03,6.888313070811e+05,6.888313110875e+05,-4.006404196844e-03
2.655845949757e-03,6.889285584657e+05,6.889285624788e+05,-4.013023106381e-03
2.655465837269e-03,6.890258094655e+05,6.890258134851e+05,-4.019635845907e-03
2.655085833572e-03,6.891230600804e+05,6.891230641066e+05,-4.026236943901e-03
2.654705938618e-03,6.892203103104e+05,6.892203143432e+05,-4.032832221128e-03
2.654326152361e-03,6.893175601556e+05,6.893175641950e+05,-4.039416904561e-03
2.653946474753e-03,6.894148096159e+05,6.894148136619e+05,-4.045996582136e-03
2.653566905749e-03,6.895120586913e+05,6.895120627439e+05,-4.052564967424e-03
2.653187445302e-03,6.896093073819e+05,6.896093114410e+05,-4.059125785716e-03
2.652808093366e-03,6.897065556877e+05,6.897065597533e+05,-4.065678920597e-03
2.652428849893e-03,6.898038036085e+05,6.898038076808e+05,-4.072223207913e-03
2.652049714837e-03,6.899010511446e+05,6.899010552234e+05,-4.078758414835e-03
2.651670688152e-03,6.899982982958e+05,6.899983023811e+05,-4.085284541361e-03
2.651291769791e-03,6.900955450622e+05,6.900955491540e+05,-4.091804614291e-03
2.650912959709e-03,6.901927914437e+05,6.901927955420e+05,-4.098314908333e-03
2.650534257857e-03,6.902900374404e+05,6.902900415452e+05,-4.104818566702e-03
2.650155664191e-03,6.903872830523e+05,6.903872871636e+05,-4.111310117878e-03
2.649777178663e-03,6.904845282793e+05,6.904845323971e+05,-4.117794684134e-03
2.649398801228e-03,6.905817731215e+05,6.905817772458e+05,-4.124272381887e-03
2.649020531839e-03,6.906790175789e+05,6.906790217096e+05,-4.130739253014e-03
2.648642370450e-03,6.907762616515e+05,6.907762657886e+05,-4.137198440731e-03
2.648264317014e-03,6.908735053392e+05,6.908735094828e+05,-4.143647733144e-03
2.647886371486e-03,6.909707486421e+05,6.909707527922e+05,-4.150089342147e-03
2.647508533818e-03,6.910679915602e+05,6.910679957167e+05,-4.156525130384e-03
2.647130803966e-03,6.911652340935e+05,6.911652382564e+05,-4.162948695011e-03
2.646753181883e-03,6.912624762420e+05,6.912624804113e+05,-4.169365391135e-03
2.646375667522e-03,6.913597180057e+05,6.913597221814e+05,-4.175773472525e-03
2.645998260839e-03,6.914569593845e+05,6.914569635667e+05,-4.182171192952e-03
2.645620961785e-03,6.915542003786e+05,6.915542045671e+05,-4.188558668830e-03
2.645243770317e-03,6.916514409878e+05,6.916514451828e+05,-4.194941371679e-03
2.644866686386e-03,6.917486812123e+05,6.917486854136e+05,-4.201315110549e-03
2.644489709949e-03,6.918459210520e+05,6.918459252597e+05,-4.207677440718e-03
2.644112840958e-03,6.919431605068e+05,6.919431647209e+05,-4.214034881443e-03
2.643736079367e-03,6.920403995769e+05,6.920404037973e+05,-4.220379982144e-03
2.643359425132e-03,6.921376382622e+05,6.921376424889e+05,-4.226715420373e-03
2.642982878205e-03,6.922348765627e+05,6.922348807958e+05,-4.233045852743e-03
2.642606438542e-03,6.923321144785e+05,6.923321187178e+05,-4.239364759997e-03
2.642230106095e-03,6.924293520094e+05,6.924293562551e+05,-4.245676100254e-03
2.641853880820e-03,6.925265891556e+05,6.925265934076e+05,-4.251979524270e-03
2.641477762671e-03,6.926238259170e+05,6.926238301752e+05,-4.258272820152e-03
2.641101751601e-03,6.927210622936e+05,6.927210665581e+05,-4.264556919225e-03
2.640725847566e-03,6.928182982854e+05,6.928183025563e+05,-4.270832287148e-03
2.640350050519e-03,6.929155338925e+05,6.929155381696e+05,-4.277097876184e-03
2.639974360415e-03,6.930127691148e+05,6.930127733982e+05,-4.283356480300e-03
2.639598777209e-03,6.931100039524e+05,6.931100082420e+05,-4.289604257792e-03
2.639223300853e-03,6.932072384052e+05,6.932072427010e+05,-4.295844119042e-03
2.638847931304e-03,6.933044724732e+05,6.933044767753e+05,-4.302077228203e-03
2.638472668515e-03,6.934017061565e+05,6.934017104648e+05,-4.308297531679e-03
2.638097512441e-03,6.934989394550e+05,6.934989437695e+05,-4.314510151744e-03
2.637722463037e-03,6.935961723687e+05,6.935961766895e+05,-4.320713924244e-03
2.637347520256e-03,6.936934048978e+05,6.936934092247e+05,-4.326910828240e-03
2.636972684053e-03,6.937906370420e+05,6.937906413751e+05,-4.333095392212e-03
2.636597954384e-03,6.938878688016e+05,6.938878731408e+05,-4.339271807112e-03
2.636223331202e-03,6.939851001764e+05,6.939851045218e+05,-4.345439374447e-03
2.635848814462e-03,6.940823311664e+05,6.940823355180e+05,-4.351599258371e-03
2.635474404119e-03,6.941795617717e+05,6.941795661295e+05,-4.357747966424e-03
2.635100100128e-03,6.942767919923e+05,6.942767963562e+05,-4.363889107481e-03
2.634725902442e-03,6.943740218281e+05,6.943740261982e+05,-4.370019654743e-03
2.634351811018e-03,6.944712512793e+05,6.944712556554e+05,-4.376142867841e-03
2.633977825809e-03,6.945684803456e+05,6.945684847279e+05,-4.382255719975e-03
2.633603946771e-03,6.946657090273e+05,6.946657134157e+05,-4.388359026052e-03
2.633230173858e-03,6.947629373243e+05,6.947629417187e+05,-4.394453018904e-03
2.632856507024e-03,6.948601652365e+05,6.948601696370e+05,-4.400537582114e-03
2.632482946226e-03,6.949573927640e+05,6.949573971706e+05,-4.406615742482e-03
2.632109491417e-03,6.950546199068e+05,6.950546243195e+05,-4.412682377733e-03
2.631736142553e-03,6.951518466649e+05,6.951518510836e+05,-4.418740980327e-03
2.631362899589e-03,6.952490730383e+05,6.952490774630e+05,-4.424788174219e-03
2.630989762479e-03,6.953462990269e+05,6.953463034578e+05,-4.430827801116e-03
2.630616731178e-03,6.954435246309e+05,6.954435290677e+05,-4.436857881956e-03
2.630243805642e-03,6.955407498502e+05,6.955407542930e+05,-4.442878416739e-03
2.629870985826e-03,6.956379746847e+05,6.956379791336e+05,-4.448888008483e-03
2.629498271684e-03,6.957351991346e+05,6.957352035895e+05,-4.454892361537e-03
2.629125663171e-03,6.958324231998e+05,6.958324276606e+05,-4.460884723812e-03
2.628753160244e-03,6.959296468802e+05,6.959296513471e+05,-4.466865560971e-03
2.628380762856e-03,6.960268701760e+05,6.960268746489e+05,-4.472840810195e-03
2.628008470963e-03,6.961240930871e+05,6.961240975659e+05,-4.478806862608e-03
2.627636284521e-03,6.962213156136e+05,6.962213200983e+05,-4.484760574996e-03
2.627264203483e-03,6.963185377553e+05,6.963185422460e+05,-4.490706953220e-03
2.626892227807e-03,6.964157595123e+05,6.964157640090e+05,-4.496644018218e-03
2.626520357446e-03,6.965129808847e+05,6.965129853873e+05,-4.502568743192e-03
2.626148592357e-03,6.966102018724e+05,6.966102063809e+05,-4.508486134000e-03
2.625776932494e-03,6.967074224755e+05,6.967074269899e+05,-4.514395026490e-03
2.625405377812e-03,6.968046426938e+05,6.968046472141e+05,-4.520292161033e-03
2.625033928268e-03,6.969018625275e+05,6.969018670537e+05,-4.526182194240e-03
2.624662583817e-03,6.969990819766e+05,6.969990865086e+05,-4.532062099315e-03
2.624291344413e-03,6.970963010409e+05,6.970963055789e+05,-4.537932458334e-03
2.623920210013e-03,6.971935197207e+05,6.971935242644e+05,-4.543791408651e-03
2.623549180571e-03,6.972907380157e+05,6.972907425654e+05,-4.549641162157e-03
2.623178256044e-03,6.973879559261e+05,6.973879604816e+05,-4.555484163575e-03
2.622807436387e-03,6.974851734519e+05,6.974851780132e+05,-4.561314592138e-03
2.622436721555e-03,6.975823905930e+05,6.975823951601e+05,-4.567136638798e-03
2.622066111504e-03,6.976796073494e+05,6.976796119224e+05,-4.572950536385e-03
2.621695606189e-03,6.977768237212e+05,6.977768283000e+05,-4.578751744702e-03
2.621325205567e-03,6.978740397084e+05,6.978740442929e+05,-4.584545968100e-03
2.620954909592e-03,6.979712553109e+05,6.979712599012e+05,-4.590328317136e-03
2.620584718220e-03,6.980684705288e+05,6.980684751249e+05,-4.596101818606e-03
2.620214631408e-03,6.981656853620e+05,6.981656899639e+05,-4.601865774021e-03
2.619844649110e-03,6.982628998107e+05,6.982629044183e+05,-4.607619950548e-03
2.619474771283e-03,6.983601138746e+05,6.983601184880e+05,-4.613365745172e-03
2.619104997883e-03,6.984573275540e+05,6.984573321731e+05,-4.619099083357e-03
2.618735328864e-03,6.985545408487e+05,6.985545454736e+05,-4.624823108315e-03
2.618365764183e-03,6.986517537589e+05,6.986517583894e+05,-4.630537820049e-03
2.617996303796e-03,6.987489662843e+05,6.987489709206e+05,-4.636245896108e-03
2.617626947658e-03,6.988461784252e+05,6.988461830672e+05,-4.641941748559e-03
2.617257695726e-03,6.989433901815e+05,6.989433948291e+05,-4.647626890801e-03
2.616888547955e-03,6.990406015531e+05,6.990406062064e+05,-4.653300857171e-03
2.616519504301e-03,6.991378125402e+05,6.991378171991e+05,-4.658967372961e-03
2.616150564721e-03,6.992350231426e+05,6.992350278072e+05,-4.664624924771e-03
2.615781729170e-03,6.993322333604e+05,6.993322380307e+05,-4.670271882787e-03
2.615412997604e-03,6.994294431937e+05,6.994294478696e+05,-4.675907315686e-03
2.615044369979e-03,6.995266526423e+05,6.995266573238e+05,-4.681532969698e-03
2.614675846251e-03,6.996238617063e+05,6.996238663934e+05,-4.687150474638e-03
2.614307426377e-03,6.997210703857e+05,6.997210750785e+05,-4.692758200690e-03
2.613939110313e-03,6.998182786806e+05,6.998182833789e+05,-4.698356380686e-03
2.613570898014e-03,6.999154865908e+05,6.999154912948e+05,-4.703942453489e-03
2.613202789437e-03,7.000126941165e+05,7.000126988260e+05,-4.709518514574e-03
2.612834784537e-03,7.001099012575e+05,7.001099059726e+05,-4.715085146017e-03
2.612466883272e-03,7.002071080140e+05,7.002071127347e+05,-4.720641416498e-03
2.612099085598e-03,7.003043143859e+05,7.003043191121e+05,-4.726191284135e-03
2.611731391470e-03,7.004015203733e+05,7.004015251050e+05,-4.731727531180e-03
2.611363800844e-03,7.004987259760e+05,7.004987307133e+05,-4.737252136692e-03
2.610996313679e-03,7.005959311942e+05,7.005959359370e+05,-4.742771037854e-03
2.610628929928e-03,7.006931360278e+05,7.006931407761e+05,-4.748277482577e-03
2.610261649550e-03,7.007903404769e+05,7.007903452306e+05,-4.753774963319e-03
2.609894472500e-03,7.008875445413e+05,7.008875493006e+05,-4.759260686114e-03
2.609527398734e-03,7.009847482213e+05,7.009847529860e+05,-4.764736979268e-03
2.609160428210e-03,7.010819515166e+05,7.010819562868e+05,-4.770202562213e-03
2.608793560883e-03,7.011791544274e+05,7.011791592031e+05,-4.775661858730e-03
2.608426796710e-03,7.012763569536e+05,7.012763617348e+05,-4.781106254086e-03
2.608060135648e-03,7.013735590953e+05,7.013735638819e+05,-4.786542267539e-03
2.607693577653e-03,7.014707608525e+05,7.014707656444e+05,-4.791966523044e-03
2.607327122681e-03,7.015679622251e+05,7.015679670224e+05,-4.797384026460e-03
2.606960770690e-03,7.016651632131e+05,7.016651680159e+05,-4.802788724191e-03
2.606594521635e-03,7.017623638166e+05,7.017623686248e+05,-4.808183643036e-03
2.606228375474e-03,7.018595640356e+05,7.018595688491e+05,-4.813570179977e-03
2.605862332163e-03,7.019567638700e+05,7.019567686889e+05,-4.818944493309e-03
2.605496391658e-03,7.020539633199e+05,7.020539681442e+05,-4.824306466617e-03
2.605130553917e-03,7.021511623852e+05,7.021511672149e+05,-4.829661338590e-03
2.604764818897e-03,7.022483610660e+05,7.022483659010e+05,-4.835006664507e-03
2.604399186552e-03,7.023455593623e+05,7.023455642027e+05,-4.840338719077e-03
2.604033656842e-03,7.024427572741e+05,7.024427621197e+05,-4.845661576837e-03
2.603668229722e-03,7.025399548013e+05,7.025399596523e+05,-4.850976751186e-03
2.603302905149e-03,7.026371519440e+05,7.026371568003e+05,-4.856278887019e-03
2.602937683081e-03,7.027343487022e+05,7.027343535638e+05,-4.861569846980e-03
2.602572563473e-03,7.028315450759e+05,7.028315499428e+05,-4.866851260886e-03
2.602207546283e-03,7.029287410651e+05,7.029287459372e+05,-4.872123128735e-03
2.601842631468e-03,7.030259366698e+05,7.030259415471e+05,-4.877384286374e-03
2.601477818985e-03,7.031231318899e+05,7.031231367725e+05,-4.882634151727e-03
2.601113108790e-03,7.032203267256e+05,7.032203316134e+05,-4.887875169516e-03
2.600748500841e-03,7.033175211767e+05,7.033175260698e+05,-4.893106408417e-03
2.600383995095e-03,7.034147152433e+05,7.034147201417e+05,-4.898325889371e-03
2.600019591508e-03,7.035119089255e+05,7.035119138290e+05,-4.903532681055e-03
2.599655290038e-03,7.036091022231e+05,7.036091071319e+05,-4.908731905743e-03
2.599291090642e-03,7.037062951363e+05,7.037063000502e+05,-4.913918324746e-03
2.598926993276e-03,7.038034876649e+05,7.038034925840e+05,-4.919097409584e-03
2.598562997899e-03,7.039006798091e+05,7.039006847334e+05,-4.924263223074e-03
2.598199104467e-03,7.039978715688e+05,7.039978764982e+05,-4.929420654662e-03
2.597835312938e-03,7.040950629440e+05,7.040950678786e+05,-4.934566561133e-03
2.597471623268e-03,7.041922539347e+05,7.041922588744e+05,-4.939699545503e-03
2.597108035414e-03,7.042894445409e+05,7.042894494858e+05,-4.944826592691e-03
2.596744549335e-03,7.043866347627e+05,7.043866397126e+05,-4.949939320795e-03
2.596381164987e-03,7.044838246000e+05,7.044838295550e+05,-4.955041338690e-03
2.596017882328e-03,7.045810140528e+05,7.045810190130e+05,-4.960135556757e-03
2.595654701315e-03,7.046782031212e+05,7.046782080864e+05,-4.965218016878e-03
2.595291621905e-03,7.047753918050e+05,7.047753967753e+05,-4.970289184712e-03
2.594928644056e-03,7.048725801045e+05,7.048725850798e+05,-4.975350573659e-03
2.594565767725e-03,7.049697680194e+05,7.049697729998e+05,-4.980400786735e-03
2.594202992869e-03,7.050669555499e+05,7.050669605354e+05,-4.985438426957e-03
2.593840319446e-03,7.051641426960e+05,7.051641476864e+05,-4.990466521122e-03
2.593477747414e-03,7.052613294575e+05,7.052613344530e+05,-4.995487048291e-03
2.593115276730e-03,7.053585158347e+05,7.053585208352e+05,-5.000492674299e-03
2.592752907350e-03,7.054557018274e+05,7.054557068328e+05,-5.005487822928e-03
2.592390639234e-03,7.055528874356e+05,7.055528924461e+05,-5.010474007577e-03
2.592028472339e-03,7.056500726594e+05,7.056500776748e+05,-5.015450762585e-03
2.591666406621e-03,7.057472574987e+05,7.057472625192e+05,-5.020413431339e-03
2.591304442039e-03,7.058444419537e+05,7.058444469790e+05,-5.025366437621e-03
2.590942578550e-03,7.059416260241e+05,7.059416310544e+05,-5.030310712755e-03
2.590580816113e-03,7.060388097102e+05,7.060388147454e+05,-5.035242415033e-03
2.590219154684e-03,7.061359930118e+05,7.061359980519e+05,-5.040164454840e-03
2.589857594221e-03,7.062331759290e+05,7.062331809740e+05,-5.045072757639e-03
2.589496134682e-03,7.063303584617e+05,7.063303635117e+05,-5.049974424765e-03
2.589134776026e-03,7.064275406100e+05,7.064275456649e+05,-5.054860375822e-03
2.588773518208e-03,7.065247223739e+05,7.065247274337e+05,-5.059737130068e-03
2.588412361189e-03,7.066219037534e+05,7.066219088180e+05,-5.064604105428e-03
2.588051304924e-03,7.067190847485e+05,7.067190898179e+05,-5.069459555671e-03
2.587690349372e-03,7.068162653591e+05,7.068162704334e+05,-5.074304644950e-03
2.587329494492e-03,7.069134455854e+05,7.069134506645e+05,-5.079140304588e-03
2.586968740240e-03,7.070106254272e+05,7.070106305112e+05,-5.083962925710e-03
2.586608086575e-03,7.071078048846e+05,7.071078099734e+05,-5.088775185868e-03
2.586247533454e-03,7.072049839577e+05,7.072049890512e+05,-5.093574174680e-03
2.585887080836e-03,7.073021626463e+05,7.073021677446e+05,-5.098363035358e-03
2.585526728679e-03,7.073993409505e+05,7.073993460536e+05,-5.103143281303e-03
2.585166476940e-03,7.074965188703e+05,7.074965239782e+05,-5.107909557410e-03
2.584806325578e-03,7.075936964057e+05,7.075937015184e+05,-5.112667451613e-03
2.584446274551e-03,7.076908735568e+05,7.076908786742e+05,-5.117414984852e-03
2.584086323816e-03,7.077880503234e+05,7.077880554456e+05,-5.122147384100e-03
2.583726473332e-03,7.078852267057e+05,7.078852318325e+05,-5.126870819367e-03
2.583366723058e-03,7.079824027035e+05,7.079824078351e+05,-5.131585756317e-03
2.583007072950e-03,7.080795783170e+05,7.080795834533e+05,-5.136286374182e-03
2.582647522968e-03,7.081767535461e+05,7.081767586871e+05,-5.140974768437e-03
2.582288073069e-03,7.082739283909e+05,7.082739335365e+05,-5.145656759851e-03
2.581928723212e-03,7.083711028512e+05,7.083711080015e+05,-5.150323617272e-03
2.581569473355e-03,7.084682769272e+05,7.084682820822e+05,-5.154980230145e-03
2.581210323456e-03,7.085654506188e+05,7.085654557784e+05,-5.159626598470e-03
2.580851273473e-03,7.086626239261e+05,7.086626290903e+05,-5.164260859601e-03
2.580492323366e-03,7.087597968489e+05,7.087598020178e+05,-5.168882664293e-03
2.580133473091e-03,7.088569693874e+05,7.088569745609e+05,-5.173497600481e-03
2.579774722608e-03,7.089541415416e+05,7.089541467197e+05,-5.178098799661e-03
2.579416071875e-03,7.090513133114e+05,7.090513184941e+05,-5.182687425986e-03
2.579057520851e-03,7.091484846968e+05,7.091484898841e+05,-5.187264992855e-03
2.578699069493e-03,7.092456556979e+05,7.092456608898e+05,-5.191832897253e-03
2.578340717760e-03,7.093428263147e+05,7.093428315111e+05,-5.196387297474e-03
2.577982465611e-03,7.094399965471e+05,7.094400017480e+05,-5.200932850130e-03
2.577624313004e-03,7.095371663951e+05,7.095371716006e+05,-5.205466644838e-03
2.577266259897e-03,7.096343358588e+05,7.096343410688e+05,-5.209987633862e-03
2.576908306250e-03,7.097315049382e+05,7.097315101527e+05,-5.214498843998e-03
2.576550452021e-03,7.098286736332e+05,7.098286788522e+05,-5.218998412602e-03
2.576192697167e-03,7.099258419439e+05,7.099258471674e+05,-5.223486223258e-03
2.575835041649e-03,7.100230098703e+05,7.100230150982e+05,-5.227962741628e-03
2.575477485425e-03,7.101201774123e+05,7.101201826447e+05,-5.232428666204e-03
2.575120028452e-03,7.102173445700e+05,7.102173498069e+05,-5.236881901510e-03
2.574762670691e-03,7.103145113434e+05,7.103145165847e+05,-5.241324659437e-03
2.574405412099e-03,7.104116777324e+05,7.104116829782e+05,-5.245754611678e-03
2.574048252636e-03,7.105088437371e+05,7.105088489873e+05,-5.250173970126e-03
2.573691192260e-03,7.106060093575e+05,7.106060146121e+05,-5.254581337795e-03
2.573334230929e-03,7.107031745936e+05,7.107031798526e+05,-5.258977529593e-03
2.572977368604e-03,7.108003394454e+05,7.108003447088e+05,-5.263364757411e-03
2.572620605241e-03,7.108975039129e+05,7.108975091806e+05,-5.267739412375e-03
2.572263940801e-03,7.109946679961e+05,7.109946732682e+05,-5.272100097500e-03
2.571907375243e-03,7.110918316949e+05,7.110918369714e+05,-5.276451935060e-03
2.571550908524e-03,7.111889950095e+05,7.111890002903e+05,-5.280789686367e-03
2.571194540604e-03,7.112861579397e+05,7.112861632248e+05,-5.285118706524e-03
2.570838271442e-03,7.113833204857e+05,7.113833257751e+05,-5.289433756843e-03
2.570482100998e-03,7.114804826473e+05,7.114804879411e+05,-5.293737631291e-03
2.570126029228e-03,7.115776444247e+05,7.115776497227e+05,-5.298030213453e-03
2.569770056094e-03,7.116748058178e+05,7.116748111201e+05,-5.302313831635e-03
2.569414181554e-03,7.117719668266e+05,7.117719721331e+05,-5.306583130732e-03
2.569058405566e-03,7.118691274511e+05,7.118691327619e+05,-5.310840788297e-03
2.568702728091e-03,7.119662876913e+05,7.119662930064e+05,-5.315087968484e-03
2.568347149086e-03,7.120634475472e+05,7.120634528665e+05,-5.319322459400e-03
2.567991668512e-03,7.121606070189e+05,7.121606123424e+05,-5.323546705768e-03
2.567636286327e-03,7.122577661062e+05,7.122577714340e+05,-5.327759310603e-03
2.567281002491e-03,7.123549248093e+05,7.123549301413e+05,-5.331958411261e-03
2.566925816962e-03,7.124520831282e+05,7.124520884643e+05,-5.336146103218e-03
2.566570729700e-03,7.125492410627e+05,7.125492464031e+05,-5.340322968550e-03
2.566215740664e-03,7.126463986130e+05,7.126464039575e+05,-5.344487843104e-03
2.565860849813e-03,7.127435557791e+05,7.127435611277e+05,-5.348642822355e-03
2.565506057107e-03,7.128407125609e+05,7.128407179136e+05,-5.352783249691e-03
2.565151362505e-03,7.129378689584e+05,7.129378743153e+05,-5.356914014556e-03
2.564796765966e-03,7.130350249716e+05,7.130350303327e+05,-5.361030925997e-03
2.564442267450e-03,7.131321806006e+05,7.131321859658e+05,-5.365136079490e-03
2.564087866915e-03,7.132293358454e+05,7.132293412146e+05,-5.369232036173e-03
2.563733564322e-03,7.133264907059e+05,7.133264960792e+05,-5.373315420002e-03
2.563379359630e-03,7.134236451822e+05,7.134236505596e+05,-5.377385998145e-03
2.563025252797e-03,7.135207992742e+05,7.135208046556e+05,-5.381444236264e-03
2.562671243785e-03,7.136179529820e+05,7.136179583675e+05,-5.385491298512e-03
2.562317332551e-03,7.137151063055e+05,7.137151116950e+05,-5.389528349042e-03
2.561963519056e-03,7.138122592448e+05,7.138122646383e+05,-5.393550032750e-03
2.561609803258e-03,7.139094117999e+05,7.139094171974e+05,-5.397561937571e-03
2.561256185119e-03,7.140065639707e+05,7.140065693723e+05,-5.401561385952e-03
2.560902664596e-03,7.141037157573e+05,7.141037211628e+05,-5.405551171862e-03
2.560549241651e-03,7.142008671597e+05,7.142008725692e+05,-5.409524543211e-03
2.560195916241e-03,7.142980181778e+05,7.142980235913e+05,-5.413490813226e-03
2.559842688328e-03,7.143951688118e+05,7.143951742292e+05,-5.417443462647e-03
2.559489557870e-03,7.144923190615e+05,7.144923244829e+05,-5.421382607892e-03
2.559136524828e-03,7.145894689270e+05,7.145894743523e+05,-5.425308947451e-03
2.558783589160e-03,7.146866184083e+05,7.146866238375e+05,-5.429225624539e-03
2.558430750827e-03,7.147837675053e+05,7.147837729385e+05,-5.433130194433e-03
2.558078009789e-03,7.148809162182e+05,7.148809216552e+05,-5.437024054118e-03
2.557725366005e-03,7.149780645468e+05,7.149780699877e+05,-5.440904758871e-03
2.557372819435e-03,7.150752124913e+05,7.150752179361e+05,-5.444772192277e-03
2.557020370039e-03,7.151723600515e+05,7.151723655002e+05,-5.448627984151e-03
2.556668017776e-03,7.152695072276e+05,7.152695126801e+05,-5.452472483739e-03
2.556315762607e-03,7.153666540194e+05,7.153666594757e+05,-5.456304177642e-03
2.555963604491e-03,7.154638004271e+05,7.154638058872e+05,-5.460124113597e-03
2.555611543388e-03,7.155609464506e+05,7.155609519145e+05,-5.463932291605e-03
2.555259579259e-03,7.156580920898e+05,7.156580975576e+05,-5.467729642987e-03
2.554907712063e-03,7.157552373449e+05,7.157552428164e+05,-5.471513490193e-03
2.554555941760e-03,7.158523822158e+05,7.158523876911e+05,-5.475285113789e-03
2.554204268309e-03,7.159495267026e+05,7.159495321816e+05,-5.479044746608e-03
2.553852691672e-03,7.160466708051e+05,7.160466762879e+05,-5.482792970724e-03
2.553501211808e-03,7.161438145235e+05,7.161438200100e+05,-5.486527690664e-03
2.553149828678e-03,7.162409578577e+05,7.162409633479e+05,-5.490251118317e-03
2.552798542240e-03,7.163381008077e+05,7.163381063016e+05,-5.493959877640e-03
2.552447352456e-03,7.164352433735e+05,7.164352488712e+05,-5.497661186382e-03
2.552096259285e-03,7.165323855552e+05,7.165323910565e+05,-5.501347593963e-03
2.551745262687e-03,7.166295273527e+05,7.166295328577e+05,-5.505020497367e-03
2.551394362624e-03,7.167266687661e+05,7.167266742748e+05,-5.508684436791e-03
2.551043559054e-03,7.168238097953e+05,7.168238153076e+05,-5.512332310900e-03
2.550692851938e-03,7.169209504403e+05,7.169209559563e+05,-5.515970755368e-03
2.550342241237e-03,7.170180907012e+05,7.170180962208e+05,-5.519597558305e-03
2.549991726910e-03,7.171152305779e+05,7.171152361011e+05,-5.523210391402e-03
2.549641308919e-03,7.172123700705e+05,7.172123755973e+05,-5.526810535230e-03
2.549290987222e-03,7.173095091789e+05,7.173095147093e+05,-5.530400434509e-03
2.548940761780e-03,7.174066479032e+05,7.174066534372e+05,-5.533976596780e-03
2.548590632555e-03,7.175037862434e+05,7.175037917809e+05,-5.537541117519e-03
2.548240599506e-03,7.176009241994e+05,7.176009297405e+05,-5.541092716157e-03
2.547890662593e-03,7.176980617712e+05,7.176980673159e+05,-5.544632324018e-03
2.547540821777e-03,7.177951989590e+05,7.177952045071e+05,-5.548157962039e-03
2.547191077018e-03,7.178923357626e+05,7.178923413143e+05,-5.551673821174e-03
2.546841428277e-03,7.179894721821e+05,7.179894777372e+05,-5.555175361224e-03
2.546491875515e-03,7.180866082174e+05,7.180866137761e+05,-5.558663513511e-03
2.546142418691e-03,7.181837438686e+05,7.181837494308e+05,-5.562142934650e-03
2.545793057766e-03,7.182808791357e+05,7.182808847013e+05,-5.565608269535e-03
2.545443792701e-03,7.183780140187e+05,7.183780195877e+05,-5.569060915150e-03
2.545094623457e-03,7.184751485175e+05,7.184751540900e+05,-5.572500987910e-03
2.544745549993e-03,7.185722826323e+05,7.185722882082e+05,-5.575929302722e-03
2.544396572271e-03,7.186694163629e+05,7.186694219423e+05,-5.579345510341e-03
2.544047690251e-03,7.187665497094e+05,7.187665552922e+05,-5.582745536231e-03
2.543698903894e-03,7.188636826718e+05,7.188636882580e+05,-5.586138577200e-03
2.543350213160e-03,7.189608152502e+05,7.189608208397e+05,-5.589515902102e-03
2.543001618010e-03,7.190579474444e+05,7.190579530372e+05,-5.592881701887e-03
2.542653118405e-03,7.191550792545e+05,7.191550848507e+05,-5.596235278063e-03
2.542304714305e-03,7.192522106805e+05,7.192522162800e+05,-5.599574535154e-03
2.541956405672e-03,7.193493417224e+05,7.193493473253e+05,-5.602902499959e-03
2.541608192466e-03,7.194464723802e+05,7.194464779864e+05,-5.606219288893e-03
2.541260074647e-03,7.195436026539e+05,7.195436082634e+05,-5.609520711005e-03
2.540912052177e-03,7.196407325436e+05,7.196407381564e+05,-5.612810608000e-03
2.540564125017e-03,7.197378620491e+05,7.197378676652e+05,-5.616089096293e-03
2.540216293127e-03,7.198349911706e+05,7.198349967899e+05,-5.619355360977e-03
2.539868556468e-03,7.199321199080e+05,7.199321255306e+05,-5.622608121485e-03
2.539520915001e-03,7.200292482613e+05,7.200292538871e+05,-5.625847144984e-03
2.539173368688e-03,7.201263762305e+05,7.201263818596e+05,-5.629074061289e-03
2.538825917488e-03,7.202235038157e+05,7.202235094480e+05,-5.632290267386e-03
2.538478561363e-03,7.203206310168e+05,7.203206366523e+05,-5.635492620058e-03
2.538131300274e-03,7.204177578338e+05,7.204177634725e+05,-5.638679722324e-03
2.537784134181e-03,7.205148842668e+05,7.205148899086e+05,-5.641857977025e-03
2.537437063047e-03,7.206120103157e+05,7.206120159607e+05,-5.645020049997e-03
2.537090086832e-03,7.207091359805e+05,7.207091416287e+05,-5.648172809742e-03
2.536743205496e-03,7.208062612613e+05,7.208062669126e+05,-5.651310784742e-03
2.536396419002e-03,7.209033861580e+05,7.209033918124e+05,-5.654437700287e-03
2.536049727310e-03,7.210005106706e+05,7.210005163282e+05,-5.657550180331e-03
2.535703130381e-03,7.210976347993e+05,7.210976404599e+05,-5.660652648658e-03
2.535356628177e-03,7.211947585438e+05,7.211947642076e+05,-5.663738353178e-03
2.535010220659e-03,7.212918819044e+05,7.212918875712e+05,-5.666814628057e-03
2.534663907787e-03,7.213890048808e+05,7.213890105507e+05,-5.669877515174e-03
2.534317689523e-03,7.214861274733e+05,7.214861331462e+05,-5.672925035469e-03
2.533971565829e-03,7.215832496817e+05,7.215832553576e+05,-5.675962078385e-03
2.533625536665e-03,7.216803715060e+05,7.216803771850e+05,-5.678986432031e-03
2.533279601993e-03,7.217774929464e+05,7.217774986284e+05,-5.681995768100e-03
2.532933761775e-03,7.218746140027e+05,7.218746196877e+05,-5.684997187927e-03
2.532588015971e-03,7.219717346749e+05,7.219717403629e+05,-5.687980097719e-03
2.532242364542e-03,7.220688549632e+05,7.220688606541e+05,-5.690955556929e-03
2.531896807451e-03,7.221659748674e+05,7.221659805613e+05,-5.693913903087e-03
2.531551344658e-03,7.222630943876e+05,7.222631000844e+05,-5.696859676391e-03
2.531205976126e-03,7.223602135238e+05,7.223602192236e+05,-5.699794623069e-03
2.530860701814e-03,7.224573322759e+05,7.224573379786e+05,-5.702716298401e-03
2.530515521686e-03,7.225544506441e+05,7.225544563497e+05,-5.705623538233e-03
2.530170435702e-03,7.226515686282e+05,7.226515743367e+05,-5.708520417102e-03
2.529825443823e-03,7.227486862283e+05,7.227486919397e+05,-5.711400881410e-03
2.529480546012e-03,7.228458034445e+05,7.228458091587e+05,-5.714270984754e-03
2.529135742230e-03,7.229429202766e+05,7.229429259937e+05,-5.717126419768e-03
2.528791032438e-03,7.230400367247e+05,7.230400424447e+05,-5.719970678911e-03
2.528446416599e-03,7.231371527888e+05,7.231371585116e+05,-5.722801899537e-03
2.528101894672e-03,7.232342684690e+05,7.232342741946e+05,-5.725619383156e-03
2.527757466621e-03,7.233313837651e+05,7.233313894935e+05,-5.728425225243e-03
2.527413132407e-03,7.234284986772e+05,7.234285044084e+05,-5.731215234846e-03
2.527068891991e-03,7.235256132054e+05,7.235256189394e+05,-5.733995232731e-03
2.526724745336e-03,7.236227273495e+05,7.236227330863e+05,-5.736760678701e-03
2.526380692402e-03,7.237198411097e+05,7.237198468492e+05,-5.739512387663e-03
2.526036733152e-03,7.238169544859e+05,7.238169602282e+05,-5.742252804339e-03
2.525692867547e-03,7.239140674781e+05,7.239140732231e+05,-5.744979484007e-03
2.525349095549e-03,7.240111800864e+05,7.240111858341e+05,-5.747692775913e-03
2.525005417120e-03,7.241082923106e+05,7.241082980610e+05,-5.750394426286e-03
2.524661832222e-03,7.242054041509e+05,7.242054099040e+05,-5.753079778515e-03
2.524318340816e-03,7.243025156072e+05,7.243025213630e+05,-5.755753722042e-03
2.523974942865e-03,7.243996266796e+05,7.243996324380e+05,-5.758414743468e-03
2.523631638330e-03,7.244967373680e+05,7.244967431291e+05,-5.761062726378e-03
2.523288427173e-03,7.245938476724e+05,7.245938534361e+05,-5.763699766248e-03
2.522945309355e-03,7.246909575929e+05,7.246909633592e+05,-5.766321439296e-03
2.522602284840e-03,7.247880671294e+05,7.247880728984e+05,-5.768930190243e-03
2.522259353589e-03,7.248851762820e+05,7.248851820535e+05,-5.771523923613e-03
2.521916515563e-03,7.249822850506e+05,7.249822908247e+05,-5.774106481113e-03
2.521573770726e-03,7.250793934353e+05,7.250793992119e+05,-5.776676116511e-03
2.521231119038e-03,7.251765014360e+05,7.251765072152e+05,-5.779232829809e-03
2.520888560462e-03,7.252736090527e+05,7.252736148345e+05,-5.781774059869e-03
2.520546094960e-03,7.253707162856e+05,7.253707220699e+05,-5.784305743873e-03
2.520203722494e-03,7.254678231345e+05,7.254678289213e+05,-5.786819849163e-03
2.519861443026e-03,7.255649295994e+05,7.255649353887e+05,-5.789324175566e-03
2.519519256518e-03,7.256620356804e+05,7.256620414722e+05,-5.791812669486e-03
2.519177162933e-03,7.257591413775e+05,7.257591471718e+05,-5.794291850179e-03
2.518835162232e-03,7.258562466907e+05,7.258562524874e+05,-5.796752986498e-03
2.518493254378e-03,7.259533516199e+05,7.259533574191e+05,-5.799204460345e-03
2.518151439332e-03,7.260504561652e+05,7.260504619668e+05,-5.801640567370e-03
2.517809717058e-03,7.261475603266e+05,7.261475661307e+05,-5.804064450786e-03
2.517468087517e-03,7.262446641041e+05,7.262446699105e+05,-5.806475412101e-03
2.517126550672e-03,7.263417674976e+05,7.263417733065e+05,-5.808873334900e-03
2.516785106484e-03,7.264388705072e+05,7.264388763185e+05,-5.811257753521e-03
2.516443754917e-03,7.265359731329e+05,7.265359789466e+05,-5.813626572490e-03
2.516102495932e-03,7.266330753748e+05,7.266330811907e+05,-5.815985263325e-03
2.515761329492e-03,7.267301772327e+05,7.267301830510e+05,-5.818327073939e-03
2.515420255559e-03,7.268272787067e+05,7.268272845273e+05,-5.820657825097e-03
2.515079274095e-03,7.269243797967e+05,7.269243856197e+05,-5.822975654155e-03
2.514738385064e-03,7.270214805029e+05,7.270214863282e+05,-5.825279513374e-03
2.514397588427e-03,7.271185808252e+05,7.271185866528e+05,-5.827567656524e-03
2.514056884146e-03,7.272156807636e+05,7.272156865935e+05,-5.829846253619e-03
2.513716272185e-03,7.273127803181e+05,7.273127861503e+05,-5.832109483890e-03
2.513375752506e-03,7.274098794888e+05,7.274098853231e+05,-5.834358162247e-03
2.513035325071e-03,7.275069782755e+05,7.275069841121e+05,-5.836596479639e-03
2.512694989843e-03,7.276040766783e+05,7.276040825172e+05,-5.838821292855e-03
2.512354746784e-03,7.277011746973e+05,7.277011805383e+05,-5.841029924341e-03
2.512014595857e-03,7.277982723324e+05,7.277982781756e+05,-5.843224585988e-03
2.511674537025e-03,7.278953695836e+05,7.278953754290e+05,-5.845409352332e-03
2.511334570249e-03,7.279924664509e+05,7.279924722985e+05,-5.847578751855e-03
2.510994695493e-03,7.280895629344e+05,7.280895687841e+05,-5.849733832292e-03
2.510654912720e-03,7.281866590340e+05,7.281866648859e+05,-5.851877154782e-03
2.510315221891e-03,7.282837547497e+05,7.282837606037e+05,-5.854005808942e-03
2.509975622971e-03,7.283808500816e+05,7.283808559377e+05,-5.856120493263e-03
2.509636115920e-03,7.284779450295e+05,7.284779508878e+05,-5.858220974915e-03
2.509296700703e-03,7.285750395937e+05,7.285750454540e+05,-5.860311561264e-03
2.508957377282e-03,7.286721337740e+05,7.286721396363e+05,-5.862384685315e-03
2.508618145619e-03,7.287692275704e+05,7.287692334348e+05,-5.864448845387e-03
2.508279005678e-03,7.288663209829e+05,7.288663268494e+05,-5.866494146176e-03
2.507939957421e-03,7.289634140117e+05,7.289634198802e+05,-5.868530366570e-03
2.507601000811e-03,7.290605066565e+05,7.290605125271e+05,-5.870550521649e-03
2.507262135811e-03,7.291575989176e+05,7.291576047901e+05,-5.872557288967e-03
2.506923362383e-03,7.292546907947e+05,7.292546966693e+05,-5.874550552107e-03
2.506584680492e-03,7.293517822881e+05,7.293517881646e+05,-5.876529379748e-03
2.506246090099e-03,7.294488733976e+05,7.294488792761e+05,-5.878496449441e-03
2.505907591167e-03,7.295459641232e+05,7.295459700037e+05,-5.880447803065e-03
2.505569183660e-03,7.296430544651e+05,7.296430603475e+05,-5.882387398742e-03
2.505230867540e-03,7.297401444231e+05,7.297401503074e+05,-5.884314072318e-03
2.504892642770e-03,7.298372339973e+05,7.298372398835e+05,-5.886225029826e-03
2.504554509314e-03,7.299343231876e+05,7.299343290757e+05,-5.888125044294e-03
2.504216467135e-03,7.300314119941e+05,7.300314178841e+05,-5.890006315894e-03
2.503878516194e-03,7.301285004168e+05,7.301285063087e+05,-5.891878041439e-03
2.503540656457e-03,7.302255884557e+05,7.302255943495e+05,-5.893734632991e-03
2.503202887885e-03,7.303226761108e+05,7.303226820064e+05,-5.895578535274e-03
2.502865210441e-03,7.304197633821e+05,7.304197692795e+05,-5.897406954318e-03
2.502527624090e-03,7.305168502695e+05,7.305168561687e+05,-5.899222916923e-03
2.502190128793e-03,7.306139367731e+05,7.306139426742e+05,-5.901025258936e-03
2.501852724515e-03,7.307110228930e+05,7.307110287958e+05,-5.902814911678e-03
2.501515411217e-03,7.308081086290e+05,7.308081145336e+05,-5.904588964768e-03
2.501178188865e-03,7.309051939812e+05,7.309051998876e+05,-5.906350095756e-03
2.500841057420e-03,7.310022789497e+05,7.310022848578e+05,-5.908096674830e-03
2.500504016846e-03,7.310993635343e+05,7.310993694441e+05,-5.909829866141e-03
2.500167067107e-03,7.311964477351e+05,7.311964536467e+05,-5.911549669690e-03
2.499830208165e-03,7.312935315522e+05,7.312935374654e+05,-5.913253407925e-03
2.499493439984e-03,7.313906149855e+05,7.313906209004e+05,-5.914948764257e-03
2.499156762527e-03,7.314876980349e+05,7.314877039516e+05,-5.916626076214e-03
2.498820175758e-03,7.315847807006e+05,7.315847866189e+05,-5.918288254179e-03
2.498483679639e-03,7.316818629825e+05,7.316818689025e+05,-5.919939372689e-03
2.498147274135e-03,7.317789448807e+05,7.317789508022e+05,-5.921578616835e-03
2.497810959208e-03,7.318760263950e+05,7.318760323182e+05,-5.923199700192e-03
2.497474734823e-03,7.319731075256e+05,7.319731134504e+05,-5.924809491262e-03
2.497138600942e-03,7.320701882724e+05,7.320701941988e+05,-5.926403915510e-03
2.496802557529e-03,7.321672686355e+05,7.321672745635e+05,-5.927985068411e-03
2.496466604548e-03,7.322643486147e+05,7.322643545443e+05,-5.929552717134e-03
2.496130741962e-03,7.323614282103e+05,7.323614341414e+05,-5.931107560173e-03
2.495794969734e-03,7.324585074220e+05,7.324585133547e+05,-5.932645057328e-03
2.495459287828e-03,7.325555862500e+05,7.325555921842e+05,-5.934172659181e-03
2.495123696208e-03,7.326526646942e+05,7.326526706299e+05,-5.935682798736e-03
2.494788194837e-03,7.327497427547e+05,7.327497486919e+05,-5.937180714682e-03
2.494452783678e-03,7.328468204315e+05,7.328468263701e+05,-5.938664777204e-03
2.494117462697e-03,7.329438977244e+05,7.329439036646e+05,-5.940134986304e-03
2.493782231855e-03,7.330409746337e+05,7.330409805753e+05,-5.941591225564e-03
2.493447091117e-03,7.331380511592e+05,7.331380571022e+05,-5.943031981587e-03
2.493112040446e-03,7.332351273009e+05,7.332351332454e+05,-5.944460863248e-03
2.492777079807e-03,7.333322030589e+05,7.333322090048e+05,-5.945876124315e-03
2.492442209162e-03,7.334292784332e+05,7.334292843805e+05,-5.947276717052e-03
2.492107428475e-03,7.335263534238e+05,7.335263593724e+05,-5.948661593720e-03
2.491772737712e-03,7.336234280306e+05,7.336234339806e+05,-5.950035527349e-03
2.491438136834e-03,7.337205022537e+05,7.337205082050e+05,-5.951394326985e-03
2.491103625806e-03,7.338175760930e+05,7.338175820457e+05,-5.952735547908e-03
2.490769204591e-03,7.339146495486e+05,7.339146555027e+05,-5.954066873528e-03
2.490434873154e-03,7.340117226205e+05,7.340117285759e+05,-5.955383880064e-03
2.490100631459e-03,7.341087953087e+05,7.341088012654e+05,-5.956686451100e-03
2.489766479469e-03,7.342058676132e+05,7.342058735712e+05,-5.957972723991e-03
2.489432417147e-03,7.343029395340e+05,7.343029454932e+05,-5.959247006103e-03
2.489098444459e-03,7.344000110710e+05,7.344000170315e+05,-5.960508016869e-03
2.488764561368e-03,7.344970822244e+05,7.344970881861e+05,-5.961752845906e-03
2.488430767838e-03,7.345941529940e+05,7.345941589570e+05,-5.962985218503e-03
2.488097063833e-03,7.346912233799e+05,7.346912293441e+05,-5.964201991446e-03
2.487763449316e-03,7.347882933821e+05,7.347882993476e+05,-5.965406657197e-03
2.487429924253e-03,7.348853630007e+05,7.348853689673e+05,-5.966595956124e-03
2.487096488606e-03,7.349824322355e+05,7.349824382033e+05,-5.967769888230e-03
2.486763142340e-03,7.350795010866e+05,7.350795070556e+05,-5.968930898234e-03
2.486429885419e-03,7.351765695541e+05,7.351765755242e+05,-5.970078520477e-03
2.486096717808e-03,7.352736376378e+05,7.352736436091e+05,-5.971212172881e-03
2.485763639469e-03,7.353707053379e+05,7.353707113102e+05,-5.972332321107e-03
2.485430650368e-03,7.354677726543e+05,7.354677786277e+05,-5.973434075713e-03
2.485097750469e-03,7.355648395870e+05,7.355648455615e+05,-5.974526051432e-03
2.484764939735e-03,7.356619061360e+05,7.356619121116e+05,-5.975602893159e-03
2.484432218131e-03,7.357589723014e+05,7.357589782780e+05,-5.976663902402e-03
2.484099585621e-03,7.358560380830e+05,7.358560440607e+05,-5.977713386528e-03
2.483767042169e-03,7.359531034810e+05,7.359531094598e+05,-5.978747969493e-03
2.483434587739e-03,7.360501684954e+05,7.360501744751e+05,-5.979765090160e-03
2.483102222297e-03,7.361472331260e+05,7.361472391068e+05,-5.980771617033e-03
2.482769945805e-03,7.362442973730e+05,7.362443033548e+05,-5.981761263683e-03
2.482437758229e-03,7.363413612363e+05,7.363413672191e+05,-5.982737522572e-03
2.482105659532e-03,7.364384247160e+05,7.364384306997e+05,-5.983701907098e-03
2.481773649679e-03,7.365354878120e+05,7.365354937967e+05,-5.984650109895e-03
2.481441728634e-03,7.366325505244e+05,7.366325565100e+05,-5.985583877191e-03
2.481109896363e-03,7.367296128531e+05,7.367296188396e+05,-5.986505653709e-03
2.480778152828e-03,7.368266747982e+05,7.368266807856e+05,-5.987409036607e-03
2.480446497995e-03,7.369237363596e+05,7.369237423479e+05,-5.988301942125e-03
2.480114931827e-03,7.370207975373e+05,7.370208035265e+05,-5.989176803268e-03
2.479783454290e-03,7.371178583315e+05,7.371178643215e+05,-5.990039557219e-03
2.479452065348e-03,7.372149187420e+05,7.372149247328e+05,-5.990889039822e-03
2.479120764965e-03,7.373119787688e+05,7.373119847605e+05,-5.991722689942e-03
2.478789553106e-03,7.374090384120e+05,7.374090444046e+05,-5.992544116452e-03
2.478458429736e-03,7.375060976716e+05,7.375061036649e+05,-5.993348080665e-03
2.478127394818e-03,7.376031565476e+05,7.376031625417e+05,-5.994141683914e-03
2.477796448317e-03,7.377002150399e+05,7.377002210348e+05,-5.994916311465e-03
2.477465590199e-03,7.377972731486e+05,7.377972791443e+05,-5.995678249747e-03
2.477134820427e-03,7.378943308736e+05,7.378943368701e+05,-5.996427033097e-03
2.476804138967e-03,7.379913882151e+05,7.379913942123e+05,-5.997161846608e-03
2.476473545782e-03,7.380884451729e+05,7.380884511708e+05,-5.997880711220e-03
2.476143040838e-03,7.381855017472e+05,7.381855077457e+05,-5.998583976179e-03
2.475812624099e-03,7.382825579378e+05,7.382825639371e+05,-5.999277113006e-03
2.475482295530e-03,7.383796137448e+05,7.383796197447e+05,-5.999954300933e-03
2.475152055096e-03,7.384766691682e+05,7.384766751688e+05,-6.000615656376e-03
2.474821902761e-03,7.385737242080e+05,7.385737302092e+05,-6.001263507642e-03
2.474491838490e-03,7.386707788641e+05,7.386707848660e+05,-6.001896341331e-03
2.474161862248e-03,7.387678331367e+05,7.387678391392e+05,-6.002513691783e-03
2.473831974000e-03,7.388648870257e+05,7.388648930288e+05,-6.003118120134e-03
2.473502173710e-03,7.389619405311e+05,7.389619465348e+05,-6.003708112985e-03
2.473172461344e-03,7.390589936529e+05,7.390589996572e+05,-6.004284135997e-03
2.472842836865e-03,7.391560463911e+05,7.391560523960e+05,-6.004845723510e-03
2.472513300240e-03,7.392530987457e+05,7.392531047511e+05,-6.005391129293e-03
2.472183851432e-03,7.393501507168e+05,7.393501567227e+05,-6.005922798067e-03
2.471854490408e-03,7.394472023042e+05,7.394472083107e+05,-6.006441777572e-03
2.471525217131e-03,7.395442535081e+05,7.395442595150e+05,-6.006943178363e-03
2.471196031566e-03,7.396413043284e+05,7.396413103358e+05,-6.007431773469e-03
2.470866933680e-03,7.397383547651e+05,7.397383607730e+05,-6.007908028550e-03
2.470537923435e-03,7.398354048182e+05,7.398354108266e+05,-6.008365890011e-03
2.470209000799e-03,7.399324544878e+05,7.399324604966e+05,-6.008810945787e-03
2.469880165735e-03,7.400295037738e+05,7.400295097831e+05,-6.009242963046e-03
2.469551418208e-03,7.401265526763e+05,7.401265586859e+05,-6.009656935930e-03
2.469222758185e-03,7.402236011951e+05,7.402236072052e+05,-6.010060315020e-03
2.468894185629e-03,7.403206493304e+05,7.403206553409e+05,-6.010446813889e-03
2.468565700506e-03,7.404176970822e+05,7.404177030930e+05,-6.010818178765e-03
2.468237302780e-03,7.405147444504e+05,7.405147504616e+05,-6.011177785695e-03
2.467908992418e-03,7.406117914351e+05,7.406117974466e+05,-6.011518882588e-03
2.467580769384e-03,7.407088380362e+05,7.407088440480e+05,-6.011848454364e-03
2.467252633644e-03,7.408058842537e+05,7.408058902659e+05,-6.012162193656e-03
2.466924585162e-03,7.409029300877e+05,7.409029361002e+05,-6.012462894432e-03
2.466596623903e-03,7.409999755382e+05,7.409999815509e+05,-6.012747180648e-03
2.466268749834e-03,7.410970206051e+05,7.410970266181e+05,-6.013019476086e-03
2.465940962919e-03,7.411940652885e+05,7.411940713017e+05,-6.013273959979e-03
2.465613263123e-03,7.412911095883e+05,7.412911156018e+05,-6.013517617248e-03
2.465285650412e-03,7.413881535046e+05,7.413881595184e+05,-6.013741367497e-03
2.464958124751e-03,7.414851970374e+05,7.414852030514e+05,-6.013954291120e-03
2.464630686105e-03,7.415822401867e+05,7.415822462008e+05,-6.014151265845e-03
2.464303334440e-03,7.416792829524e+05,7.416792889667e+05,-6.014336599037e-03
2.463976069721e-03,7.417763253346e+05,7.417763313491e+05,-6.014502258040e-03
2.463648891913e-03,7.418733673333e+05,7.418733733479e+05,-6.014659185894e-03
2.463321800982e-03,7.419704089484e+05,7.419704149632e+05,-6.014798302203e-03
2.462994796894e-03,7.420674501801e+05,7.420674561950e+05,-6.014920538291e-03
2.462667879612e-03,7.421644910282e+05,7.421644970433e+05,-6.015031016432e-03
2.462341049104e-03,7.422615314928e+05,7.422615375080e+05,-6.015125312842e-03
2.462014305334e-03,7.423585715740e+05,7.423585775892e+05,-6.015204242431e-03
2.461687648269e-03,7.424556112716e+05,7.424556172868e+05,-6.015271763317e-03
2.461361077872e-03,7.425526505857e+05,7.425526566010e+05,-6.015324150212e-03
2.461034594111e-03,7.426496895163e+05,7.426496955316e+05,-6.015360122547e-03
2.460708196950e-03,7.427467280634e+05,7.427467340788e+05,-6.015381077304e-03
2.460381886355e-03,7.428437662270e+05,7.428437722424e+05,-6.015388993546e-03
2.460055662291e-03,7.429408040071e+05,7.429408100225e+05,-6.015378516167e-03
2.459729524725e-03,7.430378414037e+05,7.430378474191e+05,-6.015356280841e-03
2.459403473621e-03,7.431348784169e+05,7.431348844322e+05,-6.015320075676e-03
2.459077508946e-03,7.432319150465e+05,7.432319210618e+05,-6.015267455950e-03
2.458751630665e-03,7.433289512927e+05,7.433289573079e+05,-6.015201797709e-03
2.458425838744e-03,7.434259871553e+05,7.434259931705e+05,-6.015120074153e-03
2.458100133148e-03,7.435230226345e+05,7.435230286496e+05,-6.015024497174e-03
2.457774513843e-03,7.436200577303e+05,7.436200637452e+05,-6.014913320541e-03
2.457448980795e-03,7.437170924425e+05,7.437170984573e+05,-6.014787359163e-03
2.457123533969e-03,7.438141267713e+05,7.438141327860e+05,-6.014646030962e-03
2.456798173332e-03,7.439111607166e+05,7.439111667311e+05,-6.014490150847e-03
2.456472898848e-03,7.440081942785e+05,7.440082002928e+05,-6.014319951646e-03
2.456147710485e-03,7.441052274569e+05,7.441052334710e+05,-6.014135782607e-03
2.455822608206e-03,7.442022602518e+05,7.442022662657e+05,-6.013934267685e-03
2.455497591980e-03,7.442992926632e+05,7.442992986770e+05,-6.013722042553e-03
2.455172661771e-03,7.443963246912e+05,7.443963307047e+05,-6.013494101353e-03
2.454847817544e-03,7.444933563358e+05,7.444933623490e+05,-6.013249745592e-03
2.454523059267e-03,7.445903875969e+05,7.445903936099e+05,-6.012989440933e-03
2.454198386905e-03,7.446874184745e+05,7.446874244872e+05,-6.012717261910e-03
2.453873800423e-03,7.447844489687e+05,7.447844549812e+05,-6.012429366820e-03
2.453549299788e-03,7.448814790795e+05,7.448814850916e+05,-6.012123427354e-03
2.453224884966e-03,7.449785088068e+05,7.449785148186e+05,-6.011807709001e-03
2.452900555923e-03,7.450755381507e+05,7.450755441622e+05,-6.011473946273e-03
2.452576312624e-03,7.451725671111e+05,7.451725731222e+05,-6.011124933138e-03
2.452252155036e-03,7.452695956881e+05,7.452696016989e+05,-6.010762182996e-03
2.451928083124e-03,7.453666238817e+05,7.453666298921e+05,-6.010386859998e-03
2.451604096855e-03,7.454636516918e+05,7.454636577018e+05,-6.009993609041e-03
2.451280196195e-03,7.455606791186e+05,7.455606851281e+05,-6.009584991261e-03
2.450956381110e-03,7.456577061619e+05,7.456577121710e+05,-6.009164848365e-03
2.450632651565e-03,7.457547328217e+05,7.457547388305e+05,-6.008728756569e-03
2.450309007528e-03,7.458517590982e+05,7.458517651065e+05,-6.008276250213e-03
2.449985448963e-03,7.459487849912e+05,7.459487909990e+05,-6.007809191942e-03
2.449661975838e-03,7.460458105008e+05,7.460458165082e+05,-6.007328513078e-03
2.449338588119e-03,7.461428356270e+05,7.461428416339e+05,-6.006830604747e-03
2.449015285771e-03,7.462398603698e+05,7.462398663762e+05,-6.006318260916e-03
2.448692068761e-03,7.463368847292e+05,7.463368907350e+05,-6.005793926306e-03
2.448368937055e-03,7.464339087052e+05,7.464339147105e+05,-6.005253177136e-03
2.448045890619e-03,7.465309322978e+05,7.465309383025e+05,-6.004694150761e-03
2.447722929420e-03,7.466279555070e+05,7.466279615111e+05,-6.004122667946e-03
2.447400053423e-03,7.467249783328e+05,7.467249843363e+05,-6.003539194353e-03
2.447077262596e-03,7.468220007752e+05,7.468220067781e+05,-6.002937443554e-03
2.446754556904e-03,7.469190228342e+05,7.469190288365e+05,-6.002322304994e-03
2.446431936313e-03,7.470160445098e+05,7.470160505115e+05,-6.001691450365e-03
2.446109400791e-03,7.471130658020e+05,7.471130718030e+05,-6.001045927405e-03
2.445786950303e-03,7.472100867108e+05,7.472100927112e+05,-6.000384222716e-03
2.445464584816e-03,7.473071072363e+05,7.473071132360e+05,-5.999709013849e-03
2.445142304296e-03,7.474041273784e+05,7.474041333774e+05,-5.999017041177e-03
2.444820108710e-03,7.475011471371e+05,7.475011531354e+05,-5.998314474709e-03
2.444497998024e-03,7.475981665124e+05,7.475981725100e+05,-5.997590487823e-03
2.444175972204e-03,7.476951855043e+05,7.476951915012e+05,-5.996854393743e-03
2.443854031217e-03,7.477922041129e+05,7.477922101090e+05,-5.996106192470e-03
2.443532175030e-03,7.478892223381e+05,7.478892283335e+05,-5.995339946821e-03
2.443210403608e-03,7.479862401800e+05,7.479862461745e+05,-5.994560196996e-03
2.442888716919e-03,7.480832576385e+05,7.480832636322e+05,-5.993761820719e-03
2.442567114929e-03,7.481802747136e+05,7.481802807065e+05,-5.992953316309e-03
2.442245597604e-03,7.482772914053e+05,7.482772973975e+05,-5.992126301862e-03
2.441924164912e-03,7.483743077138e+05,7.483743137050e+05,-5.991287180223e-03
2.441602816818e-03,7.484713236388e+05,7.484713296293e+05,-5.990431876853e-03
2.441281553289e-03,7.485683391805e+05,7.485683451701e+05,-5.989561905153e-03
2.440960374293e-03,7.486653543389e+05,7.486653603276e+05,-5.988673889078e-03
2.440639279795e-03,7.487623691139e+05,7.487623751017e+05,-5.987774813548e-03
2.440318269762e-03,7.488593835056e+05,7.488593894924e+05,-5.986856878735e-03
2.439997344161e-03,7.489563975139e+05,7.489564034998e+05,-5.985927535221e-03
2.439676502959e-03,7.490534111389e+05,7.490534171239e+05,-5.984981777146e-03
2.439355746121e-03,7.491504243806e+05,7.491504303646e+05,-5.984022631310e-03
2.439035073616e-03,7.492474372389e+05,7.492474432219e+05,-5.983043578453e-03
2.438714485410e-03,7.493444497139e+05,7.493444556960e+05,-5.982056143694e-03
2.438393981469e-03,7.494414618056e+05,7.494414677866e+05,-5.981048336253e-03
2.438073561761e-03,7.495384735139e+05,7.495384794939e+05,-5.980027490295e-03
2.437753226251e-03,7.496354848389e+05,7.496354908179e+05,-5.978989647701e-03
2.437432974908e-03,7.497324957806e+05,7.497325017586e+05,-5.977938766591e-03
2.437112807697e-03,7.498295063390e+05,7.498295123159e+05,-5.976872867905e-03
2.436792724586e-03,7.499265165141e+05,7.499265224899e+05,-5.975791369565e-03
2.436472725542e-03,7.500235263058e+05,7.500235322805e+05,-5.974696250632e-03
2.436152810530e-03,7.501205357143e+05,7.501205416879e+05,-5.973584484309e-03
2.435832979520e-03,7.502175447394e+05,7.502175507119e+05,-5.972455139272e-03
2.435513232476e-03,7.503145533812e+05,7.503145593526e+05,-5.971312755719e-03
2.435193569366e-03,7.504115616398e+05,7.504115676099e+05,-5.970157682896e-03
2.434873990157e-03,7.505085695150e+05,7.505085754840e+05,-5.968985380605e-03
2.434554494817e-03,7.506055770069e+05,7.506055829747e+05,-5.967799457721e-03
2.434235083311e-03,7.507025841156e+05,7.507025900822e+05,-5.966595141217e-03
2.433915755608e-03,7.507995908409e+05,7.507995968063e+05,-5.965378368273e-03
2.433596511674e-03,7.508965971829e+05,7.508966031471e+05,-5.964146461338e-03
2.433277351475e-03,7.509936031417e+05,7.509936091046e+05,-5.962897674181e-03
2.432958274980e-03,7.510906087172e+05,7.510906146788e+05,-5.961636081338e-03
2.432639282155e-03,7.511876139094e+05,7.511876198697e+05,-5.960357724689e-03
2.432320372968e-03,7.512846187183e+05,7.512846246773e+05,-5.959064117633e-03
2.432001547385e-03,7.513816231439e+05,7.513816291017e+05,-5.957754794508e-03
2.431682805374e-03,7.514786271863e+05,7.514786331427e+05,-5.956430919468e-03
2.431364146901e-03,7.515756308453e+05,7.515756368004e+05,-5.955093191005e-03
2.431045571934e-03,7.516726341212e+05,7.516726400749e+05,-5.953741259873e-03
2.430727080440e-03,7.517696370137e+05,7.517696429661e+05,-5.952372564934e-03
2.430408672387e-03,7.518666395230e+05,7.518666454740e+05,-5.950987571850e-03
2.430090347741e-03,7.519636416490e+05,7.519636475986e+05,-5.949586513452e-03
2.429772106469e-03,7.520606433917e+05,7.520606493399e+05,-5.948171368800e-03
2.429453948540e-03,7.521576447512e+05,7.521576506980e+05,-5.946744349785e-03
2.429135873920e-03,7.522546457275e+05,7.522546516728e+05,-5.945299984887e-03
2.428817882576e-03,7.523516463205e+05,7.523516522643e+05,-5.943839438260e-03
2.428499974476e-03,7.524486465302e+05,7.524486524726e+05,-5.942363291979e-03
2.428182149588e-03,7.525456463567e+05,7.525456522976e+05,-5.940874223597e-03
2.427864407878e-03,7.526426457999e+05,7.526426517393e+05,-5.939367460087e-03
2.427546749313e-03,7.527396448599e+05,7.527396507978e+05,-5.937846377492e-03
2.427229173862e-03,7.528366435367e+05,7.528366494730e+05,-5.936311557889e-03
2.426911681491e-03,7.529336418302e+05,7.529336477649e+05,-5.934759625234e-03
2.426594272168e-03,7.530306397405e+05,7.530306456737e+05,-5.933194188401e-03
2.426276945861e-03,7.531276372675e+05,7.531276431991e+05,-5.931612104177e-03
2.425959702537e-03,7.532246344113e+05,7.532246403413e+05,-5.930014769547e-03
2.425642542162e-03,7.533216311719e+05,7.533216371003e+05,-5.928403465077e-03
2.425325464706e-03,7.534186275493e+05,7.534186334760e+05,-5.926776095293e-03
2.425008470135e-03,7.535156235434e+05,7.535156294685e+05,-5.925133242272e-03
2.424691558416e-03,7.536126191543e+05,7.536126250778e+05,-5.923475022428e-03
2.424374729518e-03,7.537096143820e+05,7.537096203038e+05,-5.921800970100e-03
2.424057983407e-03,7.538066092265e+05,7.538066151466e+05,-5.920113879256e-03
2.423741320052e-03,7.539036036877e+05,7.539036096061e+05,-5.918411887251e-03
2.423424739420e-03,7.540005977658e+05,7.540006036825e+05,-5.916693015024e-03
2.423108241478e-03,7.540975914606e+05,7.540975973756e+05,-5.914956098422e-03
2.422791826195e-03,7.541945847723e+05,7.541945906855e+05,-5.913209170103e-03
2.422475493537e-03,7.542915777007e+05,7.542915836121e+05,-5.911442567594e-03
2.422159243473e-03,7.543885702459e+05,7.543885761556e+05,-5.909666186199e-03
2.421843075969e-03,7.544855624080e+05,7.544855683158e+05,-5.907871760428e-03
2.421526990995e-03,7.545825541868e+05,7.545825600929e+05,-5.906058708206e-03
2.421210988516e-03,7.546795455824e+05,7.546795514867e+05,-5.904232966714e-03
2.420895068502e-03,7.547765365949e+05,7.547765424973e+05,-5.902393138967e-03
2.420579230920e-03,7.548735272241e+05,7.548735331247e+05,-5.900535266846e-03
2.420263475737e-03,7.549705174702e+05,7.549705233689e+05,-5.898666218854e-03
2.419947802922e-03,7.550675073331e+05,7.550675132299e+05,-5.896779592149e-03
2.419632212441e-03,7.551644968128e+05,7.551645027077e+05,-5.894879344851e-03
2.419316704264e-03,7.552614859093e+05,7.552614918023e+05,-5.892960005440e-03
2.419001278357e-03,7.553584746227e+05,7.553584805137e+05,-5.891026812606e-03
2.418685934689e-03,7.554554629529e+05,7.554554688420e+05,-5.889079649933e-03
2.418370673227e-03,7.555524508999e+05,7.555524567870e+05,-5.887117469683e-03
2.418055493940e-03,7.556494384637e+05,7.556494443488e+05,-5.885138525628e-03
2.417740396794e-03,7.557464256444e+05,7.557464315275e+05,-5.883145146072e-03
2.417425381759e-03,7.558434124419e+05,7.558434183230e+05,-5.881135119125e-03
2.417110448801e-03,7.559403988562e+05,7.559404047353e+05,-5.879112402909e-03
2.416795597890e-03,7.560373848874e+05,7.560373907645e+05,-5.877072806470e-03
2.416480828992e-03,7.561343705354e+05,7.561343764105e+05,-5.875019473024e-03
2.416166142076e-03,7.562313558003e+05,7.562313616733e+05,-5.872949026525e-03
2.415851537109e-03,7.563283406820e+05,7.563283465529e+05,-5.870864726603e-03
2.415537014061e-03,7.564253251806e+05,7.564253310494e+05,-5.868762382306e-03
2.415222572898e-03,7.565223092960e+05,7.565223151627e+05,-5.866646301001e-03
2.414908213588e-03,7.566192930283e+05,7.566192988928e+05,-5.864514620043e-03
2.414593936101e-03,7.567162763774e+05,7.567162822398e+05,-5.862368154339e-03
2.414279740403e-03,7.568132593434e+05,7.568132652036e+05,-5.860206671059e-03
2.413965626464e-03,7.569102419263e+05,7.569102477843e+05,-5.858028074726e-03
2.413651594250e-03,7.570072241260e+05,7.570072299818e+05,-5.855836556293e-03
2.413337643730e-03,7.571042059426e+05,7.571042117962e+05,-5.853627924807e-03
2.413023774873e-03,7.572011873761e+05,7.572011932275e+05,-5.851402762346e-03
2.412709987646e-03,7.572981684264e+05,7.572981742756e+05,-5.849167122506e-03
2.412396282018e-03,7.573951490936e+05,7.573951549405e+05,-5.846913321875e-03
2.412082657956e-03,7.574921293777e+05,7.574921352223e+05,-5.844643455930e-03
2.411769115430e-03,7.575891092787e+05,7.575891151210e+05,-5.842358339578e-03
2.411455654406e-03,7.576860887965e+05,7.576860946366e+05,-5.840059253387e-03
2.411142274854e-03,7.577830679312e+05,7.577830737690e+05,-5.837743519805e-03
2.410828976741e-03,7.578800466829e+05,7.578800525183e+05,-5.835413350724e-03
2.410515760036e-03,7.579770250514e+05,7.579770308844e+05,-5.833066417836e-03
2.410202624708e-03,7.580740030368e+05,7.580740088675e+05,-5.830703536049e-03
2.409889570723e-03,7.581709806391e+05,7.581709864674e+05,-5.828328314237e-03
2.409576598052e-03,7.582679578583e+05,7.582679636842e+05,-5.825936212204e-03
2.409263706661e-03,7.583649346944e+05,7.583649405179e+05,-5.823530023918e-03
2.408950896520e-03,7.584619111474e+05,7.584619169685e+05,-5.821107886732e-03
2.408638167597e-03,7.585588872173e+05,7.585588930360e+05,-5.818668636493e-03
2.408325519860e-03,7.586558629041e+05,7.586558687203e+05,-5.816216114908e-03
2.408012953277e-03,7.587528382078e+05,7.587528440216e+05,-5.813746829517e-03
2.407700467817e-03,7.588498131285e+05,7.588498189397e+05,-5.811260547489e-03
2.407388063449e-03,7.589467876660e+05,7.589467934748e+05,-5.808763438836e-03
2.407075740140e-03,7.590437618205e+05,7.590437676267e+05,-5.806249217130e-03
2.406763497860e-03,7.591407355919e+05,7.591407413956e+05,-5.803718464449e-03
2.406451336576e-03,7.592377089802e+05,7.592377147813e+05,-5.801170482300e-03
2.406139256257e-03,7.593346819854e+05,7.593346877840e+05,-5.798611557111e-03
2.405827256872e-03,7.594316546076e+05,7.594316604036e+05,-5.796032957733e-03
2.405515338390e-03,7.595286268467e+05,7.595286326401e+05,-5.793442600407e-03
2.405203500778e-03,7.596255987027e+05,7.596256044935e+05,-5.790834315121e-03
2.404891744005e-03,7.597225701756e+05,7.597225759638e+05,-5.788213689812e-03
2.404580068040e-03,7.598195412655e+05,7.598195470511e+05,-5.785574088804e-03
2.404268472852e-03,7.599165119724e+05,7.599165177553e+05,-5.782923661172e-03
2.403956958409e-03,7.600134822961e+05,7.600134880764e+05,-5.780254607089e-03
2.403645524679e-03,7.601104522369e+05,7.601104580144e+05,-5.777569604106e-03
2.403334171632e-03,7.602074217945e+05,7.602074275694e+05,-5.774871096946e-03
2.403022899236e-03,7.603043909691e+05,7.603043967413e+05,-5.772154428996e-03
2.402711707459e-03,7.604013597607e+05,7.604013655301e+05,-5.769423791207e-03
2.402400596271e-03,7.604983281692e+05,7.604983339359e+05,-5.766679183580e-03
2.402089565640e-03,7.605952961947e+05,7.605953019586e+05,-5.763917462900e-03
2.401778615534e-03,7.606922638372e+05,7.606922695983e+05,-5.761142005213e-03
2.401467745923e-03,7.607892310966e+05,7.607892368549e+05,-5.758349434473e-03
2.401156956775e-03,7.608861979729e+05,7.608862037285e+05,-5.755545455031e-03
2.400846248059e-03,7.609831644663e+05,7.609831702190e+05,-5.752719240263e-03
2.400535619744e-03,7.610801305766e+05,7.610801363264e+05,-5.749884177931e-03
2.400225071798e-03,7.611770963038e+05,7.611771020509e+05,-5.747029557824e-03
2.399914604191e-03,7.612740616481e+05,7.612740673922e+05,-5.744161200710e-03
2.399604216891e-03,7.613710266093e+05,7.613710323506e+05,-5.741279223002e-03
2.399293909867e-03,7.614679911875e+05,7.614679969259e+05,-5.738379666582e-03
2.398983683088e-03,7.615649553827e+05,7.615649611182e+05,-5.735465092584e-03
2.398673536522e-03,7.616619191949e+05,7.616619249274e+05,-5.732533172704e-03
2.398363470140e-03,7.617588826240e+05,7.617588883536e+05,-5.729586700909e-03
2.398053483908e-03,7.618558456702e+05,7.618558513968e+05,-5.726626142859e-03
2.397743577798e-03,7.619528083333e+05,7.619528140570e+05,-5.723650101572e-03
2.397433751777e-03,7.620497706134e+05,7.620497763341e+05,-5.720656947233e-03
2.397124005814e-03,7.621467325106e+05,7.621467382282e+05,-5.717652500607e-03
2.396814339879e-03,7.622436940247e+05,7.622436997393e+05,-5.714628030546e-03
2.396504753940e-03,7.623406551558e+05,7.623406608674e+05,-5.711591336876e-03
2.396195247966e-03,7.624376159040e+05,7.624376216125e+05,-5.708538694307e-03
2.395885821927e-03,7.625345762691e+05,7.625345819746e+05,-5.705468938686e-03
2.395576475791e-03,7.626315362512e+05,7.626315419536e+05,-5.702384863980e-03
2.395267209527e-03,7.627284958504e+05,7.627285015497e+05,-5.699283792637e-03
2.394958023106e-03,7.628254550666e+05,7.628254607627e+05,-5.696169682778e-03
2.394648916495e-03,7.629224138998e+05,7.629224195928e+05,-5.693038925529e-03
2.394339889663e-03,7.630193723500e+05,7.630193780399e+05,-5.689893849194e-03
2.394030942581e-03,7.631163304172e+05,7.631163361039e+05,-5.686733871698e-03
2.393722075216e-03,7.632132881015e+05,7.632132937850e+05,-5.683556897566e-03
2.393413287539e-03,7.633102454027e+05,7.633102510831e+05,-5.680363625288e-03
2.393104579518e-03,7.634072023210e+05,7.634072079982e+05,-5.677156033926e-03
2.392795951122e-03,7.635041588564e+05,7.635041645303e+05,-5.673934123479e-03
2.392487402321e-03,7.636011150088e+05,7.636011206795e+05,-5.670696264133e-03
2.392178933084e-03,7.636980707782e+05,7.636980764456e+05,-5.667443503626e-03
2.391870543380e-03,7.637950261646e+05,7.637950318288e+05,-5.664174212143e-03
2.391562233179e-03,7.638919811681e+05,7.638919868290e+05,-5.660890368745e-03
2.391254002449e-03,7.639889357886e+05,7.639889414462e+05,-5.657589412294e-03
2.390945851160e-03,7.640858900262e+05,7.640858956805e+05,-5.654275882989e-03
2.390637779281e-03,7.641828438808e+05,7.641828495318e+05,-5.650944192894e-03
2.390329786782e-03,7.642797973525e+05,7.642798030001e+05,-5.647596786730e-03
2.390021873631e-03,7.643767504413e+05,7.643767560855e+05,-5.644236109219e-03
2.389714039799e-03,7.644737031470e+05,7.644737087879e+05,-5.640860064887e-03
2.389406285254e-03,7.645706554699e+05,7.645706611074e+05,-5.637467140332e-03
2.389098609967e-03,7.646676074098e+05,7.646676130439e+05,-5.634060595185e-03
2.388791013905e-03,7.647645589668e+05,7.647645645974e+05,-5.630638217553e-03
2.388483497039e-03,7.648615101408e+05,7.648615157680e+05,-5.627197097056e-03
2.388176059338e-03,7.649584609319e+05,7.649584665557e+05,-5.623744102195e-03
2.387868700772e-03,7.650554113401e+05,7.650554169604e+05,-5.620276439004e-03
2.387561421310e-03,7.651523613653e+05,7.651523669821e+05,-5.616791429929e-03
2.387254220921e-03,7.652493110077e+05,7.652493166210e+05,-5.613290006295e-03
2.386947099575e-03,7.653462602671e+05,7.653462658769e+05,-5.609778221697e-03
2.386640057242e-03,7.654432091436e+05,7.654432147498e+05,-5.606245365925e-03
2.386333093891e-03,7.655401576371e+05,7.655401632398e+05,-5.602698540315e-03
2.386026209491e-03,7.656371057478e+05,7.656371113469e+05,-5.599139025435e-03
2.385719404012e-03,7.657340534755e+05,7.657340590711e+05,-5.595561349764e-03
2.385412677424e-03,7.658310008204e+05,7.658310064123e+05,-5.591969937086e-03
2.385106029695e-03,7.659279477823e+05,7.659279533706e+05,-5.588363157585e-03
2.384799460797e-03,7.660248943613e+05,7.660248999460e+05,-5.584736587480e-03
2.384492970698e-03,7.661218405574e+05,7.661218461385e+05,-5.581101286225e-03
2.384186559368e-03,7.662187863706e+05,7.662187919481e+05,-5.577447242104e-03
2.383880226776e-03,7.663157318010e+05,7.663157373747e+05,-5.573776550591e-03
2.383573972893e-03,7.664126768484e+05,7.664126824185e+05,-5.570093402639e-03
2.383267797688e-03,7.665096215129e+05,7.665096270793e+05,-5.566393607296e-03
2.382961701130e-03,7.666065657946e+05,7.666065713573e+05,-5.562677746639e-03
2.382655683190e-03,7.667035096933e+05,7.667035152523e+05,-5.558946868405e-03
2.382349743837e-03,7.668004532092e+05,7.668004587644e+05,-5.555200856179e-03
2.382043883040e-03,7.668973963422e+05,7.668974018937e+05,-5.551440292038e-03
2.381738100770e-03,7.669943390923e+05,7.669943446400e+05,-5.547660985030e-03
2.381432396997e-03,7.670912814596e+05,7.670912870034e+05,-5.543870967813e-03
2.381126771689e-03,7.671882234439e+05,7.671882289840e+05,-5.540062207729e-03
2.380821224817e-03,7.672851650454e+05,7.672851705817e+05,-5.536240874790e-03
2.380515756351e-03,7.673821062640e+05,7.673821117964e+05,-5.532399984077e-03
2.380210366260e-03,7.674790470998e+05,7.674790526283e+05,-5.528547684662e-03
2.379905054515e-03,7.675759875527e+05,7.675759930774e+05,-5.524677573703e-03
2.379599821085e-03,7.676729276227e+05,7.676729331435e+05,-5.520794773474e-03
2.379294665940e-03,7.677698673099e+05,7.677698728268e+05,-5.516895675100e-03
2.378989589050e-03,7.678668066142e+05,7.678668121272e+05,-5.512977717444e-03
2.378684590385e-03,7.679637455356e+05,7.679637510447e+05,-5.509046022780e-03
2.378379669914e-03,7.680606840742e+05,7.680606895793e+05,-5.505102686584e-03
2.378074827608e-03,7.681576222300e+05,7.681576277311e+05,-5.501138861291e-03
2.377770063437e-03,7.682545600029e+05,7.682545655001e+05,-5.497163278051e-03
2.377465377371e-03,7.683514973930e+05,7.683515028861e+05,-5.493171745911e-03
2.377160769379e-03,7.684484344002e+05,7.684484398893e+05,-5.489165894687e-03
2.376856239431e-03,7.685453710246e+05,7.685453765097e+05,-5.485140369274e-03
2.376551787498e-03,7.686423072661e+05,7.686423127472e+05,-5.481102853082e-03
2.376247413550e-03,7.687392431248e+05,7.687392486018e+05,-5.477052414790e-03
2.375943117557e-03,7.688361786007e+05,7.688361840737e+05,-5.472980556078e-03
2.375638899488e-03,7.689331136937e+05,7.689331191626e+05,-5.468896124512e-03
2.375334759314e-03,7.690300484039e+05,7.690300538687e+05,-5.464796908200e-03
2.375030697005e-03,7.691269827313e+05,7.691269881920e+05,-5.460682208650e-03
2.374726712530e-03,7.692239166759e+05,7.692239221324e+05,-5.456552607939e-03
2.374422805861e-03,7.693208502376e+05,7.693208556900e+05,-5.452408920974e-03
2.374118976967e-03,7.694177834166e+05,7.694177888648e+05,-5.448246840388e-03
2.373815225819e-03,7.695147162127e+05,7.695147216567e+05,-5.444071488455e-03
2.373511552386e-03,7.696116486260e+05,7.696116540659e+05,-5.439877160825e-03
2.373207956639e-03,7.697085806565e+05,7.697085860921e+05,-5.435671540909e-03
2.372904438547e-03,7.698055123042e+05,7.698055177356e+05,-5.431448691525e-03
2.372600998082e-03,7.699024435690e+05,7.699024489962e+05,-5.427212803625e-03
2.372297635213e-03,7.699993744511e+05,7.699993798741e+05,-5.422958987765e-03
2.371994349911e-03,7.700963049504e+05,7.700963103691e+05,-5.418691085652e-03
2.371691142145e-03,7.701932350669e+05,7.701932404813e+05,-5.414406885393e-03
2.371388011886e-03,7.702901648005e+05,7.702901702107e+05,-5.410109995864e-03
2.371084959105e-03,7.703870941514e+05,7.703870995572e+05,-5.405796109699e-03
2.370781983772e-03,7.704840231195e+05,7.704840285210e+05,-5.401465808973e-03
2.370479085857e-03,7.705809517048e+05,7.705809571020e+05,-5.397121421993e-03
2.370176265330e-03,7.706778799074e+05,7.706778853001e+05,-5.392759921961e-03
2.369873522161e-03,7.707748077271e+05,7.707748131155e+05,-5.388384452090e-03
2.369570856322e-03,7.708717351641e+05,7.708717405481e+05,-5.383995245211e-03
2.369268267782e-03,7.709686622183e+05,7.709686675979e+05,-5.379590205848e-03
2.368965756512e-03,7.710655888897e+05,7.710655942648e+05,-5.375166889280e-03
2.368663322482e-03,7.711625151783e+05,7.711625205490e+05,-5.370729835704e-03
2.368360965663e-03,7.712594410842e+05,7.712594464504e+05,-5.366278812289e-03
2.368058686024e-03,7.713563666073e+05,7.713563719691e+05,-5.361812887713e-03
2.367756483538e-03,7.714532917476e+05,7.714532971049e+05,-5.357329151593e-03
2.367454358173e-03,7.715502165052e+05,7.715502218580e+05,-5.352832144126e-03
2.367152309900e-03,7.716471408800e+05,7.716471462283e+05,-5.348317674361e-03
2.366850338691e-03,7.717440648720e+05,7.717440702158e+05,-5.343790980987e-03
2.366548444515e-03,7.718409884813e+05,7.718409938206e+05,-5.339246941730e-03
2.366246627343e-03,7.719379117079e+05,7.719379170425e+05,-5.334689747542e-03
2.365944887146e-03,7.720348345516e+05,7.720348398818e+05,-5.330113344826e-03
2.365643223894e-03,7.721317570127e+05,7.721317623382e+05,-5.325525184162e-03
2.365341637557e-03,7.722286790910e+05,7.722286844119e+05,-5.320919910446e-03
2.365040128107e-03,7.723256007865e+05,7.723256061028e+05,-5.316302645952e-03
2.364738695514e-03,7.724225220993e+05,7.724225274110e+05,-5.311665590852e-03
2.364437339748e-03,7.725194430294e+05,7.725194483364e+05,-5.307017010637e-03
2.364136060780e-03,7.726163635768e+05,7.726163688791e+05,-5.302349221893e-03
2.363834858581e-03,7.727132837414e+05,7.727132890390e+05,-5.297669325955e-03
2.363533733121e-03,7.728102035232e+05,7.728102088162e+05,-5.292972316965e-03
2.363232684371e-03,7.729071229224e+05,7.729071282106e+05,-5.288261570968e-03
2.362931712303e-03,7.730040419388e+05,7.730040472223e+05,-5.283534410410e-03
2.362630816885e-03,7.731009605725e+05,7.731009658513e+05,-5.278791533783e-03
2.362329998090e-03,7.731978788235e+05,7.731978840975e+05,-5.274034221657e-03
2.362029255888e-03,7.732947966917e+05,7.732948019610e+05,-5.269264103845e-03
2.361728590249e-03,7.733917141773e+05,7.733917194417e+05,-5.264476872981e-03
2.361428001145e-03,7.734886312801e+05,7.734886365398e+05,-5.259672412649e-03
2.361127488547e-03,7.735855480002e+05,7.735855532551e+05,-5.254857125692e-03
2.360827052424e-03,7.736824643376e+05,7.736824695876e+05,-5.250023677945e-03
2.360526692748e-03,7.737793802923e+05,7.737793855375e+05,-5.245174863376e-03
2.360226409490e-03,7.738762958643e+05,7.738763011046e+05,-5.240310332738e-03
2.359926202620e-03,7.739732110536e+05,7.739732162890e+05,-5.235431948677e-03
2.359626072110e-03,7.740701258602e+05,7.740701310907e+05,-5.230539361946e-03
2.359326017930e-03,7.741670402841e+05,7.741670455097e+05,-5.225627683103e-03
2.359026040051e-03,7.742639543253e+05,7.742639595460e+05,-5.220703314990e-03
2.358726138444e-03,7.743608679838e+05,7.743608731996e+05,-5.215763812885e-03
2.358426313080e-03,7.744577812596e+05,7.744577864704e+05,-5.210811970755e-03
2.358126563930e-03,7.745546941528e+05,7.745546993586e+05,-5.205841385759e-03
2.357826890965e-03,7.746516066632e+05,7.746516118641e+05,-5.200857063755e-03
2.357527294155e-03,7.747485187910e+05,7.747485239869e+05,-5.195854930207e-03
2.357227773472e-03,7.748454305361e+05,7.748454357269e+05,-5.190839525312e-03
2.356928328887e-03,7.749423418985e+05,7.749423470843e+05,-5.185807356611e-03
2.356628960371e-03,7.750392528783e+05,7.750392580590e+05,-5.180762382224e-03
2.356329667894e-03,7.751361634753e+05,7.751361686510e+05,-5.175701924600e-03
2.356030451429e-03,7.752330736897e+05,7.752330788604e+05,-5.170627846383e-03
2.355731310945e-03,7.753299835215e+05,7.753299886870e+05,-5.165536771528e-03
2.355432246414e-03,7.754268929706e+05,7.754268981310e+05,-5.160429747775e-03
2.355133257807e-03,7.755238020370e+05,7.755238071923e+05,-5.155307706445e-03
2.354834345095e-03,7.756207107207e+05,7.756207158709e+05,-5.150170298293e-03
2.354535508249e-03,7.757176190218e+05,7.757176241668e+05,-5.145019502379e-03
2.354236747240e-03,7.758145269403e+05,7.758145320801e+05,-5.139851942658e-03
2.353938062040e-03,7.759114344760e+05,7.759114396107e+05,-5.134672275744e-03
2.353639452620e-03,7.760083416292e+05,7.760083467587e+05,-5.129474331625e-03
2.353340918950e-03,7.761052483997e+05,7.761052535239e+05,-5.124262068421e-03
2.353042461002e-03,7.762021547875e+05,7.762021599066e+05,-5.119036184624e-03
2.352744078747e-03,7.762990607927e+05,7.762990659065e+05,-5.113791907206e-03
2.352445772157e-03,7.763959664153e+05,7.763959715238e+05,-5.108536686748e-03
2.352147541202e-03,7.764928716552e+05,7.764928767585e+05,-5.103261093609e-03
2.351849385854e-03,7.765897765125e+05,7.765897816105e+05,-5.097975605167e-03
2.351551306084e-03,7.766866809872e+05,7.766866860799e+05,-5.092672770843e-03
2.351253301863e-03,7.767835850792e+05,7.767835901666e+05,-5.087354686111e-03
2.350955373163e-03,7.768804887887e+05,7.768804938707e+05,-5.082020536065e-03
2.350657519954e-03,7.769773921154e+05,7.769773971921e+05,-5.076673463918e-03
2.350359742209e-03,7.770742950596e+05,7.770743001309e+05,-5.071312189102e-03
2.350062039899e-03,7.771711976212e+05,7.771712026871e+05,-5.065932520665e-03
2.349764412994e-03,7.772680998001e+05,7.772681048606e+05,-5.060539697297e-03
2.349466861466e-03,7.773650015964e+05,7.773650066515e+05,-5.055131856352e-03
2.349169385287e-03,7.774619030101e+05,7.774619080598e+05,-5.049710278399e-03
2.348871984428e-03,7.775588040412e+05,7.775588090855e+05,-5.044270423241e-03
2.348574658861e-03,7.776557046897e+05,7.776557097285e+05,-5.038816598244e-03
2.348277408556e-03,7.777526049555e+05,7.777526099889e+05,-5.033348221332e-03
2.347980233485e-03,7.778495048388e+05,7.778495098667e+05,-5.027866805904e-03
2.347683133620e-03,7.779464043395e+05,7.779464093619e+05,-5.022368277423e-03
2.347386108932e-03,7.780433034576e+05,7.780433084744e+05,-5.016852985136e-03
2.347089159393e-03,7.781402021931e+05,7.781402072044e+05,-5.011326400563e-03
2.346792284973e-03,7.782371005460e+05,7.782371055517e+05,-5.005781538785e-03
2.346495485646e-03,7.783339985163e+05,7.783340035165e+05,-5.000223871320e-03
2.346198761381e-03,7.784308961040e+05,7.784309010986e+05,-4.994650604203e-03
2.345902112151e-03,7.785277933091e+05,7.785277982982e+05,-4.989064764231e-03
2.345605537927e-03,7.786246901317e+05,7.786246951151e+05,-4.983458085917e-03
2.345309038680e-03,7.787215865716e+05,7.787215915495e+05,-4.977840930223e-03
2.345012614383e-03,7.788184826290e+05,7.788184876012e+05,-4.972207359970e-03
2.344716265007e-03,7.789153783038e+05,7.789153832704e+05,-4.966560518369e-03
2.344419990523e-03,7.790122735961e+05,7.790122785570e+05,-4.960898659192e-03
2.344123790903e-03,7.791091685058e+05,7.791091734610e+05,-4.955218289979e-03
2.343827666119e-03,7.792060630329e+05,7.792060679824e+05,-4.949527443387e-03
2.343531616142e-03,7.793029571774e+05,7.793029621212e+05,-4.943818901666e-03
2.343235640945e-03,7.793998509394e+05,7.793998558775e+05,-4.938097437844e-03
2.342939740498e-03,7.794967443188e+05,7.794967492512e+05,-4.932357114740e-03
2.342643914773e-03,7.795936373157e+05,7.795936422423e+05,-4.926605033688e-03
2.342348163742e-03,7.796905299300e+05,7.796905348508e+05,-4.920838633552e-03
2.342052487377e-03,7.797874221617e+05,7.797874270768e+05,-4.915053490549e-03
2.341756885649e-03,7.798843140110e+05,7.798843189202e+05,-4.909256822430e-03
2.341461358531e-03,7.799812054776e+05,7.799812103811e+05,-4.903444903903e-03
2.341165905994e-03,7.800780965617e+05,7.800781014593e+05,-4.897619481198e-03
2.340870528009e-03,7.801749872633e+05,7.801749921551e+05,-4.891778808087e-03
2.340575224549e-03,7.802718775823e+05,7.802718824682e+05,-4.885919624940e-03
2.340279995585e-03,7.803687675188e+05,7.803687723989e+05,-4.880046704784e-03
2.339984841090e-03,7.804656570728e+05,7.804656619469e+05,-4.874161910266e-03
2.339689761034e-03,7.805625462442e+05,7.805625511125e+05,-4.868260351941e-03
2.339394755390e-03,7.806594350331e+05,7.806594398954e+05,-4.862344008870e-03
2.339099824130e-03,7.807563234395e+05,7.807563282959e+05,-4.856412182562e-03
2.338804967226e-03,7.808532114633e+05,7.808532163138e+05,-4.850467783399e-03
2.338510184648e-03,7.809500991046e+05,7.809501039491e+05,-4.844505921938e-03
2.338215476371e-03,7.810469863634e+05,7.810469912019e+05,-4.838530323468e-03
2.337920842364e-03,7.811438732397e+05,7.811438780722e+05,-4.832540755160e-03
2.337626282600e-03,7.812407597335e+05,7.812407645600e+05,-4.826534073800e-03
2.337331797052e-03,7.813376458447e+05,7.813376506652e+05,-4.820516216569e-03
2.337037385691e-03,7.814345315735e+05,7.814345363879e+05,-4.814480664209e-03
2.336743048489e-03,7.815314169197e+05,7.815314217281e+05,-4.808431840502e-03
2.336448785417e-03,7.816283018834e+05,7.816283066858e+05,-4.802366485819e-03
2.336154596449e-03,7.817251864646e+05,7.817251912609e+05,-4.796286113560e-03
2.335860481556e-03,7.818220706634e+05,7.818220754536e+05,-4.790191538632e-03
2.335566440710e-03,7.819189544796e+05,7.819189592637e+05,-4.784084507264e-03
2.335272473883e-03,7.820158379133e+05,7.820158426913e+05,-4.777958733030e-03
2.334978581047e-03,7.821127209646e+05,7.821127257364e+05,-4.771821200848e-03
2.334684762174e-03,7.822096036333e+05,7.822096083990e+05,-4.765667836182e-03
2.334391017237e-03,7.823064859196e+05,7.823064906791e+05,-4.759501433000e-03
2.334097346207e-03,7.824033678233e+05,7.824033725767e+05,-4.753320012242e-03
2.333803749057e-03,7.825002493446e+05,7.825002540918e+05,-4.747123923153e-03
2.333510225758e-03,7.825971304834e+05,7.825971352244e+05,-4.740909207612e-03
2.333216776283e-03,7.826940112398e+05,7.826940159745e+05,-4.734683083370e-03
2.332923400604e-03,7.827908916136e+05,7.827908963421e+05,-4.728440428153e-03
2.332630098692e-03,7.828877716050e+05,7.828877763272e+05,-4.722187295556e-03
2.332336870522e-03,7.829846512139e+05,7.829846559298e+05,-4.715917282738e-03
2.332043716063e-03,7.830815304404e+05,7.830815351500e+05,-4.709630273283e-03
2.331750635290e-03,7.831784092843e+05,7.831784139877e+05,-4.703331622295e-03
2.331457628173e-03,7.832752877459e+05,7.832752924429e+05,-4.697015276179e-03
2.331164694685e-03,7.833721658249e+05,7.833721705156e+05,-4.690687055700e-03
2.330871834799e-03,7.834690435215e+05,7.834690482058e+05,-4.684344516136e-03
2.330579048486e-03,7.835659208356e+05,7.835659255136e+05,-4.677984281443e-03
2.330286335720e-03,7.836627977673e+05,7.836628024389e+05,-4.671610542573e-03
2.329993696471e-03,7.837596743166e+05,7.837596789818e+05,-4.665223415941e-03
2.329701130713e-03,7.838565504833e+05,7.838565551422e+05,-4.658821504563e-03
2.329408638418e-03,7.839534262677e+05,7.839534309201e+05,-4.652403527871e-03
2.329116219558e-03,7.840503016696e+05,7.840503063156e+05,-4.645972629078e-03
2.328823874106e-03,7.841471766890e+05,7.841471813286e+05,-4.639525315724e-03
2.328531602033e-03,7.842440513261e+05,7.842440559591e+05,-4.633066942915e-03
2.328239403313e-03,7.843409255806e+05,7.843409302072e+05,-4.626589245163e-03
2.327947277917e-03,7.844377994528e+05,7.844378040729e+05,-4.620099556632e-03
2.327655225819e-03,7.845346729425e+05,7.845346775561e+05,-4.613596713170e-03
2.327363246989e-03,7.846315460498e+05,7.846315506569e+05,-4.607077687979e-03
2.327071341402e-03,7.847284187746e+05,7.847284233752e+05,-4.600544227287e-03
2.326779509029e-03,7.848252911171e+05,7.848252957111e+05,-4.593993886374e-03
2.326487749843e-03,7.849221630771e+05,7.849221676645e+05,-4.587432253174e-03
2.326196063816e-03,7.850190346547e+05,7.850190392356e+05,-4.580854671076e-03
2.325904450921e-03,7.851159058499e+05,7.851159104241e+05,-4.574263119139e-03
2.325612911131e-03,7.852127766626e+05,7.852127812303e+05,-4.567657015286e-03
2.325321444417e-03,7.853096470930e+05,7.853096516540e+05,-4.561037872918e-03
2.325030050752e-03,7.854065171410e+05,7.854065216954e+05,-4.554401151836e-03
2.324738730109e-03,7.855033868065e+05,7.855033913542e+05,-4.547752090730e-03
2.324447482461e-03,7.856002560896e+05,7.856002606307e+05,-4.541087197140e-03
2.324156307779e-03,7.856971249904e+05,7.856971295248e+05,-4.534410545602e-03
2.323865206037e-03,7.857939935087e+05,7.857939980364e+05,-4.527718177997e-03
2.323574177207e-03,7.858908616446e+05,7.858908661657e+05,-4.521010210738e-03
2.323283221262e-03,7.859877293982e+05,7.859877339125e+05,-4.514287575148e-03
2.322992338175e-03,7.860845967693e+05,7.860846012769e+05,-4.507553298026e-03
2.322701527917e-03,7.861814637581e+05,7.861814682589e+05,-4.500799812376e-03
2.322410790462e-03,7.862783303645e+05,7.862783348585e+05,-4.494034103118e-03
2.322120125782e-03,7.863751965885e+05,7.863752010757e+05,-4.487255355343e-03
2.321829533851e-03,7.864720624301e+05,7.864720669106e+05,-4.480463103391e-03
2.321539014640e-03,7.865689278893e+05,7.865689323630e+05,-4.473654320464e-03
2.321248568122e-03,7.866657929662e+05,7.866657974330e+05,-4.466831218451e-03
2.320958194271e-03,7.867626576607e+05,7.867626621207e+05,-4.459996125661e-03
2.320667893058e-03,7.868595219728e+05,7.868595264259e+05,-4.453143570572e-03
2.320377664457e-03,7.869563859025e+05,7.869563903488e+05,-4.446277278475e-03
2.320087508441e-03,7.870532494499e+05,7.870532538893e+05,-4.439396900125e-03
2.319797424981e-03,7.871501126149e+05,7.871501170474e+05,-4.432502435520e-03
2.319507414052e-03,7.872469753976e+05,7.872469798232e+05,-4.425593884662e-03
2.319217475625e-03,7.873438377979e+05,7.873438422165e+05,-4.418671713211e-03
2.318927609674e-03,7.874406998158e+05,7.874407042275e+05,-4.411735804752e-03
2.318637816171e-03,7.875375614514e+05,7.875375658561e+05,-4.404782201163e-03
2.318348095089e-03,7.876344227046e+05,7.876344271024e+05,-4.397819051519e-03
2.318058446402e-03,7.877312835755e+05,7.877312879663e+05,-4.390837042592e-03
2.317768870081e-03,7.878281440640e+05,7.878281484478e+05,-4.383843392134e-03
2.317479366100e-03,7.879250041702e+05,7.879250085470e+05,-4.376836353913e-03
2.317189934432e-03,7.880218638940e+05,7.880218682638e+05,-4.369813133962e-03
2.316900575050e-03,7.881187232355e+05,7.881187275983e+05,-4.362775012851e-03
2.316611287926e-03,7.882155821947e+05,7.882155865504e+05,-4.355724784546e-03
2.316322073034e-03,7.883124407715e+05,7.883124451202e+05,-4.348658374511e-03
2.316032930346e-03,7.884092989660e+05,7.884093033076e+05,-4.341581021436e-03
2.315743859835e-03,7.885061567782e+05,7.885061611127e+05,-4.334485041909e-03
2.315454861475e-03,7.886030142081e+05,7.886030185354e+05,-4.327378119342e-03
2.315165935238e-03,7.886998712556e+05,7.886998755758e+05,-4.320256528445e-03
2.314877081098e-03,7.887967279208e+05,7.887967322339e+05,-4.313119919971e-03
2.314588299027e-03,7.888935842037e+05,7.888935885096e+05,-4.305967595428e-03
2.314299588998e-03,7.889904401042e+05,7.889904444030e+05,-4.298802930862e-03
2.314010950985e-03,7.890872956225e+05,7.890872999141e+05,-4.291626974009e-03
2.313722384961e-03,7.891841507584e+05,7.891841550428e+05,-4.284431342967e-03
2.313433890898e-03,7.892810055120e+05,7.892810097893e+05,-4.277223953977e-03
2.313145468769e-03,7.893778598834e+05,7.893778641534e+05,-4.270004574209e-03
2.312857118549e-03,7.894747138724e+05,7.894747181351e+05,-4.262769827619e-03
2.312568840209e-03,7.895715674791e+05,7.895715717346e+05,-4.255519714206e-03
2.312280633724e-03,7.896684207035e+05,7.896684249517e+05,-4.248256795108e-03
2.311992499065e-03,7.897652735456e+05,7.897652777866e+05,-4.240980139002e-03
2.311704436207e-03,7.898621260054e+05,7.898621302391e+05,-4.233687184751e-03
2.311416445123e-03,7.899589780829e+05,7.899589823093e+05,-4.226383636706e-03
2.311128525785e-03,7.900558297782e+05,7.900558339972e+05,-4.219064023346e-03
2.310840678167e-03,7.901526810911e+05,7.901526853029e+05,-4.211728111841e-03
2.310552902242e-03,7.902495320218e+05,7.902495362262e+05,-4.204383352771e-03
2.310265197983e-03,7.903463825702e+05,7.903463867672e+05,-4.197019618005e-03
2.309977565364e-03,7.904432327363e+05,7.904432369259e+05,-4.189644008875e-03
2.309690004357e-03,7.905400825201e+05,7.905400867024e+05,-4.182255011983e-03
2.309402514937e-03,7.906369319217e+05,7.906369360965e+05,-4.174853092991e-03
2.309115097075e-03,7.907337809409e+05,7.907337851084e+05,-4.167434759438e-03
2.308827750747e-03,7.908306295779e+05,7.908306337379e+05,-4.160004900768e-03
2.308540475924e-03,7.909274778327e+05,7.909274819852e+05,-4.152560606599e-03
2.308253272580e-03,7.910243257052e+05,7.910243298503e+05,-4.145101294853e-03
2.307966140689e-03,7.911211731954e+05,7.911211773330e+05,-4.137627081946e-03
2.307679080224e-03,7.912180203033e+05,7.912180244335e+05,-4.130140412599e-03
2.307392091158e-03,7.913148670290e+05,7.913148711517e+05,-4.122637445107e-03
2.307105173464e-03,7.914117133725e+05,7.914117174876e+05,-4.115125280805e-03
2.306818327117e-03,7.915085593336e+05,7.915085634412e+05,-4.107595887035e-03
2.306531552089e-03,7.916054049126e+05,7.916054090126e+05,-4.100055200979e-03
2.306244848353e-03,7.917022501093e+05,7.917022542018e+05,-4.092499031685e-03
2.305958215884e-03,7.917990949237e+05,7.917990990086e+05,-4.084927146323e-03
2.305671654654e-03,7.918959393559e+05,7.918959434332e+05,-4.077343619429e-03
2.305385164637e-03,7.919927834059e+05,7.919927874756e+05,-4.069745074958e-03
2.305098745807e-03,7.920896270736e+05,7.920896311357e+05,-4.062136285938e-03
2.304812398137e-03,7.921864703591e+05,7.921864744136e+05,-4.054508404806e-03
2.304526121600e-03,7.922833132623e+05,7.922833173092e+05,-4.046871443279e-03
2.304239916170e-03,7.923801557833e+05,7.923801598226e+05,-4.039216786623e-03
2.303953781820e-03,7.924769979221e+05,7.924770019537e+05,-4.031550721265e-03
2.303667718525e-03,7.925738396787e+05,7.925738437026e+05,-4.023870336823e-03
2.303381726257e-03,7.926706810531e+05,7.926706850692e+05,-4.016178776510e-03
2.303095804990e-03,7.927675220452e+05,7.927675260537e+05,-4.008469521068e-03
2.302809954698e-03,7.928643626551e+05,7.928643666558e+05,-4.000747576356e-03
2.302524175354e-03,7.929612028828e+05,7.929612068758e+05,-3.993012709543e-03
2.302238466931e-03,7.930580427283e+05,7.930580467135e+05,-3.985264687799e-03
2.301952829404e-03,7.931548821915e+05,7.931548861690e+05,-3.977501415648e-03
2.301667262747e-03,7.932517212726e+05,7.932517252423e+05,-3.969724755734e-03
2.301381766931e-03,7.933485599715e+05,7.933485639334e+05,-3.961937152781e-03
2.301096341932e-03,7.934453982881e+05,7.934454022422e+05,-3.954134415835e-03
2.300810987723e-03,7.935422362226e+05,7.935422401689e+05,-3.946317941882e-03
2.300525704278e-03,7.936390737748e+05,7.936390777133e+05,-3.938487381674e-03
2.300240491570e-03,7.937359109449e+05,7.937359148755e+05,-3.930642153136e-03
2.299955349572e-03,7.938327477327e+05,7.938327516555e+05,-3.922784933820e-03
2.299670278260e-03,7.939295841384e+05,7.939295880533e+05,-3.914912696928e-03
2.299385277606e-03,7.940264201619e+05,7.940264240689e+05,-3.907028934918e-03
2.299100347584e-03,7.941232558032e+05,7.941232597023e+05,-3.899130853824e-03
2.298815488168e-03,7.942200910623e+05,7.942200949535e+05,-3.891218570061e-03
2.298530699331e-03,7.943169259392e+05,7.943169298225e+05,-3.883291734383e-03
2.298245981048e-03,7.944137604340e+05,7.944137643094e+05,-3.875351976603e-03
2.297961333292e-03,7.945105945466e+05,7.945105984140e+05,-3.867400926538e-03
2.297676756037e-03,7.946074282770e+05,7.946074321364e+05,-3.859436139464e-03
2.297392249257e-03,7.947042616252e+05,7.947042654767e+05,-3.851454355754e-03
2.297107812926e-03,7.948010945913e+05,7.948010984348e+05,-3.843463375233e-03
2.296823447017e-03,7.948979271752e+05,7.948979310106e+05,-3.835456562229e-03
2.296539151504e-03,7.949947593769e+05,7.949947632044e+05,-3.827436943538e-03
2.296254926361e-03,7.950915911965e+05,7.950915950159e+05,-3.819402772933e-03
2.295970771563e-03,7.951884226339e+05,7.951884264453e+05,-3.811356727965e-03
2.295686687082e-03,7.952852536892e+05,7.952852574925e+05,-3.803296247497e-03
2.295402672894e-03,7.953820843623e+05,7.953820881575e+05,-3.795223659836e-03
2.295118728971e-03,7.954789146533e+05,7.954789184404e+05,-3.787136753090e-03
2.294834855288e-03,7.955757445621e+05,7.955757483411e+05,-3.779037855566e-03
2.294551051818e-03,7.956725740887e+05,7.956725778597e+05,-3.770923358388e-03
2.294267318536e-03,7.957694032333e+05,7.957694069961e+05,-3.762798965909e-03
2.293983655415e-03,7.958662319956e+05,7.958662357503e+05,-3.754658624530e-03
2.293700062430e-03,7.959630603759e+05,7.959630641224e+05,-3.746504662558e-03
2.293416539555e-03,7.960598883740e+05,7.960598921123e+05,-3.738337429240e-03
2.293133086763e-03,7.961567159899e+05,7.961567197201e+05,-3.730158554390e-03
2.292849704029e-03,7.962535432238e+05,7.962535469458e+05,-3.721965360455e-03
2.292566391326e-03,7.963503700755e+05,7.963503737893e+05,-3.713758662343e-03
2.292283148629e-03,7.964471965451e+05,7.964472002506e+05,-3.705540089868e-03
2.291999975911e-03,7.965440226325e+05,7.965440263298e+05,-3.697306034155e-03
2.291716873147e-03,7.966408483379e+05,7.966408520269e+05,-3.689062898047e-03
2.291433840311e-03,7.967376736611e+05,7.967376773419e+05,-3.680800786242e-03
2.291150877377e-03,7.968344986022e+05,7.968345022747e+05,-3.672529128380e-03
2.290867984319e-03,7.969313231612e+05,7.969313268254e+05,-3.664245246910e-03
2.290585161111e-03,7.970281473381e+05,7.970281509940e+05,-3.655945416540e-03
2.290302407727e-03,7.971249711328e+05,7.971249747805e+05,-3.647633828223e-03
2.290019724142e-03,7.972217945455e+05,7.972217981848e+05,-3.639308735728e-03
2.289737110330e-03,7.973186175761e+05,7.973186212070e+05,-3.630970837548e-03
2.289454566264e-03,7.974154402245e+05,7.974154438471e+05,-3.622620948590e-03
2.289172091919e-03,7.975122624909e+05,7.975122661051e+05,-3.614256158471e-03
2.288889687269e-03,7.976090843751e+05,7.976090879810e+05,-3.605878446251e-03
2.288607352288e-03,7.977059058773e+05,7.977059094748e+05,-3.597487462685e-03
2.288325086951e-03,7.978027269974e+05,7.978027305865e+05,-3.589085419662e-03
2.288042891232e-03,7.978995477354e+05,7.978995513160e+05,-3.580670338124e-03
2.287760765105e-03,7.979963680913e+05,7.979963716635e+05,-3.572239307687e-03
2.287478708544e-03,7.980931880651e+05,7.980931916289e+05,-3.563798847608e-03
2.287196721524e-03,7.981900076568e+05,7.981900112122e+05,-3.555341856554e-03
2.286914804018e-03,7.982868268665e+05,7.982868304133e+05,-3.546875319444e-03
2.286632956002e-03,7.983836456940e+05,7.983836492324e+05,-3.538394463249e-03
2.286351177449e-03,7.984804641395e+05,7.984804676694e+05,-3.529898123816e-03
2.286069468334e-03,7.985772822030e+05,7.985772857244e+05,-3.521394100972e-03
2.285787828631e-03,7.986740998843e+05,7.986741033972e+05,-3.512871917337e-03
2.285506258315e-03,7.987709171836e+05,7.987709206880e+05,-3.504337859340e-03
2.285224757359e-03,7.988677341009e+05,7.988677375967e+05,-3.495793207549e-03
2.284943325739e-03,7.989645506360e+05,7.989645541233e+05,-3.487234236673e-03
2.284661963428e-03,7.990613667891e+05,7.990613702678e+05,-3.478663158603e-03
2.284380670401e-03,7.991581825602e+05,7.991581860303e+05,-3.470079391263e-03
2.284099446633e-03,7.992549979492e+05,7.992550014107e+05,-3.461481537670e-03
2.283818292097e-03,7.993518129561e+05,7.993518164090e+05,-3.452872741036e-03
2.283537206769e-03,7.994486275810e+05,7.994486310253e+05,-3.444250207394e-03
2.283256190623e-03,7.995454418239e+05,7.995454452595e+05,-3.435615333728e-03
2.282975243632e-03,7.996422556847e+05,7.996422591117e+05,-3.426966140978e-03
2.282694365773e-03,7.997390691635e+05,7.997390725818e+05,-3.418305306695e-03
2.282413557018e-03,7.998358822602e+05,7.998358856698e+05,-3.409632947296e-03
2.282132817343e-03,7.999326949749e+05,7.999326983758e+05,-3.400946967304e-03
2.281852146722e-03,8.000295073075e+05,8.000295106998e+05,-3.392247599550e-03
2.281571545130e-03,8.001263192581e+05,8.001263226417e+05,-3.383535426110e-03
2.281291012541e-03,8.002231308267e+05,8.002231342015e+05,-3.374810796231e-03
2.281010548930e-03,8.003199420133e+05,8.003199453794e+05,-3.366073011421e-03
2.280730154272e-03,8.004167528178e+05,8.004167561752e+05,-3.357322304510e-03
2.280449828540e-03,8.005135632403e+05,8.005135665889e+05,-3.348564030603e-03
2.280169571709e-03,8.006103732808e+05,8.006103766206e+05,-3.339785616845e-03
2.279889383755e-03,8.007071829393e+05,8.007071862703e+05,-3.331000450999e-03
2.279609264652e-03,8.008039922158e+05,8.008039955380e+05,-3.322199103422e-03
2.279329214373e-03,8.009008011102e+05,8.009008044236e+05,-3.313388559036e-03
2.279049232895e-03,8.009976096227e+05,8.009976129272e+05,-3.304563346319e-03
2.278769320192e-03,8.010944177531e+05,8.010944210488e+05,-3.295724163763e-03
2.278489476237e-03,8.011912255015e+05,8.011912287884e+05,-3.286874503829e-03
2.278209701007e-03,8.012880328680e+05,8.012880361460e+05,-3.278010524809e-03
2.277929994475e-03,8.013848398524e+05,8.013848431215e+05,-3.269136999734e-03
2.277650356617e-03,8.014816464548e+05,8.014816497151e+05,-3.260251251049e-03
2.277370787406e-03,8.015784526753e+05,8.015784559266e+05,-3.251348854974e-03
2.277091286819e-03,8.016752585137e+05,8.016752617562e+05,-3.242437844165e-03
2.276811854829e-03,8.017720639702e+05,8.017720672037e+05,-3.233513794839e-03
2.276532491411e-03,8.018688690446e+05,8.018688722692e+05,-3.224576124921e-03
2.276253196540e-03,8.019656737371e+05,8.019656769527e+05,-3.215626580641e-03
2.275973970191e-03,8.020624780476e+05,8.020624812543e+05,-3.206665627658e-03
2.275694812339e-03,8.021592819761e+05,8.021592851738e+05,-3.197687678039e-03
2.275415722958e-03,8.022560855227e+05,8.022560887114e+05,-3.188702394255e-03
2.275136702023e-03,8.023528886872e+05,8.023528918669e+05,-3.179703373462e-03
2.274857749510e-03,8.024496914698e+05,8.024496946405e+05,-3.170694690198e-03
2.274578865392e-03,8.025464938704e+05,8.025464970321e+05,-3.161668544635e-03
2.274300049645e-03,8.026432958891e+05,8.026432990417e+05,-3.152633900754e-03
2.274021302243e-03,8.027400975258e+05,8.027401006694e+05,-3.143585869111e-03
2.273742623162e-03,8.028368987805e+05,8.028369019150e+05,-3.134526428767e-03
2.273464012376e-03,8.029336996533e+05,8.029337027787e+05,-3.125454182737e-03
2.273185469860e-03,8.030305001441e+05,8.030305032605e+05,-3.116368316114e-03
2.272906995590e-03,8.031273002529e+05,8.031273033602e+05,-3.107269876637e-03
2.272628589539e-03,8.032240999798e+05,8.032241030780e+05,-3.098163171671e-03
2.272350251684e-03,8.033208993248e+05,8.033209024138e+05,-3.089039935730e-03
2.272071981999e-03,8.034176982878e+05,8.034177013677e+05,-3.079908667132e-03
2.271793780458e-03,8.035144968689e+05,8.035144999396e+05,-3.070762963034e-03
2.271515647037e-03,8.036112950680e+05,8.036112981296e+05,-3.061604686081e-03
2.271237581711e-03,8.037080928851e+05,8.037080959376e+05,-3.052435349673e-03
2.270959584455e-03,8.038048903204e+05,8.038048933636e+05,-3.043256467208e-03
2.270681655244e-03,8.039016873737e+05,8.039016904077e+05,-3.034059773199e-03
2.270403794053e-03,8.039984840450e+05,8.039984870699e+05,-3.024856443517e-03
2.270126000856e-03,8.040952803345e+05,8.040952833501e+05,-3.015637397766e-03
2.269848275630e-03,8.041920762420e+05,8.041920792484e+05,-3.006406594068e-03
2.269570618349e-03,8.042888717676e+05,8.042888747647e+05,-2.997167292051e-03
2.269293028987e-03,8.043856669112e+05,8.043856698991e+05,-2.987912856042e-03
2.269015507521e-03,8.044824616730e+05,8.044824646516e+05,-2.978645963594e-03
2.268738053925e-03,8.045792560528e+05,8.045792590222e+05,-2.969368128106e-03
2.268460668175e-03,8.046760500507e+05,8.046760530108e+05,-2.960082376376e-03
2.268183350245e-03,8.047728436667e+05,8.047728466175e+05,-2.950779977255e-03
2.267906100110e-03,8.048696369008e+05,8.048696398422e+05,-2.941467217170e-03
2.267628917746e-03,8.049664297529e+05,8.049664326851e+05,-2.932142815553e-03
2.267351803128e-03,8.050632222232e+05,8.050632251460e+05,-2.922804560512e-03
2.267074756232e-03,8.051600143116e+05,8.051600172250e+05,-2.913457457907e-03
2.266797777031e-03,8.052568060180e+05,8.052568089221e+05,-2.904098364525e-03
2.266520865502e-03,8.053535973426e+05,8.053536002373e+05,-2.894722856581e-03
2.266244021620e-03,8.054503882853e+05,8.054503911706e+05,-2.885341178626e-03
2.265967245359e-03,8.055471788461e+05,8.055471817220e+05,-2.875945414416e-03
2.265690536696e-03,8.056439690249e+05,8.056439718915e+05,-2.866536495276e-03
2.265413895604e-03,8.057407588219e+05,8.057407616791e+05,-2.857117098756e-03
2.265137322061e-03,8.058375482370e+05,8.058375510847e+05,-2.847687923349e-03
2.264860816040e-03,8.059343372703e+05,8.059343401085e+05,-2.838245593011e-03
2.264584377517e-03,8.060311259216e+05,8.060311287504e+05,-2.828793250956e-03
2.264308006468e-03,8.061279141911e+05,8.061279170104e+05,-2.819324727170e-03
2.264031702868e-03,8.062247020787e+05,8.062247048885e+05,-2.809850266203e-03
2.263755466691e-03,8.063214895844e+05,8.063214923848e+05,-2.800359274261e-03
2.263479297914e-03,8.064182767082e+05,8.064182794991e+05,-2.790860366076e-03
2.263203196511e-03,8.065150634502e+05,8.065150662316e+05,-2.781350165606e-03
2.262927162459e-03,8.066118498103e+05,8.066118525822e+05,-2.771822735667e-03
2.262651195732e-03,8.067086357886e+05,8.067086385509e+05,-2.762288437225e-03
2.262375296305e-03,8.068054213850e+05,8.068054241377e+05,-2.752741798759e-03
2.262099464155e-03,8.069022065995e+05,8.069022093427e+05,-2.743186312728e-03
2.261823699256e-03,8.069989914322e+05,8.069989941658e+05,-2.733616041951e-03
2.261548001585e-03,8.070957758830e+05,8.070957786070e+05,-2.724035643041e-03
2.261272371115e-03,8.071925599520e+05,8.071925626664e+05,-2.714443486184e-03
2.260996807824e-03,8.072893436391e+05,8.072893463439e+05,-2.704840735532e-03
2.260721311685e-03,8.073861269444e+05,8.073861296396e+05,-2.695222618058e-03
2.260445882675e-03,8.074829098678e+05,8.074829125534e+05,-2.685596817173e-03
2.260170520770e-03,8.075796924094e+05,8.075796950853e+05,-2.675957977772e-03
2.259895225944e-03,8.076764745691e+05,8.076764772354e+05,-2.666311454959e-03
2.259619998173e-03,8.077732563470e+05,8.077732590037e+05,-2.656650613062e-03
2.259344837433e-03,8.078700377431e+05,8.078700403901e+05,-2.646979992278e-03
2.259069743699e-03,8.079668187574e+05,8.079668213947e+05,-2.637296915054e-03
2.258794716947e-03,8.080635993898e+05,8.080636020174e+05,-2.627599867992e-03
2.258519757152e-03,8.081603796404e+05,8.081603822583e+05,-2.617897116579e-03
2.258244864289e-03,8.082571595092e+05,8.082571621173e+05,-2.608179464005e-03
2.257970038335e-03,8.083539389961e+05,8.083539415946e+05,-2.598451101221e-03
2.257695279265e-03,8.084507181012e+05,8.084507206899e+05,-2.588712610304e-03
2.257420587054e-03,8.085474968245e+05,8.085474994035e+05,-2.578961662948e-03
2.257145961679e-03,8.086442751660e+05,8.086442777352e+05,-2.569202100858e-03
2.256871403114e-03,8.087410531257e+05,8.087410556852e+05,-2.559428336099e-03
2.256596911335e-03,8.088378307036e+05,8.088378332533e+05,-2.549645607360e-03
2.256322486319e-03,8.089346078997e+05,8.089346104395e+05,-2.539852168411e-03
2.256048128040e-03,8.090313847139e+05,8.090313872440e+05,-2.530047320761e-03
2.255773836474e-03,8.091281611464e+05,8.091281636666e+05,-2.520229783840e-03
2.255499611597e-03,8.092249371971e+05,8.092249397075e+05,-2.510403050110e-03
2.255225453385e-03,8.093217128660e+05,8.093217153665e+05,-2.500561648048e-03
2.254951361813e-03,8.094184881530e+05,8.094184906437e+05,-2.490712911822e-03
2.254677336857e-03,8.095152630583e+05,8.095152655392e+05,-2.480850322172e-03
2.254403378493e-03,8.096120375818e+05,8.096120400528e+05,-2.470980398357e-03
2.254129486697e-03,8.097088117235e+05,8.097088141846e+05,-2.461100229993e-03
2.253855661443e-03,8.098055854834e+05,8.098055879346e+05,-2.451205160469e-03
2.253581902709e-03,8.099023588616e+05,8.099023613029e+05,-2.441302174702e-03
2.253308210469e-03,8.099991318579e+05,8.099991342893e+05,-2.431386150420e-03
2.253034584699e-03,8.100959044725e+05,8.100959068940e+05,-2.421462442726e-03
2.252761025376e-03,8.101926767053e+05,8.101926791169e+05,-2.411523018964e-03
2.252487532475e-03,8.102894485564e+05,8.102894509580e+05,-2.401575678959e-03
2.252214105972e-03,8.103862200256e+05,8.103862224173e+05,-2.391621237621e-03
2.251940745843e-03,8.104829911132e+05,8.104829934948e+05,-2.381651545875e-03
2.251667452063e-03,8.105797618189e+05,8.105797641906e+05,-2.371670561843e-03
2.251394224609e-03,8.106765321429e+05,8.106765345046e+05,-2.361681545153e-03
2.251121063455e-03,8.107733020851e+05,8.107733044368e+05,-2.351681003347e-03
2.250847968579e-03,8.108700716455e+05,8.108700739872e+05,-2.341668470763e-03
2.250574939956e-03,8.109668408243e+05,8.109668431559e+05,-2.331646857783e-03
2.250301977562e-03,8.110636096212e+05,8.110636119428e+05,-2.321612322703e-03
2.250029081373e-03,8.111603780364e+05,8.111603803480e+05,-2.311568008736e-03
2.249756251364e-03,8.112571460699e+05,8.112571483714e+05,-2.301516127773e-03
2.249483487512e-03,8.113539137216e+05,8.113539160130e+05,-2.291452256031e-03
2.249210789793e-03,8.114506809916e+05,8.114506832729e+05,-2.281376393512e-03
2.248938158182e-03,8.115474478798e+05,8.115474501511e+05,-2.271290402859e-03
2.248665592655e-03,8.116442143863e+05,8.116442166475e+05,-2.261192188598e-03
2.248393093190e-03,8.117409805110e+05,8.117409827621e+05,-2.251088037156e-03
2.248120659760e-03,8.118377462541e+05,8.118377484950e+05,-2.240970032290e-03
2.247848292343e-03,8.119345116154e+05,8.119345138462e+05,-2.230842481367e-03
2.247575990915e-03,8.120312765949e+05,8.120312788156e+05,-2.220705267973e-03
2.247303755451e-03,8.121280411928e+05,8.121280434033e+05,-2.210557344370e-03
2.247031585927e-03,8.122248054089e+05,8.122248076093e+05,-2.200400107540e-03
2.246759482320e-03,8.123215692433e+05,8.123215714335e+05,-2.190231112763e-03
2.246487444606e-03,8.124183326960e+05,8.124183348760e+05,-2.180051873438e-03
2.246215472760e-03,8.125150957670e+05,8.125150979368e+05,-2.169861225411e-03
2.245943566759e-03,8.126118584562e+05,8.126118606159e+05,-2.159662544727e-03
2.245671726580e-03,8.127086207638e+05,8.127086229132e+05,-2.149452688172e-03
2.245399952197e-03,8.128053826896e+05,8.128053848288e+05,-2.139230724424e-03
2.245128243587e-03,8.129021442337e+05,8.129021463627e+05,-2.129001426511e-03
2.244856600726e-03,8.129989053962e+05,8.129989075149e+05,-2.118762349710e-03
2.244585023591e-03,8.130956661769e+05,8.130956682854e+05,-2.108509885147e-03
2.244313512157e-03,8.131924265759e+05,8.131924286742e+05,-2.098248223774e-03
2.244042066401e-03,8.132891865933e+05,8.132891886813e+05,-2.087977831252e-03
2.243770686298e-03,8.133859462289e+05,8.133859483066e+05,-2.077697077766e-03
2.243499371826e-03,8.134827054829e+05,8.134827075503e+05,-2.067404682748e-03
2.243228122960e-03,8.135794643552e+05,8.135794664123e+05,-2.057103556581e-03
2.242956939676e-03,8.136762228458e+05,8.136762248925e+05,-2.046791370958e-03
2.242685821951e-03,8.137729809547e+05,8.137729829911e+05,-2.036474063061e-03
2.242414769761e-03,8.138697386819e+05,8.138697407080e+05,-2.026139874943e-03
2.242143783082e-03,8.139664960274e+05,8.139664980432e+05,-2.015800680965e-03
2.241872861890e-03,8.140632529913e+05,8.140632549968e+05,-2.005450194702e-03
2.241602006162e-03,8.141600095735e+05,8.141600115686e+05,-1.995088183321e-03
2.241331215873e-03,8.142567657740e+05,8.142567677587e+05,-1.984715927392e-03
2.241060491001e-03,8.143535215929e+05,8.143535235672e+05,-1.974335988052e-03
2.240789831522e-03,8.144502770301e+05,8.144502789940e+05,-1.963945804164e-03
2.240519237411e-03,8.145470320856e+05,8.145470340392e+05,-1.953545142896e-03
2.240248708645e-03,8.146437867595e+05,8.146437887026e+05,-1.943137147464e-03
2.239978245201e-03,8.147405410517e+05,8.147405429844e+05,-1.932716695592e-03
2.239707847055e-03,8.148372949623e+05,8.148372968845e+05,-1.922286464833e-03
2.239437514182e-03,8.149340484912e+05,8.149340504030e+05,-1.911845523864e-03
2.239167246560e-03,8.150308016384e+05,8.150308035398e+05,-1.901397597976e-03
2.238897044166e-03,8.151275544040e+05,8.151275562950e+05,-1.890938729048e-03
2.238626906974e-03,8.152243067880e+05,8.152243086685e+05,-1.880468335003e-03
2.238356834962e-03,8.153210587903e+05,8.153210606603e+05,-1.869990723208e-03
2.238086828106e-03,8.154178104110e+05,8.154178122705e+05,-1.859505195171e-03
2.237816886383e-03,8.155145616500e+05,8.155145634990e+05,-1.849008025602e-03
2.237547009768e-03,8.156113125074e+05,8.156113143459e+05,-1.838500611484e-03
2.237277198239e-03,8.157080629832e+05,8.157080648112e+05,-1.827983302064e-03
2.237007451772e-03,8.158048130773e+05,8.158048148948e+05,-1.817456679419e-03
2.236737770344e-03,8.159015627899e+05,8.159015645968e+05,-1.806923304684e-03
2.236468153930e-03,8.159983121207e+05,8.159983139171e+05,-1.796378637664e-03
2.236198602507e-03,8.160950610700e+05,8.160950628558e+05,-1.785823260434e-03
2.235929116052e-03,8.161918096377e+05,8.161918114129e+05,-1.775260083377e-03
2.235659694542e-03,8.162885578237e+05,8.162885595884e+05,-1.764687243849e-03
2.235390337952e-03,8.163853056281e+05,8.163853073822e+05,-1.754103344865e-03
2.235121046259e-03,8.164820530509e+05,8.164820547944e+05,-1.743510947563e-03
2.234851819441e-03,8.165788000921e+05,8.165788018250e+05,-1.732911565341e-03
2.234582657473e-03,8.166755467517e+05,8.166755484740e+05,-1.722302287817e-03
2.234313560332e-03,8.167722930296e+05,8.167722947413e+05,-1.711680903099e-03
2.234044527995e-03,8.168690389260e+05,8.168690406270e+05,-1.701053930447e-03
2.233775560438e-03,8.169657844408e+05,8.169657861312e+05,-1.690413570032e-03
2.233506657638e-03,8.170625295739e+05,8.170625312537e+05,-1.679765642621e-03
2.233237819571e-03,8.171592743255e+05,8.171592759946e+05,-1.669110148214e-03
2.232969046215e-03,8.172560186955e+05,8.172560203539e+05,-1.658444409259e-03
2.232700337545e-03,8.173527626839e+05,8.173527643316e+05,-1.647769240662e-03
2.232431693539e-03,8.174495062907e+05,8.174495079278e+05,-1.637087319978e-03
2.232163114172e-03,8.175462495159e+05,8.175462511423e+05,-1.626393990591e-03
2.231894599423e-03,8.176429923595e+05,8.176429939752e+05,-1.615692279302e-03
2.231626149266e-03,8.177397348216e+05,8.177397364266e+05,-1.604979741387e-03
2.231357763680e-03,8.178364769020e+05,8.178364784963e+05,-1.594259985723e-03
2.231089442641e-03,8.179332186009e+05,8.179332201845e+05,-1.583533594385e-03
2.230821186125e-03,8.180299599183e+05,8.180299614911e+05,-1.572795212269e-03
2.230552994109e-03,8.181267008540e+05,8.181267024161e+05,-1.562047982588e-03
2.230284866571e-03,8.182234414082e+05,8.182234429595e+05,-1.551291905344e-03
2.230016803486e-03,8.183201815808e+05,8.183201831213e+05,-1.540526282042e-03
2.229748804831e-03,8.184169213719e+05,8.184169229016e+05,-1.529754255898e-03
2.229480870584e-03,8.185136607814e+05,8.185136623003e+05,-1.518973149359e-03
2.229213000721e-03,8.186103998093e+05,8.186104013175e+05,-1.508182613179e-03
2.228945195219e-03,8.187071384557e+05,8.187071399531e+05,-1.497378805652e-03
2.228677454054e-03,8.188038767205e+05,8.188038782071e+05,-1.486573484726e-03
2.228409777204e-03,8.189006146038e+05,8.189006160795e+05,-1.475755707361e-03
2.228142164645e-03,8.189973521055e+05,8.189973535704e+05,-1.464929664508e-03
2.227874616354e-03,8.190940892257e+05,8.190940906798e+05,-1.454093377106e-03
2.227607132309e-03,8.191908259643e+05,8.191908274076e+05,-1.443251734599e-03
2.227339712485e-03,8.192875623214e+05,8.192875637538e+05,-1.432400546037e-03
2.227072356860e-03,8.193842982970e+05,8.193842997185e+05,-1.421540393494e-03
2.226805065410e-03,8.194810338910e+05,8.194810353016e+05,-1.410668366589e-03
2.226537838114e-03,8.195777691035e+05,8.195777705033e+05,-1.399794709869e-03
2.226270674946e-03,8.196745039344e+05,8.196745053233e+05,-1.388908596709e-03
2.226003575885e-03,8.197712383838e+05,8.197712397618e+05,-1.378013868816e-03
2.225736540907e-03,8.198679724517e+05,8.198679738188e+05,-1.367109245621e-03
2.225469569989e-03,8.199647061381e+05,8.199647074943e+05,-1.356199849397e-03
2.225202663109e-03,8.200614394430e+05,8.200614407882e+05,-1.345278928056e-03
2.224935820242e-03,8.201581723663e+05,8.201581737006e+05,-1.334349042736e-03
2.224669041367e-03,8.202549049081e+05,8.202549062315e+05,-1.323412870988e-03
2.224402326460e-03,8.203516370684e+05,8.203516383809e+05,-1.312467618845e-03
2.224135675497e-03,8.204483688472e+05,8.204483701487e+05,-1.301517244428e-03
2.223869088457e-03,8.205451002445e+05,8.205451015350e+05,-1.290553831495e-03
2.223602565316e-03,8.206418312603e+05,8.206418325398e+05,-1.279582502320e-03
2.223336106052e-03,8.207385618945e+05,8.207385631631e+05,-1.268605818041e-03
2.223069710640e-03,8.208352921473e+05,8.208352934049e+05,-1.257620286196e-03
2.222803379058e-03,8.209320220186e+05,8.209320232652e+05,-1.246628002264e-03
2.222537111284e-03,8.210287515083e+05,8.210287527440e+05,-1.235624775290e-03
2.222270907294e-03,8.211254806166e+05,8.211254818412e+05,-1.224612351507e-03
2.222004767066e-03,8.212222093434e+05,8.212222105570e+05,-1.213595503941e-03
2.221738690576e-03,8.213189376887e+05,8.213189388913e+05,-1.202568761073e-03
2.221472677802e-03,8.214156656525e+05,8.214156668440e+05,-1.191536081024e-03
2.221206728720e-03,8.215123932348e+05,8.215123944153e+05,-1.180492225103e-03
2.220940843309e-03,8.216091204357e+05,8.216091216051e+05,-1.169442548417e-03
2.220675021544e-03,8.217058472551e+05,8.217058484134e+05,-1.158381113783e-03
2.220409263404e-03,8.218025736929e+05,8.218025748403e+05,-1.147317467257e-03
2.220143568864e-03,8.218992997494e+05,8.218993008856e+05,-1.136240316555e-03
2.219877937904e-03,8.219960254243e+05,8.219960265495e+05,-1.125162350945e-03
2.219612370499e-03,8.220927507178e+05,8.220927518318e+05,-1.114071696065e-03
2.219346866627e-03,8.221894756298e+05,8.221894767328e+05,-1.102973008528e-03
2.219081426265e-03,8.222862001603e+05,8.222862012522e+05,-1.091866870411e-03
2.218816049390e-03,8.223829243094e+05,8.223829253902e+05,-1.080752816051e-03
2.218550735980e-03,8.224796480770e+05,8.224796491467e+05,-1.069633057341e-03
2.218285486011e-03,8.225763714632e+05,8.225763725217e+05,-1.058503054082e-03
2.218020299462e-03,8.226730944679e+05,8.226730955153e+05,-1.047367928550e-03
2.217755176309e-03,8.227698170912e+05,8.227698181274e+05,-1.036222442053e-03
2.217490116529e-03,8.228665393330e+05,8.228665403580e+05,-1.025071949698e-03
2.217225120100e-03,8.229632611933e+05,8.229632622072e+05,-1.013913424686e-03
2.216960187000e-03,8.230599826722e+05,8.230599836750e+05,-1.002745237201e-03
2.216695317204e-03,8.231567037697e+05,8.231567047613e+05,-9.915711125359e-04
2.216430510692e-03,8.232534244857e+05,8.232534254661e+05,-9.803903521970e-04
2.216165767439e-03,8.233501448203e+05,8.233501457895e+05,-9.692000458017e-04
2.215901087424e-03,8.234468647735e+05,8.234468657315e+05,-9.580033365637e-04
2.215636470623e-03,8.235435843452e+05,8.235435852920e+05,-9.467982454225e-04
2.215371917015e-03,8.236403035355e+05,8.236403044711e+05,-9.355852380395e-04
2.215107426576e-03,8.237370223444e+05,8.237370232688e+05,-9.243679232895e-04
2.214842999284e-03,8.238337407719e+05,8.238337416850e+05,-9.131430415437e-04
2.214578635116e-03,8.239304588179e+05,8.239304597198e+05,-9.019086137414e-04
2.214314334049e-03,8.240271764825e+05,8.240271773732e+05,-8.906663861126e-04
2.214050096062e-03,8.241238937657e+05,8.241238946451e+05,-8.794200839475e-04
2.213785921131e-03,8.242206106675e+05,8.242206115356e+05,-8.681635372341e-04
2.213521809234e-03,8.243173271878e+05,8.243173280447e+05,-8.569021010771e-04
2.213257760348e-03,8.244140433268e+05,8.244140441724e+05,-8.456329815090e-04
2.212993774451e-03,8.245107590843e+05,8.245107599187e+05,-8.343532681465e-04
2.212729851521e-03,8.246074744605e+05,8.246074752835e+05,-8.230727398768e-04
2.212465991534e-03,8.247041894552e+05,8.247041902670e+05,-8.117791730911e-04
2.212202194468e-03,8.248009040685e+05,8.248009048690e+05,-8.004811825231e-04
2.211938460300e-03,8.248976183005e+05,8.248976190896e+05,-7.891767891124e-04
2.211674789009e-03,8.249943321510e+05,8.249943329289e+05,-7.778645958751e-04
2.211411180572e-03,8.250910456202e+05,8.250910463867e+05,-7.665462326258e-04
2.211147634966e-03,8.251877587079e+05,8.251877594631e+05,-7.552192546427e-04
2.210884152169e-03,8.252844714143e+05,8.252844721582e+05,-7.438894826919e-04
2.210620732158e-03,8.253811837393e+05,8.253811844718e+05,-7.325493497774e-04
2.210357374911e-03,8.254778956829e+05,8.254778964041e+05,-7.212022319436e-04
2.210094080405e-03,8.255746072451e+05,8.255746079550e+05,-7.098497590050e-04
2.209830848618e-03,8.256713184260e+05,8.256713191245e+05,-6.984889041632e-04
2.209567679528e-03,8.257680292254e+05,8.257680299126e+05,-6.871232762933e-04
2.209304573113e-03,8.258647396435e+05,8.258647403193e+05,-6.757474038750e-04
2.209041529349e-03,8.259614496803e+05,8.259614503446e+05,-6.643694359809e-04
2.208778548214e-03,8.260581593356e+05,8.260581599886e+05,-6.529814563692e-04
2.208515629687e-03,8.261548686096e+05,8.261548692512e+05,-6.415905663744e-04
2.208252773744e-03,8.262515775023e+05,8.262515781325e+05,-6.301880348474e-04
2.207989980364e-03,8.263482860136e+05,8.263482866323e+05,-6.187807302922e-04
2.207727249524e-03,8.264449941435e+05,8.264449947508e+05,-6.073680706322e-04
2.207464581202e-03,8.265417018920e+05,8.265417024880e+05,-5.959479603916e-04
2.207201975375e-03,8.266384092592e+05,8.266384098438e+05,-5.845243576914e-04
2.206939432021e-03,8.267351162451e+05,8.267351168182e+05,-5.730933044106e-04
2.206676951118e-03,8.268318228496e+05,8.268318234113e+05,-5.616537528113e-04
2.206414532644e-03,8.269285290728e+05,8.269285296230e+05,-5.502065178007e-04
2.206152176576e-03,8.270252349146e+05,8.270252354534e+05,-5.387541605160e-04
2.205889882891e-03,8.271219403751e+05,8.271219409024e+05,-5.272984271869e-04
2.205627651569e-03,8.272186454542e+05,8.272186459701e+05,-5.158337298781e-04
2.205365482586e-03,8.273153501520e+05,8.273153506564e+05,-5.043653072789e-04
2.205103375921e-03,8.274120544685e+05,8.274120549614e+05,-4.928892012686e-04
2.204841331551e-03,8.275087584037e+05,8.275087588851e+05,-4.814056446776e-04
2.204579349453e-03,8.276054619575e+05,8.276054624274e+05,-4.699159180745e-04
2.204317429607e-03,8.277021651300e+05,8.277021655884e+05,-4.584189737216e-04
2.204055571989e-03,8.277988679211e+05,8.277988683680e+05,-4.469177220017e-04
2.203793776577e-03,8.278955703310e+05,8.278955707664e+05,-4.354121629149e-04
2.203532043349e-03,8.279922723595e+05,8.279922727834e+05,-4.238977562636e-04
2.203270372284e-03,8.280889740067e+05,8.280889744191e+05,-4.123772960156e-04
2.203008763358e-03,8.281856752726e+05,8.281856756735e+05,-4.008541582152e-04
2.202747216550e-03,8.282823761572e+05,8.282823765465e+05,-3.893236862496e-04
2.202485731838e-03,8.283790766605e+05,8.283790770383e+05,-3.777844831347e-04
2.202224309199e-03,8.284757767825e+05,8.284757771487e+05,-3.662436502054e-04
2.201962948611e-03,8.285724765231e+05,8.285724768778e+05,-3.546937368810e-04
2.201701650053e-03,8.286691758825e+05,8.286691762257e+05,-3.431387012824e-04
2.201440413503e-03,8.287658748606e+05,8.287658751922e+05,-3.315779613331e-04
2.201179238937e-03,8.288625734574e+05,8.288625737774e+05,-3.200131468475e-04
2.200918126335e-03,8.289592716728e+05,8.289592719813e+05,-3.084399504587e-04
2.200657075673e-03,8.290559695070e+05,8.290559698039e+05,-2.968627959490e-04
2.200396086931e-03,8.291526669599e+05,8.291526672452e+05,-2.852797042578e-04
2.200135160085e-03,8.292493640316e+05,8.292493643053e+05,-2.736896276474e-04
2.199874295115e-03,8.293460607219e+05,8.293460609840e+05,-2.620961749926e-04
2.199613491998e-03,8.294427570310e+05,8.294427572815e+05,-2.504953881726e-04
2.199352750711e-03,8.295394529587e+05,8.295394531976e+05,-2.388888970017e-04
2.199092071234e-03,8.296361485052e+05,8.296361487325e+05,-2.272794954479e-04
2.198831453543e-03,8.297328436705e+05,8.297328438861e+05,-2.156648552045e-04
2.198570897618e-03,8.298295384544e+05,8.298295386585e+05,-2.040416002274e-04
2.198310403436e-03,8.299262328571e+05,8.299262330495e+05,-1.924133393914e-04
2.198049970975e-03,8.300229268785e+05,8.300229270593e+05,-1.807815860957e-04
2.197789600213e-03,8.301196205187e+05,8.301196206878e+05,-1.691433135420e-04
2.197529291129e-03,8.302163137776e+05,8.302163139351e+05,-1.574977068231e-04
2.197269043700e-03,8.303130066552e+05,8.303130068011e+05,-1.458508195356e-04
2.197008857904e-03,8.304096991516e+05,8.304096992858e+05,-1.341946190223e-04
2.196748733720e-03,8.305063912667e+05,8.305063913893e+05,-1.225394662470e-04
2.196488671126e-03,8.306030830006e+05,8.306030831115e+05,-1.108758151531e-04
2.196228670099e-03,8.306997743532e+05,8.306997744524e+05,-9.920494630933e-05
2.195968730619e-03,8.307964653246e+05,8.307964654121e+05,-8.752953726798e-05
2.195708852663e-03,8.308931559148e+05,8.308931559906e+05,-7.585133425891e-05
2.195449036209e-03,8.309898461237e+05,8.309898461878e+05,-6.416626274586e-05
2.195189281235e-03,8.310865359513e+05,8.310865360038e+05,-5.247711669654e-05
2.194929587720e-03,8.311832253977e+05,8.311832254385e+05,-4.078098572791e-05
2.194669955642e-03,8.312799144629e+05,8.312799144920e+05,-2.908171154559e-05
2.194410384979e-03,8.313766031469e+05,8.313766031643e+05,-1.737847924232e-05
2.194150875710e-03,8.314732914496e+05,8.314732914553e+05,-5.666865035892e-06
2.193891427811e-03,8.315699793711e+05,8.315699793651e+05,6.045447662473e-06
2.193632041263e-03,8.316666669114e+05,8.316666668936e+05,1.776404678822e-05
2.193372716042e-03,8.317633540704e+05,8.317633540410e+05,2.948986366391e-05
2.193113452128e-03,8.318600408483e+05,8.318600408071e+05,4.121637903154e-05
2.192854249498e-03,8.319567272449e+05,8.319567271920e+05,5.295092705637e-05
2.192595108130e-03,8.320534132603e+05,8.320534131956e+05,6.468861829489e-05
2.192336028004e-03,8.321500988945e+05,8.321500988181e+05,7.642782293260e-05
2.192077009097e-03,8.322467841475e+05,8.322467840593e+05,8.817506022751e-05
2.191818051388e-03,8.323434690193e+05,8.323434689193e+05,9.992788545787e-05
2.191559154855e-03,8.324401535098e+05,8.324401533982e+05,1.116830389947e-04
2.191300319476e-03,8.325368376192e+05,8.325368374958e+05,1.234441297129e-04
2.191041545229e-03,8.326335213474e+05,8.326335212122e+05,1.352099934593e-04
2.190782832094e-03,8.327302046944e+05,8.327302045474e+05,1.469791168347e-04
2.190524180047e-03,8.328268876602e+05,8.328268875014e+05,1.587535953149e-04
2.190265589069e-03,8.329235702448e+05,8.329235700742e+05,1.705315662548e-04
2.190007059136e-03,8.330202524482e+05,8.330202522658e+05,1.823132624850e-04
2.189748590228e-03,8.331169342704e+05,8.331169340763e+05,1.940982183442e-04
2.189490182322e-03,8.332136157114e+05,8.332136155055e+05,2.058905083686e-04
2.189231835398e-03,8.333102967713e+05,8.333102965536e+05,2.176859416068e-04
2.188973549434e-03,8.334069774499e+05,8.334069772204e+05,2.294827718288e-04
2.188715324407e-03,8.335036577474e+05,8.335036575061e+05,2.412881003693e-04
2.188457160297e-03,8.336003376637e+05,8.336003374106e+05,2.530954079702e-04
2.188199057082e-03,8.336970171989e+05,8.336970169340e+05,2.649063244462e-04
2.187941014741e-03,8.337936963529e+05,8.337936960761e+05,2.767246915027e-04
2.187683033251e-03,8.338903751257e+05,8.338903748371e+05,2.885452704504e-04
2.187425112591e-03,8.339870535173e+05,8.339870532170e+05,3.003664314747e-04
2.187167252741e-03,8.340837315278e+05,8.340837312156e+05,3.121960908175e-04
2.186909453678e-03,8.341804091571e+05,8.341804088331e+05,3.240264486521e-04
2.186651715380e-03,8.342770864053e+05,8.342770860695e+05,3.358605317771e-04
2.186394037827e-03,8.343737632723e+05,8.343737629246e+05,3.477007849142e-04
2.186136420997e-03,8.344704397582e+05,8.344704393986e+05,3.595442976803e-04
2.185878864868e-03,8.345671158629e+05,8.345671154915e+05,3.713911864907e-04
2.185621369419e-03,8.346637915865e+05,8.346637912032e+05,3.832418005913e-04
2.185363934629e-03,8.347604669289e+05,8.347604665338e+05,3.950968384743e-04
2.185106560476e-03,8.348571418902e+05,8.348571414832e+05,4.069537390023e-04
2.184849246938e-03,8.349538164703e+05,8.349538160515e+05,4.188123857602e-04
2.184591993995e-03,8.350504906693e+05,8.350504902386e+05,4.306776681915e-04
2.184334801625e-03,8.351471644872e+05,8.351471640446e+05,4.425495862961e-04
2.184077669806e-03,8.352438379239e+05,8.352438374695e+05,4.544213879853e-04
2.183820598517e-03,8.353405109795e+05,8.353405105132e+05,4.662969149649e-04
2.183563587737e-03,8.354371836540e+05,8.354371831758e+05,4.781753523275e-04
2.183306637444e-03,8.355338559474e+05,8.355338554573e+05,4.900551866740e-04
2.183049747617e-03,8.356305278596e+05,8.356305273577e+05,5.019442178309e-04
2.182792918235e-03,8.357271993907e+05,8.357271988769e+05,5.138301057741e-04
2.182536149277e-03,8.358238705407e+05,8.358238700150e+05,5.257256561890e-04
2.182279440720e-03,8.359205413096e+05,8.359205407720e+05,5.376206245273e-04
2.182022792544e-03,8.360172116974e+05,8.360172111478e+05,5.495194345713e-04
2.181766204727e-03,8.361138817040e+05,8.361138811426e+05,5.614223191515e-04
2.181509677249e-03,8.362105513296e+05,8.362105507562e+05,5.733264843002e-04
2.181253210087e-03,8.363072205740e+05,8.363072199888e+05,5.852355388924e-04
2.180996803221e-03,8.364038894374e+05,8.364038888402e+05,5.971464561298e-04
2.180740456629e-03,8.365005579196e+05,8.365005573105e+05,6.090580718592e-04
2.180484170290e-03,8.365972260208e+05,8.365972253998e+05,6.209765560925e-04
2.180227944183e-03,8.366938937408e+05,8.366938931079e+05,6.328966701403e-04
2.179971778287e-03,8.367905610798e+05,8.367905604349e+05,6.448194617406e-04
2.179715672580e-03,8.368872280376e+05,8.368872273809e+05,6.567480741069e-04
2.179459627041e-03,8.369838946144e+05,8.369838939457e+05,6.686783162877e-04
2.179203641649e-03,8.370805608101e+05,8.370805601295e+05,6.806085584685e-04
2.178947716383e-03,8.371772266247e+05,8.371772259322e+05,6.925414782017e-04
2.178691851221e-03,8.372738920583e+05,8.372738913538e+05,7.044796366245e-04
2.178436046143e-03,8.373705571107e+05,8.373705563943e+05,7.164210546762e-04
2.178180301127e-03,8.374672217821e+05,8.374672210537e+05,7.283637532964e-04
2.177924616152e-03,8.375638860724e+05,8.375638853321e+05,7.403073832393e-04
2.177668991197e-03,8.376605499817e+05,8.376605492294e+05,7.522545056418e-04
2.177413426241e-03,8.377572135098e+05,8.377572127456e+05,7.642052369192e-04
2.177157921263e-03,8.378538766569e+05,8.378538758808e+05,7.761565502733e-04
2.176902476241e-03,8.379505394230e+05,8.379505386349e+05,7.881141500548e-04
2.176647091154e-03,8.380472018080e+05,8.380472010079e+05,8.000718662515e-04
2.176391765982e-03,8.381438638119e+05,8.381438629999e+05,8.120295824483e-04
2.176136500704e-03,8.382405254348e+05,8.382405246108e+05,8.239937014878e-04
2.175881295297e-03,8.383371866766e+05,8.383371858406e+05,8.359582861885e-04
2.175626149742e-03,8.384338475373e+05,8.384338466894e+05,8.479275275022e-04
2.175371064017e-03,8.385305080171e+05,8.385305071572e+05,8.598933927715e-04
2.175116038101e-03,8.386271681157e+05,8.386271672439e+05,8.718661265448e-04
2.174861071973e-03,8.387238278334e+05,8.387238269495e+05,8.838380454108e-04
2.174606165612e-03,8.388204871700e+05,8.388204862741e+05,8.958149701357e-04
2.174351318997e-03,8.389171461255e+05,8.389171452177e+05,9.077957365662e-04
2.174096532107e-03,8.390138047000e+05,8.390138037802e+05,9.197760373354e-04
2.173841804921e-03,8.391104628935e+05,8.391104619618e+05,9.317548247054e-04
2.173587137418e-03,8.392071207060e+05,8.392071197622e+05,9.437387343496e-04
2.173332529577e-03,8.393037781374e+05,8.393037771817e+05,9.557239245623e-04
2.173077981377e-03,8.394004351878e+05,8.394004342201e+05,9.677133057266e-04
2.172823492798e-03,8.394970918572e+05,8.394970908775e+05,9.797030361369e-04
2.172569063817e-03,8.395937481455e+05,8.395937471538e+05,9.916947456077e-04
2.172314694415e-03,8.396904040529e+05,8.396904030492e+05,1.003686455078e-03
2.172060384570e-03,8.397870595792e+05,8.397870585635e+05,1.015684101731e-03
2.171806134262e-03,8.398837147245e+05,8.398837136968e+05,1.027679536492e-03
2.171551943469e-03,8.399803694888e+05,8.399803684491e+05,1.039676950313e-03
2.171297812171e-03,8.400770238721e+05,8.400770228204e+05,1.051677973010e-03
2.171043740346e-03,8.401736778744e+05,8.401736768107e+05,1.063678297214e-03
2.170789727975e-03,8.402703314957e+05,8.402703304200e+05,1.075682463124e-03
2.170535775035e-03,8.403669847359e+05,8.403669836482e+05,1.087688142434e-03
2.170281881507e-03,8.404636375952e+05,8.404636364955e+05,1.099692075513e-03
2.170028047368e-03,8.405602900735e+05,8.405602889618e+05,1.111699850298e-03
2.169774272600e-03,8.406569421708e+05,8.406569410471e+05,1.123710535467e-03
2.169520557180e-03,8.407535938871e+05,8.407535927514e+05,1.135719823651e-03
2.169266901087e-03,8.408502452224e+05,8.408502440747e+05,1.147730275989e-03
2.169013304302e-03,8.409468961768e+05,8.409468950170e+05,1.159741892479e-03
2.168759766803e-03,8.410435467501e+05,8.410435455783e+05,1.171756885014e-03
2.168506288569e-03,8.411401969425e+05,8.411401957587e+05,1.183772808872e-03
2.168252869580e-03,8.412368467539e+05,8.412368455581e+05,1.195787801407e-03
2.167999509815e-03,8.413334961843e+05,8.413334949765e+05,1.207806519233e-03
2.167746209253e-03,8.414301452337e+05,8.414301440139e+05,1.219824305736e-03
2.167492967874e-03,8.415267939022e+05,8.415267926703e+05,1.231841277331e-03
2.167239785656e-03,8.416234421897e+05,8.416234409458e+05,1.243862207048e-03
2.166986662579e-03,8.417200900962e+05,8.417200888403e+05,1.255885581486e-03
2.166733598622e-03,8.418167376218e+05,8.418167363539e+05,1.267905929126e-03
2.166480593765e-03,8.419133847664e+05,8.419133834864e+05,1.279930816963e-03
2.166227647986e-03,8.420100315300e+05,8.420100302381e+05,1.291951863095e-03
2.165974761265e-03,8.421066779127e+05,8.421066766087e+05,1.303977798671e-03
2.165721933582e-03,8.422033239145e+05,8.422033225985e+05,1.316002220847e-03
2.165469164916e-03,8.422999695353e+05,8.422999682072e+05,1.328030135483e-03
2.165216455246e-03,8.423966147751e+05,8.423966134350e+05,1.340053975582e-03
2.164963804551e-03,8.424932596340e+05,8.424932582819e+05,1.352083287202e-03
2.164711212811e-03,8.425899041119e+05,8.425899027478e+05,1.364109106362e-03
2.164458680005e-03,8.426865482089e+05,8.426865468328e+05,1.376140280627e-03
2.164206206112e-03,8.427831919250e+05,8.427831905368e+05,1.388165401295e-03
2.163953791113e-03,8.428798352601e+05,8.428798338600e+05,1.400197041221e-03
2.163701434985e-03,8.429764782144e+05,8.429764768021e+05,1.412224955857e-03
2.163449137710e-03,8.430731207876e+05,8.430731193634e+05,1.424256479368e-03
2.163196899265e-03,8.431697629800e+05,8.431697615437e+05,1.436286489479e-03
2.162944719632e-03,8.432664047914e+05,8.432664033431e+05,1.448317547329e-03
2.162692598788e-03,8.433630462219e+05,8.433630447615e+05,1.460348372348e-03
2.162440536713e-03,8.434596872714e+05,8.434596857991e+05,1.472379080951e-03
2.162188533388e-03,8.435563279401e+05,8.435563264557e+05,1.484410604462e-03
2.161936588790e-03,8.436529682278e+05,8.436529667314e+05,1.496440265328e-03
2.161684702901e-03,8.437496081346e+05,8.437496066262e+05,1.508471323177e-03
2.161432875699e-03,8.438462476605e+05,8.438462461400e+05,1.520501798950e-03
2.161181107164e-03,8.439428868055e+05,8.439428852730e+05,1.532535185106e-03
2.160929397275e-03,8.440395255696e+05,8.440395240251e+05,1.544565311633e-03
2.160677746011e-03,8.441361639528e+05,8.441361623962e+05,1.556596718729e-03
2.160426153354e-03,8.442328019551e+05,8.442328003865e+05,1.568629522808e-03
2.160174619280e-03,8.443294395765e+05,8.443294379959e+05,1.580656506121e-03
2.159923143772e-03,8.444260768170e+05,8.444260752243e+05,1.592690590769e-03
2.159671726807e-03,8.445227136766e+05,8.445227120719e+05,1.604718854651e-03
2.159420368366e-03,8.446193501553e+05,8.446193485386e+05,1.616748631932e-03
2.159169068428e-03,8.447159862531e+05,8.447159846243e+05,1.628779224120e-03
2.158917826972e-03,8.448126219701e+05,8.448126203292e+05,1.640809932724e-03
2.158666643979e-03,8.449092573061e+05,8.449092556533e+05,1.652838429436e-03
2.158415519428e-03,8.450058922613e+05,8.450058905964e+05,1.664864714257e-03
2.158164453298e-03,8.451025268356e+05,8.451025251587e+05,1.676892628893e-03
2.157913445569e-03,8.451991610290e+05,8.451991593400e+05,1.688921009190e-03
2.157662496220e-03,8.452957948415e+05,8.452957931406e+05,1.700946944766e-03
2.157411605233e-03,8.453924282732e+05,8.453924265602e+05,1.712973695248e-03
2.157160772585e-03,8.454890613240e+05,8.454890595990e+05,1.724996254779e-03
2.156909998256e-03,8.455856939939e+05,8.455856922569e+05,1.737021841109e-03
2.156659282227e-03,8.456823262829e+05,8.456823245339e+05,1.749046379700e-03
2.156408624477e-03,8.457789581911e+05,8.457789564301e+05,1.761069055647e-03
2.156158024985e-03,8.458755897185e+05,8.458755879454e+05,1.773089403287e-03
2.155907483732e-03,8.459722208650e+05,8.459722190799e+05,1.785112661310e-03
2.155657000697e-03,8.460688516306e+05,8.460688498335e+05,1.797133125365e-03
2.155406575860e-03,8.461654820154e+05,8.461654802062e+05,1.809151726775e-03
2.155156209200e-03,8.462621120193e+05,8.462621101981e+05,1.821167301387e-03
2.154905900697e-03,8.463587416424e+05,8.463587398092e+05,1.833183574490e-03
2.154655650331e-03,8.464553708846e+05,8.464553690394e+05,1.845200313255e-03
2.154405458082e-03,8.465519997460e+05,8.465519978888e+05,1.857217401266e-03
2.154155323929e-03,8.466486282266e+05,8.466486263574e+05,1.869227970019e-03
2.153905247852e-03,8.467452563263e+05,8.467452544451e+05,1.881239702925e-03
2.153655229832e-03,8.468418840452e+05,8.468418821519e+05,1.893252134323e-03
2.153405269847e-03,8.469385113832e+05,8.469385094780e+05,1.905262819491e-03
2.153155367877e-03,8.470351383405e+05,8.470351364232e+05,1.917269080877e-03
2.152905523903e-03,8.471317649169e+05,8.471317629876e+05,1.929276622832e-03
2.152655737905e-03,8.472283911124e+05,8.472283891712e+05,1.941280788742e-03
2.152406009861e-03,8.473250169272e+05,8.473250149739e+05,1.953284139745e-03
2.152156339752e-03,8.474216423611e+05,8.474216403958e+05,1.965286443010e-03
2.151906727557e-03,8.475182674142e+05,8.475182654370e+05,1.977284788154e-03
2.151657173258e-03,8.476148920865e+05,8.476148900972e+05,1.989284995943e-03
2.151407676832e-03,8.477115163780e+05,8.477115143767e+05,2.001282759011e-03
2.151158238261e-03,8.478081402887e+05,8.478081382754e+05,2.013277029619e-03
2.150908857524e-03,8.479047638186e+05,8.479047617933e+05,2.025270834565e-03
2.150659534601e-03,8.480013869676e+05,8.480013849304e+05,2.037259982899e-03
2.150410269471e-03,8.480980097359e+05,8.480980076866e+05,2.049250295386e-03
2.150161062116e-03,8.481946321234e+05,8.481946300621e+05,2.061238279566e-03
2.149911912514e-03,8.482912541300e+05,8.482912520568e+05,2.073220908642e-03
2.149662820647e-03,8.483878757559e+05,8.483878736707e+05,2.085207263008e-03
2.149413786492e-03,8.484844970010e+05,8.484844949038e+05,2.097187447362e-03
2.149164810031e-03,8.485811178653e+05,8.485811157561e+05,2.109168795869e-03
2.148915891244e-03,8.486777383488e+05,8.486777362276e+05,2.121145138517e-03
2.148667030110e-03,8.487743584515e+05,8.487743563184e+05,2.133120084181e-03
2.148418226610e-03,8.488709781734e+05,8.488709760283e+05,2.145091304556e-03
2.148169480722e-03,8.489675975146e+05,8.489675953575e+05,2.157060080208e-03
2.147920792429e-03,8.490642164749e+05,8.490642143059e+05,2.169029437937e-03
2.147672161709e-03,8.491608350545e+05,8.491608328735e+05,2.180995419621e-03
2.147423588542e-03,8.492574532534e+05,8.492574510604e+05,2.192959655076e-03
2.147175072908e-03,8.493540710714e+05,8.493540688665e+05,2.204919233918e-03
2.146926614788e-03,8.494506885087e+05,8.494506862918e+05,2.216876135208e-03
2.146678214162e-03,8.495473055652e+05,8.495473033364e+05,2.228833269328e-03
2.146429871009e-03,8.496439222410e+05,8.496439200002e+05,2.240784000605e-03
2.146181585309e-03,8.497405385360e+05,8.497405362833e+05,2.252736245282e-03
2.145933357044e-03,8.498371544503e+05,8.498371521856e+05,2.264682087116e-03
2.145685186192e-03,8.499337699838e+05,8.499337677071e+05,2.276626299135e-03
2.145437072734e-03,8.500303851365e+05,8.500303828479e+05,2.288568648510e-03
2.145189016649e-03,8.501269999085e+05,8.501269976080e+05,2.300506923348e-03
2.144941017919e-03,8.502236142997e+05,8.502236119873e+05,2.312446013093e-03
2.144693076523e-03,8.503202283102e+05,8.503202259858e+05,2.324378001504e-03
2.144445192441e-03,8.504168419400e+05,8.504168396037e+05,2.336305566132e-03
2.144197365654e-03,8.505134551890e+05,8.505134528407e+05,2.348233247176e-03
2.143949596141e-03,8.506100680573e+05,8.506100656971e+05,2.360156504437e-03
2.143701883882e-03,8.507066805448e+05,8.507066781727e+05,2.372078015469e-03
2.143454228859e-03,8.508032926516e+05,8.508032902676e+05,2.383997198194e-03
2.143206631050e-03,8.508999043777e+05,8.508999019818e+05,2.395909861661e-03
2.142959090437e-03,8.509965157230e+05,8.509965133152e+05,2.407819731161e-03
2.142711606999e-03,8.510931266876e+05,8.510931242679e+05,2.419728785753e-03
2.142464180716e-03,8.511897372715e+05,8.511897348399e+05,2.431633998640e-03
2.142216811569e-03,8.512863474747e+05,8.512863450312e+05,2.443531760946e-03
2.141969499538e-03,8.513829572972e+05,8.513829548418e+05,2.455428824760e-03
2.141722244603e-03,8.514795667389e+05,8.514795642716e+05,2.467325190082e-03
2.141475046745e-03,8.515761758000e+05,8.515761733207e+05,2.479213173501e-03
2.141227905943e-03,8.516727844803e+05,8.516727819892e+05,2.491100807674e-03
2.140980822179e-03,8.517693927799e+05,8.517693902769e+05,2.502984250896e-03
2.140733795431e-03,8.518660006988e+05,8.518659981839e+05,2.514860359952e-03
2.140486825681e-03,8.519626082370e+05,8.519626057103e+05,2.526736119762e-03
2.140239912908e-03,8.520592153945e+05,8.520592128559e+05,2.538607339375e-03
2.139993057093e-03,8.521558221713e+05,8.521558196208e+05,2.550478326157e-03
2.139746258217e-03,8.522524285674e+05,8.522524260051e+05,2.562342560850e-03
2.139499516259e-03,8.523490345829e+05,8.523490320087e+05,2.574198297225e-03
2.139252831200e-03,8.524456402176e+05,8.524456376315e+05,2.586057293229e-03
2.139006203021e-03,8.525422454716e+05,8.525422428737e+05,2.597907208838e-03
2.138759631700e-03,8.526388503450e+05,8.526388477352e+05,2.609755261801e-03
2.138513117220e-03,8.527354548376e+05,8.527354522160e+05,2.621599822305e-03
2.138266659560e-03,8.528320589496e+05,8.528320563162e+05,2.633438678458e-03
2.138020258700e-03,8.529286626810e+05,8.529286600357e+05,2.645272063091e-03
2.137773914621e-03,8.530252660316e+05,8.530252633745e+05,2.657103003003e-03
2.137527627304e-03,8.531218690016e+05,8.531218663326e+05,2.668929286301e-03
2.137281396728e-03,8.532184715908e+05,8.532184689101e+05,2.680751145817e-03
2.137035222875e-03,8.533150737995e+05,8.533150711069e+05,2.692566951737e-03
2.136789105724e-03,8.534116756274e+05,8.534116729230e+05,2.704381244257e-03
2.136543045256e-03,8.535082770747e+05,8.535082743585e+05,2.716188551858e-03
2.136297041451e-03,8.536048781414e+05,8.536048754134e+05,2.727993647568e-03
2.136051094290e-03,8.537014788273e+05,8.537014760875e+05,2.739790710621e-03
2.135805203753e-03,8.537980791326e+05,8.537980763811e+05,2.751584514044e-03
2.135559369820e-03,8.538946790573e+05,8.538946762939e+05,2.763374592178e-03
2.135313592473e-03,8.539912786013e+05,8.539912758262e+05,2.775158616714e-03
2.135067871692e-03,8.540878777647e+05,8.540878749778e+05,2.786939963698e-03
2.134822207456e-03,8.541844765474e+05,8.541844737487e+05,2.798715489917e-03
2.134576599747e-03,8.542810749495e+05,8.542810721390e+05,2.810483099893e-03
2.134331048545e-03,8.543776729709e+05,8.543776701487e+05,2.822250593454e-03
2.134085553830e-03,8.544742706117e+05,8.544742677777e+05,2.834010054357e-03
2.133840115584e-03,8.545708678719e+05,8.545708650261e+05,2.845765207894e-03
2.133594733786e-03,8.546674647514e+05,8.546674618939e+05,2.857515355572e-03
2.133349408417e-03,8.547640612503e+05,8.547640583811e+05,2.869259682484e-03
2.133104139457e-03,8.548606573686e+05,8.548606544876e+05,2.880999818444e-03
2.132858926888e-03,8.549572531062e+05,8.549572502135e+05,2.892731921747e-03
2.132613770690e-03,8.550538484632e+05,8.550538455588e+05,2.904462045990e-03
2.132368670842e-03,8.551504434396e+05,8.551504405235e+05,2.916181925684e-03
2.132123627327e-03,8.552470380354e+05,8.552470351075e+05,2.927899942733e-03
2.131878640124e-03,8.553436322506e+05,8.553436293110e+05,2.939614350908e-03
2.131633709214e-03,8.554402260851e+05,8.554402231338e+05,2.951318165287e-03
2.131388834578e-03,8.555368195391e+05,8.555368165760e+05,2.963020466268e-03
2.131144016196e-03,8.556334126124e+05,8.556334096377e+05,2.974717412144e-03
2.130899254048e-03,8.557300053051e+05,8.557300023187e+05,2.986406674609e-03
2.130654548117e-03,8.558265976172e+05,8.558265946191e+05,2.998087788001e-03
2.130409898381e-03,8.559231895488e+05,8.559231865390e+05,3.009768552147e-03
2.130165304822e-03,8.560197810997e+05,8.560197780782e+05,3.021437791176e-03
2.129920767420e-03,8.561163722700e+05,8.561163692369e+05,3.033104119822e-03
2.129676286157e-03,8.562129630597e+05,8.562129600150e+05,3.044763347134e-03
2.129431861012e-03,8.563095534689e+05,8.563095504124e+05,3.056420246139e-03
2.129187491967e-03,8.564061434974e+05,8.564061404293e+05,3.068068530411e-03
2.128943179002e-03,8.565027331454e+05,8.565027300657e+05,3.079709247686e-03
2.128698922097e-03,8.565993224127e+05,8.565993193214e+05,3.091344144195e-03
2.128454721234e-03,8.566959112995e+05,8.566959081966e+05,3.102975548245e-03
2.128210576394e-03,8.567924998058e+05,8.567924966912e+05,3.114599385299e-03
2.127966487556e-03,8.568890879314e+05,8.568890848052e+05,3.126214724034e-03
2.127722454702e-03,8.569856756765e+05,8.569856725386e+05,3.137828083709e-03
2.127478477812e-03,8.570822630410e+05,8.570822598915e+05,3.149431198835e-03
2.127234556868e-03,8.571788500249e+05,8.571788468639e+05,3.161027794704e-03
2.126990691849e-03,8.572754366282e+05,8.572754334556e+05,3.172617289238e-03
2.126746882737e-03,8.573720228510e+05,8.573720196668e+05,3.184205386788e-03
2.126503129513e-03,8.574686086933e+05,8.574686054975e+05,3.195778932422e-03
2.126259432157e-03,8.575651941549e+05,8.575651909476e+05,3.207350615412e-03
2.126015790650e-03,8.576617792361e+05,8.576617760171e+05,3.218917991035e-03
2.125772204973e-03,8.577583639366e+05,8.577583607062e+05,3.230473957956e-03
2.125528675106e-03,8.578549482566e+05,8.578549450146e+05,3.242024919018e-03
2.125285201031e-03,8.579515321961e+05,8.579515289425e+05,3.253569826484e-03
2.125041782728e-03,8.580481157550e+05,8.580481124899e+05,3.265106002800e-03
2.124798420179e-03,8.581446989334e+05,8.581446956568e+05,3.276634030044e-03
2.124555113363e-03,8.582412817312e+05,8.582412784431e+05,3.288159496151e-03
2.124311862262e-03,8.583378641485e+05,8.583378608488e+05,3.299671807326e-03
2.124068666857e-03,8.584344461853e+05,8.584344428741e+05,3.311182255857e-03
2.123825527129e-03,8.585310278415e+05,8.585310245188e+05,3.322682692669e-03
2.123582443058e-03,8.586276091172e+05,8.586276057830e+05,3.334178472869e-03
2.123339414626e-03,8.587241900123e+05,8.587241866667e+05,3.345662727952e-03
2.123096441813e-03,8.588207705270e+05,8.588207671698e+05,3.357140463777e-03
2.122853524600e-03,8.589173506611e+05,8.589173472925e+05,3.368613426574e-03
2.122610662968e-03,8.590139304146e+05,8.590139270346e+05,3.380076959729e-03
2.122367856898e-03,8.591105097877e+05,8.591105063962e+05,3.391537466086e-03
2.122125106371e-03,8.592070887803e+05,8.592070853773e+05,3.402983420528e-03
2.121882411368e-03,8.593036673923e+05,8.593036639779e+05,3.414426813833e-03
2.121639771870e-03,8.594002456238e+05,8.594002421980e+05,3.425858914852e-03
2.121397187857e-03,8.594968234748e+05,8.594968200375e+05,3.437285893597e-03
2.121154659312e-03,8.595934009453e+05,8.595933974966e+05,3.448701812886e-03
2.120912186214e-03,8.596899780353e+05,8.596899745752e+05,3.460112377070e-03
2.120669768545e-03,8.597865547448e+05,8.597865512733e+05,3.471516072750e-03
2.120427406286e-03,8.598831310738e+05,8.598831275909e+05,3.482907894067e-03
2.120185099417e-03,8.599797070223e+05,8.599797035280e+05,3.494296222925e-03
2.119942847920e-03,8.600762825903e+05,8.600762790847e+05,3.505675354972e-03
2.119700651777e-03,8.601728577779e+05,8.601728542608e+05,3.517042030580e-03
2.119458510966e-03,8.602694325849e+05,8.602694290565e+05,3.528407076374e-03
2.119216425471e-03,8.603660070114e+05,8.603660034717e+05,3.539758268744e-03
2.118974395272e-03,8.604625810575e+05,8.604625775064e+05,3.551102709025e-03
2.118732420349e-03,8.605591547230e+05,8.605591511606e+05,3.562439000234e-03
2.118490500685e-03,8.606557280081e+05,8.606557244344e+05,3.573770169169e-03
2.118248636260e-03,8.607523009127e+05,8.607522973277e+05,3.585089929402e-03
2.118006827055e-03,8.608488734369e+05,8.608488698405e+05,3.596398164518e-03
2.117765073051e-03,8.609454455806e+05,8.609454419729e+05,3.607701859437e-03
2.117523374230e-03,8.610420173438e+05,8.610420137248e+05,3.618997288868e-03
2.117281730572e-03,8.611385887265e+05,8.611385850962e+05,3.630280378275e-03
2.117040142058e-03,8.612351597287e+05,8.612351560872e+05,3.641557064839e-03
2.116798608671e-03,8.613317303505e+05,8.613317266977e+05,3.652825485915e-03
2.116557130390e-03,8.614283005919e+05,8.614282969278e+05,3.664083546028e-03
2.116315707197e-03,8.615248704528e+05,8.615248667774e+05,3.675333107822e-03
2.116074339074e-03,8.616214399332e+05,8.616214362466e+05,3.686577430926e-03
2.115833026001e-03,8.617180090332e+05,8.617180053354e+05,3.697806503624e-03
2.115591767959e-03,8.618145777527e+05,8.618145740437e+05,3.709029871970e-03
2.115350564930e-03,8.619111460918e+05,8.619111423715e+05,3.720242530107e-03
2.115109416895e-03,8.620077140504e+05,8.620077103190e+05,3.731445642188e-03
2.114868323834e-03,8.621042816286e+05,8.621042778860e+05,3.742642235011e-03
2.114627285731e-03,8.622008488264e+05,8.622008450725e+05,3.753830911592e-03
2.114386302564e-03,8.622974156437e+05,8.622974118787e+05,3.765004803427e-03
2.114145374316e-03,8.623939820806e+05,8.623939783044e+05,3.776174038649e-03
2.113904500968e-03,8.624905481370e+05,8.624905443497e+05,3.787330118939e-03
2.113663682502e-03,8.625871138130e+05,8.625871100146e+05,3.798479214311e-03
2.113422918897e-03,8.626836791086e+05,8.626836752990e+05,3.809616668150e-03
2.113182210137e-03,8.627802440238e+05,8.627802402030e+05,3.820744343102e-03
2.112941556201e-03,8.628768085585e+05,8.628768047267e+05,3.831864683889e-03
2.112700957071e-03,8.629733727128e+05,8.629733688699e+05,3.842971986160e-03
2.112460412729e-03,8.630699364868e+05,8.630699326327e+05,3.854074864648e-03
2.112219923156e-03,8.631664998802e+05,8.631664960151e+05,3.865162841976e-03
2.111979488332e-03,8.632630628933e+05,8.632630590171e+05,3.876244183630e-03
2.111739108240e-03,8.633596255260e+05,8.633596216387e+05,3.887310391292e-03
2.111498782861e-03,8.634561877782e+05,8.634561838799e+05,3.898369031958e-03
2.111258512176e-03,8.635527496501e+05,8.635527457407e+05,3.909419407137e-03
2.111018296166e-03,8.636493111415e+05,8.636493072211e+05,3.920458140783e-03
2.110778134812e-03,8.637458722526e+05,8.637458683211e+05,3.931490238756e-03
2.110538028097e-03,8.638424329832e+05,8.638424290407e+05,3.942508134060e-03
2.110297976001e-03,8.639389933335e+05,8.639389893800e+05,3.953514737077e-03
2.110057978506e-03,8.640355533034e+05,8.640355493388e+05,3.964512958191e-03
2.109818035592e-03,8.641321128928e+05,8.641321089173e+05,3.975500585511e-03
2.109578147243e-03,8.642286721019e+05,8.642286681154e+05,3.986475989223e-03
2.109338313438e-03,8.643252309306e+05,8.643252269332e+05,3.997444757260e-03
2.109098534159e-03,8.644217893789e+05,8.644217853705e+05,4.008397576399e-03
2.108858809389e-03,8.645183474469e+05,8.645183434275e+05,4.019344574772e-03
2.108619139107e-03,8.646149051344e+05,8.646149011041e+05,4.030279931612e-03
2.108379523295e-03,8.647114624416e+05,8.647114584004e+05,4.041199805215e-03
2.108139961936e-03,8.648080193684e+05,8.648080153163e+05,4.052112810314e-03
2.107900455010e-03,8.649045759148e+05,8.649045718518e+05,4.063013242558e-03
2.107661002499e-03,8.650011320809e+05,8.650011280070e+05,4.073906457052e-03
2.107421604384e-03,8.650976878666e+05,8.650976837818e+05,4.084784770384e-03
2.107182260647e-03,8.651942432720e+05,8.651942391763e+05,4.095653188415e-03
2.106942971270e-03,8.652907982969e+05,8.652907941904e+05,4.106511012651e-03
2.106703736233e-03,8.653873529416e+05,8.653873488242e+05,4.117355216295e-03
2.106464555518e-03,8.654839072058e+05,8.654839030776e+05,4.128191620111e-03
2.106225429107e-03,8.655804610897e+05,8.655804569507e+05,4.139016033150e-03
2.105986356981e-03,8.656770145933e+05,8.656770104435e+05,4.149824613705e-03
2.105747339122e-03,8.657735677165e+05,8.657735635559e+05,4.160626092926e-03
2.105508375511e-03,8.658701204594e+05,8.658701162880e+05,4.171417327598e-03
2.105269466130e-03,8.659666728219e+05,8.659666686397e+05,4.182191798463e-03
2.105030610960e-03,8.660632248041e+05,8.660632206111e+05,4.192959517241e-03
2.104791809983e-03,8.661597764059e+05,8.661597722022e+05,4.203711519949e-03
2.104553063181e-03,8.662563276275e+05,8.662563234130e+05,4.214454325847e-03
2.104314370534e-03,8.663528784686e+05,8.663528742434e+05,4.225187469274e-03
2.104075732025e-03,8.664494289295e+05,8.664494246936e+05,4.235902917571e-03
2.103837147636e-03,8.665459790100e+05,8.665459747634e+05,4.246611497365e-03
2.103598617347e-03,8.666425287102e+05,8.666425244529e+05,4.257304361090e-03
2.103360141140e-03,8.667390780301e+05,8.667390737621e+05,4.267987096682e-03
2.103121718998e-03,8.668356269696e+05,8.668356226910e+05,4.278657492250e-03
2.102883350901e-03,8.669321755288e+05,8.669321712395e+05,4.289313685149e-03
2.102645036831e-03,8.670287237077e+05,8.670287194078e+05,4.299961146899e-03
2.102406776771e-03,8.671252715063e+05,8.671252671958e+05,4.310595337301e-03
2.102168570700e-03,8.672218189246e+05,8.672218146034e+05,4.321214044467e-03
2.101930418602e-03,8.673183659626e+05,8.673183616308e+05,4.331825766712e-03
2.101692320458e-03,8.674149126203e+05,8.674149082779e+05,4.342418396845e-03
2.101454276249e-03,8.675114588977e+05,8.675114545447e+05,4.353005904704e-03
2.101216285957e-03,8.676080047947e+05,8.676080004312e+05,4.363577696495e-03
2.100978349564e-03,8.677045503115e+05,8.677045459374e+05,4.374135052785e-03
2.100740467052e-03,8.678010954480e+05,8.678010910633e+05,4.384679137729e-03
2.100502638401e-03,8.678976402042e+05,8.678976358089e+05,4.395212745294e-03
2.100264863595e-03,8.679941845800e+05,8.679941801743e+05,4.405732033774e-03
2.100027142615e-03,8.680907285756e+05,8.680907241594e+05,4.416238632984e-03
2.099789475441e-03,8.681872721910e+05,8.681872677642e+05,4.426735918969e-03
2.099551862057e-03,8.682838154260e+05,8.682838109888e+05,4.437214694917e-03
2.099314302444e-03,8.683803582807e+05,8.683803538331e+05,4.447682644241e-03
2.099076796583e-03,8.684769007552e+05,8.684768962971e+05,4.458135110326e-03
2.098839344457e-03,8.685734428494e+05,8.685734383808e+05,4.468578263186e-03
2.098601946047e-03,8.686699845633e+05,8.686699800843e+05,4.479008610360e-03
2.098364601335e-03,8.687665258970e+05,8.687665214076e+05,4.489421960898e-03
2.098127310302e-03,8.688630668504e+05,8.688630623505e+05,4.499822622165e-03
2.097890072931e-03,8.689596074235e+05,8.689596029133e+05,4.510212107562e-03
2.097652889203e-03,8.690561476163e+05,8.690561430957e+05,4.520585993305e-03
2.097415759100e-03,8.691526874289e+05,8.691526828980e+05,4.530947189778e-03
2.097178682604e-03,8.692492268612e+05,8.692492223199e+05,4.541293252259e-03
2.096941659697e-03,8.693457659133e+05,8.693457613617e+05,4.551628604531e-03
2.096704690360e-03,8.694423045851e+05,8.694423000232e+05,4.561945912428e-03
2.096467774576e-03,8.695388428767e+05,8.695388383044e+05,4.572252742946e-03
2.096230912326e-03,8.696353807880e+05,8.696353762055e+05,4.582544090226e-03
2.095994103592e-03,8.697319183191e+05,8.697319137263e+05,4.592824494466e-03
2.095757348356e-03,8.698284554699e+05,8.698284508668e+05,4.603087087162e-03
2.095520646600e-03,8.699249922405e+05,8.699249876272e+05,4.613338154741e-03
2.095283998306e-03,8.700215286308e+05,8.700215240073e+05,4.623571061529e-03
2.095047403455e-03,8.701180646410e+05,8.701180600072e+05,4.633792093955e-03
2.094810862030e-03,8.702146002708e+05,8.702145956268e+05,4.643999622203e-03
2.094574374012e-03,8.703111355205e+05,8.703111308663e+05,4.654192132875e-03
2.094337939384e-03,8.704076703899e+05,8.704076657255e+05,4.664373002015e-03
2.094101558126e-03,8.705042048791e+05,8.705042002046e+05,4.674535128288e-03
2.093865230222e-03,8.706007389881e+05,8.706007343034e+05,4.684683517553e-03
2.093628955653e-03,8.706972727168e+05,8.706972680220e+05,4.694818984717e-03
2.093392734401e-03,8.707938060653e+05,8.707938013604e+05,4.704937571660e-03
2.093156566449e-03,8.708903390336e+05,8.708903343186e+05,4.715046030469e-03
2.092920451777e-03,8.709868716217e+05,8.709868668966e+05,4.725136212073e-03
2.092684390368e-03,8.710834038296e+05,8.710833990944e+05,4.735212074593e-03
2.092448382204e-03,8.711799356573e+05,8.711799309120e+05,4.745272570290e-03
2.092212427267e-03,8.712764671047e+05,8.712764623494e+05,4.755318514071e-03
2.091976525538e-03,8.713729981720e+05,8.713729934067e+05,4.765346879140e-03
2.091740677001e-03,8.714695288591e+05,8.714695240837e+05,4.775364184752e-03
2.091504881637e-03,8.715660591659e+05,8.715660543806e+05,4.785361117683e-03
2.091269139427e-03,8.716625890926e+05,8.716625842972e+05,4.795347340405e-03
2.091033450355e-03,8.717591186391e+05,8.717591138337e+05,4.805318429135e-03
2.090797814402e-03,8.718556478053e+05,8.718556429901e+05,4.815272288397e-03
2.090562231549e-03,8.719521765914e+05,8.719521717662e+05,4.825214156881e-03
2.090326701780e-03,8.720487049973e+05,8.720487001622e+05,4.835135070607e-03
2.090091225076e-03,8.721452330230e+05,8.721452281780e+05,4.845043295063e-03
2.089855801419e-03,8.722417606686e+05,8.722417558136e+05,4.854934988543e-03
2.089620430792e-03,8.723382879339e+05,8.723382830691e+05,4.864812479354e-03
2.089385113176e-03,8.724348148191e+05,8.724348099444e+05,4.874674486928e-03
2.089149848553e-03,8.725313413241e+05,8.725313364396e+05,4.884516005404e-03
2.088914636906e-03,8.726278674489e+05,8.726278625546e+05,4.894345183857e-03
2.088679478217e-03,8.727243931936e+05,8.727243882894e+05,4.904158879071e-03
2.088444372467e-03,8.728209185581e+05,8.728209136441e+05,4.913956974633e-03
2.088209319640e-03,8.729174435424e+05,8.729174386187e+05,4.923735861667e-03
2.087974319716e-03,8.730139681466e+05,8.730139632131e+05,4.933502757922e-03
2.087739372679e-03,8.731104923706e+05,8.731104874273e+05,4.943247768097e-03
2.087504478510e-03,8.732070162144e+05,8.732070112615e+05,4.952981020324e-03
2.087269637192e-03,8.733035396781e+05,8.733035347154e+05,4.962695180438e-03
2.087034848706e-03,8.734000627617e+05,8.734000577893e+05,4.972395836376e-03
2.086800113036e-03,8.734965854651e+05,8.734965804830e+05,4.982077400200e-03
2.086565430162e-03,8.735931077883e+05,8.735931027966e+05,4.991744644940e-03
2.086330800067e-03,8.736896297314e+05,8.736896247300e+05,5.001395358704e-03
2.086096222734e-03,8.737861512944e+05,8.737861462833e+05,5.011029657908e-03
2.085861698145e-03,8.738826724772e+05,8.738826674565e+05,5.020647426136e-03
2.085627226281e-03,8.739791932799e+05,8.739791882496e+05,5.030245869420e-03
2.085392807126e-03,8.740757137024e+05,8.740757086626e+05,5.039827316068e-03
2.085158440661e-03,8.741722337448e+05,8.741722286954e+05,5.049390718341e-03
2.084924126868e-03,8.742687534071e+05,8.742687483482e+05,5.058940965682e-03
2.084689865730e-03,8.743652726893e+05,8.743652676208e+05,5.068473285064e-03
2.084455657230e-03,8.744617915913e+05,8.744617865133e+05,5.077983951196e-03
2.084221501348e-03,8.745583101132e+05,8.745583050257e+05,5.087482626550e-03
2.083987398068e-03,8.746548282550e+05,8.746548231580e+05,5.096963490359e-03
2.083753347372e-03,8.747513460167e+05,8.747513409103e+05,5.106425611302e-03
2.083519349242e-03,8.748478633982e+05,8.748478582824e+05,5.115869920701e-03
2.083285403660e-03,8.749443803997e+05,8.749443752744e+05,5.125294788741e-03
2.083051510610e-03,8.750408970210e+05,8.750408918863e+05,5.134705454111e-03
2.082817670072e-03,8.751374132622e+05,8.751374081181e+05,5.144100519828e-03
2.082583882029e-03,8.752339291234e+05,8.752339239699e+05,5.153473815881e-03
2.082350146465e-03,8.753304446044e+05,8.753304394416e+05,5.162831861526e-03
2.082116463360e-03,8.754269597053e+05,8.754269545331e+05,5.172168253921e-03
2.081882832697e-03,8.755234744261e+05,8.755234692446e+05,5.181491957046e-03
2.081649254460e-03,8.756199887669e+05,8.756199835761e+05,5.190793890506e-03
2.081415728629e-03,8.757165027275e+05,8.757164975274e+05,5.200077081099e-03
2.081182255188e-03,8.758130163080e+05,8.758130110987e+05,5.209347349592e-03
2.080948834118e-03,8.759095295085e+05,8.759095242899e+05,5.218594451435e-03
2.080715465403e-03,8.760060423289e+05,8.760060371010e+05,5.227823159657e-03
2.080482149024e-03,8.761025547692e+05,8.761025495321e+05,5.237033474259e-03
2.080248884965e-03,8.761990668294e+05,8.761990615831e+05,5.246228538454e-03
2.080015673206e-03,8.762955785095e+05,8.762955732541e+05,5.255405441858e-03
2.079782513732e-03,8.763920898095e+05,8.763920845450e+05,5.264559295028e-03
2.079549406523e-03,8.764886007295e+05,8.764885954558e+05,5.273699760437e-03
2.079316351563e-03,8.765851112694e+05,8.765851059866e+05,5.282820784487e-03
2.079083348835e-03,8.766816214293e+05,8.766816161374e+05,5.291918641888e-03
2.078850398319e-03,8.767781312091e+05,8.767781259081e+05,5.301002529450e-03
2.078617500000e-03,8.768746406088e+05,8.768746352987e+05,5.310065345839e-03
2.078384653859e-03,8.769711496284e+05,8.769711443093e+05,5.319108953699e-03
2.078151859879e-03,8.770676582680e+05,8.770676529399e+05,5.328132770956e-03
2.077919118042e-03,8.771641665276e+05,8.771641611904e+05,5.337138543837e-03
2.077686428331e-03,8.772606744071e+05,8.772606690609e+05,5.346128717065e-03
2.077453790729e-03,8.773571819065e+05,8.773571765514e+05,5.355093744583e-03
2.077221205217e-03,8.774536890259e+05,8.774536836618e+05,5.364044453017e-03
2.076988671779e-03,8.775501957652e+05,8.775501903923e+05,5.372973973863e-03
2.076756190396e-03,8.776467021245e+05,8.776466967427e+05,5.381882074289e-03
2.076523761052e-03,8.777432081038e+05,8.777432027130e+05,5.390770966187e-03
2.076291383729e-03,8.778397137030e+05,8.778397083034e+05,5.399643443525e-03
2.076059058409e-03,8.779362189222e+05,8.779362135137e+05,5.408493569121e-03
2.075826785075e-03,8.780327237614e+05,8.780327183440e+05,5.417324486189e-03
2.075594563710e-03,8.781292282205e+05,8.781292227943e+05,5.426137242466e-03
2.075362394295e-03,8.782257322996e+05,8.782257268647e+05,5.434926599264e-03
2.075130276815e-03,8.783222359987e+05,8.783222305550e+05,5.443697678857e-03
2.074898211250e-03,8.784187393177e+05,8.784187338652e+05,5.452451412566e-03
2.074666197585e-03,8.785152422567e+05,8.785152367955e+05,5.461181513965e-03
2.074434235801e-03,8.786117448157e+05,8.786117393458e+05,5.469895782880e-03
2.074202325880e-03,8.787082469947e+05,8.787082415161e+05,5.478586303070e-03
2.073970467807e-03,8.788047487937e+05,8.788047433064e+05,5.487256566994e-03
2.073738661563e-03,8.789012502127e+05,8.789012447168e+05,5.495910067111e-03
2.073506907130e-03,8.789977512516e+05,8.789977457471e+05,5.504540400580e-03
2.073275204492e-03,8.790942519106e+05,8.790942463974e+05,5.513146636076e-03
2.073043553631e-03,8.791907521895e+05,8.791907466678e+05,5.521738086827e-03
2.072811954530e-03,8.792872520885e+05,8.792872465582e+05,5.530305788852e-03
2.072580407172e-03,8.793837516074e+05,8.793837460686e+05,5.538853001781e-03
2.072348911538e-03,8.794802507464e+05,8.794802451990e+05,5.547379143536e-03
2.072117467612e-03,8.795767495054e+05,8.795767439495e+05,5.555887008086e-03
2.071886075377e-03,8.796732478843e+05,8.796732423200e+05,5.564369959757e-03
2.071654734815e-03,8.797697458833e+05,8.797697403105e+05,5.572836613283e-03
2.071423445908e-03,8.798662435023e+05,8.798662379210e+05,5.581280682236e-03
2.071192208640e-03,8.799627407413e+05,8.799627351516e+05,5.589701468125e-03
2.070961022994e-03,8.800592376004e+05,8.800592320023e+05,5.598102929071e-03
2.070729888951e-03,8.801557340794e+05,8.801557284729e+05,5.606481339782e-03
2.070498806495e-03,8.802522301785e+05,8.802522245636e+05,5.614840774797e-03
2.070267775608e-03,8.803487258976e+05,8.803487202744e+05,5.623176111840e-03
2.070036796274e-03,8.804452212367e+05,8.804452156052e+05,5.631493870169e-03
2.069805868474e-03,8.805417161959e+05,8.805417105561e+05,5.639788578264e-03
2.069574992192e-03,8.806382107751e+05,8.806382051270e+05,5.648060352542e-03
2.069344167410e-03,8.807347049743e+05,8.807346993180e+05,5.656311754137e-03
2.069113394112e-03,8.808311987936e+05,8.808311931291e+05,5.664537195116e-03
2.068882672279e-03,8.809276922329e+05,8.809276865602e+05,5.672747618519e-03
2.068652001895e-03,8.810241852923e+05,8.810241796113e+05,5.680931149982e-03
2.068421382943e-03,8.811206779717e+05,8.811206722826e+05,5.689091864042e-03
2.068190815405e-03,8.812171702711e+05,8.812171645739e+05,5.697232787497e-03
2.067960299264e-03,8.813136621906e+05,8.813136564853e+05,5.705353454687e-03
2.067729834504e-03,8.814101537302e+05,8.814101480168e+05,5.713448976167e-03
2.067499421105e-03,8.815066448898e+05,8.815066391683e+05,5.721526104026e-03
2.067269059053e-03,8.816031356695e+05,8.816031299399e+05,5.729574128054e-03
2.067038748329e-03,8.816996260692e+05,8.816996203316e+05,5.737606086768e-03
2.066808488916e-03,8.817961160890e+05,8.817961103434e+05,5.745612666942e-03
2.066578280798e-03,8.818926057289e+05,8.818925999753e+05,5.753598758020e-03
2.066348123956e-03,8.819890949888e+05,8.819890892273e+05,5.761559004895e-03
2.066118018374e-03,8.820855838688e+05,8.820855780993e+05,5.769494920969e-03
2.065887964035e-03,8.821820723689e+05,8.821820665915e+05,5.777415120974e-03
2.065657960922e-03,8.822785604891e+05,8.822785547038e+05,5.785304354504e-03
2.065428009017e-03,8.823750482293e+05,8.823750424361e+05,5.793175310828e-03
2.065198108304e-03,8.824715355896e+05,8.824715297886e+05,5.801022751257e-03
2.064968258765e-03,8.825680225700e+05,8.825680167612e+05,5.808849004097e-03
2.064738460383e-03,8.826645091705e+05,8.826645033538e+05,5.816649063490e-03
2.064508713141e-03,8.827609953911e+05,8.827609895666e+05,5.824423395097e-03
2.064279017023e-03,8.828574812317e+05,8.828574753995e+05,5.832181777805e-03
2.064049372010e-03,8.829539666925e+05,8.829539608526e+05,5.839909194037e-03
2.063819778087e-03,8.830504517733e+05,8.830504459257e+05,5.847616703250e-03
2.063590235235e-03,8.831469364743e+05,8.831469306190e+05,5.855299648829e-03
2.063360743439e-03,8.832434207953e+05,8.832434149324e+05,5.862961057574e-03
2.063131302680e-03,8.833399047365e+05,8.833398988659e+05,5.870598368347e-03
2.062901912942e-03,8.834363882978e+05,8.834363824196e+05,5.878211231902e-03
2.062672574208e-03,8.835328714791e+05,8.835328655933e+05,5.885799066164e-03
2.062443286461e-03,8.836293542806e+05,8.836293483872e+05,5.893365945667e-03
2.062214049683e-03,8.837258367022e+05,8.837258308013e+05,5.900906980969e-03
2.061984863859e-03,8.838223187439e+05,8.838223128355e+05,5.908425431699e-03
2.061755728970e-03,8.839188004057e+05,8.839187944898e+05,5.915917456150e-03
2.061526645000e-03,8.840152816877e+05,8.840152757643e+05,5.923383752815e-03
2.061297611932e-03,8.841117625898e+05,8.841117566589e+05,5.930828512646e-03
2.061068629749e-03,8.842082431120e+05,8.842082371737e+05,5.938245099969e-03
2.060839698434e-03,8.843047232543e+05,8.843047173086e+05,5.945644690655e-03
2.060610817970e-03,8.844012030167e+05,8.844011970637e+05,5.953012267128e-03
2.060381988340e-03,8.844976823993e+05,8.844976764390e+05,5.960358656012e-03
2.060153209527e-03,8.845941614021e+05,8.845941554344e+05,5.967679200694e-03
2.059924481514e-03,8.846906400249e+05,8.846906340500e+05,5.974977044389e-03
2.059695804285e-03,8.847871182679e+05,8.847871122857e+05,5.982248578221e-03
2.059467177822e-03,8.848835961311e+05,8.848835901416e+05,5.989495897666e-03
2.059238602109e-03,8.849800736144e+05,8.849800676177e+05,5.996717838570e-03
2.059010077128e-03,8.850765507178e+05,8.850765447139e+05,6.003912072629e-03
2.058781602863e-03,8.851730274414e+05,8.851730214303e+05,6.011085468344e-03
2.058553179297e-03,8.852695037852e+05,8.852694977669e+05,6.018230225891e-03
2.058324806412e-03,8.853659797491e+05,8.853659737237e+05,6.025353213772e-03
2.058096484193e-03,8.854624553331e+05,8.854624493007e+05,6.032447330654e-03
2.057868212622e-03,8.855589305373e+05,8.855589244978e+05,6.039519212209e-03
2.057639991682e-03,8.856554053617e+05,8.856553993151e+05,6.046563503332e-03
2.057411821357e-03,8.857518798063e+05,8.857518737527e+05,6.053583230823e-03
2.057183701630e-03,8.858483538710e+05,8.858483478104e+05,6.060573738068e-03
2.056955632483e-03,8.859448275559e+05,8.859448214883e+05,6.067542009987e-03
2.056727613901e-03,8.860413008609e+05,8.860412947864e+05,6.074484437704e-03
2.056499645866e-03,8.861377737862e+05,8.861377677048e+05,6.081399158575e-03
2.056271728361e-03,8.862342463316e+05,8.862342402433e+05,6.088290712796e-03
2.056043861370e-03,8.863307184972e+05,8.863307124020e+05,6.095151882619e-03
2.055816044875e-03,8.864271902829e+05,8.864271841809e+05,6.101991515607e-03
2.055588278861e-03,8.865236616889e+05,8.865236555801e+05,6.108801229857e-03
2.055360563310e-03,8.866201327150e+05,8.866201265995e+05,6.115585216321e-03
2.055132898206e-03,8.867166033614e+05,8.867165972390e+05,6.122342543676e-03
2.054905283531e-03,8.868130736279e+05,8.868130674988e+05,6.129077170044e-03
2.054677719269e-03,8.869095435146e+05,8.869095373789e+05,6.135780015029e-03
2.054450205404e-03,8.870060130216e+05,8.870060068791e+05,6.142459693365e-03
2.054222741918e-03,8.871024821487e+05,8.871024759996e+05,6.149112246931e-03
2.053995328794e-03,8.871989508960e+05,8.871989447403e+05,6.155736627989e-03
2.053767966017e-03,8.872954192635e+05,8.872954131012e+05,6.162335979752e-03
2.053540653569e-03,8.873918872513e+05,8.873918810824e+05,6.168905529194e-03
2.053313391434e-03,8.874883548592e+05,8.874883486838e+05,6.175448768772e-03
2.053086179595e-03,8.875848220874e+05,8.875848159054e+05,6.181969074532e-03
2.052859018035e-03,8.876812889358e+05,8.876812827473e+05,6.188456201926e-03
2.052631906737e-03,8.877777554044e+05,8.877777492094e+05,6.194920162670e-03
2.052404845686e-03,8.878742214932e+05,8.878742152918e+05,6.201354903169e-03
2.052177834863e-03,8.879706872022e+05,8.879706809945e+05,6.207762984559e-03
2.051950874253e-03,8.880671525315e+05,8.880671463173e+05,6.214142544195e-03
2.051723963839e-03,8.881636174810e+05,8.881636112605e+05,6.220495793968e-03
2.051497103605e-03,8.882600820507e+05,8.882600758239e+05,6.226821569726e-03
2.051270293532e-03,8.883565462406e+05,8.883565400075e+05,6.233119871467e-03
2.051043533606e-03,8.884530100508e+05,8.884530038114e+05,6.239386508241e-03
2.050816823809e-03,8.885494734813e+05,8.885494672356e+05,6.245630676858e-03
2.050590164125e-03,8.886459365319e+05,8.886459302801e+05,6.251844693907e-03
2.050363554536e-03,8.887423992028e+05,8.887423929448e+05,6.258028559387e-03
2.050136995028e-03,8.888388614940e+05,8.888388552298e+05,6.264184834436e-03
2.049910485582e-03,8.889353234054e+05,8.889353171351e+05,6.270313751884e-03
2.049684026182e-03,8.890317849370e+05,8.890317786606e+05,6.276416708715e-03
2.049457616812e-03,8.891282460889e+05,8.891282398064e+05,6.282490212470e-03
2.049231257455e-03,8.892247068611e+05,8.892247005726e+05,6.288533215411e-03
2.049004948095e-03,8.893211672535e+05,8.893211609590e+05,6.294549792074e-03
2.048778688715e-03,8.894176272662e+05,8.894176209656e+05,6.300533073954e-03
2.048552479298e-03,8.895140868991e+05,8.895140805926e+05,6.306492723525e-03
2.048326319828e-03,8.896105461523e+05,8.896105398399e+05,6.312422454357e-03
2.048100210288e-03,8.897070050258e+05,8.897069987075e+05,6.318321800791e-03
2.047874150662e-03,8.898034635195e+05,8.898034571953e+05,6.324191810563e-03
2.047648140934e-03,8.898999216335e+05,8.898999153035e+05,6.330034695566e-03
2.047422181086e-03,8.899963793678e+05,8.899963730320e+05,6.335846846923e-03
2.047196271102e-03,8.900928367224e+05,8.900928303807e+05,6.341631058604e-03
2.046970410966e-03,8.901892936972e+05,8.901892873498e+05,6.347387097776e-03
2.046744600662e-03,8.902857502923e+05,8.902857439392e+05,6.353114149533e-03
2.046518840172e-03,8.903822065077e+05,8.903822001489e+05,6.358807557262e-03
2.046293129481e-03,8.904786623434e+05,8.904786559790e+05,6.364472792484e-03
2.046067468571e-03,8.905751177994e+05,8.905751114293e+05,6.370112067088e-03
2.045841857426e-03,8.906715728757e+05,8.906715665000e+05,6.375718745403e-03
2.045616296031e-03,8.907680275723e+05,8.907680211910e+05,6.381293525919e-03
2.045390784368e-03,8.908644818891e+05,8.908644755023e+05,6.386843044311e-03
2.045165322421e-03,8.909609358263e+05,8.909609294340e+05,6.392357056029e-03
2.044939910173e-03,8.910573893838e+05,8.910573829859e+05,6.397845339961e-03
2.044714547609e-03,8.911538425616e+05,8.911538361583e+05,6.403301842511e-03
2.044489234711e-03,8.912502953596e+05,8.912502889509e+05,6.408727727830e-03
2.044263971463e-03,8.913467477780e+05,8.913467413639e+05,6.414126488380e-03
2.044038757850e-03,8.914431998167e+05,8.914431933972e+05,6.419492303394e-03
2.043813593853e-03,8.915396514757e+05,8.915396450509e+05,6.424828083254e-03
2.043588479458e-03,8.916361027551e+05,8.916360963249e+05,6.430134177208e-03
2.043363414648e-03,8.917325536547e+05,8.917325472193e+05,6.435410119593e-03
2.043138399405e-03,8.918290041747e+05,8.918289977341e+05,6.440651137382e-03
2.042913433715e-03,8.919254543150e+05,8.919254478691e+05,6.445865030400e-03
2.042688517560e-03,8.920219040756e+05,8.920218976246e+05,6.451048189774e-03
2.042463650925e-03,8.921183534566e+05,8.921183470004e+05,6.456197239459e-03
2.042238833792e-03,8.922148024579e+05,8.922147959966e+05,6.461316486821e-03
2.042014066146e-03,8.923112510795e+05,8.923112446131e+05,6.466408842243e-03
2.041789347970e-03,8.924076993214e+05,8.924076928500e+05,6.471466505900e-03
2.041564679247e-03,8.925041471837e+05,8.925041407073e+05,6.476492621005e-03
2.041340059963e-03,8.926005946664e+05,8.926005881849e+05,6.481486139819e-03
2.041115490099e-03,8.926970417694e+05,8.926970352829e+05,6.486450671218e-03
2.040890969640e-03,8.927934884927e+05,8.927934820013e+05,6.491381442174e-03
2.040666498570e-03,8.928899348364e+05,8.928899283401e+05,6.496282643639e-03
2.040442076872e-03,8.929863808004e+05,8.929863742993e+05,6.501153460704e-03
2.040217704530e-03,8.930828263848e+05,8.930828198788e+05,6.505989586003e-03
2.039993381528e-03,8.931792715895e+05,8.931792650787e+05,6.510793813504e-03
2.039769107850e-03,8.932757164146e+05,8.932757098991e+05,6.515567190945e-03
2.039544883478e-03,8.933721608601e+05,8.933721543398e+05,6.520309718326e-03
2.039320708397e-03,8.934686049259e+05,8.934685984009e+05,6.525017553940e-03
2.039096582591e-03,8.935650486121e+05,8.935650420824e+05,6.529693491757e-03
2.038872506044e-03,8.936614919187e+05,8.936614853843e+05,6.534340442158e-03
2.038648478739e-03,8.937579348456e+05,8.937579283066e+05,6.538951187395e-03
2.038424500659e-03,8.938543773929e+05,8.938543708494e+05,6.543532595970e-03
2.038200571790e-03,8.939508195606e+05,8.939508130125e+05,6.548078148626e-03
2.037976692113e-03,8.940472613487e+05,8.940472547961e+05,6.552592967637e-03
2.037752861615e-03,8.941437027571e+05,8.941436962000e+05,6.557075423189e-03
2.037529080277e-03,8.942401437859e+05,8.942401372244e+05,6.561521789990e-03
2.037305348084e-03,8.943365844351e+05,8.943365778692e+05,6.565937190317e-03
2.037081665020e-03,8.944330247047e+05,8.944330181344e+05,6.570318946615e-03
2.036858031068e-03,8.945294645947e+05,8.945294580201e+05,6.574668805115e-03
2.036634446213e-03,8.946259041051e+05,8.946258975261e+05,6.578985950910e-03
2.036410910438e-03,8.947223432359e+05,8.947223366526e+05,6.583269219846e-03
2.036187423727e-03,8.948187819871e+05,8.948187753996e+05,6.587518844754e-03
2.035963986064e-03,8.949152203587e+05,8.949152137669e+05,6.591734476388e-03
2.035740597433e-03,8.950116583507e+05,8.950116517547e+05,6.595919141546e-03
2.035517257817e-03,8.951080959630e+05,8.951080893630e+05,6.600071326829e-03
2.035293967201e-03,8.952045331959e+05,8.952045265917e+05,6.604186375625e-03
2.035070725568e-03,8.953009700491e+05,8.953009634408e+05,6.608266150579e-03
2.034847532902e-03,8.953974065227e+05,8.953973999104e+05,6.612314260565e-03
2.034624389187e-03,8.954938426167e+05,8.954938360004e+05,6.616327795200e-03
2.034401294408e-03,8.955902783312e+05,8.955902717109e+05,6.620306055993e-03
2.034178248547e-03,8.956867136661e+05,8.956867070418e+05,6.624255212955e-03
2.033955251590e-03,8.957831486214e+05,8.957831419932e+05,6.628164672293e-03
2.033732303519e-03,8.958795831971e+05,8.958795765651e+05,6.632044096477e-03
2.033509404318e-03,8.959760173933e+05,8.959760107574e+05,6.635886151344e-03
2.033286553973e-03,8.960724512099e+05,8.960724445702e+05,6.639693980105e-03
2.033063752465e-03,8.961688846469e+05,8.961688780034e+05,6.643467932008e-03
2.032840999781e-03,8.962653177044e+05,8.962653110572e+05,6.647208239883e-03
2.032618295903e-03,8.963617503823e+05,8.963617437313e+05,6.650913390331e-03
2.032395640815e-03,8.964581826806e+05,8.964581760260e+05,6.654585013166e-03
2.032173034502e-03,8.965546145994e+05,8.965546079412e+05,6.658216007054e-03
2.031950476947e-03,8.966510461386e+05,8.966510394768e+05,6.661814288236e-03
2.031727968134e-03,8.967474772983e+05,8.967474706329e+05,6.665379391052e-03
2.031505508048e-03,8.968439080784e+05,8.968439014095e+05,6.668911082670e-03
2.031283096672e-03,8.969403384790e+05,8.969403318066e+05,6.672406918369e-03
2.031060733990e-03,8.970367685001e+05,8.970367618242e+05,6.675864919089e-03
2.030838419987e-03,8.971331981415e+05,8.971331914623e+05,6.679288577288e-03
2.030616154646e-03,8.972296274035e+05,8.972296207208e+05,6.682677078061e-03
2.030393937951e-03,8.973260562859e+05,8.973260495999e+05,6.686026812531e-03
2.030171769887e-03,8.974224847888e+05,8.974224780995e+05,6.689344532788e-03
2.029949650438e-03,8.975189129122e+05,8.975189062195e+05,6.692625582218e-03
2.029727579586e-03,8.976153406560e+05,8.976153339601e+05,6.695869262330e-03
2.029505557318e-03,8.977117680203e+05,8.977117613212e+05,6.699076155201e-03
2.029283583616e-03,8.978081950051e+05,8.978081883028e+05,6.702249753289e-03
2.029061658465e-03,8.979046216103e+05,8.979046149049e+05,6.705387262627e-03
2.028839781848e-03,8.980010478361e+05,8.980010411276e+05,6.708483793773e-03
2.028617953750e-03,8.980974736823e+05,8.980974669707e+05,6.711548659950e-03
2.028396174155e-03,8.981938991490e+05,8.981938924344e+05,6.714576622471e-03
2.028174443048e-03,8.982903242362e+05,8.982903175186e+05,6.717567564920e-03
2.027952760411e-03,8.983867489439e+05,8.983867422233e+05,6.720521021634e-03
2.027731126230e-03,8.984831732720e+05,8.984831665486e+05,6.723441067152e-03
2.027509540487e-03,8.985795972207e+05,8.985795904944e+05,6.726321065798e-03
2.027288003169e-03,8.986760207899e+05,8.986760140607e+05,6.729165441357e-03
2.027066514258e-03,8.987724439795e+05,8.987724372476e+05,6.731971283443e-03
2.026845073738e-03,8.988688667897e+05,8.988688600550e+05,6.734742433764e-03
2.026623681595e-03,8.989652892204e+05,8.989652824829e+05,6.737474701367e-03
2.026402337811e-03,8.990617112716e+05,8.990617045314e+05,6.740168435499e-03
2.026181042372e-03,8.991581329433e+05,8.991581262005e+05,6.742828409187e-03
2.025959795261e-03,8.992545542355e+05,8.992545474900e+05,6.745444610715e-03
2.025738596463e-03,8.993509751482e+05,8.993509684002e+05,6.748031824827e-03
2.025517445961e-03,8.994473956815e+05,8.994473889309e+05,6.750575266778e-03
2.025296343740e-03,8.995438158352e+05,8.995438090821e+05,6.753084249794e-03
2.025075289784e-03,8.996402356095e+05,8.996402288540e+05,6.755552021787e-03
2.024854284077e-03,8.997366550043e+05,8.997366482463e+05,6.757984985597e-03
2.024633326604e-03,8.998330740197e+05,8.998330672593e+05,6.760377204046e-03
2.024412417349e-03,8.999294926555e+05,8.999294858928e+05,6.762735312805e-03
2.024191556295e-03,9.000259109119e+05,9.000259041469e+05,6.765050813556e-03
2.023970743428e-03,9.001223287889e+05,9.001223220215e+05,6.767330574803e-03
2.023749978730e-03,9.002187462864e+05,9.002187395168e+05,6.769573781639e-03
2.023529262188e-03,9.003151634044e+05,9.003151566326e+05,6.771776359528e-03
2.023308593784e-03,9.004115801429e+05,9.004115733690e+05,6.773938541301e-03
2.023087973503e-03,9.005079965020e+05,9.005079897260e+05,6.776061258279e-03
2.022867401330e-03,9.006044124817e+05,9.006044057035e+05,6.778152892366e-03
2.022646877248e-03,9.007008280819e+05,9.007008213017e+05,6.780200288631e-03
2.022426401243e-03,9.007972433026e+05,9.007972365204e+05,6.782205309719e-03
2.022205973297e-03,9.008936581439e+05,9.008936513598e+05,6.784175289795e-03
2.021985593396e-03,9.009900726058e+05,9.009900658197e+05,6.786109646782e-03
2.021765261523e-03,9.010864866882e+05,9.010864799002e+05,6.787997321226e-03
2.021544977664e-03,9.011829003912e+05,9.011828936014e+05,6.789851468056e-03
2.021324741802e-03,9.012793137148e+05,9.012793069231e+05,6.791664054617e-03
2.021104553922e-03,9.013757266589e+05,9.013757198655e+05,6.793437874876e-03
2.020884414007e-03,9.014721392236e+05,9.014721324284e+05,6.795172113925e-03
2.020664322043e-03,9.015685514089e+05,9.015685446120e+05,6.796866771765e-03
2.020444278014e-03,9.016649632147e+05,9.016649564162e+05,6.798519985750e-03
2.020224281903e-03,9.017613746411e+05,9.017613678410e+05,6.800134666264e-03
2.020004333696e-03,9.018577856881e+05,9.018577788864e+05,6.801707320847e-03
2.019784433377e-03,9.019541963557e+05,9.019541895525e+05,6.803243886679e-03
2.019564580930e-03,9.020506066439e+05,9.020505998391e+05,6.804735865444e-03
2.019344776339e-03,9.021470165526e+05,9.021470097464e+05,6.806190242060e-03
2.019125019589e-03,9.022434260820e+05,9.022434192744e+05,6.807606085204e-03
2.018905310664e-03,9.023398352319e+05,9.023398284229e+05,6.808978156187e-03
2.018685649548e-03,9.024362440024e+05,9.024362371921e+05,6.810311810113e-03
2.018466036227e-03,9.025326523936e+05,9.025326455820e+05,6.811603205279e-03
2.018246470684e-03,9.026290604053e+05,9.026290535924e+05,6.812857231125e-03
2.018026952904e-03,9.027254680376e+05,9.027254612236e+05,6.814068648964e-03
2.017807482871e-03,9.028218752906e+05,9.028218684753e+05,6.815238855779e-03
2.017588060570e-03,9.029182821641e+05,9.029182753477e+05,6.816364941187e-03
2.017368685985e-03,9.030146886583e+05,9.030146818408e+05,6.817453424446e-03
2.017149359100e-03,9.031110947730e+05,9.031110879545e+05,6.818498834036e-03
2.016930079900e-03,9.032075005084e+05,9.032074936889e+05,6.819506525062e-03
2.016710848370e-03,9.033039058644e+05,9.033038990439e+05,6.820471608080e-03
2.016491664493e-03,9.034003108410e+05,9.034003040196e+05,6.821392336860e-03
2.016272528255e-03,9.034967154383e+05,9.034967086160e+05,6.822274182923e-03
2.016053439639e-03,9.035931196561e+05,9.035931128330e+05,6.823114119470e-03
2.015834398631e-03,9.036895234946e+05,9.036895166707e+05,6.823910167441e-03
2.015615405215e-03,9.037859269537e+05,9.037859201291e+05,6.824667099863e-03
2.015396459374e-03,9.038823300335e+05,9.038823232081e+05,6.825379095972e-03
2.015177561095e-03,9.039787327339e+05,9.039787259078e+05,6.826051045209e-03
2.014958710361e-03,9.040751350549e+05,9.040751282282e+05,6.826682481915e-03
2.014739907156e-03,9.041715369966e+05,9.041715301693e+05,6.827266537584e-03
2.014521151466e-03,9.042679385589e+05,9.042679317310e+05,6.827814388089e-03
2.014302443274e-03,9.043643397418e+05,9.043643329135e+05,6.828317535110e-03
2.014083782566e-03,9.044607405454e+05,9.044607337166e+05,6.828776560724e-03
2.013865169326e-03,9.045571409697e+05,9.045571341405e+05,6.829192047007e-03
2.013646603538e-03,9.046535410146e+05,9.046535341850e+05,6.829566671513e-03
2.013428085187e-03,9.047499406801e+05,9.047499338502e+05,6.829898222350e-03
2.013209614258e-03,9.048463399663e+05,9.048463331361e+05,6.830187630840e-03
2.012991190735e-03,9.049427388732e+05,9.049427320428e+05,6.830434198491e-03
2.012772814602e-03,9.050391374007e+05,9.050391305701e+05,6.830640486442e-03
2.012554485844e-03,9.051355355489e+05,9.051355287181e+05,6.830796948634e-03
2.012336204447e-03,9.052319333178e+05,9.052319264869e+05,6.830911384895e-03
2.012117970394e-03,9.053283307073e+05,9.053283238763e+05,6.830987869762e-03
2.011899783669e-03,9.054247277175e+05,9.054247208865e+05,6.831018254161e-03
2.011681644259e-03,9.055211243484e+05,9.055211175174e+05,6.831002305262e-03
2.011463552147e-03,9.056175206000e+05,9.056175137690e+05,6.830942933448e-03
2.011245507317e-03,9.057139164722e+05,9.057139096413e+05,6.830841535702e-03
2.011027509755e-03,9.058103119651e+05,9.058103051344e+05,6.830697064288e-03
2.010809559445e-03,9.059067070787e+05,9.059067002482e+05,6.830509053543e-03
2.010591656372e-03,9.060031018130e+05,9.060030949827e+05,6.830272614025e-03
2.010373800520e-03,9.060994961680e+05,9.060994893380e+05,6.829996709712e-03
2.010155991874e-03,9.061958901436e+05,9.061958833140e+05,6.829672376625e-03
2.009938230419e-03,9.062922837400e+05,9.062922769107e+05,6.829307647422e-03
2.009720516140e-03,9.063886769571e+05,9.063886701282e+05,6.828894489445e-03
2.009502849020e-03,9.064850697948e+05,9.064850629664e+05,6.828440818936e-03
2.009285229045e-03,9.065814622533e+05,9.065814554253e+05,6.827939068899e-03
2.009067656199e-03,9.066778543324e+05,9.066778475050e+05,6.827394478023e-03
2.008850130468e-03,9.067742460323e+05,9.067742392055e+05,6.826807511970e-03
2.008632651835e-03,9.068706373529e+05,9.068706305267e+05,6.826170370914e-03
2.008415220286e-03,9.069670282942e+05,9.069670214687e+05,6.825492950156e-03
2.008197835805e-03,9.070634188562e+05,9.070634120314e+05,6.824765936472e-03
2.007980498377e-03,9.071598090389e+05,9.071598022149e+05,6.823993986472e-03
2.007763207986e-03,9.072561988424e+05,9.072561920192e+05,6.823178846389e-03
2.007545964618e-03,9.073525882665e+05,9.073525814442e+05,6.822318420745e-03
2.007328768257e-03,9.074489773114e+05,9.074489704900e+05,6.821410614066e-03
2.007111618888e-03,9.075453659770e+05,9.075453591566e+05,6.820458918810e-03
2.006894516495e-03,9.076417542634e+05,9.076417474439e+05,6.819458445534e-03
2.006677461064e-03,9.077381421704e+05,9.077381353520e+05,6.818413152359e-03
2.006460452579e-03,9.078345296982e+05,9.078345228809e+05,6.817322922871e-03
2.006243491025e-03,9.079309168468e+05,9.079309100306e+05,6.816190434620e-03
2.006026576387e-03,9.080273036161e+05,9.080272968011e+05,6.815007887781e-03
2.005809708649e-03,9.081236900061e+05,9.081236831923e+05,6.813778541982e-03
2.005592887796e-03,9.082200760169e+05,9.082200692044e+05,6.812500650994e-03
2.005376113813e-03,9.083164616484e+05,9.083164548372e+05,6.811181548983e-03
2.005159386685e-03,9.084128469006e+05,9.084128400908e+05,6.809812155552e-03
2.004942706397e-03,9.085092317737e+05,9.085092249653e+05,6.808396545239e-03
2.004726072934e-03,9.086056162674e+05,9.086056094605e+05,6.806935649365e-03
2.004509486279e-03,9.087020003820e+05,9.087019935765e+05,6.805426906794e-03
2.004292946419e-03,9.087983841172e+05,9.087983773134e+05,6.803873577155e-03
2.004076453338e-03,9.088947674733e+05,9.088947606710e+05,6.802267511375e-03
2.003860007020e-03,9.089911504501e+05,9.089911436495e+05,6.800620467402e-03
2.003643607451e-03,9.090875330477e+05,9.090875262487e+05,6.798920570873e-03
2.003427254616e-03,9.091839152660e+05,9.091839084688e+05,6.797175388783e-03
2.003210948499e-03,9.092802971051e+05,9.092802903097e+05,6.795382592827e-03
2.002994689086e-03,9.093766785650e+05,9.093766717715e+05,6.793545442633e-03
2.002778476360e-03,9.094730596457e+05,9.094730528540e+05,6.791655556299e-03
2.002562310308e-03,9.095694403471e+05,9.095694335574e+05,6.789722247049e-03
2.002346190913e-03,9.096658206693e+05,9.096658138816e+05,6.787741440348e-03
2.002130118161e-03,9.097622006124e+05,9.097621938266e+05,6.785708828829e-03
2.001914092037e-03,9.098585801762e+05,9.098585733925e+05,6.783629534766e-03
2.001698112526e-03,9.099549593607e+05,9.099549525792e+05,6.781499250792e-03
2.001482179612e-03,9.100513381661e+05,9.100513313868e+05,6.779324728996e-03
2.001266293280e-03,9.101477165923e+05,9.101477098152e+05,6.777101079933e-03
2.001050453516e-03,9.102440946392e+05,9.102440878644e+05,6.774827139452e-03
2.000834660304e-03,9.103404723070e+05,9.103404655345e+05,6.772506167181e-03
2.000618913629e-03,9.104368495956e+05,9.104368428254e+05,6.770135718398e-03
2.000403213477e-03,9.105332265049e+05,9.105332197372e+05,6.767717888579e-03
2.000187559832e-03,9.106296030351e+05,9.106295962699e+05,6.765246740542e-03
1.999971952679e-03,9.107259791861e+05,9.107259724234e+05,6.762732169591e-03
1.999756392003e-03,9.108223549579e+05,9.108223481977e+05,6.760166375898e-03
1.999540877789e-03,9.109187303505e+05,9.109187235929e+05,6.757547496818e-03
1.999325410022e-03,9.110151053639e+05,9.110150986090e+05,6.754885427654e-03
1.999109988687e-03,9.111114799981e+05,9.111114732460e+05,6.752168876119e-03
1.998894613769e-03,9.112078542532e+05,9.112078475038e+05,6.749404827133e-03
1.998679285253e-03,9.113042281291e+05,9.113042213825e+05,6.746592349373e-03
1.998464003124e-03,9.114006016258e+05,9.114005948821e+05,6.743728183210e-03
1.998248767367e-03,9.114969747433e+05,9.114969680025e+05,6.740816636011e-03
1.998033577967e-03,9.115933474817e+05,9.115933407438e+05,6.737852003425e-03
1.997818434909e-03,9.116897198409e+05,9.116897131061e+05,6.734838243574e-03
1.997603338178e-03,9.117860918209e+05,9.117860850892e+05,6.731774541549e-03
1.997388287760e-03,9.118824634218e+05,9.118824566932e+05,6.728664971888e-03
1.997173283638e-03,9.119788346435e+05,9.119788279180e+05,6.725498475134e-03
1.996958325799e-03,9.120752054861e+05,9.120751987638e+05,6.722284015268e-03
1.996743414227e-03,9.121715759495e+05,9.121715692305e+05,6.719016470015e-03
1.996528548908e-03,9.122679460338e+05,9.122679393180e+05,6.715702009387e-03
1.996313729826e-03,9.123643157389e+05,9.123643090265e+05,6.712333299220e-03
1.996098956966e-03,9.124606850648e+05,9.124606783559e+05,6.708917208016e-03
1.995884230314e-03,9.125570540116e+05,9.125570473062e+05,6.705447100103e-03
1.995669549855e-03,9.126534225793e+05,9.126534158774e+05,6.701927399263e-03
1.995454915573e-03,9.127497907678e+05,9.127497840695e+05,6.698356126435e-03
1.995240327455e-03,9.128461585772e+05,9.128461518825e+05,6.694731651805e-03
1.995025785484e-03,9.129425260075e+05,9.129425193164e+05,6.691059446894e-03
1.994811289646e-03,9.130388930586e+05,9.130388863713e+05,6.687331595458e-03
1.994596839927e-03,9.131352597306e+05,9.131352530471e+05,6.683557177894e-03
1.994382436311e-03,9.132316260235e+05,9.132316193438e+05,6.679727695882e-03
1.994168078783e-03,9.133279919372e+05,9.133279852614e+05,6.675846059807e-03
1.993953767329e-03,9.134243574719e+05,9.134243507999e+05,6.671911920421e-03
1.993739501934e-03,9.135207226274e+05,9.135207159594e+05,6.667928886600e-03
1.993525282583e-03,9.136170874037e+05,9.136170807399e+05,6.663889274932e-03
1.993311109261e-03,9.137134518010e+05,9.137134451412e+05,6.659800186753e-03
1.993096981953e-03,9.138098158192e+05,9.138098091635e+05,6.655657780357e-03
1.992882900644e-03,9.139061794582e+05,9.139061728068e+05,6.651463103481e-03
1.992668865321e-03,9.140025427182e+05,9.140025360710e+05,6.647216621786e-03
1.992454875966e-03,9.140989055990e+05,9.140988989561e+05,6.642913213000e-03
1.992240932567e-03,9.141952681008e+05,9.141952614622e+05,6.638562423177e-03
1.992027035108e-03,9.142916302234e+05,9.142916235892e+05,6.634155870415e-03
1.991813183575e-03,9.143879919669e+05,9.143879853372e+05,6.629697978497e-03
1.991599377952e-03,9.144843533314e+05,9.144843467062e+05,6.625184323639e-03
1.991385618225e-03,9.145807143167e+05,9.145807076961e+05,6.620618863963e-03
1.991171904379e-03,9.146770749230e+05,9.146770683070e+05,6.615998805501e-03
1.990958236399e-03,9.147734351502e+05,9.147734285389e+05,6.611330085434e-03
1.990744614270e-03,9.148697949983e+05,9.148697883917e+05,6.606602692045e-03
1.990531037979e-03,9.149661544673e+05,9.149661478655e+05,6.601823261008e-03
1.990317507509e-03,9.150625135572e+05,9.150625069602e+05,6.596989114769e-03
1.990104022847e-03,9.151588722681e+05,9.151588656760e+05,6.592098507099e-03
1.989890583977e-03,9.152552305998e+05,9.152552240127e+05,6.587155978195e-03
1.989677190885e-03,9.153515885526e+05,9.153515819704e+05,6.582163041458e-03
1.989463843556e-03,9.154479461262e+05,9.154479395491e+05,6.577112479135e-03
1.989250541975e-03,9.155443033208e+05,9.155442967488e+05,6.572006619535e-03
1.989037286128e-03,9.156406601363e+05,9.156406535694e+05,6.566849886440e-03
1.988824076000e-03,9.157370165727e+05,9.157370100111e+05,6.561635411344e-03
1.988610911576e-03,9.158333726301e+05,9.158333660737e+05,6.556365871802e-03
1.988397792841e-03,9.159297283084e+05,9.159297217574e+05,6.551044294611e-03
1.988184719781e-03,9.160260836077e+05,9.160260770620e+05,6.545666023158e-03
1.987971692382e-03,9.161224385279e+05,9.161224319877e+05,6.540232454427e-03
1.987758710628e-03,9.162187930691e+05,9.162187865343e+05,6.534743006341e-03
1.987545774505e-03,9.163151472312e+05,9.163151407020e+05,6.529198959470e-03
1.987332883997e-03,9.164115010143e+05,9.164114944906e+05,6.523601361550e-03
1.987120039092e-03,9.165078544183e+05,9.165078479003e+05,6.517948815599e-03
1.986907239773e-03,9.166042074433e+05,9.166042009310e+05,6.512237247080e-03
1.986694486026e-03,9.167005600892e+05,9.167005535828e+05,6.506470264867e-03
1.986481777837e-03,9.167969123561e+05,9.167969058555e+05,6.500651012175e-03
1.986269115191e-03,9.168932642440e+05,9.168932577493e+05,6.494771456346e-03
1.986056498073e-03,9.169896157529e+05,9.169896092640e+05,6.488839979284e-03
1.985843926469e-03,9.170859668827e+05,9.170859603999e+05,6.482847267762e-03
1.985631400364e-03,9.171823176335e+05,9.171823111567e+05,6.476803449914e-03
1.985418919743e-03,9.172786680053e+05,9.172786615346e+05,6.470701540820e-03
1.985206484592e-03,9.173750179981e+05,9.173750115335e+05,6.464542588219e-03
1.984994094897e-03,9.174713676118e+05,9.174713611535e+05,6.458327407017e-03
1.984781750642e-03,9.175677168465e+05,9.175677103945e+05,6.452055880800e-03
1.984569451813e-03,9.176640657022e+05,9.176640592565e+05,6.445726728998e-03
1.984357198396e-03,9.177604141789e+05,9.177604077396e+05,6.439338903874e-03
1.984144990375e-03,9.178567622766e+05,9.178567558437e+05,6.432896247134e-03
1.983932827737e-03,9.179531099953e+05,9.179531035689e+05,6.426396197639e-03
1.983720710467e-03,9.180494573350e+05,9.180494509152e+05,6.419839919545e-03
1.983508638550e-03,9.181458042957e+05,9.181457978825e+05,6.413224269636e-03
1.983296611972e-03,9.182421508774e+05,9.182421444708e+05,6.406553671695e-03
1.983084630718e-03,9.183384970801e+05,9.183384906803e+05,6.399825098924e-03
1.982872694774e-03,9.184348429038e+05,9.184348365108e+05,6.393037620001e-03
1.982660804125e-03,9.185311883485e+05,9.185311819623e+05,6.386189372279e-03
1.982448958756e-03,9.186275334142e+05,9.186275270349e+05,6.379288621247e-03
1.982237158654e-03,9.187238781010e+05,9.187238717286e+05,6.372328265570e-03
1.982025403803e-03,9.188202224087e+05,9.188202160434e+05,6.365305744112e-03
1.981813694189e-03,9.189165663375e+05,9.189165599793e+05,6.358230253682e-03
1.981602029798e-03,9.190129098873e+05,9.190129035362e+05,6.351092131808e-03
1.981390410615e-03,9.191092530581e+05,9.191092467142e+05,6.343896733597e-03
1.981178836626e-03,9.192055958500e+05,9.192055895133e+05,6.336643011309e-03
1.980967307815e-03,9.193019382628e+05,9.193019319335e+05,6.329331547022e-03
1.980755824170e-03,9.193982802967e+05,9.193982739748e+05,6.321961875074e-03
1.980544385675e-03,9.194946219517e+05,9.194946156371e+05,6.314532714896e-03
1.980332992315e-03,9.195909632277e+05,9.195909569206e+05,6.307042553090e-03
1.980121644077e-03,9.196873041247e+05,9.196872978252e+05,6.299494183622e-03
1.979910340945e-03,9.197836446427e+05,9.197836383509e+05,6.291887373663e-03
1.979699082907e-03,9.198799847818e+05,9.198799784976e+05,6.284220260568e-03
1.979487869946e-03,9.199763245420e+05,9.199763182655e+05,6.276494474150e-03
1.979276702048e-03,9.200726639232e+05,9.200726576545e+05,6.268708617426e-03
1.979065579200e-03,9.201690029255e+05,9.201689966646e+05,6.260861526243e-03
1.978854501387e-03,9.202653415488e+05,9.202653352958e+05,6.252957042307e-03
1.978643468593e-03,9.203616797931e+05,9.203616735481e+05,6.244992604479e-03
1.978432480806e-03,9.204580176585e+05,9.204580114216e+05,6.236964603886e-03
1.978221538010e-03,9.205543551450e+05,9.205543489162e+05,6.228879210539e-03
1.978010640192e-03,9.206506922526e+05,9.206506860318e+05,6.220733863302e-03
1.977799787336e-03,9.207470289812e+05,9.207470227687e+05,6.212523672730e-03
1.977588979429e-03,9.208433653309e+05,9.208433591266e+05,6.204257253557e-03
1.977378216455e-03,9.209397013016e+05,9.209396951057e+05,6.195929949172e-03
1.977167498402e-03,9.210360368935e+05,9.210360307059e+05,6.187539198436e-03
1.976956825253e-03,9.211323721064e+05,9.211323659273e+05,6.179089425132e-03
1.976746196996e-03,9.212287069404e+05,9.212287007698e+05,6.170583073981e-03
1.976535613615e-03,9.213250413954e+05,9.213250352334e+05,6.162006990053e-03
1.976325075096e-03,9.214213754716e+05,9.214213693182e+05,6.153376889415e-03
1.976114581425e-03,9.215177091688e+05,9.215177030241e+05,6.144679617137e-03
1.975904132588e-03,9.216140424872e+05,9.216140363512e+05,6.135924602859e-03
1.975693728570e-03,9.217103754266e+05,9.217103692995e+05,6.127107888460e-03
1.975483369357e-03,9.218067079871e+05,9.218067018689e+05,6.118226912804e-03
1.975273054935e-03,9.219030401687e+05,9.219030340594e+05,6.109286914580e-03
1.975062785288e-03,9.219993719714e+05,9.219993658711e+05,6.100281956606e-03
1.974852560404e-03,9.220957033952e+05,9.220956973040e+05,6.091217277572e-03
1.974642380268e-03,9.221920344401e+05,9.221920283580e+05,6.082089967094e-03
1.974432244865e-03,9.222883651062e+05,9.222883590333e+05,6.072898511775e-03
1.974222154182e-03,9.223846953933e+05,9.223846893296e+05,6.063646753319e-03
1.974012108203e-03,9.224810253015e+05,9.224810192472e+05,6.054331548512e-03
1.973802106915e-03,9.225773548309e+05,9.225773487859e+05,6.044953013770e-03
1.973592150303e-03,9.226736839814e+05,9.226736779458e+05,6.035514292307e-03
1.973382238354e-03,9.227700127529e+05,9.227700067269e+05,6.026009563357e-03
1.973172371052e-03,9.228663411457e+05,9.228663351292e+05,6.016443599947e-03
1.972962548384e-03,9.229626691595e+05,9.229626631527e+05,6.006816518493e-03
1.972752770335e-03,9.230589967945e+05,9.230589907973e+05,5.997123429552e-03
1.972543036891e-03,9.231553240505e+05,9.231553180632e+05,5.987367243506e-03
1.972333348039e-03,9.232516509278e+05,9.232516449502e+05,5.977544118650e-03
1.972123703763e-03,9.233479774261e+05,9.233479714585e+05,5.967665230855e-03
1.971914104049e-03,9.234443035456e+05,9.234442975879e+05,5.957713117823e-03
1.971704548884e-03,9.235406292862e+05,9.235406233385e+05,5.947707453743e-03
1.971495038253e-03,9.236369546480e+05,9.236369487104e+05,5.937631707639e-03
1.971285572142e-03,9.237332796309e+05,9.237332737034e+05,5.927493097261e-03
1.971076150536e-03,9.238296042350e+05,9.238295983177e+05,5.917286849581e-03
1.970866773423e-03,9.239259284602e+05,9.239259225532e+05,5.907019949518e-03
1.970657440786e-03,9.240222523066e+05,9.240222464099e+05,5.896688322537e-03
1.970448152613e-03,9.241185757741e+05,9.241185698878e+05,5.886290571652e-03
1.970238908888e-03,9.242148988628e+05,9.242148929869e+05,5.875830887817e-03
1.970029709599e-03,9.243112215726e+05,9.243112157073e+05,5.865303915925e-03
1.969820554730e-03,9.244075439036e+05,9.244075380489e+05,5.854714079760e-03
1.969611444268e-03,9.245038658557e+05,9.245038600117e+05,5.844060098752e-03
1.969402378198e-03,9.246001874291e+05,9.246001815957e+05,5.833334638737e-03
1.969193356506e-03,9.246965086235e+05,9.246965028010e+05,5.822550388984e-03
1.968984379179e-03,9.247928294392e+05,9.247928236275e+05,5.811701063067e-03
1.968775446201e-03,9.248891498760e+05,9.248891440753e+05,5.800782120787e-03
1.968566557560e-03,9.249854699340e+05,9.249854641442e+05,5.789797869511e-03
1.968357713240e-03,9.250817896132e+05,9.250817838345e+05,5.778747261502e-03
1.968148913228e-03,9.251781089136e+05,9.251781031460e+05,5.767634254880e-03
1.967940157510e-03,9.252744278352e+05,9.252744220787e+05,5.756455124356e-03
1.967731446071e-03,9.253707463779e+05,9.253707406327e+05,5.745204864070e-03
1.967522778897e-03,9.254670645418e+05,9.254670588079e+05,5.733895115554e-03
1.967314155975e-03,9.255633823269e+05,9.255633766044e+05,5.722516565584e-03
1.967105577290e-03,9.256596997332e+05,9.256596940222e+05,5.711069679819e-03
1.966897042828e-03,9.257560167608e+05,9.257560110612e+05,5.699556437321e-03
1.966688552576e-03,9.258523334095e+05,9.258523277215e+05,5.687976256013e-03
1.966480106518e-03,9.259486496794e+05,9.259486440030e+05,5.676327738911e-03
1.966271704642e-03,9.260449655705e+05,9.260449599059e+05,5.664617987350e-03
1.966063346932e-03,9.261412810828e+05,9.261412754300e+05,5.652836523950e-03
1.965855033376e-03,9.262375962163e+05,9.262375905753e+05,5.640991032124e-03
1.965646763958e-03,9.263339109710e+05,9.263339053420e+05,5.629075691104e-03
1.965438538665e-03,9.264302253470e+05,9.264302197299e+05,5.617088754661e-03
1.965230357483e-03,9.265265393442e+05,9.265265337391e+05,5.605041980743e-03
1.965022220398e-03,9.266228529625e+05,9.266228473696e+05,5.592922563665e-03
1.964814127396e-03,9.267191662021e+05,9.267191606214e+05,5.580735858530e-03
1.964606078463e-03,9.268154790630e+05,9.268154734945e+05,5.568485707045e-03
1.964398073584e-03,9.269117915450e+05,9.269117859889e+05,5.556163028814e-03
1.964190112746e-03,9.270081036483e+05,9.270080981045e+05,5.543773993850e-03
1.963982195935e-03,9.271044153728e+05,9.271044098415e+05,5.531315226108e-03
1.963774323137e-03,9.272007267185e+05,9.272007211998e+05,5.518786492757e-03
1.963566494338e-03,9.272970376855e+05,9.272970321793e+05,5.506193963811e-03
1.963358709524e-03,9.273933482737e+05,9.273933427802e+05,5.493528675288e-03
1.963150968681e-03,9.274896584832e+05,9.274896530024e+05,5.480794585310e-03
1.962943271794e-03,9.275859683139e+05,9.275859628459e+05,5.467994022183e-03
1.962735618851e-03,9.276822777658e+05,9.276822723107e+05,5.455123260617e-03
1.962528009837e-03,9.277785868390e+05,9.277785813968e+05,5.442184279673e-03
1.962320444738e-03,9.278748955335e+05,9.278748901043e+05,5.429172189906e-03
1.962112923541e-03,9.279712038492e+05,9.279711984331e+05,5.416094441898e-03
1.961905446230e-03,9.280675117861e+05,9.280675063832e+05,5.402947543189e-03
1.961698012793e-03,9.281638193443e+05,9.281638139546e+05,5.389726022258e-03
1.961490623216e-03,9.282601265238e+05,9.282601211474e+05,5.376438261010e-03
1.961283277484e-03,9.283564333245e+05,9.283564279615e+05,5.363079835661e-03
1.961075975584e-03,9.284527397465e+05,9.284527343969e+05,5.349655752070e-03
1.960868717502e-03,9.285490457898e+05,9.285490404536e+05,5.336158093996e-03
1.960661503223e-03,9.286453514543e+05,9.286453461318e+05,5.322587327100e-03
1.960454332735e-03,9.287416567402e+05,9.287416514312e+05,5.308946827427e-03
1.960247206022e-03,9.288379616472e+05,9.288379563520e+05,5.295240320265e-03
1.960040123072e-03,9.289342661756e+05,9.289342608941e+05,5.281459889375e-03
1.959833083870e-03,9.290305703252e+05,9.290305650576e+05,5.267609725706e-03
1.959626088403e-03,9.291268740962e+05,9.291268688425e+05,5.253684474155e-03
1.959419136656e-03,9.292231774884e+05,9.292231722487e+05,5.239693215117e-03
1.959212228617e-03,9.293194805019e+05,9.293194752763e+05,5.225625354797e-03
1.959005364270e-03,9.294157831367e+05,9.294157779252e+05,5.211493815295e-03
1.958798543602e-03,9.295120853927e+05,9.295120801955e+05,5.197286955081e-03
1.958591766600e-03,9.296083872701e+05,9.296083820871e+05,5.183006520383e-03
1.958385033249e-03,9.297046887688e+05,9.297046836001e+05,5.168655188754e-03
1.958178343536e-03,9.298009898888e+05,9.298009847345e+05,5.154234473594e-03
1.957971697446e-03,9.298972906301e+05,9.298972854903e+05,5.139739718288e-03
1.957765094967e-03,9.299935909926e+05,9.299935858675e+05,5.125173251145e-03
1.957558536084e-03,9.300898909765e+05,9.300898858660e+05,5.110534490086e-03
1.957352020783e-03,9.301861905817e+05,9.301861854859e+05,5.095822736621e-03
1.957145549051e-03,9.302824898082e+05,9.302824847272e+05,5.081038922071e-03
1.956939120873e-03,9.303787886561e+05,9.303787835899e+05,5.066187237389e-03
1.956732736237e-03,9.304750871252e+05,9.304750820740e+05,5.051256157458e-03
1.956526395128e-03,9.305713852157e+05,9.305713801794e+05,5.036253598519e-03
1.956320097533e-03,9.306676829275e+05,9.306676779063e+05,5.021182005294e-03
1.956113843437e-03,9.307639802606e+05,9.307639752545e+05,5.006035440601e-03
1.955907632827e-03,9.308602772150e+05,9.308602722242e+05,4.990808782168e-03
1.955701465690e-03,9.309565737908e+05,9.309565688153e+05,4.975517746061e-03
1.955495342011e-03,9.310528699879e+05,9.310528650277e+05,4.960149992257e-03
1.955289261777e-03,9.311491658063e+05,9.311491608616e+05,4.944707499817e-03
1.955083224974e-03,9.312454612461e+05,9.312454563169e+05,4.929195158184e-03
1.954877231588e-03,9.313417563072e+05,9.313417513936e+05,4.913604119793e-03
1.954671281606e-03,9.314380509897e+05,9.314380460917e+05,4.897940787487e-03
1.954465375013e-03,9.315343452935e+05,9.315343404113e+05,4.882206209004e-03
1.954259511797e-03,9.316306392186e+05,9.316306343522e+05,4.866390139796e-03
1.954053691943e-03,9.317269327651e+05,9.317269279146e+05,4.850508528762e-03
1.953847915438e-03,9.318232259330e+05,9.318232210984e+05,4.834546591155e-03
1.953642182268e-03,9.319195187222e+05,9.319195139037e+05,4.818509449251e-03
1.953436492419e-03,9.320158111328e+05,9.320158063303e+05,4.802404553629e-03
1.953230845879e-03,9.321121031647e+05,9.321120983785e+05,4.786215606146e-03
1.953025242632e-03,9.322083948180e+05,9.322083900480e+05,4.769957973622e-03
1.952819682665e-03,9.323046860926e+05,9.323046813390e+05,4.753622459248e-03
1.952614165965e-03,9.324009769886e+05,9.324009722514e+05,4.737212671898e-03
1.952408692518e-03,9.324972675060e+05,9.324972627853e+05,4.720725817606e-03
1.952203262311e-03,9.325935576448e+05,9.325935529406e+05,4.704167833552e-03
1.951997875329e-03,9.326898474049e+05,9.326898427174e+05,4.687527194619e-03
1.951792531559e-03,9.327861367864e+05,9.327861321156e+05,4.670818452723e-03
1.951587230988e-03,9.328824257893e+05,9.328824211353e+05,4.654026590288e-03
1.951381973601e-03,9.329787144136e+05,9.329787097764e+05,4.637164645828e-03
1.951176759386e-03,9.330750026592e+05,9.330749980390e+05,4.620220628567e-03
1.950971588328e-03,9.331712905263e+05,9.331712859231e+05,4.603207577020e-03
1.950766460414e-03,9.332675780147e+05,9.332675734286e+05,4.586112219840e-03
1.950561375631e-03,9.333638651246e+05,9.333638605556e+05,4.568940377794e-03
1.950356333964e-03,9.334601518558e+05,9.334601473041e+05,4.551694495603e-03
1.950151335400e-03,9.335564382084e+05,9.335564336740e+05,4.534368636087e-03
1.949946379926e-03,9.336527241824e+05,9.336527196654e+05,4.516968154348e-03
1.949741467528e-03,9.337490097778e+05,9.337490052783e+05,4.499489790760e-03
1.949536598193e-03,9.338452949947e+05,9.338452905127e+05,4.481937037781e-03
1.949331771906e-03,9.339415798329e+05,9.339415753686e+05,4.464301047847e-03
1.949126988654e-03,9.340378642925e+05,9.340378598459e+05,4.446592531167e-03
1.948922248424e-03,9.341341483736e+05,9.341341439448e+05,4.428804735653e-03
1.948717551203e-03,9.342304320760e+05,9.342304276651e+05,4.410935915075e-03
1.948512896975e-03,9.343267153999e+05,9.343267110069e+05,4.392997128889e-03
1.948308285729e-03,9.344229983452e+05,9.344229939703e+05,4.374974407256e-03
1.948103717451e-03,9.345192809120e+05,9.345192765551e+05,4.356872406788e-03
1.947899192126e-03,9.346155631001e+05,9.346155587614e+05,4.338692640886e-03
1.947694709742e-03,9.347118449097e+05,9.347118405893e+05,4.320438602008e-03
1.947490270284e-03,9.348081263407e+05,9.348081220386e+05,4.302100162022e-03
1.947285873741e-03,9.349044073931e+05,9.349044031094e+05,4.283686517738e-03
1.947081520097e-03,9.350006880670e+05,9.350006838018e+05,4.265197669156e-03
1.946877209339e-03,9.350969683623e+05,9.350969641157e+05,4.246624070220e-03
1.946672941454e-03,9.351932482791e+05,9.351932440511e+05,4.227972473018e-03
1.946468716429e-03,9.352895278173e+05,9.352895236080e+05,4.209241713397e-03
1.946264534249e-03,9.353858069769e+05,9.353858027865e+05,4.190433886833e-03
1.946060394902e-03,9.354820857580e+05,9.354820815864e+05,4.171542357653e-03
1.945856298374e-03,9.355783641605e+05,9.355783600079e+05,4.152574692853e-03
1.945652244652e-03,9.356746421845e+05,9.356746380509e+05,4.133528098464e-03
1.945448233721e-03,9.357709198299e+05,9.357709157155e+05,4.114400362596e-03
1.945244265569e-03,9.358671970968e+05,9.358671930016e+05,4.095188574865e-03
1.945040340182e-03,9.359634739852e+05,9.359634699093e+05,4.075900185853e-03
1.944836457547e-03,9.360597504950e+05,9.360597464384e+05,4.056531586684e-03
1.944632617650e-03,9.361560266262e+05,9.361560225892e+05,4.037081380375e-03
1.944428820478e-03,9.362523023790e+05,9.362522983614e+05,4.017552360892e-03
1.944225066017e-03,9.363485777532e+05,9.363485737553e+05,3.997941967100e-03
1.944021354254e-03,9.364448527489e+05,9.364448487706e+05,3.978248219937e-03
1.943817685175e-03,9.365411273660e+05,9.365411234076e+05,3.958473331295e-03
1.943614058768e-03,9.366374016047e+05,9.366373976661e+05,3.938621957786e-03
1.943410475018e-03,9.367336754648e+05,9.367336715461e+05,3.918686299585e-03
1.943206933913e-03,9.368299489464e+05,9.368299450477e+05,3.898669732735e-03
1.943003435438e-03,9.369262220495e+05,9.369262181709e+05,3.878574352711e-03
1.942799979581e-03,9.370224947740e+05,9.370224909156e+05,3.858391311951e-03
1.942596566328e-03,9.371187671201e+05,9.371187632820e+05,3.838129225187e-03
1.942393195666e-03,9.372150390876e+05,9.372150352698e+05,3.817787743174e-03
1.942189867581e-03,9.373113106767e+05,9.373113068793e+05,3.797359182499e-03
1.941986582060e-03,9.374075818872e+05,9.374075781104e+05,3.776853322051e-03
1.941783339089e-03,9.375038527192e+05,9.375038489630e+05,3.756261197850e-03
1.941580138656e-03,9.376001231728e+05,9.376001194372e+05,3.735589212738e-03
1.941376980747e-03,9.376963932478e+05,9.376963895330e+05,3.714836086147e-03
1.941173865348e-03,9.377926629444e+05,9.377926592504e+05,3.693995997310e-03
1.940970792447e-03,9.378889322624e+05,9.378889285894e+05,3.673075349070e-03
1.940767762029e-03,9.379852012020e+05,9.379851975499e+05,3.652071463875e-03
1.940564774082e-03,9.380814697631e+05,9.380814661321e+05,3.630984108895e-03
1.940361828592e-03,9.381777379457e+05,9.381777343359e+05,3.609809791669e-03
1.940158925546e-03,9.382740057498e+05,9.382740021612e+05,3.588560386561e-03
1.939956064931e-03,9.383702731754e+05,9.383702696082e+05,3.567219129764e-03
1.939753246733e-03,9.384665402226e+05,9.384665366768e+05,3.545798943378e-03
1.939550470939e-03,9.385628068913e+05,9.385628033670e+05,3.524293075316e-03
1.939347737535e-03,9.386590731815e+05,9.386590696788e+05,3.502704435959e-03
1.939145046509e-03,9.387553390932e+05,9.387553356122e+05,3.481031162664e-03
1.938942397847e-03,9.388516046265e+05,9.388516011672e+05,3.459269995801e-03
1.938739791536e-03,9.389478697813e+05,9.389478663439e+05,3.437430597842e-03
1.938537227562e-03,9.390441345577e+05,9.390441311422e+05,3.415504470468e-03
1.938334705913e-03,9.391403989556e+05,9.391403955621e+05,3.393492661417e-03
1.938132226575e-03,9.392366629750e+05,9.392366596036e+05,3.371394006535e-03
1.937929789534e-03,9.393329266160e+05,9.393329232668e+05,3.349212114699e-03
1.937727394778e-03,9.394291898785e+05,9.394291865516e+05,3.326948382892e-03
1.937525042293e-03,9.395254527626e+05,9.395254494580e+05,3.304593847133e-03
1.937322732066e-03,9.396217152683e+05,9.396217119861e+05,3.282158402726e-03
1.937120464084e-03,9.397179773955e+05,9.397179741358e+05,3.259635879658e-03
1.936918238334e-03,9.398142391442e+05,9.398142359072e+05,3.237029188313e-03
1.936716054802e-03,9.399105005145e+05,9.399104973002e+05,3.214333322830e-03
1.936513913475e-03,9.400067615064e+05,9.400067583149e+05,3.191555617377e-03
1.936311814339e-03,9.401030221199e+05,9.401030189512e+05,3.168688621372e-03
1.936109757383e-03,9.401992823549e+05,9.401992792091e+05,3.145736758597e-03
1.935907742592e-03,9.402955422115e+05,9.402955390888e+05,3.122696070932e-03
1.935705769953e-03,9.403918016896e+05,9.403917985900e+05,3.099569119513e-03
1.935503839453e-03,9.404880607893e+05,9.404880577130e+05,3.076357766986e-03
1.935301951080e-03,9.405843195107e+05,9.405843164576e+05,3.053060616367e-03
1.935100104819e-03,9.406805778535e+05,9.406805748239e+05,3.029670799151e-03
1.934898300657e-03,9.407768358180e+05,9.407768328118e+05,3.006198094226e-03
1.934696538582e-03,9.408730934041e+05,9.408730904214e+05,2.982642268762e-03
1.934494818580e-03,9.409693506117e+05,9.409693476527e+05,2.958992379718e-03
1.934293140638e-03,9.410656074410e+05,9.410656045057e+05,2.935256459750e-03
1.934091504743e-03,9.411618638918e+05,9.411618609804e+05,2.911433344707e-03
1.933889910882e-03,9.412581199642e+05,9.412581170767e+05,2.887523383833e-03
1.933688359041e-03,9.413543756583e+05,9.413543727947e+05,2.863526809961e-03
1.933486849208e-03,9.414506309739e+05,9.414506281345e+05,2.839438384399e-03
1.933285381369e-03,9.415468859111e+05,9.415468830959e+05,2.815265906975e-03
1.933083955512e-03,9.416431404700e+05,9.416431376790e+05,2.791003673337e-03
1.932882571622e-03,9.417393946504e+05,9.417393918838e+05,2.766649122350e-03
1.932681229688e-03,9.418356484525e+05,9.418356457102e+05,2.742209821008e-03
1.932479929695e-03,9.419319018761e+05,9.419318991584e+05,2.717678900808e-03
1.932278671631e-03,9.420281549214e+05,9.420281522283e+05,2.693063113838e-03
1.932077455483e-03,9.421244075883e+05,9.421244049200e+05,2.668355475180e-03
1.931876281237e-03,9.422206598768e+05,9.422206572333e+05,2.643557847477e-03
1.931675148881e-03,9.423169117870e+05,9.423169091683e+05,2.618673956022e-03
1.931474058401e-03,9.424131633188e+05,9.424131607251e+05,2.593700075522e-03
1.931273009785e-03,9.425094144722e+05,9.425094119035e+05,2.568634808995e-03
1.931072003018e-03,9.426056652472e+05,9.426056627037e+05,2.543481998146e-03
1.930871038089e-03,9.427019156439e+05,9.427019131256e+05,2.518235472962e-03
1.930670114984e-03,9.427981656622e+05,9.427981631693e+05,2.492900937796e-03
1.930469233691e-03,9.428944153021e+05,9.428944128346e+05,2.467475598678e-03
1.930268394195e-03,9.429906645637e+05,9.429906621217e+05,2.441963879392e-03
1.930067596484e-03,9.430869134469e+05,9.430869110305e+05,2.416357630864e-03
1.929866840545e-03,9.431831619518e+05,9.431831595611e+05,2.390661975369e-03
1.929666126365e-03,9.432794100783e+05,9.432794077134e+05,2.364871557802e-03
1.929465453931e-03,9.433756578264e+05,9.433756554874e+05,2.338996855542e-03
1.929264823230e-03,9.434719051962e+05,9.434719028832e+05,2.313028438948e-03
1.929064234248e-03,9.435681521877e+05,9.435681499008e+05,2.286964678206e-03
1.928863686974e-03,9.436643988009e+05,9.436643965400e+05,2.260815817863e-03
1.928663181393e-03,9.437606450356e+05,9.437606428011e+05,2.234572079033e-03
1.928462717493e-03,9.438568908921e+05,9.438568886839e+05,2.208235557191e-03
1.928262295261e-03,9.439531363702e+05,9.439531341884e+05,2.181811258197e-03
1.928061914684e-03,9.440493814700e+05,9.440493793147e+05,2.155292429961e-03
1.927861575748e-03,9.441456261915e+05,9.441456240628e+05,2.128681633621e-03
1.927661278442e-03,9.442418705346e+05,9.442418684326e+05,2.101979684085e-03
1.927461022751e-03,9.443381144994e+05,9.443381124242e+05,2.075182157569e-03
1.927260808663e-03,9.444343580859e+05,9.444343560376e+05,2.048298483714e-03
1.927060636165e-03,9.445306012940e+05,9.445305992727e+05,2.021315507591e-03
1.926860505245e-03,9.446268441239e+05,9.446268421296e+05,1.994241494685e-03
1.926660415888e-03,9.447230865754e+05,9.447230846083e+05,1.967076910660e-03
1.926460368082e-03,9.448193286486e+05,9.448193267088e+05,1.939815236256e-03
1.926260361815e-03,9.449155703435e+05,9.449155684311e+05,1.912462874316e-03
1.926060397073e-03,9.450118116601e+05,9.450118097751e+05,1.885017612949e-03
1.925860473843e-03,9.451080525984e+05,9.451080507410e+05,1.857479102910e-03
1.925660592112e-03,9.452042931584e+05,9.452042913286e+05,1.829844783060e-03
1.925460751868e-03,9.453005333401e+05,9.453005315380e+05,1.802121289074e-03
1.925260953097e-03,9.453967731435e+05,9.453967713692e+05,1.774299191311e-03
1.925061195788e-03,9.454930125686e+05,9.454930108223e+05,1.746384077705e-03
1.924861479925e-03,9.455892516154e+05,9.455892498971e+05,1.718371873721e-03
1.924661805498e-03,9.456854902840e+05,9.456854885937e+05,1.690271426924e-03
1.924462172492e-03,9.457817285742e+05,9.457817269121e+05,1.662070397288e-03
1.924262580896e-03,9.458779664861e+05,9.458779648524e+05,1.633777399547e-03
1.924063030696e-03,9.459742040198e+05,9.459742024144e+05,1.605388126336e-03
1.923863521879e-03,9.460704411752e+05,9.460704395983e+05,1.576907117851e-03
1.923664054432e-03,9.461666779523e+05,9.461666764040e+05,1.548328553326e-03
1.923464628343e-03,9.462629143511e+05,9.462629128315e+05,1.519651268609e-03
1.923265243599e-03,9.463591503717e+05,9.463591488808e+05,1.490886555985e-03
1.923065900187e-03,9.464553860140e+05,9.464553845520e+05,1.462021609768e-03
1.922866598093e-03,9.465516212780e+05,9.465516198449e+05,1.433061435819e-03
1.922667337306e-03,9.466478561638e+05,9.466478547598e+05,1.404002658091e-03
1.922468117812e-03,9.467440906713e+05,9.467440892964e+05,1.374853076413e-03
1.922268939598e-03,9.468403248005e+05,9.468403234549e+05,1.345601980574e-03
1.922069802652e-03,9.469365585515e+05,9.469365572352e+05,1.316259265877e-03
1.921870706961e-03,9.470327919242e+05,9.470327906374e+05,1.286816783249e-03
1.921671652512e-03,9.471290249187e+05,9.471290236614e+05,1.257275580429e-03
1.921472639292e-03,9.472252575349e+05,9.472252563072e+05,1.227640430443e-03
1.921273667288e-03,9.473214897728e+05,9.473214885749e+05,1.197911216877e-03
1.921074736488e-03,9.474177216326e+05,9.474177204645e+05,1.168082468212e-03
1.920875846879e-03,9.475139531141e+05,9.475139519759e+05,1.138154417276e-03
1.920676998447e-03,9.476101842173e+05,9.476101831092e+05,1.108127064072e-03
1.920478191181e-03,9.477064149423e+05,9.477064138643e+05,1.078009605408e-03
1.920279425067e-03,9.478026452891e+05,9.478026442413e+05,1.047787256539e-03
1.920080700093e-03,9.478988752576e+05,9.478988742401e+05,1.017472590320e-03
1.919882016246e-03,9.479951048479e+05,9.479951038609e+05,9.870567591861e-04
1.919683373513e-03,9.480913340600e+05,9.480913331034e+05,9.565416257828e-04
1.919484771881e-03,9.481875628938e+05,9.481875619679e+05,9.259337093681e-04
1.919286211338e-03,9.482837913495e+05,9.482837904543e+05,8.952220669016e-04
1.919087691870e-03,9.483800194269e+05,9.483800185625e+05,8.644161280245e-04
1.918889213466e-03,9.484762471261e+05,9.484762462926e+05,8.335089078173e-04
1.918690776112e-03,9.485724744471e+05,9.485724736445e+05,8.025029674172e-04
1.918492379795e-03,9.486687013898e+05,9.486687006184e+05,7.713923696429e-04
1.918294024504e-03,9.487649279544e+05,9.487649272142e+05,7.401894545183e-04
1.918095710224e-03,9.488611541407e+05,9.488611534318e+05,7.088882848620e-04
1.917897436944e-03,9.489573799489e+05,9.489573792714e+05,6.774845533073e-04
1.917699204651e-03,9.490536053788e+05,9.490536047328e+05,6.459784926847e-04
1.917501013332e-03,9.491498304305e+05,9.491498298161e+05,6.143786013126e-04
1.917302862974e-03,9.492460551041e+05,9.492460545214e+05,5.826728884131e-04
1.917104753565e-03,9.493422793994e+05,9.493422788485e+05,5.508719477803e-04
1.916906685091e-03,9.494385033166e+05,9.494385027976e+05,5.189684452489e-04
1.916708657541e-03,9.495347268555e+05,9.495347263686e+05,4.869620315731e-04
1.916510670902e-03,9.496309500163e+05,9.496309495614e+05,4.548595752567e-04
1.916312725160e-03,9.497271727989e+05,9.497271723762e+05,4.226528108120e-04
1.916114820304e-03,9.498233952033e+05,9.498233948129e+05,3.903439501300e-04
1.915916956320e-03,9.499196172295e+05,9.499196168716e+05,3.579381154850e-04
1.915719133196e-03,9.500158388775e+05,9.500158385521e+05,3.254296025261e-04
1.915521350919e-03,9.501120601474e+05,9.501120598546e+05,2.928194589913e-04
1.915323609477e-03,9.502082810391e+05,9.502082807790e+05,2.601105952635e-04
1.915125908856e-03,9.503045015526e+05,9.503045013253e+05,2.272980054840e-04
1.914928249045e-03,9.504007216880e+05,9.504007214936e+05,1.943822717294e-04
1.914730630031e-03,9.504969414452e+05,9.504969412838e+05,1.613652566448e-04
1.914533051801e-03,9.505931608242e+05,9.505931606959e+05,1.282459124923e-04
1.914335514342e-03,9.506893798251e+05,9.506893797300e+05,9.502749890089e-05
1.914138017642e-03,9.507855984478e+05,9.507855983861e+05,6.170256529003e-05
1.913940561688e-03,9.508818166923e+05,9.508818166640e+05,2.827332355082e-05
1.913743146467e-03,9.509780345587e+05,9.509780345640e+05,-5.254871211946e-06
1.913545771968e-03,9.510742520470e+05,9.510742520858e+05,-3.888795617968e-05
1.913348438177e-03,9.511704691571e+05,9.511704692297e+05,-7.261987775564e-05
1.913151145081e-03,9.512666858890e+05,9.512666859955e+05,-1.064605312422e-04
1.912953892669e-03,9.513629022428e+05,9.513629023832e+05,-1.403999049217e-04
1.912756680928e-03,9.514591182185e+05,9.514591183929e+05,-1.744492910802e-04
1.912559509844e-03,9.515553338160e+05,9.515553340246e+05,-2.085939049721e-04
1.912362379406e-03,9.516515490354e+05,9.516515492783e+05,-2.428473671898e-04
1.912165289601e-03,9.517477638767e+05,9.517477641539e+05,-2.772066509351e-04
1.911968240416e-03,9.518439783398e+05,9.518439786515e+05,-3.116669831797e-04
1.911771231839e-03,9.519401924248e+05,9.519401927710e+05,-3.462303429842e-04
1.911574263857e-03,9.520364061317e+05,9.520364065126e+05,-3.808991750702e-04
1.911377336458e-03,9.521326194604e+05,9.521326198761e+05,-4.156732466072e-04
1.911180449629e-03,9.522288324111e+05,9.522288328616e+05,-4.505543038249e-04
1.910983603358e-03,9.523250449836e+05,9.523250454691e+05,-4.855375736952e-04
1.910786797631e-03,9.524212571780e+05,9.524212576986e+05,-5.206260830164e-04
1.910590032437e-03,9.525174689943e+05,9.525174695501e+05,-5.558229750022e-04
1.910393307764e-03,9.526136804324e+05,9.526136810236e+05,-5.911221960559e-04
1.910196623597e-03,9.527098914925e+05,9.527098921190e+05,-6.265271222219e-04
1.909999979926e-03,9.528061021745e+05,9.528061028365e+05,-6.620384519920e-04
1.909803376737e-03,9.529023124783e+05,9.529023131760e+05,-6.976563017815e-04
1.909606814018e-03,9.529985224041e+05,9.529985231374e+05,-7.333791581914e-04
1.909410291757e-03,9.530947319517e+05,9.530947327209e+05,-7.692045764998e-04
1.909213809940e-03,9.531909411213e+05,9.531909419264e+05,-8.051412878558e-04
1.909017368556e-03,9.532871499127e+05,9.532871507539e+05,-8.411823073402e-04
1.908820967593e-03,9.533833583261e+05,9.533833592034e+05,-8.773340377957e-04
1.908624607036e-03,9.534795663614e+05,9.534795672750e+05,-9.135901927948e-04
1.908428286875e-03,9.535757740186e+05,9.535757749685e+05,-9.499504230917e-04
1.908232007097e-03,9.536719812977e+05,9.536719822841e+05,-9.864184539765e-04
1.908035767688e-03,9.537681881987e+05,9.537681892217e+05,-1.022999291308e-03
1.907839568638e-03,9.538643947217e+05,9.538643957814e+05,-1.059683505446e-03
1.907643409932e-03,9.539606008666e+05,9.539606019631e+05,-1.096474356018e-03
1.907447291560e-03,9.540568066334e+05,9.540568077668e+05,-1.133372425102e-03
1.907251213507e-03,9.541530120221e+05,9.541530131925e+05,-1.170382834971e-03
1.907055175763e-03,9.542492170328e+05,9.542492182403e+05,-1.207498600706e-03
1.906859178314e-03,9.543454216654e+05,9.543454229101e+05,-1.244722516276e-03
1.906663221149e-03,9.544416259199e+05,9.544416272020e+05,-1.282052369788e-03
1.906467304254e-03,9.545378297964e+05,9.545378311159e+05,-1.319494098425e-03
1.906271427617e-03,9.546340332948e+05,9.546340346518e+05,-1.357047818601e-03
1.906075591227e-03,9.547302364152e+05,9.547302378099e+05,-1.394703052938e-03
1.905879795069e-03,9.548264391575e+05,9.548264405899e+05,-1.432471792214e-03
1.905684039133e-03,9.549226415217e+05,9.549226429921e+05,-1.470352057368e-03
1.905488323406e-03,9.550188435079e+05,9.550188450162e+05,-1.508334768005e-03
1.905292647874e-03,9.551150451161e+05,9.551150466625e+05,-1.546430750750e-03
1.905097012527e-03,9.552112463462e+05,9.552112479308e+05,-1.584639074281e-03
1.904901417351e-03,9.553074471983e+05,9.553074488212e+05,-1.622952637263e-03
1.904705862334e-03,9.554036476723e+05,9.554036493337e+05,-1.661380403675e-03
1.904510347465e-03,9.554998477683e+05,9.554998494682e+05,-1.699912827462e-03
1.904314872729e-03,9.555960474862e+05,9.555960492248e+05,-1.738560153171e-03
1.904119438116e-03,9.556922468262e+05,9.556922486035e+05,-1.777318888344e-03
1.903924043612e-03,9.557884457881e+05,9.557884476043e+05,-1.816184958443e-03
1.903728689206e-03,9.558846443719e+05,9.558846462271e+05,-1.855162321590e-03
1.903533374885e-03,9.559808425778e+05,9.559808444720e+05,-1.894252491184e-03
1.903338100636e-03,9.560770404056e+05,9.560770423391e+05,-1.933451392688e-03
1.903142866448e-03,9.561732378554e+05,9.561732398282e+05,-1.972764497623e-03
1.902947672308e-03,9.562694349272e+05,9.562694369394e+05,-2.012188429944e-03
1.902752518203e-03,9.563656316210e+05,9.563656336727e+05,-2.051723073237e-03
1.902557404122e-03,9.564618279368e+05,9.564618300281e+05,-2.091369824484e-03
1.902362330052e-03,9.565580238745e+05,9.565580260057e+05,-2.131128683686e-03
1.902167295981e-03,9.566542194343e+05,9.566542216053e+05,-2.170996041968e-03
1.901972301896e-03,9.567504146160e+05,9.567504168270e+05,-2.210982725956e-03
1.901777347786e-03,9.568466094198e+05,9.568466116708e+05,-2.251076162793e-03
1.901582433637e-03,9.569428038455e+05,9.569428061368e+05,-2.291284268722e-03
1.901387559438e-03,9.570389978933e+05,9.570390002249e+05,-2.331605530344e-03
1.901192725177e-03,9.571351915630e+05,9.571351939351e+05,-2.372039249167e-03
1.900997930840e-03,9.572313848548e+05,9.572313872674e+05,-2.412587637082e-03
1.900803176416e-03,9.573275777686e+05,9.573275802218e+05,-2.453246968798e-03
1.900608461893e-03,9.574237703043e+05,9.574237727984e+05,-2.494022366591e-03
1.900413787258e-03,9.575199624622e+05,9.575199649971e+05,-2.534910454415e-03
1.900219152499e-03,9.576161542420e+05,9.576161568179e+05,-2.575906342827e-03
1.900024557604e-03,9.577123456438e+05,9.577123482608e+05,-2.617021440528e-03
1.899830002560e-03,9.578085366677e+05,9.578085393259e+05,-2.658252837136e-03
1.899635487355e-03,9.579047273136e+05,9.579047300132e+05,-2.699596574530e-03
1.899441011978e-03,9.580009175815e+05,9.580009203225e+05,-2.741051954217e-03
1.899246576415e-03,9.580971074714e+05,9.580971102541e+05,-2.782626193948e-03
1.899052180655e-03,9.581932969834e+05,9.581932998077e+05,-2.824311959557e-03
1.898857824685e-03,9.582894861174e+05,9.582894889836e+05,-2.866117167287e-03
1.898663508494e-03,9.583856748735e+05,9.583856777815e+05,-2.908030524850e-03
1.898469232068e-03,9.584818632516e+05,9.584818662017e+05,-2.950066700578e-03
1.898274995396e-03,9.585780512517e+05,9.585780542439e+05,-2.992212655954e-03
1.898080798465e-03,9.586742388739e+05,9.586742419084e+05,-3.034478519112e-03
1.897886641264e-03,9.587704261181e+05,9.587704291950e+05,-3.076855791733e-03
1.897692523780e-03,9.588666129844e+05,9.588666161038e+05,-3.119350993074e-03
1.897498446001e-03,9.589627994728e+05,9.589628026347e+05,-3.161960863508e-03
1.897304407915e-03,9.590589855831e+05,9.590589887878e+05,-3.204689361155e-03
1.897110409509e-03,9.591551713156e+05,9.591551745631e+05,-3.247534390539e-03
1.896916450772e-03,9.592513566701e+05,9.592513599606e+05,-3.290495602414e-03
1.896722531691e-03,9.593475416467e+05,9.593475449803e+05,-3.333572065458e-03
1.896528652254e-03,9.594437262453e+05,9.594437296221e+05,-3.376764827408e-03
1.896334812449e-03,9.595399104660e+05,9.595399138861e+05,-3.420074004680e-03
1.896141012264e-03,9.596360943088e+05,9.596360977723e+05,-3.463504370302e-03
1.895947251686e-03,9.597322777736e+05,9.597322812807e+05,-3.507051384076e-03
1.895753530704e-03,9.598284608606e+05,9.598284644113e+05,-3.550716093741e-03
1.895559849305e-03,9.599246435696e+05,9.599246471641e+05,-3.594496869482e-03
1.895366207478e-03,9.600208259007e+05,9.600208295391e+05,-3.638395341113e-03
1.895172605209e-03,9.601170078538e+05,9.601170115362e+05,-3.682410111651e-03
1.894979042488e-03,9.602131894291e+05,9.602131931556e+05,-3.726546769030e-03
1.894785519301e-03,9.603093706264e+05,9.603093743972e+05,-3.770802170038e-03
1.894592035638e-03,9.604055514458e+05,9.604055552610e+05,-3.815174568444e-03
1.894398591485e-03,9.605017318874e+05,9.605017357470e+05,-3.859667107463e-03
1.894205186830e-03,9.605979119510e+05,9.605979158552e+05,-3.904273035005e-03
1.894011821662e-03,9.606940916367e+05,9.606940955857e+05,-3.949006320909e-03
1.893818495968e-03,9.607902709445e+05,9.607902749384e+05,-3.993855207227e-03
1.893625209737e-03,9.608864498744e+05,9.608864539132e+05,-4.038822953589e-03
1.893431962955e-03,9.609826284264e+05,9.609826325103e+05,-4.083912121132e-03
1.893238755612e-03,9.610788066006e+05,9.610788107297e+05,-4.129119683057e-03
1.893045587695e-03,9.611749843968e+05,9.611749885713e+05,-4.174445988610e-03
1.892852459192e-03,9.612711618152e+05,9.612711660350e+05,-4.219892900437e-03
1.892659370091e-03,9.613673388556e+05,9.613673431211e+05,-4.265459021553e-03
1.892466320379e-03,9.614635155182e+05,9.614635198294e+05,-4.311147495173e-03
1.892273310046e-03,9.615596918029e+05,9.615596961599e+05,-4.356959834695e-03
1.892080339078e-03,9.616558677097e+05,9.616558721126e+05,-4.402884980664e-03
1.891887407464e-03,9.617520432387e+05,9.617520476876e+05,-4.448937135749e-03
1.891694515192e-03,9.618482183898e+05,9.618482228849e+05,-4.495110595599e-03
1.891501662249e-03,9.619443931630e+05,9.619443977044e+05,-4.541406058706e-03
1.891308848624e-03,9.620405675583e+05,9.620405721461e+05,-4.587820149027e-03
1.891116074304e-03,9.621367415758e+05,9.621367462102e+05,-4.634355776943e-03
1.890923339278e-03,9.622329152154e+05,9.622329198964e+05,-4.681014688686e-03
1.890730643534e-03,9.623290884772e+05,9.623290932050e+05,-4.727791412733e-03
1.890537987059e-03,9.624252613611e+05,9.624252661358e+05,-4.774696426466e-03
1.890345369842e-03,9.625214338671e+05,9.625214386888e+05,-4.821719136089e-03
1.890152791870e-03,9.626176059953e+05,9.626176108642e+05,-4.868865362369e-03
1.889960253132e-03,9.627137777456e+05,9.627137826618e+05,-4.916138714179e-03
1.889767753616e-03,9.628099491181e+05,9.628099540816e+05,-4.963528830558e-03
1.889575293309e-03,9.629061201128e+05,9.629061251238e+05,-5.011046538129e-03
1.889382872200e-03,9.630022907296e+05,9.630022957883e+05,-5.058686132543e-03
1.889190490276e-03,9.630984609685e+05,9.630984660750e+05,-5.106447497383e-03
1.888998147526e-03,9.631946308297e+05,9.631946359840e+05,-5.154334474355e-03
1.888805843938e-03,9.632908003129e+05,9.632908055153e+05,-5.202341824770e-03
1.888613579499e-03,9.633869694184e+05,9.633869746689e+05,-5.250474670902e-03
1.888421354198e-03,9.634831381460e+05,9.634831434448e+05,-5.298736621626e-03
1.888229168024e-03,9.635793064958e+05,9.635793118429e+05,-5.347117199562e-03
1.888037020963e-03,9.636754744678e+05,9.636754798634e+05,-5.395624786615e-03
1.887844913004e-03,9.637716420620e+05,9.637716475062e+05,-5.444255424663e-03
1.887652844135e-03,9.638678092783e+05,9.638678147713e+05,-5.493010859936e-03
1.887460814344e-03,9.639639761168e+05,9.639639816587e+05,-5.541887949221e-03
1.887268823619e-03,9.640601425775e+05,9.640601481684e+05,-5.590898217633e-03
1.887076871949e-03,9.641563086604e+05,9.641563143004e+05,-5.640025716275e-03
1.886884959321e-03,9.642524743654e+05,9.642524800547e+05,-5.689285346307e-03
1.886693085723e-03,9.643486396927e+05,9.643486454314e+05,-5.738665815443e-03
1.886501251144e-03,9.644448046422e+05,9.644448104304e+05,-5.788174457848e-03
1.886309455571e-03,9.645409692138e+05,9.645409750516e+05,-5.837806733325e-03
1.886117698994e-03,9.646371334077e+05,9.646371392953e+05,-5.887564737350e-03
1.885925981399e-03,9.647332972238e+05,9.647333031612e+05,-5.937452311628e-03
1.885734302775e-03,9.648294606620e+05,9.648294666495e+05,-5.987466545776e-03
1.885542663110e-03,9.649256237225e+05,9.649256297601e+05,-6.037602666765e-03
1.885351062392e-03,9.650217864052e+05,9.650217924930e+05,-6.087873363867e-03
1.885159500610e-03,9.651179487101e+05,9.651179548483e+05,-6.138266413473e-03
1.884967977751e-03,9.652141106372e+05,9.652141168259e+05,-6.188783678226e-03
1.884776493803e-03,9.653102721865e+05,9.653102784259e+05,-6.239435169846e-03
1.884585048756e-03,9.654064333580e+05,9.654064396482e+05,-6.290210527368e-03
1.884393642596e-03,9.655025941518e+05,9.655026004929e+05,-6.341112079099e-03
1.884202275312e-03,9.655987545678e+05,9.655987609599e+05,-6.392142619006e-03
1.884010946893e-03,9.656949146060e+05,9.656949210493e+05,-6.443302379921e-03
1.883819657326e-03,9.657910742664e+05,9.657910807610e+05,-6.494588684291e-03
1.883628406599e-03,9.658872335491e+05,9.658872400951e+05,-6.546008400619e-03
1.883437194701e-03,9.659833924540e+05,9.659833990516e+05,-6.597548839636e-03
1.883246021620e-03,9.660795509812e+05,9.660795576304e+05,-6.649223156273e-03
1.883054887344e-03,9.661757091306e+05,9.661757158316e+05,-6.701025296934e-03
1.882863791861e-03,9.662718669022e+05,9.662718736552e+05,-6.752960151061e-03
1.882672735160e-03,9.663680242961e+05,9.663680311011e+05,-6.805017474107e-03
1.882481717228e-03,9.664641813122e+05,9.664641881694e+05,-6.857212283649e-03
1.882290738054e-03,9.665603379506e+05,9.665603448601e+05,-6.909531541169e-03
1.882099797626e-03,9.666564942112e+05,9.666565011732e+05,-6.961981533095e-03
1.881908895933e-03,9.667526500941e+05,9.667526571086e+05,-7.014560163952e-03
1.881718032961e-03,9.668488055992e+05,9.668488126665e+05,-7.067270693369e-03
1.881527208701e-03,9.669449607266e+05,9.669449678467e+05,-7.120111957192e-03
1.881336423139e-03,9.670411154762e+05,9.670411226493e+05,-7.173083373345e-03
1.881145676265e-03,9.671372698482e+05,9.671372770743e+05,-7.226183079183e-03
1.880954968066e-03,9.672334238423e+05,9.672334311218e+05,-7.279418059625e-03
1.880764298530e-03,9.673295774588e+05,9.673295847916e+05,-7.332778419368e-03
1.880573667646e-03,9.674257306975e+05,9.674257380838e+05,-7.386277313344e-03
1.880383075403e-03,9.675218835585e+05,9.675218909984e+05,-7.439901935868e-03
1.880192521788e-03,9.676180360418e+05,9.676180435355e+05,-7.493658456951e-03
1.880002006789e-03,9.677141881474e+05,9.677141956949e+05,-7.547548389994e-03
1.879811530395e-03,9.678103398752e+05,9.678103474768e+05,-7.601571618579e-03
1.879621092594e-03,9.679064912253e+05,9.679064988810e+05,-7.655726512894e-03
1.879430693375e-03,9.680026421977e+05,9.680026499077e+05,-7.710014702752e-03
1.879240332726e-03,9.680987927924e+05,9.680988005569e+05,-7.764430367388e-03
1.879050010634e-03,9.681949430094e+05,9.681949508284e+05,-7.818984449841e-03
1.878859727089e-03,9.682910928487e+05,9.682911007224e+05,-7.873669499531e-03
1.878669482078e-03,9.683872423103e+05,9.683872502388e+05,-7.928490173072e-03
1.878479275590e-03,9.684833913941e+05,9.684833993776e+05,-7.983442279510e-03
1.878289107613e-03,9.685795401003e+05,9.685795481388e+05,-8.038522209972e-03
1.878098978135e-03,9.686756884288e+05,9.686756965225e+05,-8.093741373159e-03
1.877908887146e-03,9.687718363796e+05,9.687718445287e+05,-8.149094297551e-03
1.877718834632e-03,9.688679839527e+05,9.688679921573e+05,-8.204581914470e-03
1.877528820583e-03,9.689641311481e+05,9.689641394083e+05,-8.260200265795e-03
1.877338844986e-03,9.690602779658e+05,9.690602862818e+05,-8.315956103615e-03
1.877148907831e-03,9.691564244059e+05,9.691564327777e+05,-8.371844189242e-03
1.876959009105e-03,9.692525704682e+05,9.692525788961e+05,-8.427871624008e-03
1.876769148796e-03,9.693487161529e+05,9.693487246369e+05,-8.484026649967e-03
1.876579326894e-03,9.694448614599e+05,9.694448700002e+05,-8.540323004127e-03
1.876389543386e-03,9.695410063892e+05,9.695410149860e+05,-8.596752188168e-03
1.876199798261e-03,9.696371509409e+05,9.696371595942e+05,-8.653317345306e-03
1.876010091507e-03,9.697332951149e+05,9.697333038249e+05,-8.710017194971e-03
1.875820423112e-03,9.698294389112e+05,9.698294476781e+05,-8.766851038672e-03
1.875630793065e-03,9.699255823299e+05,9.699255911537e+05,-8.823825046420e-03
1.875441201354e-03,9.700217253709e+05,9.700217342518e+05,-8.880934212357e-03
1.875251647968e-03,9.701178680342e+05,9.701178769724e+05,-8.938174578361e-03
1.875062132895e-03,9.702140103199e+05,9.702140193155e+05,-8.995558484457e-03
1.874872656124e-03,9.703101522279e+05,9.703101612810e+05,-9.053074172698e-03
1.874683217642e-03,9.704062937583e+05,9.704063028690e+05,-9.110729792155e-03
1.874493817438e-03,9.705024349110e+05,9.705024440796e+05,-9.168520686217e-03
1.874304455501e-03,9.705985756861e+05,9.705985849126e+05,-9.226448950358e-03
1.874115131818e-03,9.706947160836e+05,9.706947253681e+05,-9.284519124776e-03
1.873925846379e-03,9.707908561034e+05,9.707908654461e+05,-9.342724457383e-03
1.873736599172e-03,9.708869957455e+05,9.708870051466e+05,-9.401066228747e-03
1.873547390185e-03,9.709831350100e+05,9.709831444696e+05,-9.459546417929e-03
1.873358219406e-03,9.710792738969e+05,9.710792834151e+05,-9.518162813038e-03
1.873169086825e-03,9.711754124062e+05,9.711754219831e+05,-9.576917625964e-03
1.872979992429e-03,9.712715505378e+05,9.712715601736e+05,-9.635815746151e-03
1.872790936207e-03,9.713676882918e+05,9.713676979867e+05,-9.694850654341e-03
1.872601918147e-03,9.714638256682e+05,9.714638354222e+05,-9.754023049027e-03
1.872412938238e-03,9.715599626669e+05,9.715599724803e+05,-9.813332580961e-03
1.872223996468e-03,9.716560992881e+05,9.716561091609e+05,-9.872788214125e-03
1.872035092826e-03,9.717522355316e+05,9.717522454640e+05,-9.932377492078e-03
1.871846227300e-03,9.718483713975e+05,9.718483813896e+05,-9.992108214647e-03
1.871657399879e-03,9.719445068858e+05,9.719445169378e+05,-1.005197654013e-02
1.871468610551e-03,9.720406419965e+05,9.720406521085e+05,-1.011198584456e-02
1.871279859304e-03,9.721367767296e+05,9.721367869017e+05,-1.017214090098e-02
1.871091146127e-03,9.722329110850e+05,9.722329213175e+05,-1.023243134841e-02
1.870902471009e-03,9.723290450629e+05,9.723290553558e+05,-1.029286172707e-02
1.870713833938e-03,9.724251786632e+05,9.724251890166e+05,-1.035343680996e-02
1.870525234903e-03,9.725213118859e+05,9.725213223000e+05,-1.041414926294e-02
1.870336673891e-03,9.726174447310e+05,9.726174552060e+05,-1.047500246204e-02
1.870148150892e-03,9.727135771985e+05,9.727135877345e+05,-1.053599710576e-02
1.869959665894e-03,9.728097092884e+05,9.728097198855e+05,-1.059713866562e-02
1.869771218885e-03,9.729058410007e+05,9.729058516591e+05,-1.065841596574e-02
1.869582809855e-03,9.730019723354e+05,9.730019830552e+05,-1.071983680595e-02
1.869394438791e-03,9.730981032926e+05,9.730981140740e+05,-1.078140176833e-02
1.869206105682e-03,9.731942338721e+05,9.731942447152e+05,-1.084310607985e-02
1.869017810517e-03,9.732903640741e+05,9.732903749791e+05,-1.090495637618e-02
1.868829553284e-03,9.733864938985e+05,9.733865048655e+05,-1.096694858279e-02
1.868641333971e-03,9.734826233454e+05,9.734826343745e+05,-1.102907827590e-02
1.868453152568e-03,9.735787524147e+05,9.735787635060e+05,-1.109135570005e-02
1.868265009063e-03,9.736748811064e+05,9.736748922602e+05,-1.115377852693e-02
1.868076903443e-03,9.737710094205e+05,9.737710206369e+05,-1.121633930597e-02
1.867888835699e-03,9.738671373571e+05,9.738671486362e+05,-1.127905084286e-02
1.867700805818e-03,9.739632649161e+05,9.739632762580e+05,-1.134189998265e-02
1.867512813790e-03,9.740593920976e+05,9.740594035025e+05,-1.140489568934e-02
1.867324859601e-03,9.741555189015e+05,9.741555303696e+05,-1.146803284064e-02
1.867136943242e-03,9.742516453279e+05,9.742516568592e+05,-1.153131597675e-02
1.866949064701e-03,9.743477713767e+05,9.743477829714e+05,-1.159474463202e-02
1.866761223966e-03,9.744438970480e+05,9.744439087063e+05,-1.165832066908e-02
1.866573421026e-03,9.745400223417e+05,9.745400340637e+05,-1.172203524038e-02
1.866385655870e-03,9.746361472579e+05,9.746361590438e+05,-1.178589940537e-02
1.866197928485e-03,9.747322717965e+05,9.747322836464e+05,-1.184991025366e-02
1.866010238862e-03,9.748283959576e+05,9.748284078717e+05,-1.191406138241e-02
1.865822586987e-03,9.749245197412e+05,9.749245317196e+05,-1.197836012580e-02
1.865634972851e-03,9.750206431472e+05,9.750206551900e+05,-1.204280590173e-02
1.865447396441e-03,9.751167661757e+05,9.751167782831e+05,-1.210739894304e-02
1.865259857746e-03,9.752128888267e+05,9.752129009989e+05,-1.217213878408e-02
1.865072356755e-03,9.753090111002e+05,9.753090233372e+05,-1.223701960407e-02
1.864884893457e-03,9.754051329961e+05,9.754051452982e+05,-1.230205106549e-02
1.864697467839e-03,9.755012545145e+05,9.755012668818e+05,-1.236722792964e-02
1.864510079891e-03,9.755973756554e+05,9.755973880880e+05,-1.243255322333e-02
1.864322729602e-03,9.756934964188e+05,9.756935089168e+05,-1.249802636448e-02
1.864135416960e-03,9.757896168047e+05,9.757896293683e+05,-1.256364723668e-02
1.863948141953e-03,9.758857368130e+05,9.758857494425e+05,-1.262941630557e-02
1.863760904571e-03,9.759818564439e+05,9.759818691392e+05,-1.269532740116e-02
1.863573704801e-03,9.760779756972e+05,9.760779884586e+05,-1.276139402762e-02
1.863386542633e-03,9.761740945731e+05,9.761741074007e+05,-1.282760535832e-02
1.863199418056e-03,9.762702130714e+05,9.762702259654e+05,-1.289396523498e-02
1.863012331057e-03,9.763663311923e+05,9.763663441528e+05,-1.296047435608e-02
1.862825281627e-03,9.764624489356e+05,9.764624619628e+05,-1.302712713368e-02
1.862638269752e-03,9.765585663015e+05,9.765585793954e+05,-1.309393637348e-02
1.862451295423e-03,9.766546832899e+05,9.766546964508e+05,-1.316088798922e-02
1.862264358627e-03,9.767507999008e+05,9.767508131288e+05,-1.322799478658e-02
1.862077459354e-03,9.768469161342e+05,9.768469294294e+05,-1.329525012989e-02
1.861890597592e-03,9.769430319901e+05,9.769430453527e+05,-1.336265332066e-02
1.861703773329e-03,9.770391474685e+05,9.770391608987e+05,-1.343020598870e-02
1.861516986556e-03,9.771352625695e+05,9.771352760674e+05,-1.349791185930e-02
1.861330237259e-03,9.772313772930e+05,9.772313908587e+05,-1.356576464605e-02
1.861143525429e-03,9.773274916390e+05,9.773275052728e+05,-1.363376958761e-02
1.860956851053e-03,9.774236056075e+05,9.774236193095e+05,-1.370192575268e-02
1.860770214121e-03,9.775197191986e+05,9.775197329688e+05,-1.377023209352e-02
1.860583614621e-03,9.776158324122e+05,9.776158462509e+05,-1.383868942503e-02
1.860397052542e-03,9.777119452484e+05,9.777119591557e+05,-1.390729995910e-02
1.860210527872e-03,9.778080577071e+05,9.778080716831e+05,-1.397605799139e-02
1.860024040602e-03,9.779041697883e+05,9.779041838333e+05,-1.404497295152e-02
1.859837590718e-03,9.780002814921e+05,9.780002956061e+05,-1.411403669044e-02
1.859651178210e-03,9.780963928184e+05,9.780964070017e+05,-1.418325270060e-02
1.859464803067e-03,9.781925037673e+05,9.781925180199e+05,-1.425261911936e-02
1.859278465277e-03,9.782886143387e+05,9.782886286608e+05,-1.432214269880e-02
1.859092164830e-03,9.783847245327e+05,9.783847389245e+05,-1.439181470778e-02
1.858905901713e-03,9.784808343492e+05,9.784808488109e+05,-1.446163887158e-02
1.858719675917e-03,9.785769437883e+05,9.785769583200e+05,-1.453162124380e-02
1.858533487429e-03,9.786730528500e+05,9.786730674517e+05,-1.460175355896e-02
1.858347336238e-03,9.787691615342e+05,9.787691762063e+05,-1.467204000801e-02
1.858161222334e-03,9.788652698410e+05,9.788652845835e+05,-1.474248047452e-02
1.857975145704e-03,9.789613777704e+05,9.789613925835e+05,-1.481307169888e-02
1.857789106338e-03,9.790574853223e+05,9.790575002061e+05,-1.488382159732e-02
1.857603104225e-03,9.791535924968e+05,9.791536074516e+05,-1.495472481474e-02
1.857417139353e-03,9.792496992939e+05,9.792497143197e+05,-1.502578007057e-02
1.857231211712e-03,9.793458057136e+05,9.793458208106e+05,-1.509699283633e-02
1.857045321289e-03,9.794419117558e+05,9.794419269242e+05,-1.516835857183e-02
1.856859468074e-03,9.795380174207e+05,9.795380326606e+05,-1.523987913970e-02
1.856673652056e-03,9.796341227081e+05,9.796341380197e+05,-1.531155547127e-02
1.856487873224e-03,9.797302276181e+05,9.797302430015e+05,-1.538338989485e-02
1.856302131566e-03,9.798263321507e+05,9.798263476061e+05,-1.545537787024e-02
1.856116427071e-03,9.799224363059e+05,9.799224518334e+05,-1.552751858253e-02
1.855930759728e-03,9.800185400837e+05,9.800185556835e+05,-1.559981715400e-02
1.855745129526e-03,9.801146434841e+05,9.801146591564e+05,-1.567227230407e-02
1.855559536454e-03,9.802107465071e+05,9.802107622520e+05,-1.574488356709e-02
1.855373980500e-03,9.803068491527e+05,9.803068649704e+05,-1.581765525043e-02
